
C:/Users/peter/Documents/GitHub/LibreCom/build/raw_tx.elf:     file format elf32-littlearm

Sections:
Idx Name          Size      VMA       LMA       File off  Algn
  0 .text         00004c88  10000000  10000000  00001000  2**3
                  CONTENTS, ALLOC, LOAD, READONLY, CODE
  1 .rodata       0000036c  10004c88  10004c88  00005c88  2**2
                  CONTENTS, ALLOC, LOAD, READONLY, DATA
  2 .ARM.exidx    00000008  10004ff4  10004ff4  00005ff4  2**2
                  CONTENTS, ALLOC, LOAD, READONLY, DATA
  3 .binary_info  00000020  10004ffc  10004ffc  00005ffc  2**2
                  CONTENTS, ALLOC, LOAD, READONLY, DATA
  4 .psram_load   00000000  11000000  11000000  00008550  2**0
                  CONTENTS
  5 .psram_noload 00000000  11000000  11000000  00008550  2**0
                  CONTENTS
  6 .xip_ram      00000000  13ffc000  13ffc000  00008550  2**0
                  CONTENTS
  7 .ram_vector_table 00000110  20000000  20000000  00009000  2**2
                  ALLOC
  8 .uninitialized_data 00000000  20000110  20000110  00008550  2**0
                  CONTENTS
  9 .data         00001520  20000110  1000501c  00006110  2**3
                  CONTENTS, ALLOC, LOAD, READONLY, CODE
 10 .tdata        00000000  20001630  20001630  00008550  2**0
                  CONTENTS, ALLOC, LOAD, DATA, THREAD_LOCAL
 11 .tbss         00000000  20001630  20001630  00000000  2**0
                  ALLOC, THREAD_LOCAL
 12 .tbss_space   00000000  20001630  20001630  00008550  2**0
                  CONTENTS
 13 .bss          00000ae8  20001630  1000653c  00008630  2**3
                  ALLOC
 14 .tls0         00000000  20002118  20002118  00008550  2**0
                  CONTENTS
 15 .tls1         00000000  20002118  20002118  00008550  2**0
                  CONTENTS
 16 .persistent_data 00000000  20002118  20002118  00008550  2**0
                  CONTENTS
 17 .dummy_pre_heap 00000000  20002118  20002118  00008550  2**0
                  CONTENTS
 18 .heap         00000800  20002118  20002118  00009118  2**2
                  ALLOC, READONLY
 19 .scratch_x    00000000  20080000  20080000  00008550  2**0
                  CONTENTS
 20 .scratch_y    00000000  20081000  20081000  00008550  2**0
                  CONTENTS
 21 .stack1_dummy 00000800  20080000  20080000  00009000  2**2
                  ALLOC
 22 .stack_dummy  00000800  20081000  20081000  00009000  2**5
                  ALLOC, READONLY
 23 .flash_end    00000014  1000653c  1000653c  0000853c  2**2
                  CONTENTS, ALLOC, LOAD, READONLY, DATA
 24 .debug_info   0003db63  00000000  00000000  00008550  2**0
                  CONTENTS, READONLY, DEBUGGING, OCTETS
 25 .debug_abbrev 0000a5e4  00000000  00000000  000460b3  2**0
                  CONTENTS, READONLY, DEBUGGING, OCTETS
 26 .debug_loclists 0001d2d5  00000000  00000000  00050697  2**0
                  CONTENTS, READONLY, DEBUGGING, OCTETS
 27 .debug_aranges 00001438  00000000  00000000  0006d970  2**3
                  CONTENTS, READONLY, DEBUGGING, OCTETS
 28 .debug_rnglists 00005556  00000000  00000000  0006eda8  2**0
                  CONTENTS, READONLY, DEBUGGING, OCTETS
 29 .debug_line   000290b8  00000000  00000000  000742fe  2**0
                  CONTENTS, READONLY, DEBUGGING, OCTETS
 30 .debug_str    0000b3cd  00000000  00000000  0009d3b6  2**0
                  CONTENTS, READONLY, DEBUGGING, OCTETS
 31 .comment      00000045  00000000  00000000  000a8783  2**0
                  CONTENTS, READONLY
 32 .ARM.attributes 00000036  00000000  00000000  000a87c8  2**0
                  CONTENTS, READONLY
 33 .debug_frame  00003cbc  00000000  00000000  000a8800  2**2
                  CONTENTS, READONLY, DEBUGGING, OCTETS
 34 .debug_line_str 0000017a  00000000  00000000  000ac4bc  2**0
                  CONTENTS, READONLY, DEBUGGING, OCTETS

C:/Users/peter/Documents/GitHub/LibreCom/build/raw_tx.elf:     file format elf32-littlearm


Disassembly of section .text:

10000000 <__VECTOR_TABLE>:
10000000:	20082000 	.word	0x20082000
10000004:	1000015b 	.word	0x1000015b
10000008:	1000011b 	.word	0x1000011b
1000000c:	1000011d 	.word	0x1000011d
10000010:	10000111 	.word	0x10000111
10000014:	10000111 	.word	0x10000111
10000018:	10000111 	.word	0x10000111
1000001c:	10000111 	.word	0x10000111
10000020:	10000119 	.word	0x10000119
10000024:	10000119 	.word	0x10000119
10000028:	10000119 	.word	0x10000119
1000002c:	1000011f 	.word	0x1000011f
10000030:	10000111 	.word	0x10000111
10000034:	10000119 	.word	0x10000119
10000038:	10000121 	.word	0x10000121
1000003c:	10000123 	.word	0x10000123
10000040:	10000111 	.word	0x10000111
10000044:	10000111 	.word	0x10000111
10000048:	10000111 	.word	0x10000111
1000004c:	10000111 	.word	0x10000111
10000050:	10000111 	.word	0x10000111
10000054:	10000111 	.word	0x10000111
10000058:	10000111 	.word	0x10000111
1000005c:	10000111 	.word	0x10000111
10000060:	10000111 	.word	0x10000111
10000064:	10000111 	.word	0x10000111
10000068:	10000111 	.word	0x10000111
1000006c:	10000111 	.word	0x10000111
10000070:	10000111 	.word	0x10000111
10000074:	10000111 	.word	0x10000111
10000078:	10000111 	.word	0x10000111
1000007c:	10000111 	.word	0x10000111
10000080:	10000111 	.word	0x10000111
10000084:	10000111 	.word	0x10000111
10000088:	10000111 	.word	0x10000111
1000008c:	10000111 	.word	0x10000111
10000090:	10000111 	.word	0x10000111
10000094:	10000111 	.word	0x10000111
10000098:	10000111 	.word	0x10000111
1000009c:	10000111 	.word	0x10000111
100000a0:	10000111 	.word	0x10000111
100000a4:	10000111 	.word	0x10000111
100000a8:	10000111 	.word	0x10000111
100000ac:	10000111 	.word	0x10000111
100000b0:	10000111 	.word	0x10000111
100000b4:	10000111 	.word	0x10000111
100000b8:	10000111 	.word	0x10000111
100000bc:	10000111 	.word	0x10000111
100000c0:	10000111 	.word	0x10000111
100000c4:	10000111 	.word	0x10000111
100000c8:	10000111 	.word	0x10000111
100000cc:	10000111 	.word	0x10000111
100000d0:	10000111 	.word	0x10000111
100000d4:	10000111 	.word	0x10000111
100000d8:	10000111 	.word	0x10000111
100000dc:	10000111 	.word	0x10000111
100000e0:	10000111 	.word	0x10000111
100000e4:	10000111 	.word	0x10000111
100000e8:	10000111 	.word	0x10000111
100000ec:	10000111 	.word	0x10000111
100000f0:	10000111 	.word	0x10000111
100000f4:	10000111 	.word	0x10000111
100000f8:	10000111 	.word	0x10000111
100000fc:	10000111 	.word	0x10000111
10000100:	10000111 	.word	0x10000111
10000104:	10000111 	.word	0x10000111
10000108:	10000111 	.word	0x10000111
1000010c:	10000111 	.word	0x10000111

10000110 <__unhandled_user_irq>:
10000110:	f3ef 8005 	mrs	r0, IPSR
10000114:	3810      	subs	r0, #16

10000116 <unhandled_user_irq_num_in_r0>:
10000116:	be00      	bkpt	0x0000

10000118 <isr_invalid>:
10000118:	be00      	bkpt	0x0000

1000011a <isr_nmi>:
1000011a:	be00      	bkpt	0x0000

1000011c <isr_hardfault>:
1000011c:	be00      	bkpt	0x0000

1000011e <isr_svcall>:
1000011e:	be00      	bkpt	0x0000

10000120 <isr_pendsv>:
10000120:	be00      	bkpt	0x0000

10000122 <isr_systick>:
10000122:	be00      	bkpt	0x0000

10000124 <__default_isrs_end>:
10000124:	7188ebf2 	.word	0x7188ebf2
10000128:	10004ffc 	.word	0x10004ffc
1000012c:	1000501c 	.word	0x1000501c
10000130:	1000019c 	.word	0x1000019c
10000134:	e71aa390 	.word	0xe71aa390

10000138 <__binary_info_header_end>:
10000138:	ffffded3 	.word	0xffffded3
1000013c:	10210142 	.word	0x10210142
10000140:	000001ff 	.word	0x000001ff
10000144:	00006404 	.word	0x00006404
10000148:	ab123579 	.word	0xab123579

1000014c <_entry_point>:
1000014c:	2000      	movs	r0, #0

1000014e <_enter_vtable_in_r0>:
1000014e:	491e      	ldr	r1, [pc, #120]	@ (100001c8 <data_cpy_table+0x2c>)
10000150:	6008      	str	r0, [r1, #0]
10000152:	c806      	ldmia	r0!, {r1, r2}
10000154:	f381 8808 	msr	MSP, r1
10000158:	4710      	bx	r2

1000015a <_reset_handler>:
1000015a:	f04f 4050 	mov.w	r0, #3489660928	@ 0xd0000000
1000015e:	6800      	ldr	r0, [r0, #0]
10000160:	b108      	cbz	r0, 10000166 <hold_non_core0_in_bootrom+0x4>

10000162 <hold_non_core0_in_bootrom>:
10000162:	2000      	movs	r0, #0
10000164:	e7f3      	b.n	1000014e <_enter_vtable_in_r0>
10000166:	a40d      	add	r4, pc, #52	@ (adr r4, 1000019c <data_cpy_table>)
10000168:	cc0e      	ldmia	r4!, {r1, r2, r3}
1000016a:	2900      	cmp	r1, #0
1000016c:	d002      	beq.n	10000174 <hold_non_core0_in_bootrom+0x12>
1000016e:	f000 f812 	bl	10000196 <data_cpy>
10000172:	e7f9      	b.n	10000168 <hold_non_core0_in_bootrom+0x6>
10000174:	4915      	ldr	r1, [pc, #84]	@ (100001cc <data_cpy_table+0x30>)
10000176:	4a16      	ldr	r2, [pc, #88]	@ (100001d0 <data_cpy_table+0x34>)
10000178:	2000      	movs	r0, #0
1000017a:	e000      	b.n	1000017e <bss_fill_test>

1000017c <bss_fill_loop>:
1000017c:	c101      	stmia	r1!, {r0}

1000017e <bss_fill_test>:
1000017e:	4291      	cmp	r1, r2
10000180:	d1fc      	bne.n	1000017c <bss_fill_loop>

10000182 <platform_entry>:
10000182:	4914      	ldr	r1, [pc, #80]	@ (100001d4 <data_cpy_table+0x38>)
10000184:	4788      	blx	r1
10000186:	4914      	ldr	r1, [pc, #80]	@ (100001d8 <data_cpy_table+0x3c>)
10000188:	4788      	blx	r1
1000018a:	4914      	ldr	r1, [pc, #80]	@ (100001dc <data_cpy_table+0x40>)
1000018c:	4788      	blx	r1
1000018e:	be00      	bkpt	0x0000
10000190:	e7fd      	b.n	1000018e <platform_entry+0xc>

10000192 <data_cpy_loop>:
10000192:	c901      	ldmia	r1!, {r0}
10000194:	c201      	stmia	r2!, {r0}

10000196 <data_cpy>:
10000196:	429a      	cmp	r2, r3
10000198:	d3fb      	bcc.n	10000192 <data_cpy_loop>

1000019a <data_cpy_done>:
1000019a:	4770      	bx	lr

1000019c <data_cpy_table>:
1000019c:	1000501c 	.word	0x1000501c
100001a0:	20000110 	.word	0x20000110
100001a4:	20001630 	.word	0x20001630
100001a8:	1000653c 	.word	0x1000653c
100001ac:	20080000 	.word	0x20080000
100001b0:	20080000 	.word	0x20080000
100001b4:	1000653c 	.word	0x1000653c
100001b8:	20081000 	.word	0x20081000
100001bc:	20081000 	.word	0x20081000
100001c0:	00000000 	.word	0x00000000
100001c4:	4770      	bx	lr
100001c6:	0000      	.short	0x0000
100001c8:	e000ed08 	.word	0xe000ed08
100001cc:	20001630 	.word	0x20001630
100001d0:	20002118 	.word	0x20002118
100001d4:	10001a41 	.word	0x10001a41
100001d8:	10000215 	.word	0x10000215
100001dc:	10001a39 	.word	0x10001a39

100001e0 <core1_i2s_read_task>:
100001e0:	b510      	push	{r4, lr}
100001e2:	4c0a      	ldr	r4, [pc, #40]	@ (1000020c <core1_i2s_read_task+0x2c>)
100001e4:	b082      	sub	sp, #8
100001e6:	6863      	ldr	r3, [r4, #4]
100001e8:	05da      	lsls	r2, r3, #23
100001ea:	d4fc      	bmi.n	100001e6 <core1_i2s_read_task+0x6>
100001ec:	6a22      	ldr	r2, [r4, #32]
100001ee:	6863      	ldr	r3, [r4, #4]
100001f0:	05db      	lsls	r3, r3, #23
100001f2:	d4fc      	bmi.n	100001ee <core1_i2s_read_task+0xe>
100001f4:	f3c2 33cf 	ubfx	r3, r2, #15, #16
100001f8:	f10d 0106 	add.w	r1, sp, #6
100001fc:	4804      	ldr	r0, [pc, #16]	@ (10000210 <core1_i2s_read_task+0x30>)
100001fe:	6a22      	ldr	r2, [r4, #32]
10000200:	f8ad 3006 	strh.w	r3, [sp, #6]
10000204:	f001 f812 	bl	1000122c <queue_try_add>
10000208:	e7ed      	b.n	100001e6 <core1_i2s_read_task+0x6>
1000020a:	bf00      	nop
1000020c:	50200000 	.word	0x50200000
10000210:	200020dc 	.word	0x200020dc

10000214 <main>:
10000214:	b5f0      	push	{r4, r5, r6, r7, lr}
10000216:	b085      	sub	sp, #20
10000218:	f001 fd0a 	bl	10001c30 <stdio_init_all>
1000021c:	2019      	movs	r0, #25
1000021e:	f000 f8c5 	bl	100003ac <gpio_init>
10000222:	2319      	movs	r3, #25
10000224:	f04f 0201 	mov.w	r2, #1
10000228:	ec42 3044 	gpioc_bit_oe_put r3, r2
1000022c:	2104      	movs	r1, #4
1000022e:	200b      	movs	r0, #11
10000230:	f000 f89e 	bl	10000370 <gpio_set_function>
10000234:	2510      	movs	r5, #16
10000236:	2324      	movs	r3, #36	@ 0x24
10000238:	4a44      	ldr	r2, [pc, #272]	@ (1000034c <main+0x138>)
1000023a:	4c45      	ldr	r4, [pc, #276]	@ (10000350 <main+0x13c>)
1000023c:	6695      	str	r5, [r2, #104]	@ 0x68
1000023e:	6753      	str	r3, [r2, #116]	@ 0x74
10000240:	6f13      	ldr	r3, [r2, #112]	@ 0x70
10000242:	4944      	ldr	r1, [pc, #272]	@ (10000354 <main+0x140>)
10000244:	f483 1390 	eor.w	r3, r3, #1179648	@ 0x120000
10000248:	f36f 030f 	bfc	r3, #0, #16
1000024c:	6723      	str	r3, [r4, #112]	@ 0x70
1000024e:	6e53      	ldr	r3, [r2, #100]	@ 0x64
10000250:	4841      	ldr	r0, [pc, #260]	@ (10000358 <main+0x144>)
10000252:	43db      	mvns	r3, r3
10000254:	f003 0301 	and.w	r3, r3, #1
10000258:	6663      	str	r3, [r4, #100]	@ 0x64
1000025a:	f001 f875 	bl	10001348 <uart_init>
1000025e:	2102      	movs	r1, #2
10000260:	2000      	movs	r0, #0
10000262:	f000 f885 	bl	10000370 <gpio_set_function>
10000266:	2102      	movs	r1, #2
10000268:	2001      	movs	r0, #1
1000026a:	f000 f881 	bl	10000370 <gpio_set_function>
1000026e:	f000 f961 	bl	10000534 <next_striped_spin_lock_num>
10000272:	4c3a      	ldr	r4, [pc, #232]	@ (1000035c <main+0x148>)
10000274:	4603      	mov	r3, r0
10000276:	2280      	movs	r2, #128	@ 0x80
10000278:	2102      	movs	r1, #2
1000027a:	4839      	ldr	r0, [pc, #228]	@ (10000360 <main+0x14c>)
1000027c:	f000 ffc2 	bl	10001204 <queue_init_with_spinlock>
10000280:	4620      	mov	r0, r4
10000282:	4938      	ldr	r1, [pc, #224]	@ (10000364 <main+0x150>)
10000284:	f003 fe92 	bl	10003fac <pio_add_program>
10000288:	f44f 2210 	mov.w	r2, #589824	@ 0x90000
1000028c:	4605      	mov	r5, r0
1000028e:	f44f 0314 	mov.w	r3, #9699328	@ 0x940000
10000292:	2008      	movs	r0, #8
10000294:	4e34      	ldr	r6, [pc, #208]	@ (10000368 <main+0x154>)
10000296:	9300      	str	r3, [sp, #0]
10000298:	e9cd 2602 	strd	r2, r6, [sp, #8]
1000029c:	01eb      	lsls	r3, r5, #7
1000029e:	182a      	adds	r2, r5, r0
100002a0:	ea43 3302 	orr.w	r3, r3, r2, lsl #12
100002a4:	f023 43c0 	bic.w	r3, r3, #1610612736	@ 0x60000000
100002a8:	2106      	movs	r1, #6
100002aa:	9301      	str	r3, [sp, #4]
100002ac:	f000 f860 	bl	10000370 <gpio_set_function>
100002b0:	2106      	movs	r1, #6
100002b2:	2009      	movs	r0, #9
100002b4:	f000 f85c 	bl	10000370 <gpio_set_function>
100002b8:	2106      	movs	r1, #6
100002ba:	200a      	movs	r0, #10
100002bc:	f000 f858 	bl	10000370 <gpio_set_function>
100002c0:	4620      	mov	r0, r4
100002c2:	f44f 63e0 	mov.w	r3, #1792	@ 0x700
100002c6:	f44f 62c0 	mov.w	r2, #1536	@ 0x600
100002ca:	2100      	movs	r1, #0
100002cc:	f003 fed8 	bl	10004080 <pio_sm_set_pindirs_with_mask>
100002d0:	462a      	mov	r2, r5
100002d2:	2100      	movs	r1, #0
100002d4:	466b      	mov	r3, sp
100002d6:	4620      	mov	r0, r4
100002d8:	f003 ff08 	bl	100040ec <pio_sm_init>
100002dc:	f44f 4360 	mov.w	r3, #57344	@ 0xe000
100002e0:	2500      	movs	r5, #0
100002e2:	f8c4 30d8 	str.w	r3, [r4, #216]	@ 0xd8
100002e6:	6823      	ldr	r3, [r4, #0]
100002e8:	4820      	ldr	r0, [pc, #128]	@ (1000036c <main+0x158>)
100002ea:	f043 0301 	orr.w	r3, r3, #1
100002ee:	6023      	str	r3, [r4, #0]
100002f0:	f003 ffa0 	bl	10004234 <multicore_launch_core1>
100002f4:	462f      	mov	r7, r5
100002f6:	462e      	mov	r6, r5
100002f8:	4c17      	ldr	r4, [pc, #92]	@ (10000358 <main+0x144>)
100002fa:	4669      	mov	r1, sp
100002fc:	4818      	ldr	r0, [pc, #96]	@ (10000360 <main+0x14c>)
100002fe:	f8ad 6000 	strh.w	r6, [sp]
10000302:	f000 ffd3 	bl	100012ac <queue_remove_blocking>
10000306:	69a3      	ldr	r3, [r4, #24]
10000308:	0699      	lsls	r1, r3, #26
1000030a:	d4fc      	bmi.n	10000306 <main+0xf2>
1000030c:	23aa      	movs	r3, #170	@ 0xaa
1000030e:	6023      	str	r3, [r4, #0]
10000310:	69a3      	ldr	r3, [r4, #24]
10000312:	069a      	lsls	r2, r3, #26
10000314:	d4fc      	bmi.n	10000310 <main+0xfc>
10000316:	2355      	movs	r3, #85	@ 0x55
10000318:	6023      	str	r3, [r4, #0]
1000031a:	69a3      	ldr	r3, [r4, #24]
1000031c:	069b      	lsls	r3, r3, #26
1000031e:	d4fc      	bmi.n	1000031a <main+0x106>
10000320:	f89d 3000 	ldrb.w	r3, [sp]
10000324:	6023      	str	r3, [r4, #0]
10000326:	69a3      	ldr	r3, [r4, #24]
10000328:	f013 0320 	ands.w	r3, r3, #32
1000032c:	d1fb      	bne.n	10000326 <main+0x112>
1000032e:	f89d 2001 	ldrb.w	r2, [sp, #1]
10000332:	3701      	adds	r7, #1
10000334:	f5b7 5ffa 	cmp.w	r7, #8000	@ 0x1f40
10000338:	6022      	str	r2, [r4, #0]
1000033a:	d1de      	bne.n	100002fa <main+0xe6>
1000033c:	2219      	movs	r2, #25
1000033e:	f085 0501 	eor.w	r5, r5, #1
10000342:	ec45 2040 	gpioc_bit_out_put r2, r5
10000346:	461f      	mov	r7, r3
10000348:	e7d7      	b.n	100002fa <main+0xe6>
1000034a:	bf00      	nop
1000034c:	400a8000 	.word	0x400a8000
10000350:	400a9000 	.word	0x400a9000
10000354:	000f4240 	.word	0x000f4240
10000358:	40070000 	.word	0x40070000
1000035c:	50200000 	.word	0x50200000
10000360:	200020dc 	.word	0x200020dc
10000364:	10004c88 	.word	0x10004c88
10000368:	40042400 	.word	0x40042400
1000036c:	100001e1 	.word	0x100001e1

10000370 <gpio_set_function>:
10000370:	b410      	push	{r4}
10000372:	f44f 7480 	mov.w	r4, #256	@ 0x100
10000376:	4b0c      	ldr	r3, [pc, #48]	@ (100003a8 <gpio_set_function+0x38>)
10000378:	f853 2020 	ldr.w	r2, [r3, r0, lsl #2]
1000037c:	eb03 0380 	add.w	r3, r3, r0, lsl #2
10000380:	00c0      	lsls	r0, r0, #3
10000382:	f082 0240 	eor.w	r2, r2, #64	@ 0x40
10000386:	f100 4080 	add.w	r0, r0, #1073741824	@ 0x40000000
1000038a:	f503 5c80 	add.w	ip, r3, #4096	@ 0x1000
1000038e:	f002 02c0 	and.w	r2, r2, #192	@ 0xc0
10000392:	f500 3020 	add.w	r0, r0, #163840	@ 0x28000
10000396:	f503 5340 	add.w	r3, r3, #12288	@ 0x3000
1000039a:	f8cc 2000 	str.w	r2, [ip]
1000039e:	6041      	str	r1, [r0, #4]
100003a0:	601c      	str	r4, [r3, #0]
100003a2:	f85d 4b04 	ldr.w	r4, [sp], #4
100003a6:	4770      	bx	lr
100003a8:	40038004 	.word	0x40038004

100003ac <gpio_init>:
100003ac:	b430      	push	{r4, r5}
100003ae:	f04f 0300 	mov.w	r3, #0
100003b2:	ec43 0044 	gpioc_bit_oe_put r0, r3
100003b6:	ec43 0040 	gpioc_bit_out_put r0, r3
100003ba:	2505      	movs	r5, #5
100003bc:	f44f 7480 	mov.w	r4, #256	@ 0x100
100003c0:	4b0b      	ldr	r3, [pc, #44]	@ (100003f0 <gpio_init+0x44>)
100003c2:	00c2      	lsls	r2, r0, #3
100003c4:	f853 1020 	ldr.w	r1, [r3, r0, lsl #2]
100003c8:	eb03 0080 	add.w	r0, r3, r0, lsl #2
100003cc:	f081 0140 	eor.w	r1, r1, #64	@ 0x40
100003d0:	f102 4380 	add.w	r3, r2, #1073741824	@ 0x40000000
100003d4:	f503 3320 	add.w	r3, r3, #163840	@ 0x28000
100003d8:	f001 02c0 	and.w	r2, r1, #192	@ 0xc0
100003dc:	f500 5180 	add.w	r1, r0, #4096	@ 0x1000
100003e0:	f500 5040 	add.w	r0, r0, #12288	@ 0x3000
100003e4:	600a      	str	r2, [r1, #0]
100003e6:	605d      	str	r5, [r3, #4]
100003e8:	6004      	str	r4, [r0, #0]
100003ea:	bc30      	pop	{r4, r5}
100003ec:	4770      	bx	lr
100003ee:	bf00      	nop
100003f0:	40038004 	.word	0x40038004

100003f4 <panic>:
100003f4:	b40f      	push	{r0, r1, r2, r3}
100003f6:	b500      	push	{lr}
100003f8:	b083      	sub	sp, #12
100003fa:	9c04      	ldr	r4, [sp, #16]
100003fc:	4807      	ldr	r0, [pc, #28]	@ (1000041c <panic+0x28>)
100003fe:	f001 fc5b 	bl	10001cb8 <__wrap_puts>
10000402:	b13c      	cbz	r4, 10000414 <panic+0x20>
10000404:	a905      	add	r1, sp, #20
10000406:	4620      	mov	r0, r4
10000408:	9101      	str	r1, [sp, #4]
1000040a:	f001 fae3 	bl	100019d4 <weak_raw_vprintf>
1000040e:	4804      	ldr	r0, [pc, #16]	@ (10000420 <panic+0x2c>)
10000410:	f001 fc52 	bl	10001cb8 <__wrap_puts>
10000414:	2001      	movs	r0, #1
10000416:	f001 faf5 	bl	10001a04 <_exit>
1000041a:	bf00      	nop
1000041c:	10004ca4 	.word	0x10004ca4
10000420:	10004d88 	.word	0x10004d88

10000424 <hw_claim_lock>:
10000424:	f3ef 8010 	mrs	r0, PRIMASK
10000428:	b672      	cpsid	i
1000042a:	4b06      	ldr	r3, [pc, #24]	@ (10000444 <hw_claim_lock+0x20>)
1000042c:	e8d3 1fcf 	ldaexb	r1, [r3]
10000430:	2201      	movs	r2, #1
10000432:	2900      	cmp	r1, #0
10000434:	d1fa      	bne.n	1000042c <hw_claim_lock+0x8>
10000436:	e8c3 2f41 	strexb	r1, r2, [r3]
1000043a:	2900      	cmp	r1, #0
1000043c:	d1f6      	bne.n	1000042c <hw_claim_lock+0x8>
1000043e:	f3bf 8f5f 	dmb	sy
10000442:	4770      	bx	lr
10000444:	20001adf 	.word	0x20001adf

10000448 <hw_claim_unlock>:
10000448:	2300      	movs	r3, #0
1000044a:	4a03      	ldr	r2, [pc, #12]	@ (10000458 <hw_claim_unlock+0x10>)
1000044c:	e8c2 3f8f 	stlb	r3, [r2]
10000450:	f380 8810 	msr	PRIMASK, r0
10000454:	4770      	bx	lr
10000456:	bf00      	nop
10000458:	20001adf 	.word	0x20001adf

1000045c <hw_claim_or_assert>:
1000045c:	b570      	push	{r4, r5, r6, lr}
1000045e:	4686      	mov	lr, r0
10000460:	f3ef 8510 	mrs	r5, PRIMASK
10000464:	b672      	cpsid	i
10000466:	4c12      	ldr	r4, [pc, #72]	@ (100004b0 <hw_claim_or_assert+0x54>)
10000468:	e8d4 6fcf 	ldaexb	r6, [r4]
1000046c:	2001      	movs	r0, #1
1000046e:	2e00      	cmp	r6, #0
10000470:	d1fa      	bne.n	10000468 <hw_claim_or_assert+0xc>
10000472:	e8c4 0f46 	strexb	r6, r0, [r4]
10000476:	2e00      	cmp	r6, #0
10000478:	d1f6      	bne.n	10000468 <hw_claim_or_assert+0xc>
1000047a:	f3bf 8f5f 	dmb	sy
1000047e:	f04f 0c01 	mov.w	ip, #1
10000482:	08c8      	lsrs	r0, r1, #3
10000484:	f001 0307 	and.w	r3, r1, #7
10000488:	fa0c f303 	lsl.w	r3, ip, r3
1000048c:	f81e c000 	ldrb.w	ip, [lr, r0]
10000490:	ea1c 0603 	ands.w	r6, ip, r3
10000494:	d108      	bne.n	100004a8 <hw_claim_or_assert+0x4c>
10000496:	ea4c 0c03 	orr.w	ip, ip, r3
1000049a:	f80e c000 	strb.w	ip, [lr, r0]
1000049e:	e8c4 6f8f 	stlb	r6, [r4]
100004a2:	f385 8810 	msr	PRIMASK, r5
100004a6:	bd70      	pop	{r4, r5, r6, pc}
100004a8:	4610      	mov	r0, r2
100004aa:	f7ff ffa3 	bl	100003f4 <panic>
100004ae:	bf00      	nop
100004b0:	20001adf 	.word	0x20001adf

100004b4 <hw_claim_unused_from_range>:
100004b4:	b5f8      	push	{r3, r4, r5, r6, r7, lr}
100004b6:	f3ef 8710 	mrs	r7, PRIMASK
100004ba:	b672      	cpsid	i
100004bc:	4e1c      	ldr	r6, [pc, #112]	@ (10000530 <hw_claim_unused_from_range+0x7c>)
100004be:	e8d6 5fcf 	ldaexb	r5, [r6]
100004c2:	2401      	movs	r4, #1
100004c4:	2d00      	cmp	r5, #0
100004c6:	d1fa      	bne.n	100004be <hw_claim_unused_from_range+0xa>
100004c8:	e8c6 4f45 	strexb	r5, r4, [r6]
100004cc:	2d00      	cmp	r5, #0
100004ce:	d1f6      	bne.n	100004be <hw_claim_unused_from_range+0xa>
100004d0:	f3bf 8f5f 	dmb	sy
100004d4:	429a      	cmp	r2, r3
100004d6:	d81b      	bhi.n	10000510 <hw_claim_unused_from_range+0x5c>
100004d8:	2501      	movs	r5, #1
100004da:	e002      	b.n	100004e2 <hw_claim_unused_from_range+0x2e>
100004dc:	3201      	adds	r2, #1
100004de:	4293      	cmp	r3, r2
100004e0:	d322      	bcc.n	10000528 <hw_claim_unused_from_range+0x74>
100004e2:	08d4      	lsrs	r4, r2, #3
100004e4:	f810 e004 	ldrb.w	lr, [r0, r4]
100004e8:	f002 0c07 	and.w	ip, r2, #7
100004ec:	fa05 fc0c 	lsl.w	ip, r5, ip
100004f0:	ea1e 0f0c 	tst.w	lr, ip
100004f4:	d1f2      	bne.n	100004dc <hw_claim_unused_from_range+0x28>
100004f6:	ea4e 0e0c 	orr.w	lr, lr, ip
100004fa:	f800 e004 	strb.w	lr, [r0, r4]
100004fe:	4610      	mov	r0, r2
10000500:	2300      	movs	r3, #0
10000502:	e8c6 3f8f 	stlb	r3, [r6]
10000506:	f387 8810 	msr	PRIMASK, r7
1000050a:	4298      	cmp	r0, r3
1000050c:	db07      	blt.n	1000051e <hw_claim_unused_from_range+0x6a>
1000050e:	bdf8      	pop	{r3, r4, r5, r6, r7, pc}
10000510:	2300      	movs	r3, #0
10000512:	e8c6 3f8f 	stlb	r3, [r6]
10000516:	f387 8810 	msr	PRIMASK, r7
1000051a:	f04f 30ff 	mov.w	r0, #4294967295
1000051e:	2900      	cmp	r1, #0
10000520:	d0f5      	beq.n	1000050e <hw_claim_unused_from_range+0x5a>
10000522:	9806      	ldr	r0, [sp, #24]
10000524:	f7ff ff66 	bl	100003f4 <panic>
10000528:	f04f 30ff 	mov.w	r0, #4294967295
1000052c:	e7e8      	b.n	10000500 <hw_claim_unused_from_range+0x4c>
1000052e:	bf00      	nop
10000530:	20001adf 	.word	0x20001adf

10000534 <next_striped_spin_lock_num>:
10000534:	4a04      	ldr	r2, [pc, #16]	@ (10000548 <next_striped_spin_lock_num+0x14>)
10000536:	7810      	ldrb	r0, [r2, #0]
10000538:	1c43      	adds	r3, r0, #1
1000053a:	b2db      	uxtb	r3, r3
1000053c:	2b18      	cmp	r3, #24
1000053e:	bf28      	it	cs
10000540:	2310      	movcs	r3, #16
10000542:	7013      	strb	r3, [r2, #0]
10000544:	4770      	bx	lr
10000546:	bf00      	nop
10000548:	20001008 	.word	0x20001008

1000054c <spin_lock_claim_unused>:
1000054c:	b510      	push	{r4, lr}
1000054e:	4c05      	ldr	r4, [pc, #20]	@ (10000564 <spin_lock_claim_unused+0x18>)
10000550:	b082      	sub	sp, #8
10000552:	4601      	mov	r1, r0
10000554:	231f      	movs	r3, #31
10000556:	2218      	movs	r2, #24
10000558:	9400      	str	r4, [sp, #0]
1000055a:	4803      	ldr	r0, [pc, #12]	@ (10000568 <spin_lock_claim_unused+0x1c>)
1000055c:	f7ff ffaa 	bl	100004b4 <hw_claim_unused_from_range>
10000560:	b002      	add	sp, #8
10000562:	bd10      	pop	{r4, pc}
10000564:	10004cb4 	.word	0x10004cb4
10000568:	20001c30 	.word	0x20001c30

1000056c <spinlock_set_extexclall>:
1000056c:	f04f 22e0 	mov.w	r2, #3758153728	@ 0xe000e000
10000570:	6893      	ldr	r3, [r2, #8]
10000572:	f043 5300 	orr.w	r3, r3, #536870912	@ 0x20000000
10000576:	6093      	str	r3, [r2, #8]
10000578:	4770      	bx	lr
1000057a:	bf00      	nop

1000057c <spin_locks_reset>:
1000057c:	2100      	movs	r1, #0
1000057e:	4b04      	ldr	r3, [pc, #16]	@ (10000590 <spin_locks_reset+0x14>)
10000580:	f103 0220 	add.w	r2, r3, #32
10000584:	e8c3 1f8f 	stlb	r1, [r3]
10000588:	3301      	adds	r3, #1
1000058a:	4293      	cmp	r3, r2
1000058c:	d1fa      	bne.n	10000584 <spin_locks_reset+0x8>
1000058e:	4770      	bx	lr
10000590:	20001ad4 	.word	0x20001ad4

10000594 <runtime_init_per_core_irq_priorities>:
10000594:	f04f 23e0 	mov.w	r3, #3758153728	@ 0xe000e000
10000598:	f04f 3280 	mov.w	r2, #2155905152	@ 0x80808080
1000059c:	f8c3 2400 	str.w	r2, [r3, #1024]	@ 0x400
100005a0:	f8c3 2404 	str.w	r2, [r3, #1028]	@ 0x404
100005a4:	f8c3 2408 	str.w	r2, [r3, #1032]	@ 0x408
100005a8:	f8c3 240c 	str.w	r2, [r3, #1036]	@ 0x40c
100005ac:	f8c3 2410 	str.w	r2, [r3, #1040]	@ 0x410
100005b0:	f8c3 2414 	str.w	r2, [r3, #1044]	@ 0x414
100005b4:	f8c3 2418 	str.w	r2, [r3, #1048]	@ 0x418
100005b8:	f8c3 241c 	str.w	r2, [r3, #1052]	@ 0x41c
100005bc:	f8c3 2420 	str.w	r2, [r3, #1056]	@ 0x420
100005c0:	f8c3 2424 	str.w	r2, [r3, #1060]	@ 0x424
100005c4:	f8c3 2428 	str.w	r2, [r3, #1064]	@ 0x428
100005c8:	f8c3 242c 	str.w	r2, [r3, #1068]	@ 0x42c
100005cc:	f8c3 2430 	str.w	r2, [r3, #1072]	@ 0x430
100005d0:	b662      	cpsie	i
100005d2:	4770      	bx	lr

100005d4 <irq_set_enabled>:
100005d4:	2301      	movs	r3, #1
100005d6:	f000 021f 	and.w	r2, r0, #31
100005da:	4093      	lsls	r3, r2
100005dc:	0940      	lsrs	r0, r0, #5
100005de:	b141      	cbz	r1, 100005f2 <irq_set_enabled+0x1e>
100005e0:	0080      	lsls	r0, r0, #2
100005e2:	f100 4060 	add.w	r0, r0, #3758096384	@ 0xe0000000
100005e6:	f500 4061 	add.w	r0, r0, #57600	@ 0xe100
100005ea:	f8c0 3180 	str.w	r3, [r0, #384]	@ 0x180
100005ee:	6003      	str	r3, [r0, #0]
100005f0:	4770      	bx	lr
100005f2:	4a02      	ldr	r2, [pc, #8]	@ (100005fc <irq_set_enabled+0x28>)
100005f4:	3020      	adds	r0, #32
100005f6:	f842 3020 	str.w	r3, [r2, r0, lsl #2]
100005fa:	4770      	bx	lr
100005fc:	e000e100 	.word	0xe000e100

10000600 <irq_is_enabled>:
10000600:	2301      	movs	r3, #1
10000602:	4a06      	ldr	r2, [pc, #24]	@ (1000061c <irq_is_enabled+0x1c>)
10000604:	0941      	lsrs	r1, r0, #5
10000606:	f852 2021 	ldr.w	r2, [r2, r1, lsl #2]
1000060a:	f000 001f 	and.w	r0, r0, #31
1000060e:	fa03 f000 	lsl.w	r0, r3, r0
10000612:	4010      	ands	r0, r2
10000614:	3800      	subs	r0, #0
10000616:	bf18      	it	ne
10000618:	2001      	movne	r0, #1
1000061a:	4770      	bx	lr
1000061c:	e000e100 	.word	0xe000e100

10000620 <irq_set_pending>:
10000620:	2201      	movs	r2, #1
10000622:	0943      	lsrs	r3, r0, #5
10000624:	4903      	ldr	r1, [pc, #12]	@ (10000634 <irq_set_pending+0x14>)
10000626:	f000 001f 	and.w	r0, r0, #31
1000062a:	4082      	lsls	r2, r0
1000062c:	3340      	adds	r3, #64	@ 0x40
1000062e:	f841 2023 	str.w	r2, [r1, r3, lsl #2]
10000632:	4770      	bx	lr
10000634:	e000e100 	.word	0xe000e100

10000638 <irq_has_shared_handler>:
10000638:	4a05      	ldr	r2, [pc, #20]	@ (10000650 <irq_has_shared_handler+0x18>)
1000063a:	3010      	adds	r0, #16
1000063c:	6892      	ldr	r2, [r2, #8]
1000063e:	4b05      	ldr	r3, [pc, #20]	@ (10000654 <irq_has_shared_handler+0x1c>)
10000640:	f852 0020 	ldr.w	r0, [r2, r0, lsl #2]
10000644:	1ac0      	subs	r0, r0, r3
10000646:	2847      	cmp	r0, #71	@ 0x47
10000648:	bf8c      	ite	hi
1000064a:	2000      	movhi	r0, #0
1000064c:	2001      	movls	r0, #1
1000064e:	4770      	bx	lr
10000650:	e000ed00 	.word	0xe000ed00
10000654:	2000100c 	.word	0x2000100c

10000658 <irq_set_exclusive_handler>:
10000658:	b510      	push	{r4, lr}
1000065a:	f3ef 8c10 	mrs	ip, PRIMASK
1000065e:	b672      	cpsid	i
10000660:	4b11      	ldr	r3, [pc, #68]	@ (100006a8 <irq_set_exclusive_handler+0x50>)
10000662:	e8d3 4fcf 	ldaexb	r4, [r3]
10000666:	2201      	movs	r2, #1
10000668:	2c00      	cmp	r4, #0
1000066a:	d1fa      	bne.n	10000662 <irq_set_exclusive_handler+0xa>
1000066c:	e8c3 2f44 	strexb	r4, r2, [r3]
10000670:	2c00      	cmp	r4, #0
10000672:	d1f6      	bne.n	10000662 <irq_set_exclusive_handler+0xa>
10000674:	f3bf 8f5f 	dmb	sy
10000678:	4a0c      	ldr	r2, [pc, #48]	@ (100006ac <irq_set_exclusive_handler+0x54>)
1000067a:	3010      	adds	r0, #16
1000067c:	6892      	ldr	r2, [r2, #8]
1000067e:	4c0c      	ldr	r4, [pc, #48]	@ (100006b0 <irq_set_exclusive_handler+0x58>)
10000680:	f852 2020 	ldr.w	r2, [r2, r0, lsl #2]
10000684:	42a2      	cmp	r2, r4
10000686:	d001      	beq.n	1000068c <irq_set_exclusive_handler+0x34>
10000688:	4291      	cmp	r1, r2
1000068a:	d10b      	bne.n	100006a4 <irq_set_exclusive_handler+0x4c>
1000068c:	4a07      	ldr	r2, [pc, #28]	@ (100006ac <irq_set_exclusive_handler+0x54>)
1000068e:	6892      	ldr	r2, [r2, #8]
10000690:	f842 1020 	str.w	r1, [r2, r0, lsl #2]
10000694:	f3bf 8f5f 	dmb	sy
10000698:	2200      	movs	r2, #0
1000069a:	e8c3 2f8f 	stlb	r2, [r3]
1000069e:	f38c 8810 	msr	PRIMASK, ip
100006a2:	bd10      	pop	{r4, pc}
100006a4:	f001 f850 	bl	10001748 <hard_assertion_failure>
100006a8:	20001add 	.word	0x20001add
100006ac:	e000ed00 	.word	0xe000ed00
100006b0:	10000111 	.word	0x10000111

100006b4 <irq_add_shared_handler>:
100006b4:	e92d 4ff0 	stmdb	sp!, {r4, r5, r6, r7, r8, r9, sl, fp, lr}
100006b8:	460b      	mov	r3, r1
100006ba:	b083      	sub	sp, #12
100006bc:	f3ef 8a10 	mrs	sl, PRIMASK
100006c0:	b672      	cpsid	i
100006c2:	f8df 91a8 	ldr.w	r9, [pc, #424]	@ 1000086c <irq_add_shared_handler+0x1b8>
100006c6:	e8d9 4fcf 	ldaexb	r4, [r9]
100006ca:	2101      	movs	r1, #1
100006cc:	2c00      	cmp	r4, #0
100006ce:	d1fa      	bne.n	100006c6 <irq_add_shared_handler+0x12>
100006d0:	e8c9 1f44 	strexb	r4, r1, [r9]
100006d4:	2c00      	cmp	r4, #0
100006d6:	d1f6      	bne.n	100006c6 <irq_add_shared_handler+0x12>
100006d8:	f3bf 8f5f 	dmb	sy
100006dc:	495d      	ldr	r1, [pc, #372]	@ (10000854 <irq_add_shared_handler+0x1a0>)
100006de:	f991 8000 	ldrsb.w	r8, [r1]
100006e2:	f1b8 0f00 	cmp.w	r8, #0
100006e6:	f2c0 80b3 	blt.w	10000850 <irq_add_shared_handler+0x19c>
100006ea:	4c5b      	ldr	r4, [pc, #364]	@ (10000858 <irq_add_shared_handler+0x1a4>)
100006ec:	eb08 0748 	add.w	r7, r8, r8, lsl #1
100006f0:	eb04 0587 	add.w	r5, r4, r7, lsl #2
100006f4:	79ae      	ldrb	r6, [r5, #6]
100006f6:	3010      	adds	r0, #16
100006f8:	700e      	strb	r6, [r1, #0]
100006fa:	4958      	ldr	r1, [pc, #352]	@ (1000085c <irq_add_shared_handler+0x1a8>)
100006fc:	ea4f 0648 	mov.w	r6, r8, lsl #1
10000700:	6889      	ldr	r1, [r1, #8]
10000702:	9600      	str	r6, [sp, #0]
10000704:	f851 1020 	ldr.w	r1, [r1, r0, lsl #2]
10000708:	00bf      	lsls	r7, r7, #2
1000070a:	1b0e      	subs	r6, r1, r4
1000070c:	2e47      	cmp	r6, #71	@ 0x47
1000070e:	d834      	bhi.n	1000077a <irq_add_shared_handler+0xc6>
10000710:	f021 0e01 	bic.w	lr, r1, #1
10000714:	f89e 6007 	ldrb.w	r6, [lr, #7]
10000718:	4296      	cmp	r6, r2
1000071a:	d809      	bhi.n	10000730 <irq_add_shared_handler+0x7c>
1000071c:	e071      	b.n	10000802 <irq_add_shared_handler+0x14e>
1000071e:	eb0c 064c 	add.w	r6, ip, ip, lsl #1
10000722:	eb04 0686 	add.w	r6, r4, r6, lsl #2
10000726:	f896 b007 	ldrb.w	fp, [r6, #7]
1000072a:	4593      	cmp	fp, r2
1000072c:	d94e      	bls.n	100007cc <irq_add_shared_handler+0x118>
1000072e:	46b6      	mov	lr, r6
10000730:	f99e c006 	ldrsb.w	ip, [lr, #6]
10000734:	f1bc 0f00 	cmp.w	ip, #0
10000738:	daf1      	bge.n	1000071e <irq_add_shared_handler+0x6a>
1000073a:	f64b 5601 	movw	r6, #48385	@ 0xbd01
1000073e:	f10e 0b04 	add.w	fp, lr, #4
10000742:	3d04      	subs	r5, #4
10000744:	eba5 050b 	sub.w	r5, r5, fp
10000748:	f3c5 054a 	ubfx	r5, r5, #1, #11
1000074c:	ea6f 45c5 	mvn.w	r5, r5, lsl #19
10000750:	9f00      	ldr	r7, [sp, #0]
10000752:	ea6f 45d5 	mvn.w	r5, r5, lsr #19
10000756:	4447      	add	r7, r8
10000758:	46bb      	mov	fp, r7
1000075a:	f88e 8006 	strb.w	r8, [lr, #6]
1000075e:	f8df 8108 	ldr.w	r8, [pc, #264]	@ 10000868 <irq_add_shared_handler+0x1b4>
10000762:	eb04 0787 	add.w	r7, r4, r7, lsl #2
10000766:	f8ae 5004 	strh.w	r5, [lr, #4]
1000076a:	f844 802b 	str.w	r8, [r4, fp, lsl #2]
1000076e:	80be      	strh	r6, [r7, #4]
10000770:	f887 c006 	strb.w	ip, [r7, #6]
10000774:	71fa      	strb	r2, [r7, #7]
10000776:	60bb      	str	r3, [r7, #8]
10000778:	e01a      	b.n	100007b0 <irq_add_shared_handler+0xfc>
1000077a:	4e39      	ldr	r6, [pc, #228]	@ (10000860 <irq_add_shared_handler+0x1ac>)
1000077c:	42b1      	cmp	r1, r6
1000077e:	d167      	bne.n	10000850 <irq_add_shared_handler+0x19c>
10000780:	60ab      	str	r3, [r5, #8]
10000782:	4b38      	ldr	r3, [pc, #224]	@ (10000864 <irq_add_shared_handler+0x1b0>)
10000784:	71ea      	strb	r2, [r5, #7]
10000786:	1cba      	adds	r2, r7, #2
10000788:	4422      	add	r2, r4
1000078a:	3b04      	subs	r3, #4
1000078c:	1a9b      	subs	r3, r3, r2
1000078e:	f3c3 034a 	ubfx	r3, r3, #1, #11
10000792:	ea6f 43c3 	mvn.w	r3, r3, lsl #19
10000796:	f44f 4221 	mov.w	r2, #41216	@ 0xa100
1000079a:	ea6f 43d3 	mvn.w	r3, r3, lsr #19
1000079e:	53e2      	strh	r2, [r4, r7]
100007a0:	806b      	strh	r3, [r5, #2]
100007a2:	22ff      	movs	r2, #255	@ 0xff
100007a4:	f64b 5301 	movw	r3, #48385	@ 0xbd01
100007a8:	71aa      	strb	r2, [r5, #6]
100007aa:	80ab      	strh	r3, [r5, #4]
100007ac:	f045 0101 	orr.w	r1, r5, #1
100007b0:	4b2a      	ldr	r3, [pc, #168]	@ (1000085c <irq_add_shared_handler+0x1a8>)
100007b2:	689b      	ldr	r3, [r3, #8]
100007b4:	f843 1020 	str.w	r1, [r3, r0, lsl #2]
100007b8:	f3bf 8f5f 	dmb	sy
100007bc:	2300      	movs	r3, #0
100007be:	e8c9 3f8f 	stlb	r3, [r9]
100007c2:	f38a 8810 	msr	PRIMASK, sl
100007c6:	b003      	add	sp, #12
100007c8:	e8bd 8ff0 	ldmia.w	sp!, {r4, r5, r6, r7, r8, r9, sl, fp, pc}
100007cc:	46f3      	mov	fp, lr
100007ce:	f83b 6f04 	ldrh.w	r6, [fp, #4]!
100007d2:	0576      	lsls	r6, r6, #21
100007d4:	d40f      	bmi.n	100007f6 <irq_add_shared_handler+0x142>
100007d6:	1576      	asrs	r6, r6, #21
100007d8:	3602      	adds	r6, #2
100007da:	eb0b 0646 	add.w	r6, fp, r6, lsl #1
100007de:	9601      	str	r6, [sp, #4]
100007e0:	f06f 0607 	mvn.w	r6, #7
100007e4:	1bf6      	subs	r6, r6, r7
100007e6:	9f01      	ldr	r7, [sp, #4]
100007e8:	1b36      	subs	r6, r6, r4
100007ea:	443e      	add	r6, r7
100007ec:	f3c6 064a 	ubfx	r6, r6, #1, #11
100007f0:	f446 4660 	orr.w	r6, r6, #57344	@ 0xe000
100007f4:	e7a5      	b.n	10000742 <irq_add_shared_handler+0x8e>
100007f6:	f506 16ff 	add.w	r6, r6, #2088960	@ 0x1fe000
100007fa:	f506 56ff 	add.w	r6, r6, #8160	@ 0x1fe0
100007fe:	361f      	adds	r6, #31
10000800:	e7e9      	b.n	100007d6 <irq_add_shared_handler+0x122>
10000802:	60ab      	str	r3, [r5, #8]
10000804:	f06f 0307 	mvn.w	r3, #7
10000808:	71ea      	strb	r2, [r5, #7]
1000080a:	f44f 4221 	mov.w	r2, #41216	@ 0xa100
1000080e:	1bdb      	subs	r3, r3, r7
10000810:	1b1b      	subs	r3, r3, r4
10000812:	4473      	add	r3, lr
10000814:	f3c3 064a 	ubfx	r6, r3, #1, #11
10000818:	4b12      	ldr	r3, [pc, #72]	@ (10000864 <irq_add_shared_handler+0x1b0>)
1000081a:	53e2      	strh	r2, [r4, r7]
1000081c:	3702      	adds	r7, #2
1000081e:	4427      	add	r7, r4
10000820:	3b04      	subs	r3, #4
10000822:	1bdb      	subs	r3, r3, r7
10000824:	f5a2 4241 	sub.w	r2, r2, #49408	@ 0xc100
10000828:	f3c3 034a 	ubfx	r3, r3, #1, #11
1000082c:	4313      	orrs	r3, r2
1000082e:	4332      	orrs	r2, r6
10000830:	80aa      	strh	r2, [r5, #4]
10000832:	4a0d      	ldr	r2, [pc, #52]	@ (10000868 <irq_add_shared_handler+0x1b4>)
10000834:	806b      	strh	r3, [r5, #2]
10000836:	f64a 21aa 	movw	r1, #43690	@ 0xaaaa
1000083a:	4673      	mov	r3, lr
1000083c:	1b1b      	subs	r3, r3, r4
1000083e:	415b      	adcs	r3, r3
10000840:	4359      	muls	r1, r3
10000842:	0d09      	lsrs	r1, r1, #20
10000844:	71a9      	strb	r1, [r5, #6]
10000846:	f8ce 2000 	str.w	r2, [lr]
1000084a:	f045 0101 	orr.w	r1, r5, #1
1000084e:	e7af      	b.n	100007b0 <irq_add_shared_handler+0xfc>
10000850:	f000 ff7a 	bl	10001748 <hard_assertion_failure>
10000854:	20002110 	.word	0x20002110
10000858:	2000100c 	.word	0x2000100c
1000085c:	e000ed00 	.word	0xe000ed00
10000860:	10000111 	.word	0x10000111
10000864:	20001054 	.word	0x20001054
10000868:	47804801 	.word	0x47804801
1000086c:	20001add 	.word	0x20001add

10000870 <irq_add_tail_to_free_list>:
10000870:	b5f0      	push	{r4, r5, r6, r7, lr}
10000872:	f3ef 8505 	mrs	r5, IPSR
10000876:	b2ed      	uxtb	r5, r5
10000878:	f3ef 8c10 	mrs	ip, PRIMASK
1000087c:	b672      	cpsid	i
1000087e:	492c      	ldr	r1, [pc, #176]	@ (10000930 <irq_add_tail_to_free_list+0xc0>)
10000880:	e8d1 2fcf 	ldaexb	r2, [r1]
10000884:	2301      	movs	r3, #1
10000886:	2a00      	cmp	r2, #0
10000888:	d1fa      	bne.n	10000880 <irq_add_tail_to_free_list+0x10>
1000088a:	e8c1 3f42 	strexb	r2, r3, [r1]
1000088e:	2a00      	cmp	r2, #0
10000890:	d1f6      	bne.n	10000880 <irq_add_tail_to_free_list+0x10>
10000892:	f3bf 8f5f 	dmb	sy
10000896:	4e27      	ldr	r6, [pc, #156]	@ (10000934 <irq_add_tail_to_free_list+0xc4>)
10000898:	f040 0e01 	orr.w	lr, r0, #1
1000089c:	68b4      	ldr	r4, [r6, #8]
1000089e:	f64a 23aa 	movw	r3, #43690	@ 0xaaaa
100008a2:	f854 7025 	ldr.w	r7, [r4, r5, lsl #2]
100008a6:	4a24      	ldr	r2, [pc, #144]	@ (10000938 <irq_add_tail_to_free_list+0xc8>)
100008a8:	4604      	mov	r4, r0
100008aa:	1aa4      	subs	r4, r4, r2
100008ac:	4164      	adcs	r4, r4
100008ae:	4363      	muls	r3, r4
100008b0:	0d1b      	lsrs	r3, r3, #20
100008b2:	4577      	cmp	r7, lr
100008b4:	b25b      	sxtb	r3, r3
100008b6:	d023      	beq.n	10000900 <irq_add_tail_to_free_list+0x90>
100008b8:	f992 4006 	ldrsb.w	r4, [r2, #6]
100008bc:	429c      	cmp	r4, r3
100008be:	d024      	beq.n	1000090a <irq_add_tail_to_free_list+0x9a>
100008c0:	f992 4012 	ldrsb.w	r4, [r2, #18]
100008c4:	429c      	cmp	r4, r3
100008c6:	d02b      	beq.n	10000920 <irq_add_tail_to_free_list+0xb0>
100008c8:	f992 401e 	ldrsb.w	r4, [r2, #30]
100008cc:	429c      	cmp	r4, r3
100008ce:	d029      	beq.n	10000924 <irq_add_tail_to_free_list+0xb4>
100008d0:	f992 402a 	ldrsb.w	r4, [r2, #42]	@ 0x2a
100008d4:	429c      	cmp	r4, r3
100008d6:	d027      	beq.n	10000928 <irq_add_tail_to_free_list+0xb8>
100008d8:	f992 4036 	ldrsb.w	r4, [r2, #54]	@ 0x36
100008dc:	429c      	cmp	r4, r3
100008de:	d025      	beq.n	1000092c <irq_add_tail_to_free_list+0xbc>
100008e0:	f992 4042 	ldrsb.w	r4, [r2, #66]	@ 0x42
100008e4:	429c      	cmp	r4, r3
100008e6:	bf08      	it	eq
100008e8:	2405      	moveq	r4, #5
100008ea:	d00f      	beq.n	1000090c <irq_add_tail_to_free_list+0x9c>
100008ec:	4a13      	ldr	r2, [pc, #76]	@ (1000093c <irq_add_tail_to_free_list+0xcc>)
100008ee:	2400      	movs	r4, #0
100008f0:	7815      	ldrb	r5, [r2, #0]
100008f2:	7013      	strb	r3, [r2, #0]
100008f4:	7185      	strb	r5, [r0, #6]
100008f6:	e8c1 4f8f 	stlb	r4, [r1]
100008fa:	f38c 8810 	msr	PRIMASK, ip
100008fe:	bdf0      	pop	{r4, r5, r6, r7, pc}
10000900:	68b2      	ldr	r2, [r6, #8]
10000902:	4c0f      	ldr	r4, [pc, #60]	@ (10000940 <irq_add_tail_to_free_list+0xd0>)
10000904:	f842 4025 	str.w	r4, [r2, r5, lsl #2]
10000908:	e7f0      	b.n	100008ec <irq_add_tail_to_free_list+0x7c>
1000090a:	2400      	movs	r4, #0
1000090c:	eb04 0444 	add.w	r4, r4, r4, lsl #1
10000910:	eb02 0284 	add.w	r2, r2, r4, lsl #2
10000914:	24ff      	movs	r4, #255	@ 0xff
10000916:	7194      	strb	r4, [r2, #6]
10000918:	f64b 5401 	movw	r4, #48385	@ 0xbd01
1000091c:	8094      	strh	r4, [r2, #4]
1000091e:	e7e5      	b.n	100008ec <irq_add_tail_to_free_list+0x7c>
10000920:	2401      	movs	r4, #1
10000922:	e7f3      	b.n	1000090c <irq_add_tail_to_free_list+0x9c>
10000924:	2402      	movs	r4, #2
10000926:	e7f1      	b.n	1000090c <irq_add_tail_to_free_list+0x9c>
10000928:	2403      	movs	r4, #3
1000092a:	e7ef      	b.n	1000090c <irq_add_tail_to_free_list+0x9c>
1000092c:	2404      	movs	r4, #4
1000092e:	e7ed      	b.n	1000090c <irq_add_tail_to_free_list+0x9c>
10000930:	20001add 	.word	0x20001add
10000934:	e000ed00 	.word	0xe000ed00
10000938:	2000100c 	.word	0x2000100c
1000093c:	20002110 	.word	0x20002110
10000940:	10000111 	.word	0x10000111

10000944 <user_irq_claim_unused>:
10000944:	b510      	push	{r4, lr}
10000946:	4c07      	ldr	r4, [pc, #28]	@ (10000964 <user_irq_claim_unused+0x20>)
10000948:	b082      	sub	sp, #8
1000094a:	4601      	mov	r1, r0
1000094c:	2305      	movs	r3, #5
1000094e:	2200      	movs	r2, #0
10000950:	9400      	str	r4, [sp, #0]
10000952:	4805      	ldr	r0, [pc, #20]	@ (10000968 <user_irq_claim_unused+0x24>)
10000954:	f7ff fdae 	bl	100004b4 <hw_claim_unused_from_range>
10000958:	2800      	cmp	r0, #0
1000095a:	bfa8      	it	ge
1000095c:	f1c0 0033 	rsbge	r0, r0, #51	@ 0x33
10000960:	b002      	add	sp, #8
10000962:	bd10      	pop	{r4, pc}
10000964:	10004cd0 	.word	0x10004cd0
10000968:	20002115 	.word	0x20002115

1000096c <lock_init>:
1000096c:	4b01      	ldr	r3, [pc, #4]	@ (10000974 <lock_init+0x8>)
1000096e:	440b      	add	r3, r1
10000970:	6003      	str	r3, [r0, #0]
10000972:	4770      	bx	lr
10000974:	20001ad4 	.word	0x20001ad4

10000978 <runtime_init_mutex>:
10000978:	b570      	push	{r4, r5, r6, lr}
1000097a:	4c10      	ldr	r4, [pc, #64]	@ (100009bc <runtime_init_mutex+0x44>)
1000097c:	4d10      	ldr	r5, [pc, #64]	@ (100009c0 <runtime_init_mutex+0x48>)
1000097e:	42ac      	cmp	r4, r5
10000980:	d20e      	bcs.n	100009a0 <runtime_init_mutex+0x28>
10000982:	26ff      	movs	r6, #255	@ 0xff
10000984:	6823      	ldr	r3, [r4, #0]
10000986:	b163      	cbz	r3, 100009a2 <runtime_init_mutex+0x2a>
10000988:	f7ff fdd4 	bl	10000534 <next_striped_spin_lock_num>
1000098c:	4601      	mov	r1, r0
1000098e:	4620      	mov	r0, r4
10000990:	f7ff ffec 	bl	1000096c <lock_init>
10000994:	80a6      	strh	r6, [r4, #4]
10000996:	f3bf 8f5f 	dmb	sy
1000099a:	3408      	adds	r4, #8
1000099c:	42ac      	cmp	r4, r5
1000099e:	d3f1      	bcc.n	10000984 <runtime_init_mutex+0xc>
100009a0:	bd70      	pop	{r4, r5, r6, pc}
100009a2:	f7ff fdc7 	bl	10000534 <next_striped_spin_lock_num>
100009a6:	4601      	mov	r1, r0
100009a8:	4620      	mov	r0, r4
100009aa:	f7ff ffdf 	bl	1000096c <lock_init>
100009ae:	7126      	strb	r6, [r4, #4]
100009b0:	f3bf 8f5f 	dmb	sy
100009b4:	3408      	adds	r4, #8
100009b6:	42ac      	cmp	r4, r5
100009b8:	d3e4      	bcc.n	10000984 <runtime_init_mutex+0xc>
100009ba:	bd70      	pop	{r4, r5, r6, pc}
100009bc:	20001620 	.word	0x20001620
100009c0:	20001630 	.word	0x20001630

100009c4 <mutex_init>:
100009c4:	b510      	push	{r4, lr}
100009c6:	4604      	mov	r4, r0
100009c8:	f7ff fdb4 	bl	10000534 <next_striped_spin_lock_num>
100009cc:	4601      	mov	r1, r0
100009ce:	4620      	mov	r0, r4
100009d0:	f7ff ffcc 	bl	1000096c <lock_init>
100009d4:	23ff      	movs	r3, #255	@ 0xff
100009d6:	7123      	strb	r3, [r4, #4]
100009d8:	f3bf 8f5f 	dmb	sy
100009dc:	bd10      	pop	{r4, pc}
100009de:	bf00      	nop

100009e0 <critical_section_init>:
100009e0:	b510      	push	{r4, lr}
100009e2:	4604      	mov	r4, r0
100009e4:	2001      	movs	r0, #1
100009e6:	f7ff fdb1 	bl	1000054c <spin_lock_claim_unused>
100009ea:	4b03      	ldr	r3, [pc, #12]	@ (100009f8 <critical_section_init+0x18>)
100009ec:	4403      	add	r3, r0
100009ee:	6023      	str	r3, [r4, #0]
100009f0:	f3bf 8f5f 	dmb	sy
100009f4:	bd10      	pop	{r4, pc}
100009f6:	bf00      	nop
100009f8:	20001ad4 	.word	0x20001ad4

100009fc <critical_section_init_with_lock_num>:
100009fc:	4b02      	ldr	r3, [pc, #8]	@ (10000a08 <critical_section_init_with_lock_num+0xc>)
100009fe:	440b      	add	r3, r1
10000a00:	6003      	str	r3, [r0, #0]
10000a02:	f3bf 8f5f 	dmb	sy
10000a06:	4770      	bx	lr
10000a08:	20001ad4 	.word	0x20001ad4

10000a0c <sleep_until_callback>:
10000a0c:	4910      	ldr	r1, [pc, #64]	@ (10000a50 <sleep_until_callback+0x44>)
10000a0e:	680b      	ldr	r3, [r1, #0]
10000a10:	f3ef 8010 	mrs	r0, PRIMASK
10000a14:	b672      	cpsid	i
10000a16:	e8d3 cfcf 	ldaexb	ip, [r3]
10000a1a:	2201      	movs	r2, #1
10000a1c:	f1bc 0f00 	cmp.w	ip, #0
10000a20:	d1f9      	bne.n	10000a16 <sleep_until_callback+0xa>
10000a22:	e8c3 2f4c 	strexb	ip, r2, [r3]
10000a26:	f1bc 0f00 	cmp.w	ip, #0
10000a2a:	d1f4      	bne.n	10000a16 <sleep_until_callback+0xa>
10000a2c:	f3bf 8f5f 	dmb	sy
10000a30:	4a08      	ldr	r2, [pc, #32]	@ (10000a54 <sleep_until_callback+0x48>)
10000a32:	f04f 0c00 	mov.w	ip, #0
10000a36:	7813      	ldrb	r3, [r2, #0]
10000a38:	6809      	ldr	r1, [r1, #0]
10000a3a:	3301      	adds	r3, #1
10000a3c:	b2db      	uxtb	r3, r3
10000a3e:	7013      	strb	r3, [r2, #0]
10000a40:	e8c1 cf8f 	stlb	ip, [r1]
10000a44:	f380 8810 	msr	PRIMASK, r0
10000a48:	bf40      	sev
10000a4a:	2000      	movs	r0, #0
10000a4c:	2100      	movs	r1, #0
10000a4e:	4770      	bx	lr
10000a50:	200020ec 	.word	0x200020ec
10000a54:	20002112 	.word	0x20002112

10000a58 <alarm_pool_irq_handler>:
10000a58:	e92d 4ff0 	stmdb	sp!, {r4, r5, r6, r7, r8, r9, sl, fp, lr}
10000a5c:	ed2d 8b02 	vpush	{d8}
10000a60:	b085      	sub	sp, #20
10000a62:	f3ef 8305 	mrs	r3, IPSR
10000a66:	b2db      	uxtb	r3, r3
10000a68:	3b10      	subs	r3, #16
10000a6a:	089a      	lsrs	r2, r3, #2
10000a6c:	bf18      	it	ne
10000a6e:	2201      	movne	r2, #1
10000a70:	f04f 0101 	mov.w	r1, #1
10000a74:	f003 0b03 	and.w	fp, r3, #3
10000a78:	bf18      	it	ne
10000a7a:	4daf      	ldrne	r5, [pc, #700]	@ (10000d38 <alarm_pool_irq_handler+0x2e0>)
10000a7c:	4baf      	ldr	r3, [pc, #700]	@ (10000d3c <alarm_pool_irq_handler+0x2e4>)
10000a7e:	bf08      	it	eq
10000a80:	4daf      	ldreq	r5, [pc, #700]	@ (10000d40 <alarm_pool_irq_handler+0x2e8>)
10000a82:	eb0b 0282 	add.w	r2, fp, r2, lsl #2
10000a86:	f853 6022 	ldr.w	r6, [r3, r2, lsl #2]
10000a8a:	fa01 f20b 	lsl.w	r2, r1, fp
10000a8e:	f505 5341 	add.w	r3, r5, #12352	@ 0x3040
10000a92:	ed9f 8ba7 	vldr	d8, [pc, #668]	@ 10000d30 <alarm_pool_irq_handler+0x2d8>
10000a96:	9201      	str	r2, [sp, #4]
10000a98:	605a      	str	r2, [r3, #4]
10000a9a:	e02f      	b.n	10000afc <alarm_pool_irq_handler+0xa4>
10000a9c:	88b3      	ldrh	r3, [r6, #4]
10000a9e:	041c      	lsls	r4, r3, #16
10000aa0:	f140 8093 	bpl.w	10000bca <alarm_pool_irq_handler+0x172>
10000aa4:	79b3      	ldrb	r3, [r6, #6]
10000aa6:	2b00      	cmp	r3, #0
10000aa8:	f040 80dd 	bne.w	10000c66 <alarm_pool_irq_handler+0x20e>
10000aac:	f9b6 2008 	ldrsh.w	r2, [r6, #8]
10000ab0:	2a00      	cmp	r2, #0
10000ab2:	f2c0 811e 	blt.w	10000cf2 <alarm_pool_irq_handler+0x29a>
10000ab6:	6973      	ldr	r3, [r6, #20]
10000ab8:	eb02 0242 	add.w	r2, r2, r2, lsl #1
10000abc:	eb03 03c2 	add.w	r3, r3, r2, lsl #3
10000ac0:	e9d3 4702 	ldrd	r4, r7, [r3, #8]
10000ac4:	f1b7 3fff 	cmp.w	r7, #4294967295
10000ac8:	bf08      	it	eq
10000aca:	f1b4 3fff 	cmpeq.w	r4, #4294967295
10000ace:	d00e      	beq.n	10000aee <alarm_pool_irq_handler+0x96>
10000ad0:	eb05 018b 	add.w	r1, r5, fp, lsl #2
10000ad4:	6aab      	ldr	r3, [r5, #40]	@ 0x28
10000ad6:	690a      	ldr	r2, [r1, #16]
10000ad8:	1ad2      	subs	r2, r2, r3
10000ada:	1ae3      	subs	r3, r4, r3
10000adc:	4293      	cmp	r3, r2
10000ade:	d305      	bcc.n	10000aec <alarm_pool_irq_handler+0x94>
10000ae0:	2301      	movs	r3, #1
10000ae2:	6a2a      	ldr	r2, [r5, #32]
10000ae4:	fa03 f30b 	lsl.w	r3, r3, fp
10000ae8:	4213      	tst	r3, r2
10000aea:	d100      	bne.n	10000aee <alarm_pool_irq_handler+0x96>
10000aec:	610c      	str	r4, [r1, #16]
10000aee:	4628      	mov	r0, r5
10000af0:	f000 fb48 	bl	10001184 <timer_time_us_64>
10000af4:	42a0      	cmp	r0, r4
10000af6:	41b9      	sbcs	r1, r7
10000af8:	f2c0 80fb 	blt.w	10000cf2 <alarm_pool_irq_handler+0x29a>
10000afc:	f9b6 3008 	ldrsh.w	r3, [r6, #8]
10000b00:	9a01      	ldr	r2, [sp, #4]
10000b02:	2b00      	cmp	r3, #0
10000b04:	9300      	str	r3, [sp, #0]
10000b06:	63ea      	str	r2, [r5, #60]	@ 0x3c
10000b08:	dbc8      	blt.n	10000a9c <alarm_pool_irq_handler+0x44>
10000b0a:	f8d6 8014 	ldr.w	r8, [r6, #20]
10000b0e:	eb03 0943 	add.w	r9, r3, r3, lsl #1
10000b12:	4628      	mov	r0, r5
10000b14:	eb08 07c9 	add.w	r7, r8, r9, lsl #3
10000b18:	e9d7 4a02 	ldrd	r4, sl, [r7, #8]
10000b1c:	f000 fb32 	bl	10001184 <timer_time_us_64>
10000b20:	42a0      	cmp	r0, r4
10000b22:	eb71 010a 	sbcs.w	r1, r1, sl
10000b26:	dbb9      	blt.n	10000a9c <alarm_pool_irq_handler+0x44>
10000b28:	f1ba 0f00 	cmp.w	sl, #0
10000b2c:	f2c0 80c3 	blt.w	10000cb6 <alarm_pool_irq_handler+0x25e>
10000b30:	e9d7 3104 	ldrd	r3, r1, [r7, #16]
10000b34:	4a83      	ldr	r2, [pc, #524]	@ (10000d44 <alarm_pool_irq_handler+0x2ec>)
10000b36:	4293      	cmp	r3, r2
10000b38:	f000 80ed 	beq.w	10000d16 <alarm_pool_irq_handler+0x2be>
10000b3c:	887a      	ldrh	r2, [r7, #2]
10000b3e:	f9b6 0008 	ldrsh.w	r0, [r6, #8]
10000b42:	b292      	uxth	r2, r2
10000b44:	ea42 4000 	orr.w	r0, r2, r0, lsl #16
10000b48:	4798      	blx	r3
10000b4a:	4602      	mov	r2, r0
10000b4c:	460b      	mov	r3, r1
10000b4e:	ea52 0103 	orrs.w	r1, r2, r3
10000b52:	f000 80b0 	beq.w	10000cb6 <alarm_pool_irq_handler+0x25e>
10000b56:	2b00      	cmp	r3, #0
10000b58:	f280 80d1 	bge.w	10000cfe <alarm_pool_irq_handler+0x2a6>
10000b5c:	ebb4 0e02 	subs.w	lr, r4, r2
10000b60:	eb6a 0a03 	sbc.w	sl, sl, r3
10000b64:	f938 3039 	ldrsh.w	r3, [r8, r9, lsl #3]
10000b68:	e9c7 ea02 	strd	lr, sl, [r7, #8]
10000b6c:	2b00      	cmp	r3, #0
10000b6e:	db95      	blt.n	10000a9c <alarm_pool_irq_handler+0x44>
10000b70:	6971      	ldr	r1, [r6, #20]
10000b72:	eb03 0243 	add.w	r2, r3, r3, lsl #1
10000b76:	eb01 02c2 	add.w	r2, r1, r2, lsl #3
10000b7a:	e9d2 7002 	ldrd	r7, r0, [r2, #8]
10000b7e:	45be      	cmp	lr, r7
10000b80:	eb7a 0c00 	sbcs.w	ip, sl, r0
10000b84:	ea4f 0243 	mov.w	r2, r3, lsl #1
10000b88:	db88      	blt.n	10000a9c <alarm_pool_irq_handler+0x44>
10000b8a:	46b4      	mov	ip, r6
10000b8c:	f82c 3f08 	strh.w	r3, [ip, #8]!
10000b90:	e006      	b.n	10000ba0 <alarm_pool_irq_handler+0x148>
10000b92:	eb03 0043 	add.w	r0, r3, r3, lsl #1
10000b96:	eb01 00c0 	add.w	r0, r1, r0, lsl #3
10000b9a:	005a      	lsls	r2, r3, #1
10000b9c:	e9d0 7002 	ldrd	r7, r0, [r0, #8]
10000ba0:	45be      	cmp	lr, r7
10000ba2:	441a      	add	r2, r3
10000ba4:	eb7a 0000 	sbcs.w	r0, sl, r0
10000ba8:	eb01 04c2 	add.w	r4, r1, r2, lsl #3
10000bac:	db04      	blt.n	10000bb8 <alarm_pool_irq_handler+0x160>
10000bae:	f931 3032 	ldrsh.w	r3, [r1, r2, lsl #3]
10000bb2:	46a4      	mov	ip, r4
10000bb4:	2b00      	cmp	r3, #0
10000bb6:	daec      	bge.n	10000b92 <alarm_pool_irq_handler+0x13a>
10000bb8:	f828 3039 	strh.w	r3, [r8, r9, lsl #3]
10000bbc:	9b00      	ldr	r3, [sp, #0]
10000bbe:	f8ac 3000 	strh.w	r3, [ip]
10000bc2:	88b3      	ldrh	r3, [r6, #4]
10000bc4:	041c      	lsls	r4, r3, #16
10000bc6:	f53f af6d 	bmi.w	10000aa4 <alarm_pool_irq_handler+0x4c>
10000bca:	6933      	ldr	r3, [r6, #16]
10000bcc:	f3ef 8210 	mrs	r2, PRIMASK
10000bd0:	b672      	cpsid	i
10000bd2:	e8d3 0fcf 	ldaexb	r0, [r3]
10000bd6:	2101      	movs	r1, #1
10000bd8:	2800      	cmp	r0, #0
10000bda:	d1fa      	bne.n	10000bd2 <alarm_pool_irq_handler+0x17a>
10000bdc:	e8c3 1f40 	strexb	r0, r1, [r3]
10000be0:	2800      	cmp	r0, #0
10000be2:	d1f6      	bne.n	10000bd2 <alarm_pool_irq_handler+0x17a>
10000be4:	f3bf 8f5f 	dmb	sy
10000be8:	f64f 74ff 	movw	r4, #65535	@ 0xffff
10000bec:	88b0      	ldrh	r0, [r6, #4]
10000bee:	2300      	movs	r3, #0
10000bf0:	6931      	ldr	r1, [r6, #16]
10000bf2:	b200      	sxth	r0, r0
10000bf4:	80b4      	strh	r4, [r6, #4]
10000bf6:	e8c1 3f8f 	stlb	r3, [r1]
10000bfa:	f382 8810 	msr	PRIMASK, r2
10000bfe:	4298      	cmp	r0, r3
10000c00:	f6ff af50 	blt.w	10000aa4 <alarm_pool_irq_handler+0x4c>
10000c04:	4607      	mov	r7, r0
10000c06:	46a9      	mov	r9, r5
10000c08:	6974      	ldr	r4, [r6, #20]
10000c0a:	f106 0808 	add.w	r8, r6, #8
10000c0e:	eb07 0e47 	add.w	lr, r7, r7, lsl #1
10000c12:	eb04 03ce 	add.w	r3, r4, lr, lsl #3
10000c16:	e9d3 5002 	ldrd	r5, r0, [r3, #8]
10000c1a:	f9b6 3008 	ldrsh.w	r3, [r6, #8]
10000c1e:	46c4      	mov	ip, r8
10000c20:	2b00      	cmp	r3, #0
10000c22:	db13      	blt.n	10000c4c <alarm_pool_irq_handler+0x1f4>
10000c24:	46b2      	mov	sl, r6
10000c26:	9700      	str	r7, [sp, #0]
10000c28:	e004      	b.n	10000c34 <alarm_pool_irq_handler+0x1dc>
10000c2a:	f934 3036 	ldrsh.w	r3, [r4, r6, lsl #3]
10000c2e:	4694      	mov	ip, r2
10000c30:	2b00      	cmp	r3, #0
10000c32:	db09      	blt.n	10000c48 <alarm_pool_irq_handler+0x1f0>
10000c34:	eb03 0643 	add.w	r6, r3, r3, lsl #1
10000c38:	eb04 02c6 	add.w	r2, r4, r6, lsl #3
10000c3c:	e9d2 7102 	ldrd	r7, r1, [r2, #8]
10000c40:	42bd      	cmp	r5, r7
10000c42:	eb70 0101 	sbcs.w	r1, r0, r1
10000c46:	daf0      	bge.n	10000c2a <alarm_pool_irq_handler+0x1d2>
10000c48:	4656      	mov	r6, sl
10000c4a:	9f00      	ldr	r7, [sp, #0]
10000c4c:	f8ac 7000 	strh.w	r7, [ip]
10000c50:	f934 703e 	ldrsh.w	r7, [r4, lr, lsl #3]
10000c54:	f824 303e 	strh.w	r3, [r4, lr, lsl #3]
10000c58:	2f00      	cmp	r7, #0
10000c5a:	dad8      	bge.n	10000c0e <alarm_pool_irq_handler+0x1b6>
10000c5c:	79b3      	ldrb	r3, [r6, #6]
10000c5e:	464d      	mov	r5, r9
10000c60:	2b00      	cmp	r3, #0
10000c62:	f43f af23 	beq.w	10000aac <alarm_pool_irq_handler+0x54>
10000c66:	2300      	movs	r3, #0
10000c68:	71b3      	strb	r3, [r6, #6]
10000c6a:	f9b6 3008 	ldrsh.w	r3, [r6, #8]
10000c6e:	f106 0808 	add.w	r8, r6, #8
10000c72:	1c58      	adds	r0, r3, #1
10000c74:	d03d      	beq.n	10000cf2 <alarm_pool_irq_handler+0x29a>
10000c76:	461a      	mov	r2, r3
10000c78:	6977      	ldr	r7, [r6, #20]
10000c7a:	e003      	b.n	10000c84 <alarm_pool_irq_handler+0x22c>
10000c7c:	4680      	mov	r8, r0
10000c7e:	1c59      	adds	r1, r3, #1
10000c80:	f43f af16 	beq.w	10000ab0 <alarm_pool_irq_handler+0x58>
10000c84:	eb03 0143 	add.w	r1, r3, r3, lsl #1
10000c88:	eb07 00c1 	add.w	r0, r7, r1, lsl #3
10000c8c:	f8b0 c002 	ldrh.w	ip, [r0, #2]
10000c90:	461c      	mov	r4, r3
10000c92:	f41c 4f00 	tst.w	ip, #32768	@ 0x8000
10000c96:	469e      	mov	lr, r3
10000c98:	f937 3031 	ldrsh.w	r3, [r7, r1, lsl #3]
10000c9c:	d0ee      	beq.n	10000c7c <alarm_pool_irq_handler+0x224>
10000c9e:	4294      	cmp	r4, r2
10000ca0:	ed80 8b02 	vstr	d8, [r0, #8]
10000ca4:	d005      	beq.n	10000cb2 <alarm_pool_irq_handler+0x25a>
10000ca6:	f8a8 3000 	strh.w	r3, [r8]
10000caa:	8932      	ldrh	r2, [r6, #8]
10000cac:	f827 2031 	strh.w	r2, [r7, r1, lsl #3]
10000cb0:	8134      	strh	r4, [r6, #8]
10000cb2:	4672      	mov	r2, lr
10000cb4:	e7e3      	b.n	10000c7e <alarm_pool_irq_handler+0x226>
10000cb6:	f838 3039 	ldrh.w	r3, [r8, r9, lsl #3]
10000cba:	8133      	strh	r3, [r6, #8]
10000cbc:	6933      	ldr	r3, [r6, #16]
10000cbe:	f3ef 8210 	mrs	r2, PRIMASK
10000cc2:	b672      	cpsid	i
10000cc4:	e8d3 0fcf 	ldaexb	r0, [r3]
10000cc8:	2101      	movs	r1, #1
10000cca:	2800      	cmp	r0, #0
10000ccc:	d1fa      	bne.n	10000cc4 <alarm_pool_irq_handler+0x26c>
10000cce:	e8c3 1f40 	strexb	r0, r1, [r3]
10000cd2:	2800      	cmp	r0, #0
10000cd4:	d1f6      	bne.n	10000cc4 <alarm_pool_irq_handler+0x26c>
10000cd6:	f3bf 8f5f 	dmb	sy
10000cda:	8873      	ldrh	r3, [r6, #2]
10000cdc:	6931      	ldr	r1, [r6, #16]
10000cde:	f828 3039 	strh.w	r3, [r8, r9, lsl #3]
10000ce2:	9b00      	ldr	r3, [sp, #0]
10000ce4:	8073      	strh	r3, [r6, #2]
10000ce6:	2300      	movs	r3, #0
10000ce8:	e8c1 3f8f 	stlb	r3, [r1]
10000cec:	f382 8810 	msr	PRIMASK, r2
10000cf0:	e6d4      	b.n	10000a9c <alarm_pool_irq_handler+0x44>
10000cf2:	bf40      	sev
10000cf4:	b005      	add	sp, #20
10000cf6:	ecbd 8b02 	vpop	{d8}
10000cfa:	e8bd 8ff0 	ldmia.w	sp!, {r4, r5, r6, r7, r8, r9, sl, fp, pc}
10000cfe:	4628      	mov	r0, r5
10000d00:	e9cd 2302 	strd	r2, r3, [sp, #8]
10000d04:	f000 fa3e 	bl	10001184 <timer_time_us_64>
10000d08:	9a02      	ldr	r2, [sp, #8]
10000d0a:	9b03      	ldr	r3, [sp, #12]
10000d0c:	eb10 0e02 	adds.w	lr, r0, r2
10000d10:	eb43 0a01 	adc.w	sl, r3, r1
10000d14:	e726      	b.n	10000b64 <alarm_pool_irq_handler+0x10c>
10000d16:	4608      	mov	r0, r1
10000d18:	690b      	ldr	r3, [r1, #16]
10000d1a:	9102      	str	r1, [sp, #8]
10000d1c:	4798      	blx	r3
10000d1e:	2800      	cmp	r0, #0
10000d20:	d0c9      	beq.n	10000cb6 <alarm_pool_irq_handler+0x25e>
10000d22:	9902      	ldr	r1, [sp, #8]
10000d24:	e9d1 2300 	ldrd	r2, r3, [r1]
10000d28:	e711      	b.n	10000b4e <alarm_pool_irq_handler+0xf6>
10000d2a:	bf00      	nop
10000d2c:	f3af 8000 	nop.w
10000d30:	ffffffff 	.word	0xffffffff
10000d34:	ffffffff 	.word	0xffffffff
10000d38:	400b8000 	.word	0x400b8000
10000d3c:	200020b4 	.word	0x200020b4
10000d40:	400b0000 	.word	0x400b0000
10000d44:	10000a59 	.word	0x10000a59

10000d48 <runtime_init_default_alarm_pool>:
10000d48:	e92d 4ff8 	stmdb	sp!, {r3, r4, r5, r6, r7, r8, r9, sl, fp, lr}
10000d4c:	4c36      	ldr	r4, [pc, #216]	@ (10000e28 <runtime_init_default_alarm_pool+0xe0>)
10000d4e:	6925      	ldr	r5, [r4, #16]
10000d50:	b12d      	cbz	r5, 10000d5e <runtime_init_default_alarm_pool+0x16>
10000d52:	e8bd 4ff8 	ldmia.w	sp!, {r3, r4, r5, r6, r7, r8, r9, sl, fp, lr}
10000d56:	210a      	movs	r1, #10
10000d58:	4834      	ldr	r0, [pc, #208]	@ (10000e2c <runtime_init_default_alarm_pool+0xe4>)
10000d5a:	f7ff be07 	b.w	1000096c <lock_init>
10000d5e:	f8df 80e4 	ldr.w	r8, [pc, #228]	@ 10000e44 <runtime_init_default_alarm_pool+0xfc>
10000d62:	2103      	movs	r1, #3
10000d64:	4640      	mov	r0, r8
10000d66:	f000 f9fb 	bl	10001160 <timer_hardware_alarm_claim>
10000d6a:	2603      	movs	r6, #3
10000d6c:	f8c4 800c 	str.w	r8, [r4, #12]
10000d70:	f7ff fbe0 	bl	10000534 <next_striped_spin_lock_num>
10000d74:	f04f 4c50 	mov.w	ip, #3489660928	@ 0xd0000000
10000d78:	4b2d      	ldr	r3, [pc, #180]	@ (10000e30 <runtime_init_default_alarm_pool+0xe8>)
10000d7a:	7026      	strb	r6, [r4, #0]
10000d7c:	4403      	add	r3, r0
10000d7e:	6123      	str	r3, [r4, #16]
10000d80:	f8dc 3000 	ldr.w	r3, [ip]
10000d84:	210f      	movs	r1, #15
10000d86:	7063      	strb	r3, [r4, #1]
10000d88:	6963      	ldr	r3, [r4, #20]
10000d8a:	8061      	strh	r1, [r4, #2]
10000d8c:	831d      	strh	r5, [r3, #24]
10000d8e:	f04f 0504 	mov.w	r5, #4
10000d92:	f8a3 5078 	strh.w	r5, [r3, #120]	@ 0x78
10000d96:	f04f 0505 	mov.w	r5, #5
10000d9a:	f8a3 5090 	strh.w	r5, [r3, #144]	@ 0x90
10000d9e:	f04f 0506 	mov.w	r5, #6
10000da2:	f8a3 50a8 	strh.w	r5, [r3, #168]	@ 0xa8
10000da6:	f04f 0507 	mov.w	r5, #7
10000daa:	210e      	movs	r1, #14
10000dac:	f64f 72ff 	movw	r2, #65535	@ 0xffff
10000db0:	2708      	movs	r7, #8
10000db2:	f04f 0e0a 	mov.w	lr, #10
10000db6:	f8a3 50c0 	strh.w	r5, [r3, #192]	@ 0xc0
10000dba:	f04f 0901 	mov.w	r9, #1
10000dbe:	f04f 0c0c 	mov.w	ip, #12
10000dc2:	f04f 0b02 	mov.w	fp, #2
10000dc6:	f04f 0a09 	mov.w	sl, #9
10000dca:	200d      	movs	r0, #13
10000dcc:	f04f 050b 	mov.w	r5, #11
10000dd0:	f8a3 1168 	strh.w	r1, [r3, #360]	@ 0x168
10000dd4:	4917      	ldr	r1, [pc, #92]	@ (10000e34 <runtime_init_default_alarm_pool+0xec>)
10000dd6:	80a2      	strh	r2, [r4, #4]
10000dd8:	f8a3 e108 	strh.w	lr, [r3, #264]	@ 0x108
10000ddc:	60a1      	str	r1, [r4, #8]
10000dde:	f8a3 b048 	strh.w	fp, [r3, #72]	@ 0x48
10000de2:	f8a3 a0f0 	strh.w	sl, [r3, #240]	@ 0xf0
10000de6:	f8a3 5120 	strh.w	r5, [r3, #288]	@ 0x120
10000dea:	f8a3 c138 	strh.w	ip, [r3, #312]	@ 0x138
10000dee:	f8a3 0150 	strh.w	r0, [r3, #336]	@ 0x150
10000df2:	f8a3 9030 	strh.w	r9, [r3, #48]	@ 0x30
10000df6:	f8a3 6060 	strh.w	r6, [r3, #96]	@ 0x60
10000dfa:	f8a3 70d8 	strh.w	r7, [r3, #216]	@ 0xd8
10000dfe:	801a      	strh	r2, [r3, #0]
10000e00:	4b0d      	ldr	r3, [pc, #52]	@ (10000e38 <runtime_init_default_alarm_pool+0xf0>)
10000e02:	4630      	mov	r0, r6
10000e04:	f8c8 7020 	str.w	r7, [r8, #32]
10000e08:	490c      	ldr	r1, [pc, #48]	@ (10000e3c <runtime_init_default_alarm_pool+0xf4>)
10000e0a:	60dc      	str	r4, [r3, #12]
10000e0c:	f7ff fc24 	bl	10000658 <irq_set_exclusive_handler>
10000e10:	4649      	mov	r1, r9
10000e12:	4630      	mov	r0, r6
10000e14:	f7ff fbde 	bl	100005d4 <irq_set_enabled>
10000e18:	4b09      	ldr	r3, [pc, #36]	@ (10000e40 <runtime_init_default_alarm_pool+0xf8>)
10000e1a:	210a      	movs	r1, #10
10000e1c:	641f      	str	r7, [r3, #64]	@ 0x40
10000e1e:	4803      	ldr	r0, [pc, #12]	@ (10000e2c <runtime_init_default_alarm_pool+0xe4>)
10000e20:	e8bd 4ff8 	ldmia.w	sp!, {r3, r4, r5, r6, r7, r8, r9, sl, fp, lr}
10000e24:	f7ff bda2 	b.w	1000096c <lock_init>
10000e28:	20001078 	.word	0x20001078
10000e2c:	200020ec 	.word	0x200020ec
10000e30:	20001ad4 	.word	0x20001ad4
10000e34:	0010ffff 	.word	0x0010ffff
10000e38:	200020b4 	.word	0x200020b4
10000e3c:	10000a59 	.word	0x10000a59
10000e40:	400b2000 	.word	0x400b2000
10000e44:	400b0000 	.word	0x400b0000

10000e48 <alarm_pool_get_default>:
10000e48:	4800      	ldr	r0, [pc, #0]	@ (10000e4c <alarm_pool_get_default+0x4>)
10000e4a:	4770      	bx	lr
10000e4c:	20001078 	.word	0x20001078

10000e50 <alarm_pool_add_alarm_at>:
10000e50:	b5f8      	push	{r3, r4, r5, r6, r7, lr}
10000e52:	f89d 5020 	ldrb.w	r5, [sp, #32]
10000e56:	4604      	mov	r4, r0
10000e58:	4617      	mov	r7, r2
10000e5a:	461e      	mov	r6, r3
10000e5c:	b935      	cbnz	r5, 10000e6c <alarm_pool_add_alarm_at+0x1c>
10000e5e:	f000 f999 	bl	10001194 <time_us_64>
10000e62:	4287      	cmp	r7, r0
10000e64:	eb66 0101 	sbc.w	r1, r6, r1
10000e68:	2900      	cmp	r1, #0
10000e6a:	db5c      	blt.n	10000f26 <alarm_pool_add_alarm_at+0xd6>
10000e6c:	6921      	ldr	r1, [r4, #16]
10000e6e:	f3ef 8310 	mrs	r3, PRIMASK
10000e72:	b672      	cpsid	i
10000e74:	e8d1 0fcf 	ldaexb	r0, [r1]
10000e78:	2201      	movs	r2, #1
10000e7a:	2800      	cmp	r0, #0
10000e7c:	d1fa      	bne.n	10000e74 <alarm_pool_add_alarm_at+0x24>
10000e7e:	e8c1 2f40 	strexb	r0, r2, [r1]
10000e82:	2800      	cmp	r0, #0
10000e84:	d1f6      	bne.n	10000e74 <alarm_pool_add_alarm_at+0x24>
10000e86:	f3bf 8f5f 	dmb	sy
10000e8a:	f9b4 2002 	ldrsh.w	r2, [r4, #2]
10000e8e:	6965      	ldr	r5, [r4, #20]
10000e90:	eb02 0142 	add.w	r1, r2, r2, lsl #1
10000e94:	2a00      	cmp	r2, #0
10000e96:	ea4f 0cc1 	mov.w	ip, r1, lsl #3
10000e9a:	6920      	ldr	r0, [r4, #16]
10000e9c:	eb05 01c1 	add.w	r1, r5, r1, lsl #3
10000ea0:	db39      	blt.n	10000f16 <alarm_pool_add_alarm_at+0xc6>
10000ea2:	f835 e00c 	ldrh.w	lr, [r5, ip]
10000ea6:	f8a4 e002 	strh.w	lr, [r4, #2]
10000eaa:	f04f 0e00 	mov.w	lr, #0
10000eae:	e8c0 ef8f 	stlb	lr, [r0]
10000eb2:	f383 8810 	msr	PRIMASK, r3
10000eb6:	8848      	ldrh	r0, [r1, #2]
10000eb8:	9b06      	ldr	r3, [sp, #24]
10000eba:	3001      	adds	r0, #1
10000ebc:	f3c0 000e 	ubfx	r0, r0, #0, #15
10000ec0:	2801      	cmp	r0, #1
10000ec2:	bf38      	it	cc
10000ec4:	2001      	movcc	r0, #1
10000ec6:	610b      	str	r3, [r1, #16]
10000ec8:	9b07      	ldr	r3, [sp, #28]
10000eca:	8048      	strh	r0, [r1, #2]
10000ecc:	614b      	str	r3, [r1, #20]
10000ece:	e9c1 7602 	strd	r7, r6, [r1, #8]
10000ed2:	ea40 4002 	orr.w	r0, r0, r2, lsl #16
10000ed6:	6923      	ldr	r3, [r4, #16]
10000ed8:	f3ef 8110 	mrs	r1, PRIMASK
10000edc:	b672      	cpsid	i
10000ede:	e8d3 7fcf 	ldaexb	r7, [r3]
10000ee2:	2601      	movs	r6, #1
10000ee4:	2f00      	cmp	r7, #0
10000ee6:	d1fa      	bne.n	10000ede <alarm_pool_add_alarm_at+0x8e>
10000ee8:	e8c3 6f47 	strexb	r7, r6, [r3]
10000eec:	2f00      	cmp	r7, #0
10000eee:	d1f6      	bne.n	10000ede <alarm_pool_add_alarm_at+0x8e>
10000ef0:	f3bf 8f5f 	dmb	sy
10000ef4:	88a3      	ldrh	r3, [r4, #4]
10000ef6:	f825 300c 	strh.w	r3, [r5, ip]
10000efa:	80a2      	strh	r2, [r4, #4]
10000efc:	6923      	ldr	r3, [r4, #16]
10000efe:	e8c3 ef8f 	stlb	lr, [r3]
10000f02:	f381 8810 	msr	PRIMASK, r1
10000f06:	2201      	movs	r2, #1
10000f08:	68e3      	ldr	r3, [r4, #12]
10000f0a:	7821      	ldrb	r1, [r4, #0]
10000f0c:	f503 5301 	add.w	r3, r3, #8256	@ 0x2040
10000f10:	408a      	lsls	r2, r1
10000f12:	605a      	str	r2, [r3, #4]
10000f14:	bdf8      	pop	{r3, r4, r5, r6, r7, pc}
10000f16:	2200      	movs	r2, #0
10000f18:	e8c0 2f8f 	stlb	r2, [r0]
10000f1c:	f383 8810 	msr	PRIMASK, r3
10000f20:	f04f 30ff 	mov.w	r0, #4294967295
10000f24:	bdf8      	pop	{r3, r4, r5, r6, r7, pc}
10000f26:	4628      	mov	r0, r5
10000f28:	bdf8      	pop	{r3, r4, r5, r6, r7, pc}
10000f2a:	bf00      	nop

10000f2c <alarm_pool_add_alarm_at_force_in_context>:
10000f2c:	4601      	mov	r1, r0
10000f2e:	b5f0      	push	{r4, r5, r6, r7, lr}
10000f30:	6900      	ldr	r0, [r0, #16]
10000f32:	f3ef 8710 	mrs	r7, PRIMASK
10000f36:	b672      	cpsid	i
10000f38:	e8d0 5fcf 	ldaexb	r5, [r0]
10000f3c:	2401      	movs	r4, #1
10000f3e:	2d00      	cmp	r5, #0
10000f40:	d1fa      	bne.n	10000f38 <alarm_pool_add_alarm_at_force_in_context+0xc>
10000f42:	e8c0 4f45 	strexb	r5, r4, [r0]
10000f46:	2d00      	cmp	r5, #0
10000f48:	d1f6      	bne.n	10000f38 <alarm_pool_add_alarm_at_force_in_context+0xc>
10000f4a:	f3bf 8f5f 	dmb	sy
10000f4e:	f9b1 e002 	ldrsh.w	lr, [r1, #2]
10000f52:	694c      	ldr	r4, [r1, #20]
10000f54:	eb0e 0c4e 	add.w	ip, lr, lr, lsl #1
10000f58:	f1be 0f00 	cmp.w	lr, #0
10000f5c:	ea4f 05cc 	mov.w	r5, ip, lsl #3
10000f60:	6908      	ldr	r0, [r1, #16]
10000f62:	eb04 0ccc 	add.w	ip, r4, ip, lsl #3
10000f66:	db3c      	blt.n	10000fe2 <alarm_pool_add_alarm_at_force_in_context+0xb6>
10000f68:	5b66      	ldrh	r6, [r4, r5]
10000f6a:	804e      	strh	r6, [r1, #2]
10000f6c:	2600      	movs	r6, #0
10000f6e:	e8c0 6f8f 	stlb	r6, [r0]
10000f72:	f387 8810 	msr	PRIMASK, r7
10000f76:	f8bc 0002 	ldrh.w	r0, [ip, #2]
10000f7a:	e9cc 2302 	strd	r2, r3, [ip, #8]
10000f7e:	3001      	adds	r0, #1
10000f80:	f3c0 000e 	ubfx	r0, r0, #0, #15
10000f84:	2801      	cmp	r0, #1
10000f86:	bf38      	it	cc
10000f88:	2001      	movcc	r0, #1
10000f8a:	9b05      	ldr	r3, [sp, #20]
10000f8c:	f8ac 0002 	strh.w	r0, [ip, #2]
10000f90:	f8cc 3010 	str.w	r3, [ip, #16]
10000f94:	9b06      	ldr	r3, [sp, #24]
10000f96:	ea40 400e 	orr.w	r0, r0, lr, lsl #16
10000f9a:	f8cc 3014 	str.w	r3, [ip, #20]
10000f9e:	690b      	ldr	r3, [r1, #16]
10000fa0:	f3ef 8210 	mrs	r2, PRIMASK
10000fa4:	b672      	cpsid	i
10000fa6:	e8d3 cfcf 	ldaexb	ip, [r3]
10000faa:	2701      	movs	r7, #1
10000fac:	f1bc 0f00 	cmp.w	ip, #0
10000fb0:	d1f9      	bne.n	10000fa6 <alarm_pool_add_alarm_at_force_in_context+0x7a>
10000fb2:	e8c3 7f4c 	strexb	ip, r7, [r3]
10000fb6:	f1bc 0f00 	cmp.w	ip, #0
10000fba:	d1f4      	bne.n	10000fa6 <alarm_pool_add_alarm_at_force_in_context+0x7a>
10000fbc:	f3bf 8f5f 	dmb	sy
10000fc0:	888b      	ldrh	r3, [r1, #4]
10000fc2:	5363      	strh	r3, [r4, r5]
10000fc4:	f8a1 e004 	strh.w	lr, [r1, #4]
10000fc8:	690b      	ldr	r3, [r1, #16]
10000fca:	e8c3 6f8f 	stlb	r6, [r3]
10000fce:	f382 8810 	msr	PRIMASK, r2
10000fd2:	2201      	movs	r2, #1
10000fd4:	68cb      	ldr	r3, [r1, #12]
10000fd6:	7809      	ldrb	r1, [r1, #0]
10000fd8:	f503 5301 	add.w	r3, r3, #8256	@ 0x2040
10000fdc:	408a      	lsls	r2, r1
10000fde:	605a      	str	r2, [r3, #4]
10000fe0:	bdf0      	pop	{r4, r5, r6, r7, pc}
10000fe2:	2300      	movs	r3, #0
10000fe4:	e8c0 3f8f 	stlb	r3, [r0]
10000fe8:	f387 8810 	msr	PRIMASK, r7
10000fec:	f04f 30ff 	mov.w	r0, #4294967295
10000ff0:	bdf0      	pop	{r4, r5, r6, r7, pc}
10000ff2:	bf00      	nop

10000ff4 <alarm_pool_cancel_alarm>:
10000ff4:	4603      	mov	r3, r0
10000ff6:	8940      	ldrh	r0, [r0, #10]
10000ff8:	ebb0 4f21 	cmp.w	r0, r1, asr #16
10000ffc:	dd37      	ble.n	1000106e <alarm_pool_cancel_alarm+0x7a>
10000ffe:	6958      	ldr	r0, [r3, #20]
10001000:	140a      	asrs	r2, r1, #16
10001002:	eb02 0242 	add.w	r2, r2, r2, lsl #1
10001006:	b510      	push	{r4, lr}
10001008:	eb00 00c2 	add.w	r0, r0, r2, lsl #3
1000100c:	691c      	ldr	r4, [r3, #16]
1000100e:	f3ef 8c10 	mrs	ip, PRIMASK
10001012:	b672      	cpsid	i
10001014:	e8d4 efcf 	ldaexb	lr, [r4]
10001018:	2201      	movs	r2, #1
1000101a:	f1be 0f00 	cmp.w	lr, #0
1000101e:	d1f9      	bne.n	10001014 <alarm_pool_cancel_alarm+0x20>
10001020:	e8c4 2f4e 	strexb	lr, r2, [r4]
10001024:	f1be 0f00 	cmp.w	lr, #0
10001028:	d1f4      	bne.n	10001014 <alarm_pool_cancel_alarm+0x20>
1000102a:	f3bf 8f5f 	dmb	sy
1000102e:	8842      	ldrh	r2, [r0, #2]
10001030:	b289      	uxth	r1, r1
10001032:	b292      	uxth	r2, r2
10001034:	428a      	cmp	r2, r1
10001036:	d007      	beq.n	10001048 <alarm_pool_cancel_alarm+0x54>
10001038:	2200      	movs	r2, #0
1000103a:	691b      	ldr	r3, [r3, #16]
1000103c:	e8c3 2f8f 	stlb	r2, [r3]
10001040:	f38c 8810 	msr	PRIMASK, ip
10001044:	2000      	movs	r0, #0
10001046:	bd10      	pop	{r4, pc}
10001048:	f442 4200 	orr.w	r2, r2, #32768	@ 0x8000
1000104c:	8042      	strh	r2, [r0, #2]
1000104e:	2101      	movs	r1, #1
10001050:	2200      	movs	r2, #0
10001052:	6918      	ldr	r0, [r3, #16]
10001054:	7199      	strb	r1, [r3, #6]
10001056:	e8c0 2f8f 	stlb	r2, [r0]
1000105a:	f38c 8810 	msr	PRIMASK, ip
1000105e:	781c      	ldrb	r4, [r3, #0]
10001060:	68da      	ldr	r2, [r3, #12]
10001062:	4608      	mov	r0, r1
10001064:	f502 5301 	add.w	r3, r2, #8256	@ 0x2040
10001068:	40a1      	lsls	r1, r4
1000106a:	6059      	str	r1, [r3, #4]
1000106c:	bd10      	pop	{r4, pc}
1000106e:	2000      	movs	r0, #0
10001070:	4770      	bx	lr
10001072:	bf00      	nop

10001074 <alarm_pool_core_num>:
10001074:	7840      	ldrb	r0, [r0, #1]
10001076:	4770      	bx	lr

10001078 <best_effort_wfe_or_timeout>:
10001078:	e92d 47f0 	stmdb	sp!, {r4, r5, r6, r7, r8, r9, sl, lr}
1000107c:	4605      	mov	r5, r0
1000107e:	460c      	mov	r4, r1
10001080:	b082      	sub	sp, #8
10001082:	f3ef 8705 	mrs	r7, IPSR
10001086:	b2ff      	uxtb	r7, r7
10001088:	2f00      	cmp	r7, #0
1000108a:	d138      	bne.n	100010fe <best_effort_wfe_or_timeout+0x86>
1000108c:	4e30      	ldr	r6, [pc, #192]	@ (10001150 <best_effort_wfe_or_timeout+0xd8>)
1000108e:	e9d6 2300 	ldrd	r2, r3, [r6]
10001092:	428b      	cmp	r3, r1
10001094:	bf08      	it	eq
10001096:	4282      	cmpeq	r2, r0
10001098:	d039      	beq.n	1000110e <best_effort_wfe_or_timeout+0x96>
1000109a:	f8df 80c0 	ldr.w	r8, [pc, #192]	@ 1000115c <best_effort_wfe_or_timeout+0xe4>
1000109e:	f8d8 a00c 	ldr.w	sl, [r8, #12]
100010a2:	f898 9000 	ldrb.w	r9, [r8]
100010a6:	4650      	mov	r0, sl
100010a8:	f000 f86c 	bl	10001184 <timer_time_us_64>
100010ac:	f109 0904 	add.w	r9, r9, #4
100010b0:	f85a 3029 	ldr.w	r3, [sl, r9, lsl #2]
100010b4:	1a1b      	subs	r3, r3, r0
100010b6:	1a28      	subs	r0, r5, r0
100010b8:	eb64 0101 	sbc.w	r1, r4, r1
100010bc:	4298      	cmp	r0, r3
100010be:	f171 0100 	sbcs.w	r1, r1, #0
100010c2:	da24      	bge.n	1000110e <best_effort_wfe_or_timeout+0x96>
100010c4:	f000 f866 	bl	10001194 <time_us_64>
100010c8:	4285      	cmp	r5, r0
100010ca:	eb64 0101 	sbc.w	r1, r4, r1
100010ce:	2900      	cmp	r1, #0
100010d0:	db2d      	blt.n	1000112e <best_effort_wfe_or_timeout+0xb6>
100010d2:	4b20      	ldr	r3, [pc, #128]	@ (10001154 <best_effort_wfe_or_timeout+0xdc>)
100010d4:	4640      	mov	r0, r8
100010d6:	9300      	str	r3, [sp, #0]
100010d8:	462a      	mov	r2, r5
100010da:	4623      	mov	r3, r4
100010dc:	9701      	str	r7, [sp, #4]
100010de:	f7ff ff25 	bl	10000f2c <alarm_pool_add_alarm_at_force_in_context>
100010e2:	1e01      	subs	r1, r0, #0
100010e4:	dd23      	ble.n	1000112e <best_effort_wfe_or_timeout+0xb6>
100010e6:	4b1c      	ldr	r3, [pc, #112]	@ (10001158 <best_effort_wfe_or_timeout+0xe0>)
100010e8:	e9c6 5400 	strd	r5, r4, [r6]
100010ec:	6a5a      	ldr	r2, [r3, #36]	@ 0x24
100010ee:	42a2      	cmp	r2, r4
100010f0:	d32c      	bcc.n	1000114c <best_effort_wfe_or_timeout+0xd4>
100010f2:	6a9b      	ldr	r3, [r3, #40]	@ 0x28
100010f4:	42ab      	cmp	r3, r5
100010f6:	d327      	bcc.n	10001148 <best_effort_wfe_or_timeout+0xd0>
100010f8:	4818      	ldr	r0, [pc, #96]	@ (1000115c <best_effort_wfe_or_timeout+0xe4>)
100010fa:	f7ff ff7b 	bl	10000ff4 <alarm_pool_cancel_alarm>
100010fe:	4b16      	ldr	r3, [pc, #88]	@ (10001158 <best_effort_wfe_or_timeout+0xe0>)
10001100:	6a5a      	ldr	r2, [r3, #36]	@ 0x24
10001102:	42a2      	cmp	r2, r4
10001104:	d208      	bcs.n	10001118 <best_effort_wfe_or_timeout+0xa0>
10001106:	2000      	movs	r0, #0
10001108:	b002      	add	sp, #8
1000110a:	e8bd 87f0 	ldmia.w	sp!, {r4, r5, r6, r7, r8, r9, sl, pc}
1000110e:	bf20      	wfe
10001110:	4b11      	ldr	r3, [pc, #68]	@ (10001158 <best_effort_wfe_or_timeout+0xe0>)
10001112:	6a5a      	ldr	r2, [r3, #36]	@ 0x24
10001114:	42a2      	cmp	r2, r4
10001116:	d3f6      	bcc.n	10001106 <best_effort_wfe_or_timeout+0x8e>
10001118:	bf14      	ite	ne
1000111a:	2001      	movne	r0, #1
1000111c:	2000      	moveq	r0, #0
1000111e:	6a9b      	ldr	r3, [r3, #40]	@ 0x28
10001120:	42ab      	cmp	r3, r5
10001122:	bf28      	it	cs
10001124:	f040 0001 	orrcs.w	r0, r0, #1
10001128:	b002      	add	sp, #8
1000112a:	e8bd 87f0 	ldmia.w	sp!, {r4, r5, r6, r7, r8, r9, sl, pc}
1000112e:	4b0a      	ldr	r3, [pc, #40]	@ (10001158 <best_effort_wfe_or_timeout+0xe0>)
10001130:	6a58      	ldr	r0, [r3, #36]	@ 0x24
10001132:	42a0      	cmp	r0, r4
10001134:	d3e7      	bcc.n	10001106 <best_effort_wfe_or_timeout+0x8e>
10001136:	1b00      	subs	r0, r0, r4
10001138:	bf18      	it	ne
1000113a:	2001      	movne	r0, #1
1000113c:	6a9b      	ldr	r3, [r3, #40]	@ 0x28
1000113e:	42ab      	cmp	r3, r5
10001140:	bf28      	it	cs
10001142:	f040 0001 	orrcs.w	r0, r0, #1
10001146:	e7ef      	b.n	10001128 <best_effort_wfe_or_timeout+0xb0>
10001148:	42a2      	cmp	r2, r4
1000114a:	d1d5      	bne.n	100010f8 <best_effort_wfe_or_timeout+0x80>
1000114c:	bf20      	wfe
1000114e:	e7d3      	b.n	100010f8 <best_effort_wfe_or_timeout+0x80>
10001150:	20001070 	.word	0x20001070
10001154:	10000a0d 	.word	0x10000a0d
10001158:	400b0000 	.word	0x400b0000
1000115c:	20001078 	.word	0x20001078

10001160 <timer_hardware_alarm_claim>:
10001160:	b410      	push	{r4}
10001162:	4b05      	ldr	r3, [pc, #20]	@ (10001178 <timer_hardware_alarm_claim+0x18>)
10001164:	4c05      	ldr	r4, [pc, #20]	@ (1000117c <timer_hardware_alarm_claim+0x1c>)
10001166:	4a06      	ldr	r2, [pc, #24]	@ (10001180 <timer_hardware_alarm_claim+0x20>)
10001168:	42a0      	cmp	r0, r4
1000116a:	bf14      	ite	ne
1000116c:	4618      	movne	r0, r3
1000116e:	1c58      	addeq	r0, r3, #1
10001170:	f85d 4b04 	ldr.w	r4, [sp], #4
10001174:	f7ff b972 	b.w	1000045c <hw_claim_or_assert>
10001178:	20001c34 	.word	0x20001c34
1000117c:	400b8000 	.word	0x400b8000
10001180:	10004cec 	.word	0x10004cec

10001184 <timer_time_us_64>:
10001184:	4603      	mov	r3, r0
10001186:	6a41      	ldr	r1, [r0, #36]	@ 0x24
10001188:	460a      	mov	r2, r1
1000118a:	6a98      	ldr	r0, [r3, #40]	@ 0x28
1000118c:	6a59      	ldr	r1, [r3, #36]	@ 0x24
1000118e:	428a      	cmp	r2, r1
10001190:	d1fa      	bne.n	10001188 <timer_time_us_64+0x4>
10001192:	4770      	bx	lr

10001194 <time_us_64>:
10001194:	4b03      	ldr	r3, [pc, #12]	@ (100011a4 <time_us_64+0x10>)
10001196:	6a59      	ldr	r1, [r3, #36]	@ 0x24
10001198:	460a      	mov	r2, r1
1000119a:	6a98      	ldr	r0, [r3, #40]	@ 0x28
1000119c:	6a59      	ldr	r1, [r3, #36]	@ 0x24
1000119e:	4291      	cmp	r1, r2
100011a0:	d1fa      	bne.n	10001198 <time_us_64+0x4>
100011a2:	4770      	bx	lr
100011a4:	400b0000 	.word	0x400b0000

100011a8 <busy_wait_us>:
100011a8:	b430      	push	{r4, r5}
100011aa:	4a15      	ldr	r2, [pc, #84]	@ (10001200 <busy_wait_us+0x58>)
100011ac:	6a53      	ldr	r3, [r2, #36]	@ 0x24
100011ae:	469c      	mov	ip, r3
100011b0:	6a94      	ldr	r4, [r2, #40]	@ 0x28
100011b2:	6a53      	ldr	r3, [r2, #36]	@ 0x24
100011b4:	4563      	cmp	r3, ip
100011b6:	d1fa      	bne.n	100011ae <busy_wait_us+0x6>
100011b8:	1902      	adds	r2, r0, r4
100011ba:	4159      	adcs	r1, r3
100011bc:	f04f 0500 	mov.w	r5, #0
100011c0:	bf28      	it	cs
100011c2:	2501      	movcs	r5, #1
100011c4:	4b0e      	ldr	r3, [pc, #56]	@ (10001200 <busy_wait_us+0x58>)
100011c6:	6a5b      	ldr	r3, [r3, #36]	@ 0x24
100011c8:	b1b5      	cbz	r5, 100011f8 <busy_wait_us+0x50>
100011ca:	1c5a      	adds	r2, r3, #1
100011cc:	bf08      	it	eq
100011ce:	461a      	moveq	r2, r3
100011d0:	d008      	beq.n	100011e4 <busy_wait_us+0x3c>
100011d2:	f04f 31ff 	mov.w	r1, #4294967295
100011d6:	460a      	mov	r2, r1
100011d8:	4809      	ldr	r0, [pc, #36]	@ (10001200 <busy_wait_us+0x58>)
100011da:	6a43      	ldr	r3, [r0, #36]	@ 0x24
100011dc:	428b      	cmp	r3, r1
100011de:	d3fc      	bcc.n	100011da <busy_wait_us+0x32>
100011e0:	428b      	cmp	r3, r1
100011e2:	d107      	bne.n	100011f4 <busy_wait_us+0x4c>
100011e4:	4906      	ldr	r1, [pc, #24]	@ (10001200 <busy_wait_us+0x58>)
100011e6:	e002      	b.n	100011ee <busy_wait_us+0x46>
100011e8:	6a48      	ldr	r0, [r1, #36]	@ 0x24
100011ea:	4298      	cmp	r0, r3
100011ec:	d102      	bne.n	100011f4 <busy_wait_us+0x4c>
100011ee:	6a88      	ldr	r0, [r1, #40]	@ 0x28
100011f0:	4290      	cmp	r0, r2
100011f2:	d3f9      	bcc.n	100011e8 <busy_wait_us+0x40>
100011f4:	bc30      	pop	{r4, r5}
100011f6:	4770      	bx	lr
100011f8:	4299      	cmp	r1, r3
100011fa:	d8ed      	bhi.n	100011d8 <busy_wait_us+0x30>
100011fc:	e7f0      	b.n	100011e0 <busy_wait_us+0x38>
100011fe:	bf00      	nop
10001200:	400b0000 	.word	0x400b0000

10001204 <queue_init_with_spinlock>:
10001204:	b570      	push	{r4, r5, r6, lr}
10001206:	460e      	mov	r6, r1
10001208:	4619      	mov	r1, r3
1000120a:	4604      	mov	r4, r0
1000120c:	4615      	mov	r5, r2
1000120e:	f7ff fbad 	bl	1000096c <lock_init>
10001212:	2300      	movs	r3, #0
10001214:	4631      	mov	r1, r6
10001216:	81e5      	strh	r5, [r4, #14]
10001218:	81a6      	strh	r6, [r4, #12]
1000121a:	60a3      	str	r3, [r4, #8]
1000121c:	1c68      	adds	r0, r5, #1
1000121e:	f000 fbb5 	bl	1000198c <__wrap_calloc>
10001222:	6060      	str	r0, [r4, #4]
10001224:	3800      	subs	r0, #0
10001226:	bf18      	it	ne
10001228:	2001      	movne	r0, #1
1000122a:	bd70      	pop	{r4, r5, r6, pc}

1000122c <queue_try_add>:
1000122c:	b538      	push	{r3, r4, r5, lr}
1000122e:	4604      	mov	r4, r0
10001230:	6803      	ldr	r3, [r0, #0]
10001232:	f3ef 8510 	mrs	r5, PRIMASK
10001236:	b672      	cpsid	i
10001238:	e8d3 0fcf 	ldaexb	r0, [r3]
1000123c:	2201      	movs	r2, #1
1000123e:	2800      	cmp	r0, #0
10001240:	d1fa      	bne.n	10001238 <queue_try_add+0xc>
10001242:	e8c3 2f40 	strexb	r0, r2, [r3]
10001246:	2800      	cmp	r0, #0
10001248:	d1f6      	bne.n	10001238 <queue_try_add+0xc>
1000124a:	f3bf 8f5f 	dmb	sy
1000124e:	8920      	ldrh	r0, [r4, #8]
10001250:	8963      	ldrh	r3, [r4, #10]
10001252:	89e2      	ldrh	r2, [r4, #14]
10001254:	1ac3      	subs	r3, r0, r3
10001256:	bf44      	itt	mi
10001258:	f102 0c01 	addmi.w	ip, r2, #1
1000125c:	4463      	addmi	r3, ip
1000125e:	4293      	cmp	r3, r2
10001260:	d106      	bne.n	10001270 <queue_try_add+0x44>
10001262:	2000      	movs	r0, #0
10001264:	6823      	ldr	r3, [r4, #0]
10001266:	e8c3 0f8f 	stlb	r0, [r3]
1000126a:	f385 8810 	msr	PRIMASK, r5
1000126e:	bd38      	pop	{r3, r4, r5, pc}
10001270:	89a2      	ldrh	r2, [r4, #12]
10001272:	6863      	ldr	r3, [r4, #4]
10001274:	fb02 3000 	mla	r0, r2, r0, r3
10001278:	f003 fcca 	bl	10004c10 <__memcpy_veneer>
1000127c:	2100      	movs	r1, #0
1000127e:	4a0a      	ldr	r2, [pc, #40]	@ (100012a8 <queue_try_add+0x7c>)
10001280:	7813      	ldrb	r3, [r2, #0]
10001282:	3301      	adds	r3, #1
10001284:	b2db      	uxtb	r3, r3
10001286:	7013      	strb	r3, [r2, #0]
10001288:	8923      	ldrh	r3, [r4, #8]
1000128a:	89e2      	ldrh	r2, [r4, #14]
1000128c:	3301      	adds	r3, #1
1000128e:	b29b      	uxth	r3, r3
10001290:	429a      	cmp	r2, r3
10001292:	bf38      	it	cc
10001294:	460b      	movcc	r3, r1
10001296:	6822      	ldr	r2, [r4, #0]
10001298:	8123      	strh	r3, [r4, #8]
1000129a:	e8c2 1f8f 	stlb	r1, [r2]
1000129e:	f385 8810 	msr	PRIMASK, r5
100012a2:	bf40      	sev
100012a4:	2001      	movs	r0, #1
100012a6:	bd38      	pop	{r3, r4, r5, pc}
100012a8:	20002112 	.word	0x20002112

100012ac <queue_remove_blocking>:
100012ac:	b570      	push	{r4, r5, r6, lr}
100012ae:	4604      	mov	r4, r0
100012b0:	4608      	mov	r0, r1
100012b2:	4d24      	ldr	r5, [pc, #144]	@ (10001344 <queue_remove_blocking+0x98>)
100012b4:	6823      	ldr	r3, [r4, #0]
100012b6:	f3ef 8610 	mrs	r6, PRIMASK
100012ba:	b672      	cpsid	i
100012bc:	e8d3 1fcf 	ldaexb	r1, [r3]
100012c0:	2201      	movs	r2, #1
100012c2:	2900      	cmp	r1, #0
100012c4:	d1fa      	bne.n	100012bc <queue_remove_blocking+0x10>
100012c6:	e8c3 2f41 	strexb	r1, r2, [r3]
100012ca:	2900      	cmp	r1, #0
100012cc:	d1f6      	bne.n	100012bc <queue_remove_blocking+0x10>
100012ce:	f3bf 8f5f 	dmb	sy
100012d2:	f8b4 c00a 	ldrh.w	ip, [r4, #10]
100012d6:	8923      	ldrh	r3, [r4, #8]
100012d8:	ebb3 030c 	subs.w	r3, r3, ip
100012dc:	d40d      	bmi.n	100012fa <queue_remove_blocking+0x4e>
100012de:	b98b      	cbnz	r3, 10001304 <queue_remove_blocking+0x58>
100012e0:	782a      	ldrb	r2, [r5, #0]
100012e2:	6821      	ldr	r1, [r4, #0]
100012e4:	b2d2      	uxtb	r2, r2
100012e6:	e8c1 3f8f 	stlb	r3, [r1]
100012ea:	f386 8810 	msr	PRIMASK, r6
100012ee:	782b      	ldrb	r3, [r5, #0]
100012f0:	429a      	cmp	r2, r3
100012f2:	d100      	bne.n	100012f6 <queue_remove_blocking+0x4a>
100012f4:	bf20      	wfe
100012f6:	bf20      	wfe
100012f8:	e7dc      	b.n	100012b4 <queue_remove_blocking+0x8>
100012fa:	89e2      	ldrh	r2, [r4, #14]
100012fc:	3201      	adds	r2, #1
100012fe:	4413      	add	r3, r2
10001300:	2b00      	cmp	r3, #0
10001302:	d0ed      	beq.n	100012e0 <queue_remove_blocking+0x34>
10001304:	b138      	cbz	r0, 10001316 <queue_remove_blocking+0x6a>
10001306:	89a2      	ldrh	r2, [r4, #12]
10001308:	6861      	ldr	r1, [r4, #4]
1000130a:	fb02 110c 	mla	r1, r2, ip, r1
1000130e:	f003 fc7f 	bl	10004c10 <__memcpy_veneer>
10001312:	f8b4 c00a 	ldrh.w	ip, [r4, #10]
10001316:	89e3      	ldrh	r3, [r4, #14]
10001318:	f10c 0c01 	add.w	ip, ip, #1
1000131c:	fa1f fc8c 	uxth.w	ip, ip
10001320:	4563      	cmp	r3, ip
10001322:	bf38      	it	cc
10001324:	f04f 0c00 	movcc.w	ip, #0
10001328:	782b      	ldrb	r3, [r5, #0]
1000132a:	6822      	ldr	r2, [r4, #0]
1000132c:	3301      	adds	r3, #1
1000132e:	b2db      	uxtb	r3, r3
10001330:	702b      	strb	r3, [r5, #0]
10001332:	f8a4 c00a 	strh.w	ip, [r4, #10]
10001336:	2300      	movs	r3, #0
10001338:	e8c2 3f8f 	stlb	r3, [r2]
1000133c:	f386 8810 	msr	PRIMASK, r6
10001340:	bf40      	sev
10001342:	bd70      	pop	{r4, r5, r6, pc}
10001344:	20002112 	.word	0x20002112

10001348 <uart_init>:
10001348:	b5f8      	push	{r3, r4, r5, r6, r7, lr}
1000134a:	4605      	mov	r5, r0
1000134c:	2006      	movs	r0, #6
1000134e:	460e      	mov	r6, r1
10001350:	f000 f8e4 	bl	1000151c <clock_get_hz>
10001354:	2800      	cmp	r0, #0
10001356:	d042      	beq.n	100013de <uart_init+0x96>
10001358:	4a35      	ldr	r2, [pc, #212]	@ (10001430 <uart_init+0xe8>)
1000135a:	4836      	ldr	r0, [pc, #216]	@ (10001434 <uart_init+0xec>)
1000135c:	4295      	cmp	r5, r2
1000135e:	bf14      	ite	ne
10001360:	f04f 6280 	movne.w	r2, #67108864	@ 0x4000000
10001364:	f04f 6200 	moveq.w	r2, #134217728	@ 0x8000000
10001368:	4b33      	ldr	r3, [pc, #204]	@ (10001438 <uart_init+0xf0>)
1000136a:	4934      	ldr	r1, [pc, #208]	@ (1000143c <uart_init+0xf4>)
1000136c:	6002      	str	r2, [r0, #0]
1000136e:	601a      	str	r2, [r3, #0]
10001370:	688c      	ldr	r4, [r1, #8]
10001372:	ea32 0404 	bics.w	r4, r2, r4
10001376:	d1fb      	bne.n	10001370 <uart_init+0x28>
10001378:	4b2d      	ldr	r3, [pc, #180]	@ (10001430 <uart_init+0xe8>)
1000137a:	f44f 7180 	mov.w	r1, #256	@ 0x100
1000137e:	1aeb      	subs	r3, r5, r3
10001380:	fab3 f383 	clz	r3, r3
10001384:	4a2e      	ldr	r2, [pc, #184]	@ (10001440 <uart_init+0xf8>)
10001386:	095b      	lsrs	r3, r3, #5
10001388:	2006      	movs	r0, #6
1000138a:	f822 1013 	strh.w	r1, [r2, r3, lsl #1]
1000138e:	f000 f8c5 	bl	1000151c <clock_get_hz>
10001392:	00c3      	lsls	r3, r0, #3
10001394:	fbb3 f3f6 	udiv	r3, r3, r6
10001398:	3301      	adds	r3, #1
1000139a:	09da      	lsrs	r2, r3, #7
1000139c:	d120      	bne.n	100013e0 <uart_init+0x98>
1000139e:	2640      	movs	r6, #64	@ 0x40
100013a0:	2101      	movs	r1, #1
100013a2:	6269      	str	r1, [r5, #36]	@ 0x24
100013a4:	62aa      	str	r2, [r5, #40]	@ 0x28
100013a6:	6b2f      	ldr	r7, [r5, #48]	@ 0x30
100013a8:	07fb      	lsls	r3, r7, #31
100013aa:	d422      	bmi.n	100013f2 <uart_init+0xaa>
100013ac:	462b      	mov	r3, r5
100013ae:	2200      	movs	r2, #0
100013b0:	f853 1f2c 	ldr.w	r1, [r3, #44]!
100013b4:	2006      	movs	r0, #6
100013b6:	f503 5480 	add.w	r4, r3, #4096	@ 0x1000
100013ba:	6022      	str	r2, [r4, #0]
100013bc:	632f      	str	r7, [r5, #48]	@ 0x30
100013be:	f000 f8ad 	bl	1000151c <clock_get_hz>
100013c2:	f240 3101 	movw	r1, #769	@ 0x301
100013c6:	2203      	movs	r2, #3
100013c8:	0080      	lsls	r0, r0, #2
100013ca:	fbb0 f0f6 	udiv	r0, r0, r6
100013ce:	6aeb      	ldr	r3, [r5, #44]	@ 0x2c
100013d0:	f083 0370 	eor.w	r3, r3, #112	@ 0x70
100013d4:	f003 037e 	and.w	r3, r3, #126	@ 0x7e
100013d8:	6023      	str	r3, [r4, #0]
100013da:	6329      	str	r1, [r5, #48]	@ 0x30
100013dc:	64aa      	str	r2, [r5, #72]	@ 0x48
100013de:	bdf8      	pop	{r3, r4, r5, r6, r7, pc}
100013e0:	f64f 71fe 	movw	r1, #65534	@ 0xfffe
100013e4:	428a      	cmp	r2, r1
100013e6:	d91b      	bls.n	10001420 <uart_init+0xd8>
100013e8:	4622      	mov	r2, r4
100013ea:	f64f 71ff 	movw	r1, #65535	@ 0xffff
100013ee:	4e15      	ldr	r6, [pc, #84]	@ (10001444 <uart_init+0xfc>)
100013f0:	e7d7      	b.n	100013a2 <uart_init+0x5a>
100013f2:	f240 3201 	movw	r2, #769	@ 0x301
100013f6:	f505 5340 	add.w	r3, r5, #12288	@ 0x3000
100013fa:	631a      	str	r2, [r3, #48]	@ 0x30
100013fc:	6a6b      	ldr	r3, [r5, #36]	@ 0x24
100013fe:	6aac      	ldr	r4, [r5, #40]	@ 0x28
10001400:	2006      	movs	r0, #6
10001402:	eb04 1483 	add.w	r4, r4, r3, lsl #6
10001406:	f000 f889 	bl	1000151c <clock_get_hz>
1000140a:	4b0f      	ldr	r3, [pc, #60]	@ (10001448 <uart_init+0x100>)
1000140c:	02a4      	lsls	r4, r4, #10
1000140e:	fba3 2300 	umull	r2, r3, r3, r0
10001412:	0adb      	lsrs	r3, r3, #11
10001414:	2100      	movs	r1, #0
10001416:	fbb4 f0f3 	udiv	r0, r4, r3
1000141a:	f7ff fec5 	bl	100011a8 <busy_wait_us>
1000141e:	e7c5      	b.n	100013ac <uart_init+0x64>
10001420:	f3c3 0345 	ubfx	r3, r3, #1, #6
10001424:	4611      	mov	r1, r2
10001426:	eb03 1682 	add.w	r6, r3, r2, lsl #6
1000142a:	461a      	mov	r2, r3
1000142c:	e7b9      	b.n	100013a2 <uart_init+0x5a>
1000142e:	bf00      	nop
10001430:	40078000 	.word	0x40078000
10001434:	40022000 	.word	0x40022000
10001438:	40023000 	.word	0x40023000
1000143c:	40020000 	.word	0x40020000
10001440:	200020f8 	.word	0x200020f8
10001444:	003fffc0 	.word	0x003fffc0
10001448:	8f2b7b75 	.word	0x8f2b7b75

1000144c <clock_configure_undivided>:
1000144c:	eb00 0c40 	add.w	ip, r0, r0, lsl #1
10001450:	ea4f 0c8c 	mov.w	ip, ip, lsl #2
10001454:	f10c 4c80 	add.w	ip, ip, #1073741824	@ 0x40000000
10001458:	f50c 3c80 	add.w	ip, ip, #65536	@ 0x10000
1000145c:	b5f0      	push	{r4, r5, r6, r7, lr}
1000145e:	4616      	mov	r6, r2
10001460:	f8dc 2004 	ldr.w	r2, [ip, #4]
10001464:	1f05      	subs	r5, r0, #4
10001466:	f5b2 3f80 	cmp.w	r2, #65536	@ 0x10000
1000146a:	bf38      	it	cc
1000146c:	f44f 3280 	movcc.w	r2, #65536	@ 0x10000
10001470:	b2ed      	uxtb	r5, r5
10001472:	bf38      	it	cc
10001474:	f8cc 2004 	strcc.w	r2, [ip, #4]
10001478:	2d01      	cmp	r5, #1
1000147a:	d92a      	bls.n	100014d2 <clock_configure_undivided+0x86>
1000147c:	f44f 6700 	mov.w	r7, #2048	@ 0x800
10001480:	4c25      	ldr	r4, [pc, #148]	@ (10001518 <clock_configure_undivided+0xcc>)
10001482:	f50c 5240 	add.w	r2, ip, #12288	@ 0x3000
10001486:	6017      	str	r7, [r2, #0]
10001488:	f854 2020 	ldr.w	r2, [r4, r0, lsl #2]
1000148c:	b9b2      	cbnz	r2, 100014bc <clock_configure_undivided+0x70>
1000148e:	f8dc 2000 	ldr.w	r2, [ip]
10001492:	2d01      	cmp	r5, #1
10001494:	ea82 1246 	eor.w	r2, r2, r6, lsl #5
10001498:	f002 02e0 	and.w	r2, r2, #224	@ 0xe0
1000149c:	f50c 5680 	add.w	r6, ip, #4096	@ 0x1000
100014a0:	6032      	str	r2, [r6, #0]
100014a2:	d92a      	bls.n	100014fa <clock_configure_undivided+0xae>
100014a4:	f44f 6100 	mov.w	r1, #2048	@ 0x800
100014a8:	f844 3020 	str.w	r3, [r4, r0, lsl #2]
100014ac:	f44f 3380 	mov.w	r3, #65536	@ 0x10000
100014b0:	f50c 5200 	add.w	r2, ip, #8192	@ 0x2000
100014b4:	6011      	str	r1, [r2, #0]
100014b6:	f8cc 3004 	str.w	r3, [ip, #4]
100014ba:	bdf0      	pop	{r4, r5, r6, r7, pc}
100014bc:	6967      	ldr	r7, [r4, #20]
100014be:	fbb7 fef2 	udiv	lr, r7, r2
100014c2:	f10e 0e01 	add.w	lr, lr, #1
100014c6:	eb0e 0e4e 	add.w	lr, lr, lr, lsl #1
100014ca:	f1be 0e03 	subs.w	lr, lr, #3
100014ce:	d2fc      	bcs.n	100014ca <clock_configure_undivided+0x7e>
100014d0:	e7dd      	b.n	1000148e <clock_configure_undivided+0x42>
100014d2:	2901      	cmp	r1, #1
100014d4:	d1d2      	bne.n	1000147c <clock_configure_undivided+0x30>
100014d6:	2403      	movs	r4, #3
100014d8:	f50c 5240 	add.w	r2, ip, #12288	@ 0x3000
100014dc:	6014      	str	r4, [r2, #0]
100014de:	f8dc 2008 	ldr.w	r2, [ip, #8]
100014e2:	07d2      	lsls	r2, r2, #31
100014e4:	d5fb      	bpl.n	100014de <clock_configure_undivided+0x92>
100014e6:	f8dc 2000 	ldr.w	r2, [ip]
100014ea:	4c0b      	ldr	r4, [pc, #44]	@ (10001518 <clock_configure_undivided+0xcc>)
100014ec:	ea82 1246 	eor.w	r2, r2, r6, lsl #5
100014f0:	f002 02e0 	and.w	r2, r2, #224	@ 0xe0
100014f4:	f50c 5680 	add.w	r6, ip, #4096	@ 0x1000
100014f8:	6032      	str	r2, [r6, #0]
100014fa:	2201      	movs	r2, #1
100014fc:	f8dc 5000 	ldr.w	r5, [ip]
10001500:	404d      	eors	r5, r1
10001502:	f005 0503 	and.w	r5, r5, #3
10001506:	6035      	str	r5, [r6, #0]
10001508:	fa02 f101 	lsl.w	r1, r2, r1
1000150c:	f8dc 2008 	ldr.w	r2, [ip, #8]
10001510:	420a      	tst	r2, r1
10001512:	d0fb      	beq.n	1000150c <clock_configure_undivided+0xc0>
10001514:	e7c6      	b.n	100014a4 <clock_configure_undivided+0x58>
10001516:	bf00      	nop
10001518:	20001c38 	.word	0x20001c38

1000151c <clock_get_hz>:
1000151c:	4b01      	ldr	r3, [pc, #4]	@ (10001524 <clock_get_hz+0x8>)
1000151e:	f853 0020 	ldr.w	r0, [r3, r0, lsl #2]
10001522:	4770      	bx	lr
10001524:	20001c38 	.word	0x20001c38

10001528 <pll_init>:
10001528:	b470      	push	{r4, r5, r6}
1000152a:	9d03      	ldr	r5, [sp, #12]
1000152c:	6804      	ldr	r4, [r0, #0]
1000152e:	032d      	lsls	r5, r5, #12
10001530:	ea45 4503 	orr.w	r5, r5, r3, lsl #16
10001534:	4b1b      	ldr	r3, [pc, #108]	@ (100015a4 <pll_init+0x7c>)
10001536:	2c00      	cmp	r4, #0
10001538:	fbb3 f3f1 	udiv	r3, r3, r1
1000153c:	fbb2 f6f3 	udiv	r6, r2, r3
10001540:	db1f      	blt.n	10001582 <pll_init+0x5a>
10001542:	4a19      	ldr	r2, [pc, #100]	@ (100015a8 <pll_init+0x80>)
10001544:	4b19      	ldr	r3, [pc, #100]	@ (100015ac <pll_init+0x84>)
10001546:	4290      	cmp	r0, r2
10001548:	bf14      	ite	ne
1000154a:	f44f 4280 	movne.w	r2, #16384	@ 0x4000
1000154e:	f44f 4200 	moveq.w	r2, #32768	@ 0x8000
10001552:	4c17      	ldr	r4, [pc, #92]	@ (100015b0 <pll_init+0x88>)
10001554:	601a      	str	r2, [r3, #0]
10001556:	f503 5380 	add.w	r3, r3, #4096	@ 0x1000
1000155a:	601a      	str	r2, [r3, #0]
1000155c:	68a3      	ldr	r3, [r4, #8]
1000155e:	ea32 0303 	bics.w	r3, r2, r3
10001562:	d1fb      	bne.n	1000155c <pll_init+0x34>
10001564:	2221      	movs	r2, #33	@ 0x21
10001566:	f500 5340 	add.w	r3, r0, #12288	@ 0x3000
1000156a:	3304      	adds	r3, #4
1000156c:	6001      	str	r1, [r0, #0]
1000156e:	6086      	str	r6, [r0, #8]
10001570:	601a      	str	r2, [r3, #0]
10001572:	6802      	ldr	r2, [r0, #0]
10001574:	2a00      	cmp	r2, #0
10001576:	dafc      	bge.n	10001572 <pll_init+0x4a>
10001578:	2208      	movs	r2, #8
1000157a:	60c5      	str	r5, [r0, #12]
1000157c:	601a      	str	r2, [r3, #0]
1000157e:	bc70      	pop	{r4, r5, r6}
10001580:	4770      	bx	lr
10001582:	6803      	ldr	r3, [r0, #0]
10001584:	f003 033f 	and.w	r3, r3, #63	@ 0x3f
10001588:	428b      	cmp	r3, r1
1000158a:	d1da      	bne.n	10001542 <pll_init+0x1a>
1000158c:	6883      	ldr	r3, [r0, #8]
1000158e:	f3c3 030b 	ubfx	r3, r3, #0, #12
10001592:	42b3      	cmp	r3, r6
10001594:	d1d5      	bne.n	10001542 <pll_init+0x1a>
10001596:	68c3      	ldr	r3, [r0, #12]
10001598:	f403 23ee 	and.w	r3, r3, #487424	@ 0x77000
1000159c:	42ab      	cmp	r3, r5
1000159e:	d1d0      	bne.n	10001542 <pll_init+0x1a>
100015a0:	e7ed      	b.n	1000157e <pll_init+0x56>
100015a2:	bf00      	nop
100015a4:	00b71b00 	.word	0x00b71b00
100015a8:	40058000 	.word	0x40058000
100015ac:	40022000 	.word	0x40022000
100015b0:	40020000 	.word	0x40020000

100015b4 <watchdog_reboot>:
100015b4:	b430      	push	{r4, r5}
100015b6:	f04f 4480 	mov.w	r4, #1073741824	@ 0x40000000
100015ba:	4b1c      	ldr	r3, [pc, #112]	@ (1000162c <watchdog_reboot+0x78>)
100015bc:	601c      	str	r4, [r3, #0]
100015be:	b1e0      	cbz	r0, 100015fa <watchdog_reboot+0x46>
100015c0:	4c1b      	ldr	r4, [pc, #108]	@ (10001630 <watchdog_reboot+0x7c>)
100015c2:	f5a3 5340 	sub.w	r3, r3, #12288	@ 0x3000
100015c6:	61dc      	str	r4, [r3, #28]
100015c8:	4c1a      	ldr	r4, [pc, #104]	@ (10001634 <watchdog_reboot+0x80>)
100015ca:	f040 0001 	orr.w	r0, r0, #1
100015ce:	4044      	eors	r4, r0
100015d0:	621c      	str	r4, [r3, #32]
100015d2:	6259      	str	r1, [r3, #36]	@ 0x24
100015d4:	6298      	str	r0, [r3, #40]	@ 0x28
100015d6:	f04f 4580 	mov.w	r5, #1073741824	@ 0x40000000
100015da:	f04f 61e0 	mov.w	r1, #117440512	@ 0x7000000
100015de:	4b13      	ldr	r3, [pc, #76]	@ (1000162c <watchdog_reboot+0x78>)
100015e0:	4815      	ldr	r0, [pc, #84]	@ (10001638 <watchdog_reboot+0x84>)
100015e2:	4c16      	ldr	r4, [pc, #88]	@ (1000163c <watchdog_reboot+0x88>)
100015e4:	601d      	str	r5, [r3, #0]
100015e6:	6084      	str	r4, [r0, #8]
100015e8:	6019      	str	r1, [r3, #0]
100015ea:	b94a      	cbnz	r2, 10001600 <watchdog_reboot+0x4c>
100015ec:	bc30      	pop	{r4, r5}
100015ee:	f04f 4200 	mov.w	r2, #2147483648	@ 0x80000000
100015f2:	f5a3 5380 	sub.w	r3, r3, #4096	@ 0x1000
100015f6:	601a      	str	r2, [r3, #0]
100015f8:	4770      	bx	lr
100015fa:	4b11      	ldr	r3, [pc, #68]	@ (10001640 <watchdog_reboot+0x8c>)
100015fc:	61d8      	str	r0, [r3, #28]
100015fe:	e7ea      	b.n	100015d6 <watchdog_reboot+0x22>
10001600:	f44f 737a 	mov.w	r3, #1000	@ 0x3e8
10001604:	fb03 f202 	mul.w	r2, r3, r2
10001608:	f1b2 7f80 	cmp.w	r2, #16777216	@ 0x1000000
1000160c:	bf2a      	itet	cs
1000160e:	f06f 437f 	mvncs.w	r3, #4278190080	@ 0xff000000
10001612:	4613      	movcc	r3, r2
10001614:	461a      	movcs	r2, r3
10001616:	f04f 4180 	mov.w	r1, #1073741824	@ 0x40000000
1000161a:	4c0a      	ldr	r4, [pc, #40]	@ (10001644 <watchdog_reboot+0x90>)
1000161c:	4808      	ldr	r0, [pc, #32]	@ (10001640 <watchdog_reboot+0x8c>)
1000161e:	6023      	str	r3, [r4, #0]
10001620:	4b09      	ldr	r3, [pc, #36]	@ (10001648 <watchdog_reboot+0x94>)
10001622:	6042      	str	r2, [r0, #4]
10001624:	bc30      	pop	{r4, r5}
10001626:	6019      	str	r1, [r3, #0]
10001628:	4770      	bx	lr
1000162a:	bf00      	nop
1000162c:	400db000 	.word	0x400db000
10001630:	b007c0d3 	.word	0xb007c0d3
10001634:	4ff83f2d 	.word	0x4ff83f2d
10001638:	4001a000 	.word	0x4001a000
1000163c:	01fffff3 	.word	0x01fffff3
10001640:	400d8000 	.word	0x400d8000
10001644:	200020a4 	.word	0x200020a4
10001648:	400da000 	.word	0x400da000

1000164c <tick_start>:
1000164c:	2301      	movs	r3, #1
1000164e:	eb00 0040 	add.w	r0, r0, r0, lsl #1
10001652:	0080      	lsls	r0, r0, #2
10001654:	f100 4080 	add.w	r0, r0, #1073741824	@ 0x40000000
10001658:	f500 1084 	add.w	r0, r0, #1081344	@ 0x108000
1000165c:	6041      	str	r1, [r0, #4]
1000165e:	6003      	str	r3, [r0, #0]
10001660:	4770      	bx	lr
10001662:	bf00      	nop

10001664 <rom_reboot.constprop.0.isra.0>:
10001664:	2300      	movs	r3, #0
10001666:	b570      	push	{r4, r5, r6, lr}
10001668:	8adb      	ldrh	r3, [r3, #22]
1000166a:	4604      	mov	r4, r0
1000166c:	460d      	mov	r5, r1
1000166e:	4616      	mov	r6, r2
10001670:	2200      	movs	r2, #0
10001672:	e842 f200 	tt	r2, r2
10001676:	0252      	lsls	r2, r2, #9
10001678:	bf54      	ite	pl
1000167a:	2110      	movpl	r1, #16
1000167c:	2104      	movmi	r1, #4
1000167e:	f244 2052 	movw	r0, #16978	@ 0x4252
10001682:	4798      	blx	r3
10001684:	4686      	mov	lr, r0
10001686:	4633      	mov	r3, r6
10001688:	462a      	mov	r2, r5
1000168a:	4620      	mov	r0, r4
1000168c:	46f4      	mov	ip, lr
1000168e:	e8bd 4070 	ldmia.w	sp!, {r4, r5, r6, lr}
10001692:	210a      	movs	r1, #10
10001694:	4760      	bx	ip
10001696:	bf00      	nop

10001698 <rom_func_lookup>:
10001698:	2300      	movs	r3, #0
1000169a:	8adb      	ldrh	r3, [r3, #22]
1000169c:	2200      	movs	r2, #0
1000169e:	e842 f200 	tt	r2, r2
100016a2:	0252      	lsls	r2, r2, #9
100016a4:	d401      	bmi.n	100016aa <rom_func_lookup+0x12>
100016a6:	2110      	movs	r1, #16
100016a8:	4718      	bx	r3
100016aa:	2104      	movs	r1, #4
100016ac:	4718      	bx	r3
100016ae:	bf00      	nop

100016b0 <rom_reset_usb_boot_extra>:
100016b0:	b508      	push	{r3, lr}
100016b2:	4613      	mov	r3, r2
100016b4:	1e02      	subs	r2, r0, #0
100016b6:	db0d      	blt.n	100016d4 <rom_reset_usb_boot_extra+0x24>
100016b8:	b94b      	cbnz	r3, 100016ce <rom_reset_usb_boot_extra+0x1e>
100016ba:	f041 0120 	orr.w	r1, r1, #32
100016be:	2300      	movs	r3, #0
100016c0:	7cdb      	ldrb	r3, [r3, #19]
100016c2:	2b02      	cmp	r3, #2
100016c4:	d009      	beq.n	100016da <rom_reset_usb_boot_extra+0x2a>
100016c6:	f44f 7081 	mov.w	r0, #258	@ 0x102
100016ca:	f7ff ffcb 	bl	10001664 <rom_reboot.constprop.0.isra.0>
100016ce:	f041 0130 	orr.w	r1, r1, #48	@ 0x30
100016d2:	e7f4      	b.n	100016be <rom_reset_usb_boot_extra+0xe>
100016d4:	068b      	lsls	r3, r1, #26
100016d6:	d5f6      	bpl.n	100016c6 <rom_reset_usb_boot_extra+0x16>
100016d8:	e7f1      	b.n	100016be <rom_reset_usb_boot_extra+0xe>
100016da:	f44f 7091 	mov.w	r0, #290	@ 0x122
100016de:	f7ff ffc1 	bl	10001664 <rom_reboot.constprop.0.isra.0>
100016e2:	bf00      	nop

100016e4 <runtime_init_bootrom_locking_enable>:
100016e4:	4a03      	ldr	r2, [pc, #12]	@ (100016f4 <runtime_init_bootrom_locking_enable+0x10>)
100016e6:	f8d2 3828 	ldr.w	r3, [r2, #2088]	@ 0x828
100016ea:	2b00      	cmp	r3, #0
100016ec:	d0fb      	beq.n	100016e6 <runtime_init_bootrom_locking_enable+0x2>
100016ee:	f3bf 8f5f 	dmb	sy
100016f2:	4770      	bx	lr
100016f4:	400e0000 	.word	0x400e0000

100016f8 <runtime_init_boot_locks_reset>:
100016f8:	2100      	movs	r1, #0
100016fa:	4b04      	ldr	r3, [pc, #16]	@ (1000170c <runtime_init_boot_locks_reset+0x14>)
100016fc:	4a04      	ldr	r2, [pc, #16]	@ (10001710 <runtime_init_boot_locks_reset+0x18>)
100016fe:	f3bf 8f5f 	dmb	sy
10001702:	f843 1b04 	str.w	r1, [r3], #4
10001706:	4293      	cmp	r3, r2
10001708:	d1f9      	bne.n	100016fe <runtime_init_boot_locks_reset+0x6>
1000170a:	4770      	bx	lr
1000170c:	400e080c 	.word	0x400e080c
10001710:	400e082c 	.word	0x400e082c

10001714 <xosc_init>:
10001714:	b410      	push	{r4}
10001716:	f44f 708d 	mov.w	r0, #282	@ 0x11a
1000171a:	f44f 642a 	mov.w	r4, #2720	@ 0xaa0
1000171e:	4a06      	ldr	r2, [pc, #24]	@ (10001738 <xosc_init+0x24>)
10001720:	4b06      	ldr	r3, [pc, #24]	@ (1000173c <xosc_init+0x28>)
10001722:	4907      	ldr	r1, [pc, #28]	@ (10001740 <xosc_init+0x2c>)
10001724:	6014      	str	r4, [r2, #0]
10001726:	60d0      	str	r0, [r2, #12]
10001728:	6019      	str	r1, [r3, #0]
1000172a:	6853      	ldr	r3, [r2, #4]
1000172c:	2b00      	cmp	r3, #0
1000172e:	dafc      	bge.n	1000172a <xosc_init+0x16>
10001730:	f85d 4b04 	ldr.w	r4, [sp], #4
10001734:	4770      	bx	lr
10001736:	bf00      	nop
10001738:	40048000 	.word	0x40048000
1000173c:	4004a000 	.word	0x4004a000
10001740:	00fab000 	.word	0x00fab000

10001744 <first_per_core_initializer>:
10001744:	4770      	bx	lr
10001746:	bf00      	nop

10001748 <hard_assertion_failure>:
10001748:	b508      	push	{r3, lr}
1000174a:	4801      	ldr	r0, [pc, #4]	@ (10001750 <hard_assertion_failure+0x8>)
1000174c:	f7fe fe52 	bl	100003f4 <panic>
10001750:	10004d10 	.word	0x10004d10

10001754 <runtime_run_initializers>:
10001754:	b538      	push	{r3, r4, r5, lr}
10001756:	4c05      	ldr	r4, [pc, #20]	@ (1000176c <runtime_run_initializers+0x18>)
10001758:	4d05      	ldr	r5, [pc, #20]	@ (10001770 <runtime_run_initializers+0x1c>)
1000175a:	42ac      	cmp	r4, r5
1000175c:	d204      	bcs.n	10001768 <runtime_run_initializers+0x14>
1000175e:	f854 3b04 	ldr.w	r3, [r4], #4
10001762:	4798      	blx	r3
10001764:	42ac      	cmp	r4, r5
10001766:	d3fa      	bcc.n	1000175e <runtime_run_initializers+0xa>
10001768:	bd38      	pop	{r3, r4, r5, pc}
1000176a:	bf00      	nop
1000176c:	10004c40 	.word	0x10004c40
10001770:	10004c84 	.word	0x10004c84

10001774 <runtime_run_per_core_initializers>:
10001774:	b538      	push	{r3, r4, r5, lr}
10001776:	4c05      	ldr	r4, [pc, #20]	@ (1000178c <runtime_run_per_core_initializers+0x18>)
10001778:	4d05      	ldr	r5, [pc, #20]	@ (10001790 <runtime_run_per_core_initializers+0x1c>)
1000177a:	42ac      	cmp	r4, r5
1000177c:	d204      	bcs.n	10001788 <runtime_run_per_core_initializers+0x14>
1000177e:	f854 3b04 	ldr.w	r3, [r4], #4
10001782:	4798      	blx	r3
10001784:	42ac      	cmp	r4, r5
10001786:	d3fa      	bcc.n	1000177e <runtime_run_per_core_initializers+0xa>
10001788:	bd38      	pop	{r3, r4, r5, pc}
1000178a:	bf00      	nop
1000178c:	10004c6c 	.word	0x10004c6c
10001790:	10004c84 	.word	0x10004c84

10001794 <runtime_init_early_resets>:
10001794:	b410      	push	{r4}
10001796:	4807      	ldr	r0, [pc, #28]	@ (100017b4 <runtime_init_early_resets+0x20>)
10001798:	4c07      	ldr	r4, [pc, #28]	@ (100017b8 <runtime_init_early_resets+0x24>)
1000179a:	4b08      	ldr	r3, [pc, #32]	@ (100017bc <runtime_init_early_resets+0x28>)
1000179c:	4a08      	ldr	r2, [pc, #32]	@ (100017c0 <runtime_init_early_resets+0x2c>)
1000179e:	4909      	ldr	r1, [pc, #36]	@ (100017c4 <runtime_init_early_resets+0x30>)
100017a0:	6004      	str	r4, [r0, #0]
100017a2:	601a      	str	r2, [r3, #0]
100017a4:	688b      	ldr	r3, [r1, #8]
100017a6:	ea32 0303 	bics.w	r3, r2, r3
100017aa:	d1fb      	bne.n	100017a4 <runtime_init_early_resets+0x10>
100017ac:	f85d 4b04 	ldr.w	r4, [sp], #4
100017b0:	4770      	bx	lr
100017b2:	bf00      	nop
100017b4:	40022000 	.word	0x40022000
100017b8:	efef3b7f 	.word	0xefef3b7f
100017bc:	40023000 	.word	0x40023000
100017c0:	03f3fff6 	.word	0x03f3fff6
100017c4:	40020000 	.word	0x40020000

100017c8 <runtime_init_usb_power_down>:
100017c8:	4b04      	ldr	r3, [pc, #16]	@ (100017dc <runtime_init_usb_power_down+0x14>)
100017ca:	6cdb      	ldr	r3, [r3, #76]	@ 0x4c
100017cc:	f5b3 4f00 	cmp.w	r3, #32768	@ 0x8000
100017d0:	d103      	bne.n	100017da <runtime_init_usb_power_down+0x12>
100017d2:	f44f 2280 	mov.w	r2, #262144	@ 0x40000
100017d6:	4b02      	ldr	r3, [pc, #8]	@ (100017e0 <runtime_init_usb_power_down+0x18>)
100017d8:	64da      	str	r2, [r3, #76]	@ 0x4c
100017da:	4770      	bx	lr
100017dc:	50110000 	.word	0x50110000
100017e0:	50112000 	.word	0x50112000

100017e4 <runtime_init_per_core_enable_coprocessors>:
100017e4:	f04f 22e0 	mov.w	r2, #3758153728	@ 0xe000e000
100017e8:	4b04      	ldr	r3, [pc, #16]	@ (100017fc <runtime_init_per_core_enable_coprocessors+0x18>)
100017ea:	f8d2 1d88 	ldr.w	r1, [r2, #3464]	@ 0xd88
100017ee:	430b      	orrs	r3, r1
100017f0:	f8c2 3d88 	str.w	r3, [r2, #3464]	@ 0xd88
100017f4:	ee10 0430 			dcp_rcmp r0
100017f8:	4770      	bx	lr
100017fa:	bf00      	nop
100017fc:	00300303 	.word	0x00300303

10001800 <runtime_init_post_clock_resets>:
10001800:	f06f 4160 	mvn.w	r1, #3758096384	@ 0xe0000000
10001804:	4b04      	ldr	r3, [pc, #16]	@ (10001818 <runtime_init_post_clock_resets+0x18>)
10001806:	4a05      	ldr	r2, [pc, #20]	@ (1000181c <runtime_init_post_clock_resets+0x1c>)
10001808:	6019      	str	r1, [r3, #0]
1000180a:	6893      	ldr	r3, [r2, #8]
1000180c:	43db      	mvns	r3, r3
1000180e:	f033 4360 	bics.w	r3, r3, #3758096384	@ 0xe0000000
10001812:	d1fa      	bne.n	1000180a <runtime_init_post_clock_resets+0xa>
10001814:	4770      	bx	lr
10001816:	bf00      	nop
10001818:	40023000 	.word	0x40023000
1000181c:	40020000 	.word	0x40020000

10001820 <runtime_init_bootrom_reset>:
10001820:	b510      	push	{r4, lr}
10001822:	f245 2053 	movw	r0, #21075	@ 0x5253
10001826:	f7ff ff37 	bl	10001698 <rom_func_lookup>
1000182a:	e8bd 4010 	ldmia.w	sp!, {r4, lr}
1000182e:	4603      	mov	r3, r0
10001830:	2004      	movs	r0, #4
10001832:	4718      	bx	r3

10001834 <runtime_init_per_core_bootrom_reset>:
10001834:	b510      	push	{r4, lr}
10001836:	f245 2053 	movw	r0, #21075	@ 0x5253
1000183a:	f7ff ff2d 	bl	10001698 <rom_func_lookup>
1000183e:	e8bd 4010 	ldmia.w	sp!, {r4, lr}
10001842:	4603      	mov	r3, r0
10001844:	2001      	movs	r0, #1
10001846:	4718      	bx	r3

10001848 <runtime_init_spin_locks_reset>:
10001848:	f7fe be98 	b.w	1000057c <spin_locks_reset>

1000184c <runtime_init_install_ram_vector_table>:
1000184c:	b538      	push	{r3, r4, r5, lr}
1000184e:	4913      	ldr	r1, [pc, #76]	@ (1000189c <runtime_init_install_ram_vector_table+0x50>)
10001850:	4c13      	ldr	r4, [pc, #76]	@ (100018a0 <runtime_init_install_ram_vector_table+0x54>)
10001852:	4d14      	ldr	r5, [pc, #80]	@ (100018a4 <runtime_init_install_ram_vector_table+0x58>)
10001854:	1a64      	subs	r4, r4, r1
10001856:	08a4      	lsrs	r4, r4, #2
10001858:	2c44      	cmp	r4, #68	@ 0x44
1000185a:	4622      	mov	r2, r4
1000185c:	bf28      	it	cs
1000185e:	2244      	movcs	r2, #68	@ 0x44
10001860:	4628      	mov	r0, r5
10001862:	0092      	lsls	r2, r2, #2
10001864:	f003 f9d4 	bl	10004c10 <__memcpy_veneer>
10001868:	2c43      	cmp	r4, #67	@ 0x43
1000186a:	d814      	bhi.n	10001896 <runtime_init_install_ram_vector_table+0x4a>
1000186c:	4a0e      	ldr	r2, [pc, #56]	@ (100018a8 <runtime_init_install_ram_vector_table+0x5c>)
1000186e:	f1c4 0044 	rsb	r0, r4, #68	@ 0x44
10001872:	d00e      	beq.n	10001892 <runtime_init_install_ram_vector_table+0x46>
10001874:	eb05 0384 	add.w	r3, r5, r4, lsl #2
10001878:	0841      	lsrs	r1, r0, #1
1000187a:	eb03 01c1 	add.w	r1, r3, r1, lsl #3
1000187e:	e9c3 2200 	strd	r2, r2, [r3]
10001882:	3308      	adds	r3, #8
10001884:	428b      	cmp	r3, r1
10001886:	d1fa      	bne.n	1000187e <runtime_init_install_ram_vector_table+0x32>
10001888:	07c3      	lsls	r3, r0, #31
1000188a:	d504      	bpl.n	10001896 <runtime_init_install_ram_vector_table+0x4a>
1000188c:	f020 0001 	bic.w	r0, r0, #1
10001890:	4404      	add	r4, r0
10001892:	f845 2024 	str.w	r2, [r5, r4, lsl #2]
10001896:	4b05      	ldr	r3, [pc, #20]	@ (100018ac <runtime_init_install_ram_vector_table+0x60>)
10001898:	609d      	str	r5, [r3, #8]
1000189a:	bd38      	pop	{r3, r4, r5, pc}
1000189c:	10000000 	.word	0x10000000
100018a0:	10000110 	.word	0x10000110
100018a4:	20000000 	.word	0x20000000
100018a8:	10000111 	.word	0x10000111
100018ac:	e000ed00 	.word	0xe000ed00

100018b0 <runtime_init_clocks>:
100018b0:	2300      	movs	r3, #0
100018b2:	b570      	push	{r4, r5, r6, lr}
100018b4:	4c2b      	ldr	r4, [pc, #172]	@ (10001964 <runtime_init_clocks+0xb4>)
100018b6:	b082      	sub	sp, #8
100018b8:	f8c4 3084 	str.w	r3, [r4, #132]	@ 0x84
100018bc:	f7ff ff2a 	bl	10001714 <xosc_init>
100018c0:	2201      	movs	r2, #1
100018c2:	4b29      	ldr	r3, [pc, #164]	@ (10001968 <runtime_init_clocks+0xb8>)
100018c4:	63da      	str	r2, [r3, #60]	@ 0x3c
100018c6:	6c63      	ldr	r3, [r4, #68]	@ 0x44
100018c8:	2b01      	cmp	r3, #1
100018ca:	d1fc      	bne.n	100018c6 <runtime_init_clocks+0x16>
100018cc:	2103      	movs	r1, #3
100018ce:	4a26      	ldr	r2, [pc, #152]	@ (10001968 <runtime_init_clocks+0xb8>)
100018d0:	4b24      	ldr	r3, [pc, #144]	@ (10001964 <runtime_init_clocks+0xb4>)
100018d2:	6311      	str	r1, [r2, #48]	@ 0x30
100018d4:	6b9c      	ldr	r4, [r3, #56]	@ 0x38
100018d6:	2c01      	cmp	r4, #1
100018d8:	d1fc      	bne.n	100018d4 <runtime_init_clocks+0x24>
100018da:	2602      	movs	r6, #2
100018dc:	2505      	movs	r5, #5
100018de:	4621      	mov	r1, r4
100018e0:	2305      	movs	r3, #5
100018e2:	4a22      	ldr	r2, [pc, #136]	@ (1000196c <runtime_init_clocks+0xbc>)
100018e4:	4822      	ldr	r0, [pc, #136]	@ (10001970 <runtime_init_clocks+0xc0>)
100018e6:	9600      	str	r6, [sp, #0]
100018e8:	f7ff fe1e 	bl	10001528 <pll_init>
100018ec:	4621      	mov	r1, r4
100018ee:	462b      	mov	r3, r5
100018f0:	4a20      	ldr	r2, [pc, #128]	@ (10001974 <runtime_init_clocks+0xc4>)
100018f2:	4821      	ldr	r0, [pc, #132]	@ (10001978 <runtime_init_clocks+0xc8>)
100018f4:	9500      	str	r5, [sp, #0]
100018f6:	f7ff fe17 	bl	10001528 <pll_init>
100018fa:	2200      	movs	r2, #0
100018fc:	2004      	movs	r0, #4
100018fe:	4631      	mov	r1, r6
10001900:	4b1e      	ldr	r3, [pc, #120]	@ (1000197c <runtime_init_clocks+0xcc>)
10001902:	f7ff fda3 	bl	1000144c <clock_configure_undivided>
10001906:	4621      	mov	r1, r4
10001908:	4628      	mov	r0, r5
1000190a:	2200      	movs	r2, #0
1000190c:	4b1c      	ldr	r3, [pc, #112]	@ (10001980 <runtime_init_clocks+0xd0>)
1000190e:	f7ff fd9d 	bl	1000144c <clock_configure_undivided>
10001912:	2200      	movs	r2, #0
10001914:	2008      	movs	r0, #8
10001916:	4611      	mov	r1, r2
10001918:	4b1a      	ldr	r3, [pc, #104]	@ (10001984 <runtime_init_clocks+0xd4>)
1000191a:	f7ff fd97 	bl	1000144c <clock_configure_undivided>
1000191e:	2200      	movs	r2, #0
10001920:	2009      	movs	r0, #9
10001922:	4611      	mov	r1, r2
10001924:	4b17      	ldr	r3, [pc, #92]	@ (10001984 <runtime_init_clocks+0xd4>)
10001926:	f7ff fd91 	bl	1000144c <clock_configure_undivided>
1000192a:	2200      	movs	r2, #0
1000192c:	2006      	movs	r0, #6
1000192e:	4611      	mov	r1, r2
10001930:	4b13      	ldr	r3, [pc, #76]	@ (10001980 <runtime_init_clocks+0xd0>)
10001932:	f7ff fd8b 	bl	1000144c <clock_configure_undivided>
10001936:	2200      	movs	r2, #0
10001938:	4b11      	ldr	r3, [pc, #68]	@ (10001980 <runtime_init_clocks+0xd0>)
1000193a:	2007      	movs	r0, #7
1000193c:	4611      	mov	r1, r2
1000193e:	f7ff fd85 	bl	1000144c <clock_configure_undivided>
10001942:	2004      	movs	r0, #4
10001944:	f7ff fdea 	bl	1000151c <clock_get_hz>
10001948:	2400      	movs	r4, #0
1000194a:	4b0f      	ldr	r3, [pc, #60]	@ (10001988 <runtime_init_clocks+0xd8>)
1000194c:	fba3 3500 	umull	r3, r5, r3, r0
10001950:	0cad      	lsrs	r5, r5, #18
10001952:	b2e0      	uxtb	r0, r4
10001954:	4629      	mov	r1, r5
10001956:	3401      	adds	r4, #1
10001958:	f7ff fe78 	bl	1000164c <tick_start>
1000195c:	2c06      	cmp	r4, #6
1000195e:	d1f8      	bne.n	10001952 <runtime_init_clocks+0xa2>
10001960:	b002      	add	sp, #8
10001962:	bd70      	pop	{r4, r5, r6, pc}
10001964:	40010000 	.word	0x40010000
10001968:	40013000 	.word	0x40013000
1000196c:	59682f00 	.word	0x59682f00
10001970:	40050000 	.word	0x40050000
10001974:	47868c00 	.word	0x47868c00
10001978:	40058000 	.word	0x40058000
1000197c:	00b71b00 	.word	0x00b71b00
10001980:	08f0d180 	.word	0x08f0d180
10001984:	02dc6c00 	.word	0x02dc6c00
10001988:	431bde83 	.word	0x431bde83

1000198c <__wrap_calloc>:
1000198c:	b570      	push	{r4, r5, r6, lr}
1000198e:	4604      	mov	r4, r0
10001990:	460e      	mov	r6, r1
10001992:	480b      	ldr	r0, [pc, #44]	@ (100019c0 <__wrap_calloc+0x34>)
10001994:	f003 f948 	bl	10004c28 <__mutex_enter_blocking_veneer>
10001998:	4631      	mov	r1, r6
1000199a:	4620      	mov	r0, r4
1000199c:	f002 fc6e 	bl	1000427c <calloc>
100019a0:	4605      	mov	r5, r0
100019a2:	4807      	ldr	r0, [pc, #28]	@ (100019c0 <__wrap_calloc+0x34>)
100019a4:	f003 f920 	bl	10004be8 <__mutex_exit_veneer>
100019a8:	fb06 f404 	mul.w	r4, r6, r4
100019ac:	b12d      	cbz	r5, 100019ba <__wrap_calloc+0x2e>
100019ae:	4b05      	ldr	r3, [pc, #20]	@ (100019c4 <__wrap_calloc+0x38>)
100019b0:	442c      	add	r4, r5
100019b2:	429c      	cmp	r4, r3
100019b4:	d801      	bhi.n	100019ba <__wrap_calloc+0x2e>
100019b6:	4628      	mov	r0, r5
100019b8:	bd70      	pop	{r4, r5, r6, pc}
100019ba:	4803      	ldr	r0, [pc, #12]	@ (100019c8 <__wrap_calloc+0x3c>)
100019bc:	f7fe fd1a 	bl	100003f4 <panic>
100019c0:	20001620 	.word	0x20001620
100019c4:	20080000 	.word	0x20080000
100019c8:	10004d1c 	.word	0x10004d1c

100019cc <_out_char>:
100019cc:	b900      	cbnz	r0, 100019d0 <_out_char+0x4>
100019ce:	4770      	bx	lr
100019d0:	f000 b930 	b.w	10001c34 <__wrap_putchar>

100019d4 <weak_raw_vprintf>:
100019d4:	b510      	push	{r4, lr}
100019d6:	4b09      	ldr	r3, [pc, #36]	@ (100019fc <weak_raw_vprintf+0x28>)
100019d8:	b084      	sub	sp, #16
100019da:	681c      	ldr	r4, [r3, #0]
100019dc:	b14c      	cbz	r4, 100019f2 <weak_raw_vprintf+0x1e>
100019de:	4603      	mov	r3, r0
100019e0:	9100      	str	r1, [sp, #0]
100019e2:	f04f 32ff 	mov.w	r2, #4294967295
100019e6:	a903      	add	r1, sp, #12
100019e8:	4805      	ldr	r0, [pc, #20]	@ (10001a00 <weak_raw_vprintf+0x2c>)
100019ea:	47a0      	blx	r4
100019ec:	2001      	movs	r0, #1
100019ee:	b004      	add	sp, #16
100019f0:	bd10      	pop	{r4, pc}
100019f2:	f000 f961 	bl	10001cb8 <__wrap_puts>
100019f6:	4620      	mov	r0, r4
100019f8:	b004      	add	sp, #16
100019fa:	bd10      	pop	{r4, pc}
100019fc:	200020a0 	.word	0x200020a0
10001a00:	100019cd 	.word	0x100019cd

10001a04 <_exit>:
10001a04:	be00      	bkpt	0x0000
10001a06:	e7fd      	b.n	10001a04 <_exit>

10001a08 <_fini>:
10001a08:	4770      	bx	lr
10001a0a:	bf00      	nop

10001a0c <_sbrk>:
10001a0c:	4a07      	ldr	r2, [pc, #28]	@ (10001a2c <_sbrk+0x20>)
10001a0e:	4603      	mov	r3, r0
10001a10:	6810      	ldr	r0, [r2, #0]
10001a12:	b138      	cbz	r0, 10001a24 <_sbrk+0x18>
10001a14:	4906      	ldr	r1, [pc, #24]	@ (10001a30 <_sbrk+0x24>)
10001a16:	4403      	add	r3, r0
10001a18:	428b      	cmp	r3, r1
10001a1a:	bf8c      	ite	hi
10001a1c:	f04f 30ff 	movhi.w	r0, #4294967295
10001a20:	6013      	strls	r3, [r2, #0]
10001a22:	4770      	bx	lr
10001a24:	4903      	ldr	r1, [pc, #12]	@ (10001a34 <_sbrk+0x28>)
10001a26:	4608      	mov	r0, r1
10001a28:	6011      	str	r1, [r2, #0]
10001a2a:	e7f3      	b.n	10001a14 <_sbrk+0x8>
10001a2c:	20001c9c 	.word	0x20001c9c
10001a30:	20080000 	.word	0x20080000
10001a34:	20002118 	.word	0x20002118

10001a38 <exit>:
10001a38:	b508      	push	{r3, lr}
10001a3a:	f7ff ffe3 	bl	10001a04 <_exit>
10001a3e:	bf00      	nop

10001a40 <runtime_init>:
10001a40:	b538      	push	{r3, r4, r5, lr}
10001a42:	4c06      	ldr	r4, [pc, #24]	@ (10001a5c <runtime_init+0x1c>)
10001a44:	4d06      	ldr	r5, [pc, #24]	@ (10001a60 <runtime_init+0x20>)
10001a46:	f7ff fe85 	bl	10001754 <runtime_run_initializers>
10001a4a:	42ac      	cmp	r4, r5
10001a4c:	d204      	bcs.n	10001a58 <runtime_init+0x18>
10001a4e:	f854 3b04 	ldr.w	r3, [r4], #4
10001a52:	4798      	blx	r3
10001a54:	42ac      	cmp	r4, r5
10001a56:	d3fa      	bcc.n	10001a4e <runtime_init+0xe>
10001a58:	bd38      	pop	{r3, r4, r5, pc}
10001a5a:	bf00      	nop
10001a5c:	10004c84 	.word	0x10004c84
10001a60:	10004c88 	.word	0x10004c88

10001a64 <stdio_out_chars_no_crlf>:
10001a64:	6803      	ldr	r3, [r0, #0]
10001a66:	4608      	mov	r0, r1
10001a68:	4611      	mov	r1, r2
10001a6a:	4718      	bx	r3

10001a6c <stdio_out_chars_crlf>:
10001a6c:	e92d 41f0 	stmdb	sp!, {r4, r5, r6, r7, r8, lr}
10001a70:	4615      	mov	r5, r2
10001a72:	7d42      	ldrb	r2, [r0, #21]
10001a74:	4607      	mov	r7, r0
10001a76:	4688      	mov	r8, r1
10001a78:	2a00      	cmp	r2, #0
10001a7a:	d046      	beq.n	10001b0a <stdio_out_chars_crlf+0x9e>
10001a7c:	2d00      	cmp	r5, #0
10001a7e:	dd1d      	ble.n	10001abc <stdio_out_chars_crlf+0x50>
10001a80:	780b      	ldrb	r3, [r1, #0]
10001a82:	2b0a      	cmp	r3, #10
10001a84:	d023      	beq.n	10001ace <stdio_out_chars_crlf+0x62>
10001a86:	2d01      	cmp	r5, #1
10001a88:	f04f 0c00 	mov.w	ip, #0
10001a8c:	d018      	beq.n	10001ac0 <stdio_out_chars_crlf+0x54>
10001a8e:	4646      	mov	r6, r8
10001a90:	2401      	movs	r4, #1
10001a92:	f816 2f01 	ldrb.w	r2, [r6, #1]!
10001a96:	4621      	mov	r1, r4
10001a98:	2a0a      	cmp	r2, #10
10001a9a:	f104 0401 	add.w	r4, r4, #1
10001a9e:	d022      	beq.n	10001ae6 <stdio_out_chars_crlf+0x7a>
10001aa0:	42a5      	cmp	r5, r4
10001aa2:	d1f6      	bne.n	10001a92 <stdio_out_chars_crlf+0x26>
10001aa4:	4565      	cmp	r5, ip
10001aa6:	dc0b      	bgt.n	10001ac0 <stdio_out_chars_crlf+0x54>
10001aa8:	eb08 0305 	add.w	r3, r8, r5
10001aac:	f813 3c01 	ldrb.w	r3, [r3, #-1]
10001ab0:	f1a3 030d 	sub.w	r3, r3, #13
10001ab4:	fab3 f383 	clz	r3, r3
10001ab8:	095b      	lsrs	r3, r3, #5
10001aba:	753b      	strb	r3, [r7, #20]
10001abc:	e8bd 81f0 	ldmia.w	sp!, {r4, r5, r6, r7, r8, pc}
10001ac0:	683b      	ldr	r3, [r7, #0]
10001ac2:	eba5 010c 	sub.w	r1, r5, ip
10001ac6:	eb08 000c 	add.w	r0, r8, ip
10001aca:	4798      	blx	r3
10001acc:	e7ec      	b.n	10001aa8 <stdio_out_chars_crlf+0x3c>
10001ace:	7d03      	ldrb	r3, [r0, #20]
10001ad0:	2b00      	cmp	r3, #0
10001ad2:	d1d8      	bne.n	10001a86 <stdio_out_chars_crlf+0x1a>
10001ad4:	6803      	ldr	r3, [r0, #0]
10001ad6:	2102      	movs	r1, #2
10001ad8:	480f      	ldr	r0, [pc, #60]	@ (10001b18 <stdio_out_chars_crlf+0xac>)
10001ada:	4798      	blx	r3
10001adc:	2d01      	cmp	r5, #1
10001ade:	d0e3      	beq.n	10001aa8 <stdio_out_chars_crlf+0x3c>
10001ae0:	f04f 0c01 	mov.w	ip, #1
10001ae4:	e7d3      	b.n	10001a8e <stdio_out_chars_crlf+0x22>
10001ae6:	f816 3c01 	ldrb.w	r3, [r6, #-1]
10001aea:	2b0d      	cmp	r3, #13
10001aec:	d0d8      	beq.n	10001aa0 <stdio_out_chars_crlf+0x34>
10001aee:	458c      	cmp	ip, r1
10001af0:	eb08 000c 	add.w	r0, r8, ip
10001af4:	eba1 010c 	sub.w	r1, r1, ip
10001af8:	da01      	bge.n	10001afe <stdio_out_chars_crlf+0x92>
10001afa:	683b      	ldr	r3, [r7, #0]
10001afc:	4798      	blx	r3
10001afe:	2102      	movs	r1, #2
10001b00:	4805      	ldr	r0, [pc, #20]	@ (10001b18 <stdio_out_chars_crlf+0xac>)
10001b02:	683b      	ldr	r3, [r7, #0]
10001b04:	4798      	blx	r3
10001b06:	46a4      	mov	ip, r4
10001b08:	e7ca      	b.n	10001aa0 <stdio_out_chars_crlf+0x34>
10001b0a:	4629      	mov	r1, r5
10001b0c:	4640      	mov	r0, r8
10001b0e:	683b      	ldr	r3, [r7, #0]
10001b10:	e8bd 41f0 	ldmia.w	sp!, {r4, r5, r6, r7, r8, lr}
10001b14:	4718      	bx	r3
10001b16:	bf00      	nop
10001b18:	10004e58 	.word	0x10004e58

10001b1c <stdio_put_string>:
10001b1c:	e92d 47f0 	stmdb	sp!, {r4, r5, r6, r7, r8, r9, sl, lr}
10001b20:	b082      	sub	sp, #8
10001b22:	460d      	mov	r5, r1
10001b24:	4691      	mov	r9, r2
10001b26:	461c      	mov	r4, r3
10001b28:	4606      	mov	r6, r0
10001b2a:	f7ff fb33 	bl	10001194 <time_us_64>
10001b2e:	f04f 3cff 	mov.w	ip, #4294967295
10001b32:	f06f 4700 	mvn.w	r7, #2147483648	@ 0x80000000
10001b36:	4a2e      	ldr	r2, [pc, #184]	@ (10001bf0 <stdio_put_string+0xd4>)
10001b38:	1882      	adds	r2, r0, r2
10001b3a:	f141 0300 	adc.w	r3, r1, #0
10001b3e:	4594      	cmp	ip, r2
10001b40:	eb77 0103 	sbcs.w	r1, r7, r3
10001b44:	bf3c      	itt	cc
10001b46:	4662      	movcc	r2, ip
10001b48:	463b      	movcc	r3, r7
10001b4a:	482a      	ldr	r0, [pc, #168]	@ (10001bf4 <stdio_put_string+0xd8>)
10001b4c:	f003 f870 	bl	10004c30 <__mutex_try_enter_block_until_veneer>
10001b50:	1c6b      	adds	r3, r5, #1
10001b52:	4680      	mov	r8, r0
10001b54:	d040      	beq.n	10001bd8 <stdio_put_string+0xbc>
10001b56:	b30c      	cbz	r4, 10001b9c <stdio_put_string+0x80>
10001b58:	4f27      	ldr	r7, [pc, #156]	@ (10001bf8 <stdio_put_string+0xdc>)
10001b5a:	4b28      	ldr	r3, [pc, #160]	@ (10001bfc <stdio_put_string+0xe0>)
10001b5c:	681c      	ldr	r4, [r3, #0]
10001b5e:	b1b4      	cbz	r4, 10001b8e <stdio_put_string+0x72>
10001b60:	f1b9 0f00 	cmp.w	r9, #0
10001b64:	d11c      	bne.n	10001ba0 <stdio_put_string+0x84>
10001b66:	f8df 909c 	ldr.w	r9, [pc, #156]	@ 10001c04 <stdio_put_string+0xe8>
10001b6a:	e001      	b.n	10001b70 <stdio_put_string+0x54>
10001b6c:	6924      	ldr	r4, [r4, #16]
10001b6e:	b174      	cbz	r4, 10001b8e <stdio_put_string+0x72>
10001b70:	6823      	ldr	r3, [r4, #0]
10001b72:	2b00      	cmp	r3, #0
10001b74:	d0fa      	beq.n	10001b6c <stdio_put_string+0x50>
10001b76:	f8d9 3000 	ldr.w	r3, [r9]
10001b7a:	b10b      	cbz	r3, 10001b80 <stdio_put_string+0x64>
10001b7c:	429c      	cmp	r4, r3
10001b7e:	d1f5      	bne.n	10001b6c <stdio_put_string+0x50>
10001b80:	4620      	mov	r0, r4
10001b82:	462a      	mov	r2, r5
10001b84:	4631      	mov	r1, r6
10001b86:	47b8      	blx	r7
10001b88:	6924      	ldr	r4, [r4, #16]
10001b8a:	2c00      	cmp	r4, #0
10001b8c:	d1f0      	bne.n	10001b70 <stdio_put_string+0x54>
10001b8e:	f1b8 0f00 	cmp.w	r8, #0
10001b92:	d126      	bne.n	10001be2 <stdio_put_string+0xc6>
10001b94:	4628      	mov	r0, r5
10001b96:	b002      	add	sp, #8
10001b98:	e8bd 87f0 	ldmia.w	sp!, {r4, r5, r6, r7, r8, r9, sl, pc}
10001b9c:	4f18      	ldr	r7, [pc, #96]	@ (10001c00 <stdio_put_string+0xe4>)
10001b9e:	e7dc      	b.n	10001b5a <stdio_put_string+0x3e>
10001ba0:	f04f 0a0a 	mov.w	sl, #10
10001ba4:	f8df 905c 	ldr.w	r9, [pc, #92]	@ 10001c04 <stdio_put_string+0xe8>
10001ba8:	e002      	b.n	10001bb0 <stdio_put_string+0x94>
10001baa:	6924      	ldr	r4, [r4, #16]
10001bac:	2c00      	cmp	r4, #0
10001bae:	d0ee      	beq.n	10001b8e <stdio_put_string+0x72>
10001bb0:	6823      	ldr	r3, [r4, #0]
10001bb2:	2b00      	cmp	r3, #0
10001bb4:	d0f9      	beq.n	10001baa <stdio_put_string+0x8e>
10001bb6:	f8d9 3000 	ldr.w	r3, [r9]
10001bba:	b10b      	cbz	r3, 10001bc0 <stdio_put_string+0xa4>
10001bbc:	42a3      	cmp	r3, r4
10001bbe:	d1f4      	bne.n	10001baa <stdio_put_string+0x8e>
10001bc0:	462a      	mov	r2, r5
10001bc2:	4631      	mov	r1, r6
10001bc4:	4620      	mov	r0, r4
10001bc6:	47b8      	blx	r7
10001bc8:	2201      	movs	r2, #1
10001bca:	4620      	mov	r0, r4
10001bcc:	f10d 0107 	add.w	r1, sp, #7
10001bd0:	f88d a007 	strb.w	sl, [sp, #7]
10001bd4:	47b8      	blx	r7
10001bd6:	e7e8      	b.n	10001baa <stdio_put_string+0x8e>
10001bd8:	4630      	mov	r0, r6
10001bda:	f002 fe81 	bl	100048e0 <strlen>
10001bde:	4605      	mov	r5, r0
10001be0:	e7b9      	b.n	10001b56 <stdio_put_string+0x3a>
10001be2:	4804      	ldr	r0, [pc, #16]	@ (10001bf4 <stdio_put_string+0xd8>)
10001be4:	f003 f800 	bl	10004be8 <__mutex_exit_veneer>
10001be8:	4628      	mov	r0, r5
10001bea:	b002      	add	sp, #8
10001bec:	e8bd 87f0 	ldmia.w	sp!, {r4, r5, r6, r7, r8, r9, sl, pc}
10001bf0:	000f4240 	.word	0x000f4240
10001bf4:	20001628 	.word	0x20001628
10001bf8:	10001a6d 	.word	0x10001a6d
10001bfc:	20001c8c 	.word	0x20001c8c
10001c00:	10001a65 	.word	0x10001a65
10001c04:	20001c98 	.word	0x20001c98

10001c08 <stdio_set_driver_enabled>:
10001c08:	4a08      	ldr	r2, [pc, #32]	@ (10001c2c <stdio_set_driver_enabled+0x24>)
10001c0a:	6813      	ldr	r3, [r2, #0]
10001c0c:	b923      	cbnz	r3, 10001c18 <stdio_set_driver_enabled+0x10>
10001c0e:	e00a      	b.n	10001c26 <stdio_set_driver_enabled+0x1e>
10001c10:	f103 0210 	add.w	r2, r3, #16
10001c14:	691b      	ldr	r3, [r3, #16]
10001c16:	b133      	cbz	r3, 10001c26 <stdio_set_driver_enabled+0x1e>
10001c18:	4283      	cmp	r3, r0
10001c1a:	d1f9      	bne.n	10001c10 <stdio_set_driver_enabled+0x8>
10001c1c:	b929      	cbnz	r1, 10001c2a <stdio_set_driver_enabled+0x22>
10001c1e:	6918      	ldr	r0, [r3, #16]
10001c20:	6010      	str	r0, [r2, #0]
10001c22:	6119      	str	r1, [r3, #16]
10001c24:	4770      	bx	lr
10001c26:	b101      	cbz	r1, 10001c2a <stdio_set_driver_enabled+0x22>
10001c28:	6010      	str	r0, [r2, #0]
10001c2a:	4770      	bx	lr
10001c2c:	20001c8c 	.word	0x20001c8c

10001c30 <stdio_init_all>:
10001c30:	f000 b9fc 	b.w	1000202c <stdio_usb_init>

10001c34 <__wrap_putchar>:
10001c34:	b5f0      	push	{r4, r5, r6, r7, lr}
10001c36:	b083      	sub	sp, #12
10001c38:	4606      	mov	r6, r0
10001c3a:	f88d 0007 	strb.w	r0, [sp, #7]
10001c3e:	f7ff faa9 	bl	10001194 <time_us_64>
10001c42:	f04f 35ff 	mov.w	r5, #4294967295
10001c46:	f06f 4400 	mvn.w	r4, #2147483648	@ 0x80000000
10001c4a:	4a17      	ldr	r2, [pc, #92]	@ (10001ca8 <__wrap_putchar+0x74>)
10001c4c:	1882      	adds	r2, r0, r2
10001c4e:	f141 0300 	adc.w	r3, r1, #0
10001c52:	4295      	cmp	r5, r2
10001c54:	eb74 0103 	sbcs.w	r1, r4, r3
10001c58:	bf3c      	itt	cc
10001c5a:	4623      	movcc	r3, r4
10001c5c:	462a      	movcc	r2, r5
10001c5e:	4813      	ldr	r0, [pc, #76]	@ (10001cac <__wrap_putchar+0x78>)
10001c60:	f002 ffe6 	bl	10004c30 <__mutex_try_enter_block_until_veneer>
10001c64:	4b12      	ldr	r3, [pc, #72]	@ (10001cb0 <__wrap_putchar+0x7c>)
10001c66:	4607      	mov	r7, r0
10001c68:	681c      	ldr	r4, [r3, #0]
10001c6a:	b19c      	cbz	r4, 10001c94 <__wrap_putchar+0x60>
10001c6c:	4d11      	ldr	r5, [pc, #68]	@ (10001cb4 <__wrap_putchar+0x80>)
10001c6e:	e001      	b.n	10001c74 <__wrap_putchar+0x40>
10001c70:	6924      	ldr	r4, [r4, #16]
10001c72:	b17c      	cbz	r4, 10001c94 <__wrap_putchar+0x60>
10001c74:	6823      	ldr	r3, [r4, #0]
10001c76:	2b00      	cmp	r3, #0
10001c78:	d0fa      	beq.n	10001c70 <__wrap_putchar+0x3c>
10001c7a:	682b      	ldr	r3, [r5, #0]
10001c7c:	b10b      	cbz	r3, 10001c82 <__wrap_putchar+0x4e>
10001c7e:	429c      	cmp	r4, r3
10001c80:	d1f6      	bne.n	10001c70 <__wrap_putchar+0x3c>
10001c82:	4620      	mov	r0, r4
10001c84:	2201      	movs	r2, #1
10001c86:	f10d 0107 	add.w	r1, sp, #7
10001c8a:	f7ff feef 	bl	10001a6c <stdio_out_chars_crlf>
10001c8e:	6924      	ldr	r4, [r4, #16]
10001c90:	2c00      	cmp	r4, #0
10001c92:	d1ef      	bne.n	10001c74 <__wrap_putchar+0x40>
10001c94:	b917      	cbnz	r7, 10001c9c <__wrap_putchar+0x68>
10001c96:	4630      	mov	r0, r6
10001c98:	b003      	add	sp, #12
10001c9a:	bdf0      	pop	{r4, r5, r6, r7, pc}
10001c9c:	4803      	ldr	r0, [pc, #12]	@ (10001cac <__wrap_putchar+0x78>)
10001c9e:	f002 ffa3 	bl	10004be8 <__mutex_exit_veneer>
10001ca2:	4630      	mov	r0, r6
10001ca4:	b003      	add	sp, #12
10001ca6:	bdf0      	pop	{r4, r5, r6, r7, pc}
10001ca8:	000f4240 	.word	0x000f4240
10001cac:	20001628 	.word	0x20001628
10001cb0:	20001c8c 	.word	0x20001c8c
10001cb4:	20001c98 	.word	0x20001c98

10001cb8 <__wrap_puts>:
10001cb8:	b538      	push	{r3, r4, r5, lr}
10001cba:	4604      	mov	r4, r0
10001cbc:	f002 fe10 	bl	100048e0 <strlen>
10001cc0:	2301      	movs	r3, #1
10001cc2:	4605      	mov	r5, r0
10001cc4:	461a      	mov	r2, r3
10001cc6:	4620      	mov	r0, r4
10001cc8:	4629      	mov	r1, r5
10001cca:	f7ff ff27 	bl	10001b1c <stdio_put_string>
10001cce:	4b08      	ldr	r3, [pc, #32]	@ (10001cf0 <__wrap_puts+0x38>)
10001cd0:	681c      	ldr	r4, [r3, #0]
10001cd2:	b12c      	cbz	r4, 10001ce0 <__wrap_puts+0x28>
10001cd4:	6863      	ldr	r3, [r4, #4]
10001cd6:	b12b      	cbz	r3, 10001ce4 <__wrap_puts+0x2c>
10001cd8:	4798      	blx	r3
10001cda:	6924      	ldr	r4, [r4, #16]
10001cdc:	2c00      	cmp	r4, #0
10001cde:	d1f9      	bne.n	10001cd4 <__wrap_puts+0x1c>
10001ce0:	4628      	mov	r0, r5
10001ce2:	bd38      	pop	{r3, r4, r5, pc}
10001ce4:	6924      	ldr	r4, [r4, #16]
10001ce6:	2c00      	cmp	r4, #0
10001ce8:	d1f4      	bne.n	10001cd4 <__wrap_puts+0x1c>
10001cea:	4628      	mov	r0, r5
10001cec:	bd38      	pop	{r3, r4, r5, pc}
10001cee:	bf00      	nop
10001cf0:	20001c8c 	.word	0x20001c8c

10001cf4 <stdio_usb_set_chars_available_callback>:
10001cf4:	4a02      	ldr	r2, [pc, #8]	@ (10001d00 <stdio_usb_set_chars_available_callback+0xc>)
10001cf6:	4b03      	ldr	r3, [pc, #12]	@ (10001d04 <stdio_usb_set_chars_available_callback+0x10>)
10001cf8:	6010      	str	r0, [r2, #0]
10001cfa:	6019      	str	r1, [r3, #0]
10001cfc:	4770      	bx	lr
10001cfe:	bf00      	nop
10001d00:	20001c28 	.word	0x20001c28
10001d04:	20001c2c 	.word	0x20001c2c

10001d08 <timer_task>:
10001d08:	4b18      	ldr	r3, [pc, #96]	@ (10001d6c <timer_task+0x64>)
10001d0a:	b570      	push	{r4, r5, r6, lr}
10001d0c:	681a      	ldr	r2, [r3, #0]
10001d0e:	2a00      	cmp	r2, #0
10001d10:	d028      	beq.n	10001d64 <timer_task+0x5c>
10001d12:	f3ef 8110 	mrs	r1, PRIMASK
10001d16:	b672      	cpsid	i
10001d18:	e8d2 4fcf 	ldaexb	r4, [r2]
10001d1c:	2001      	movs	r0, #1
10001d1e:	2c00      	cmp	r4, #0
10001d20:	d1fa      	bne.n	10001d18 <timer_task+0x10>
10001d22:	e8c2 0f44 	strexb	r4, r0, [r2]
10001d26:	2c00      	cmp	r4, #0
10001d28:	d1f6      	bne.n	10001d18 <timer_task+0x10>
10001d2a:	f3bf 8f5f 	dmb	sy
10001d2e:	2200      	movs	r2, #0
10001d30:	4c0f      	ldr	r4, [pc, #60]	@ (10001d70 <timer_task+0x68>)
10001d32:	6818      	ldr	r0, [r3, #0]
10001d34:	6059      	str	r1, [r3, #4]
10001d36:	7022      	strb	r2, [r4, #0]
10001d38:	e8c0 2f8f 	stlb	r2, [r0]
10001d3c:	f381 8810 	msr	PRIMASK, r1
10001d40:	2400      	movs	r4, #0
10001d42:	2500      	movs	r5, #0
10001d44:	4e0b      	ldr	r6, [pc, #44]	@ (10001d74 <timer_task+0x6c>)
10001d46:	7830      	ldrb	r0, [r6, #0]
10001d48:	f7fe fc5a 	bl	10000600 <irq_is_enabled>
10001d4c:	b920      	cbnz	r0, 10001d58 <timer_task+0x50>
10001d4e:	2400      	movs	r4, #0
10001d50:	2500      	movs	r5, #0
10001d52:	4620      	mov	r0, r4
10001d54:	4629      	mov	r1, r5
10001d56:	bd70      	pop	{r4, r5, r6, pc}
10001d58:	7830      	ldrb	r0, [r6, #0]
10001d5a:	f7fe fc61 	bl	10000620 <irq_set_pending>
10001d5e:	4620      	mov	r0, r4
10001d60:	4629      	mov	r1, r5
10001d62:	bd70      	pop	{r4, r5, r6, pc}
10001d64:	f44f 747a 	mov.w	r4, #1000	@ 0x3e8
10001d68:	2500      	movs	r5, #0
10001d6a:	e7eb      	b.n	10001d44 <timer_task+0x3c>
10001d6c:	200020ac 	.word	0x200020ac
10001d70:	20002114 	.word	0x20002114
10001d74:	20002113 	.word	0x20002113

10001d78 <usb_irq>:
10001d78:	4b01      	ldr	r3, [pc, #4]	@ (10001d80 <usb_irq+0x8>)
10001d7a:	7818      	ldrb	r0, [r3, #0]
10001d7c:	f7fe bc50 	b.w	10000620 <irq_set_pending>
10001d80:	20002113 	.word	0x20002113

10001d84 <stdio_usb_in_chars>:
10001d84:	b538      	push	{r3, r4, r5, lr}
10001d86:	4604      	mov	r4, r0
10001d88:	2000      	movs	r0, #0
10001d8a:	460d      	mov	r5, r1
10001d8c:	f001 fb5e 	bl	1000344c <tud_cdc_n_connected>
10001d90:	b3a8      	cbz	r0, 10001dfe <stdio_usb_in_chars+0x7a>
10001d92:	2000      	movs	r0, #0
10001d94:	f001 fb70 	bl	10003478 <tud_cdc_n_available>
10001d98:	b388      	cbz	r0, 10001dfe <stdio_usb_in_chars+0x7a>
10001d9a:	f7ff f9fb 	bl	10001194 <time_us_64>
10001d9e:	f04f 3eff 	mov.w	lr, #4294967295
10001da2:	f06f 4c00 	mvn.w	ip, #2147483648	@ 0x80000000
10001da6:	4a17      	ldr	r2, [pc, #92]	@ (10001e04 <stdio_usb_in_chars+0x80>)
10001da8:	1882      	adds	r2, r0, r2
10001daa:	f141 0300 	adc.w	r3, r1, #0
10001dae:	4596      	cmp	lr, r2
10001db0:	eb7c 0103 	sbcs.w	r1, ip, r3
10001db4:	bf3c      	itt	cc
10001db6:	4672      	movcc	r2, lr
10001db8:	4663      	movcc	r3, ip
10001dba:	4813      	ldr	r0, [pc, #76]	@ (10001e08 <stdio_usb_in_chars+0x84>)
10001dbc:	f002 ff38 	bl	10004c30 <__mutex_try_enter_block_until_veneer>
10001dc0:	b1e8      	cbz	r0, 10001dfe <stdio_usb_in_chars+0x7a>
10001dc2:	2000      	movs	r0, #0
10001dc4:	f001 fb42 	bl	1000344c <tud_cdc_n_connected>
10001dc8:	b958      	cbnz	r0, 10001de2 <stdio_usb_in_chars+0x5e>
10001dca:	2100      	movs	r1, #0
10001dcc:	f04f 30ff 	mov.w	r0, #4294967295
10001dd0:	f000 fd76 	bl	100028c0 <tud_task_ext>
10001dd4:	f06f 0402 	mvn.w	r4, #2
10001dd8:	480b      	ldr	r0, [pc, #44]	@ (10001e08 <stdio_usb_in_chars+0x84>)
10001dda:	f002 ff05 	bl	10004be8 <__mutex_exit_veneer>
10001dde:	4620      	mov	r0, r4
10001de0:	bd38      	pop	{r3, r4, r5, pc}
10001de2:	2000      	movs	r0, #0
10001de4:	f001 fb48 	bl	10003478 <tud_cdc_n_available>
10001de8:	2800      	cmp	r0, #0
10001dea:	d0ee      	beq.n	10001dca <stdio_usb_in_chars+0x46>
10001dec:	4621      	mov	r1, r4
10001dee:	462a      	mov	r2, r5
10001df0:	2000      	movs	r0, #0
10001df2:	f001 fb4b 	bl	1000348c <tud_cdc_n_read>
10001df6:	4604      	mov	r4, r0
10001df8:	2800      	cmp	r0, #0
10001dfa:	d1ed      	bne.n	10001dd8 <stdio_usb_in_chars+0x54>
10001dfc:	e7ea      	b.n	10001dd4 <stdio_usb_in_chars+0x50>
10001dfe:	f06f 0402 	mvn.w	r4, #2
10001e02:	e7ec      	b.n	10001dde <stdio_usb_in_chars+0x5a>
10001e04:	000f4240 	.word	0x000f4240
10001e08:	200020f0 	.word	0x200020f0

10001e0c <stdio_usb_out_flush>:
10001e0c:	b508      	push	{r3, lr}
10001e0e:	f7ff f9c1 	bl	10001194 <time_us_64>
10001e12:	f04f 3eff 	mov.w	lr, #4294967295
10001e16:	f06f 4c00 	mvn.w	ip, #2147483648	@ 0x80000000
10001e1a:	4a0f      	ldr	r2, [pc, #60]	@ (10001e58 <stdio_usb_out_flush+0x4c>)
10001e1c:	1882      	adds	r2, r0, r2
10001e1e:	f141 0300 	adc.w	r3, r1, #0
10001e22:	4596      	cmp	lr, r2
10001e24:	eb7c 0103 	sbcs.w	r1, ip, r3
10001e28:	bf3c      	itt	cc
10001e2a:	4672      	movcc	r2, lr
10001e2c:	4663      	movcc	r3, ip
10001e2e:	480b      	ldr	r0, [pc, #44]	@ (10001e5c <stdio_usb_out_flush+0x50>)
10001e30:	f002 fefe 	bl	10004c30 <__mutex_try_enter_block_until_veneer>
10001e34:	b170      	cbz	r0, 10001e54 <stdio_usb_out_flush+0x48>
10001e36:	f04f 30ff 	mov.w	r0, #4294967295
10001e3a:	2100      	movs	r1, #0
10001e3c:	f000 fd40 	bl	100028c0 <tud_task_ext>
10001e40:	2000      	movs	r0, #0
10001e42:	f001 fb6b 	bl	1000351c <tud_cdc_n_write_flush>
10001e46:	2800      	cmp	r0, #0
10001e48:	d1f5      	bne.n	10001e36 <stdio_usb_out_flush+0x2a>
10001e4a:	e8bd 4008 	ldmia.w	sp!, {r3, lr}
10001e4e:	4803      	ldr	r0, [pc, #12]	@ (10001e5c <stdio_usb_out_flush+0x50>)
10001e50:	f002 beca 	b.w	10004be8 <__mutex_exit_veneer>
10001e54:	bd08      	pop	{r3, pc}
10001e56:	bf00      	nop
10001e58:	000f4240 	.word	0x000f4240
10001e5c:	200020f0 	.word	0x200020f0

10001e60 <stdio_usb_out_chars>:
10001e60:	e92d 43f8 	stmdb	sp!, {r3, r4, r5, r6, r7, r8, r9, lr}
10001e64:	4680      	mov	r8, r0
10001e66:	460f      	mov	r7, r1
10001e68:	f7ff f994 	bl	10001194 <time_us_64>
10001e6c:	f04f 35ff 	mov.w	r5, #4294967295
10001e70:	f06f 4400 	mvn.w	r4, #2147483648	@ 0x80000000
10001e74:	4a33      	ldr	r2, [pc, #204]	@ (10001f44 <stdio_usb_out_chars+0xe4>)
10001e76:	1882      	adds	r2, r0, r2
10001e78:	f141 0300 	adc.w	r3, r1, #0
10001e7c:	4295      	cmp	r5, r2
10001e7e:	eb74 0103 	sbcs.w	r1, r4, r3
10001e82:	bf3c      	itt	cc
10001e84:	462a      	movcc	r2, r5
10001e86:	4623      	movcc	r3, r4
10001e88:	482f      	ldr	r0, [pc, #188]	@ (10001f48 <stdio_usb_out_chars+0xe8>)
10001e8a:	f002 fed1 	bl	10004c30 <__mutex_try_enter_block_until_veneer>
10001e8e:	b908      	cbnz	r0, 10001e94 <stdio_usb_out_chars+0x34>
10001e90:	e8bd 83f8 	ldmia.w	sp!, {r3, r4, r5, r6, r7, r8, r9, pc}
10001e94:	2000      	movs	r0, #0
10001e96:	f001 fad9 	bl	1000344c <tud_cdc_n_connected>
10001e9a:	2800      	cmp	r0, #0
10001e9c:	d047      	beq.n	10001f2e <stdio_usb_out_chars+0xce>
10001e9e:	2f00      	cmp	r7, #0
10001ea0:	dd40      	ble.n	10001f24 <stdio_usb_out_chars+0xc4>
10001ea2:	2500      	movs	r5, #0
10001ea4:	f8df 90a8 	ldr.w	r9, [pc, #168]	@ 10001f50 <stdio_usb_out_chars+0xf0>
10001ea8:	4e28      	ldr	r6, [pc, #160]	@ (10001f4c <stdio_usb_out_chars+0xec>)
10001eaa:	e013      	b.n	10001ed4 <stdio_usb_out_chars+0x74>
10001eac:	4622      	mov	r2, r4
10001eae:	2000      	movs	r0, #0
10001eb0:	f001 fb7a 	bl	100035a8 <tud_cdc_n_write>
10001eb4:	2100      	movs	r1, #0
10001eb6:	4604      	mov	r4, r0
10001eb8:	f04f 30ff 	mov.w	r0, #4294967295
10001ebc:	f000 fd00 	bl	100028c0 <tud_task_ext>
10001ec0:	2000      	movs	r0, #0
10001ec2:	f001 fb2b 	bl	1000351c <tud_cdc_n_write_flush>
10001ec6:	f7ff f965 	bl	10001194 <time_us_64>
10001eca:	e9c9 0100 	strd	r0, r1, [r9]
10001ece:	4425      	add	r5, r4
10001ed0:	42af      	cmp	r7, r5
10001ed2:	dd27      	ble.n	10001f24 <stdio_usb_out_chars+0xc4>
10001ed4:	2000      	movs	r0, #0
10001ed6:	f001 fb87 	bl	100035e8 <tud_cdc_n_write_available>
10001eda:	1b7c      	subs	r4, r7, r5
10001edc:	4284      	cmp	r4, r0
10001ede:	bfa8      	it	ge
10001ee0:	4604      	movge	r4, r0
10001ee2:	eb08 0105 	add.w	r1, r8, r5
10001ee6:	2c00      	cmp	r4, #0
10001ee8:	d1e0      	bne.n	10001eac <stdio_usb_out_chars+0x4c>
10001eea:	4621      	mov	r1, r4
10001eec:	f04f 30ff 	mov.w	r0, #4294967295
10001ef0:	f000 fce6 	bl	100028c0 <tud_task_ext>
10001ef4:	4620      	mov	r0, r4
10001ef6:	f001 fb11 	bl	1000351c <tud_cdc_n_write_flush>
10001efa:	4620      	mov	r0, r4
10001efc:	f001 faa6 	bl	1000344c <tud_cdc_n_connected>
10001f00:	b180      	cbz	r0, 10001f24 <stdio_usb_out_chars+0xc4>
10001f02:	4620      	mov	r0, r4
10001f04:	f001 fb70 	bl	100035e8 <tud_cdc_n_write_available>
10001f08:	2800      	cmp	r0, #0
10001f0a:	d1e1      	bne.n	10001ed0 <stdio_usb_out_chars+0x70>
10001f0c:	f7ff f942 	bl	10001194 <time_us_64>
10001f10:	f8d9 3000 	ldr.w	r3, [r9]
10001f14:	f8d9 2004 	ldr.w	r2, [r9, #4]
10001f18:	199b      	adds	r3, r3, r6
10001f1a:	f142 0200 	adc.w	r2, r2, #0
10001f1e:	4283      	cmp	r3, r0
10001f20:	418a      	sbcs	r2, r1
10001f22:	d2d5      	bcs.n	10001ed0 <stdio_usb_out_chars+0x70>
10001f24:	4808      	ldr	r0, [pc, #32]	@ (10001f48 <stdio_usb_out_chars+0xe8>)
10001f26:	e8bd 43f8 	ldmia.w	sp!, {r3, r4, r5, r6, r7, r8, r9, lr}
10001f2a:	f002 be5d 	b.w	10004be8 <__mutex_exit_veneer>
10001f2e:	2000      	movs	r0, #0
10001f30:	2100      	movs	r1, #0
10001f32:	4b07      	ldr	r3, [pc, #28]	@ (10001f50 <stdio_usb_out_chars+0xf0>)
10001f34:	e9c3 0100 	strd	r0, r1, [r3]
10001f38:	e8bd 43f8 	ldmia.w	sp!, {r3, r4, r5, r6, r7, r8, r9, lr}
10001f3c:	4802      	ldr	r0, [pc, #8]	@ (10001f48 <stdio_usb_out_chars+0xe8>)
10001f3e:	f002 be53 	b.w	10004be8 <__mutex_exit_veneer>
10001f42:	bf00      	nop
10001f44:	000f4240 	.word	0x000f4240
10001f48:	200020f0 	.word	0x200020f0
10001f4c:	0007a120 	.word	0x0007a120
10001f50:	200017b0 	.word	0x200017b0

10001f54 <low_priority_worker_irq>:
10001f54:	b530      	push	{r4, r5, lr}
10001f56:	2100      	movs	r1, #0
10001f58:	b085      	sub	sp, #20
10001f5a:	482e      	ldr	r0, [pc, #184]	@ (10002014 <low_priority_worker_irq+0xc0>)
10001f5c:	f002 fe5c 	bl	10004c18 <__mutex_try_enter_veneer>
10001f60:	b9f0      	cbnz	r0, 10001fa0 <low_priority_worker_irq+0x4c>
10001f62:	4b2d      	ldr	r3, [pc, #180]	@ (10002018 <low_priority_worker_irq+0xc4>)
10001f64:	681a      	ldr	r2, [r3, #0]
10001f66:	b1ca      	cbz	r2, 10001f9c <low_priority_worker_irq+0x48>
10001f68:	f3ef 8110 	mrs	r1, PRIMASK
10001f6c:	b672      	cpsid	i
10001f6e:	e8d2 5fcf 	ldaexb	r5, [r2]
10001f72:	2401      	movs	r4, #1
10001f74:	2d00      	cmp	r5, #0
10001f76:	d1fa      	bne.n	10001f6e <low_priority_worker_irq+0x1a>
10001f78:	e8c2 4f45 	strexb	r5, r4, [r2]
10001f7c:	2d00      	cmp	r5, #0
10001f7e:	d1f6      	bne.n	10001f6e <low_priority_worker_irq+0x1a>
10001f80:	f3bf 8f5f 	dmb	sy
10001f84:	4c25      	ldr	r4, [pc, #148]	@ (1000201c <low_priority_worker_irq+0xc8>)
10001f86:	681d      	ldr	r5, [r3, #0]
10001f88:	7822      	ldrb	r2, [r4, #0]
10001f8a:	6059      	str	r1, [r3, #4]
10001f8c:	b2d3      	uxtb	r3, r2
10001f8e:	2201      	movs	r2, #1
10001f90:	7022      	strb	r2, [r4, #0]
10001f92:	e8c5 0f8f 	stlb	r0, [r5]
10001f96:	f381 8810 	msr	PRIMASK, r1
10001f9a:	b1cb      	cbz	r3, 10001fd0 <low_priority_worker_irq+0x7c>
10001f9c:	b005      	add	sp, #20
10001f9e:	bd30      	pop	{r4, r5, pc}
10001fa0:	2100      	movs	r1, #0
10001fa2:	f04f 30ff 	mov.w	r0, #4294967295
10001fa6:	f000 fc8b 	bl	100028c0 <tud_task_ext>
10001faa:	2000      	movs	r0, #0
10001fac:	f001 fa64 	bl	10003478 <tud_cdc_n_available>
10001fb0:	4604      	mov	r4, r0
10001fb2:	4818      	ldr	r0, [pc, #96]	@ (10002014 <low_priority_worker_irq+0xc0>)
10001fb4:	f002 fe18 	bl	10004be8 <__mutex_exit_veneer>
10001fb8:	2c00      	cmp	r4, #0
10001fba:	d0ef      	beq.n	10001f9c <low_priority_worker_irq+0x48>
10001fbc:	4b18      	ldr	r3, [pc, #96]	@ (10002020 <low_priority_worker_irq+0xcc>)
10001fbe:	681b      	ldr	r3, [r3, #0]
10001fc0:	2b00      	cmp	r3, #0
10001fc2:	d0eb      	beq.n	10001f9c <low_priority_worker_irq+0x48>
10001fc4:	4a17      	ldr	r2, [pc, #92]	@ (10002024 <low_priority_worker_irq+0xd0>)
10001fc6:	6810      	ldr	r0, [r2, #0]
10001fc8:	b005      	add	sp, #20
10001fca:	e8bd 4030 	ldmia.w	sp!, {r4, r5, lr}
10001fce:	4718      	bx	r3
10001fd0:	f7fe ff3a 	bl	10000e48 <alarm_pool_get_default>
10001fd4:	4604      	mov	r4, r0
10001fd6:	f7ff f8dd 	bl	10001194 <time_us_64>
10001fda:	f04f 3cff 	mov.w	ip, #4294967295
10001fde:	f06f 4500 	mvn.w	r5, #2147483648	@ 0x80000000
10001fe2:	f510 727a 	adds.w	r2, r0, #1000	@ 0x3e8
10001fe6:	f141 0300 	adc.w	r3, r1, #0
10001fea:	4594      	cmp	ip, r2
10001fec:	eb75 0103 	sbcs.w	r1, r5, r3
10001ff0:	bf38      	it	cc
10001ff2:	462b      	movcc	r3, r5
10001ff4:	f04f 0100 	mov.w	r1, #0
10001ff8:	f04f 0501 	mov.w	r5, #1
10001ffc:	4620      	mov	r0, r4
10001ffe:	4c0a      	ldr	r4, [pc, #40]	@ (10002028 <low_priority_worker_irq+0xd4>)
10002000:	bf38      	it	cc
10002002:	4662      	movcc	r2, ip
10002004:	e9cd 1501 	strd	r1, r5, [sp, #4]
10002008:	9400      	str	r4, [sp, #0]
1000200a:	f7fe ff21 	bl	10000e50 <alarm_pool_add_alarm_at>
1000200e:	b005      	add	sp, #20
10002010:	bd30      	pop	{r4, r5, pc}
10002012:	bf00      	nop
10002014:	200020f0 	.word	0x200020f0
10002018:	200020ac 	.word	0x200020ac
1000201c:	20002114 	.word	0x20002114
10002020:	20001c28 	.word	0x20001c28
10002024:	20001c2c 	.word	0x20001c2c
10002028:	10001d09 	.word	0x10001d09

1000202c <stdio_usb_init>:
1000202c:	f04f 4350 	mov.w	r3, #3489660928	@ 0xd0000000
10002030:	b530      	push	{r4, r5, lr}
10002032:	b085      	sub	sp, #20
10002034:	681c      	ldr	r4, [r3, #0]
10002036:	f7fe ff07 	bl	10000e48 <alarm_pool_get_default>
1000203a:	f7ff f81b 	bl	10001074 <alarm_pool_core_num>
1000203e:	42a0      	cmp	r0, r4
10002040:	d002      	beq.n	10002048 <stdio_usb_init+0x1c>
10002042:	2000      	movs	r0, #0
10002044:	b005      	add	sp, #20
10002046:	bd30      	pop	{r4, r5, pc}
10002048:	2100      	movs	r1, #0
1000204a:	4b2a      	ldr	r3, [pc, #168]	@ (100020f4 <stdio_usb_init+0xc8>)
1000204c:	4608      	mov	r0, r1
1000204e:	781b      	ldrb	r3, [r3, #0]
10002050:	f001 fc86 	bl	10003960 <tusb_rhport_init>
10002054:	4828      	ldr	r0, [pc, #160]	@ (100020f8 <stdio_usb_init+0xcc>)
10002056:	6803      	ldr	r3, [r0, #0]
10002058:	2b00      	cmp	r3, #0
1000205a:	d047      	beq.n	100020ec <stdio_usb_init+0xc0>
1000205c:	2001      	movs	r0, #1
1000205e:	f7fe fc71 	bl	10000944 <user_irq_claim_unused>
10002062:	4603      	mov	r3, r0
10002064:	4c25      	ldr	r4, [pc, #148]	@ (100020fc <stdio_usb_init+0xd0>)
10002066:	4926      	ldr	r1, [pc, #152]	@ (10002100 <stdio_usb_init+0xd4>)
10002068:	b2c0      	uxtb	r0, r0
1000206a:	7023      	strb	r3, [r4, #0]
1000206c:	f7fe faf4 	bl	10000658 <irq_set_exclusive_handler>
10002070:	7820      	ldrb	r0, [r4, #0]
10002072:	2101      	movs	r1, #1
10002074:	f7fe faae 	bl	100005d4 <irq_set_enabled>
10002078:	200e      	movs	r0, #14
1000207a:	f7fe fadd 	bl	10000638 <irq_has_shared_handler>
1000207e:	bb40      	cbnz	r0, 100020d2 <stdio_usb_init+0xa6>
10002080:	4b20      	ldr	r3, [pc, #128]	@ (10002104 <stdio_usb_init+0xd8>)
10002082:	2501      	movs	r5, #1
10002084:	e9c3 0000 	strd	r0, r0, [r3]
10002088:	f7fe fede 	bl	10000e48 <alarm_pool_get_default>
1000208c:	4604      	mov	r4, r0
1000208e:	f7ff f881 	bl	10001194 <time_us_64>
10002092:	f04f 3eff 	mov.w	lr, #4294967295
10002096:	f06f 4c00 	mvn.w	ip, #2147483648	@ 0x80000000
1000209a:	f510 727a 	adds.w	r2, r0, #1000	@ 0x3e8
1000209e:	f141 0300 	adc.w	r3, r1, #0
100020a2:	4596      	cmp	lr, r2
100020a4:	eb7c 0103 	sbcs.w	r1, ip, r3
100020a8:	f04f 0100 	mov.w	r1, #0
100020ac:	4620      	mov	r0, r4
100020ae:	4c16      	ldr	r4, [pc, #88]	@ (10002108 <stdio_usb_init+0xdc>)
100020b0:	bf3c      	itt	cc
100020b2:	4672      	movcc	r2, lr
100020b4:	4663      	movcc	r3, ip
100020b6:	e9cd 1501 	strd	r1, r5, [sp, #4]
100020ba:	9400      	str	r4, [sp, #0]
100020bc:	f7fe fec8 	bl	10000e50 <alarm_pool_add_alarm_at>
100020c0:	2800      	cmp	r0, #0
100020c2:	dbbe      	blt.n	10002042 <stdio_usb_init+0x16>
100020c4:	2101      	movs	r1, #1
100020c6:	4811      	ldr	r0, [pc, #68]	@ (1000210c <stdio_usb_init+0xe0>)
100020c8:	f7ff fd9e 	bl	10001c08 <stdio_set_driver_enabled>
100020cc:	2001      	movs	r0, #1
100020ce:	b005      	add	sp, #20
100020d0:	bd30      	pop	{r4, r5, pc}
100020d2:	2001      	movs	r0, #1
100020d4:	f7fe fa3a 	bl	1000054c <spin_lock_claim_unused>
100020d8:	4601      	mov	r1, r0
100020da:	480a      	ldr	r0, [pc, #40]	@ (10002104 <stdio_usb_init+0xd8>)
100020dc:	f7fe fc8e 	bl	100009fc <critical_section_init_with_lock_num>
100020e0:	2200      	movs	r2, #0
100020e2:	200e      	movs	r0, #14
100020e4:	490a      	ldr	r1, [pc, #40]	@ (10002110 <stdio_usb_init+0xe4>)
100020e6:	f7fe fae5 	bl	100006b4 <irq_add_shared_handler>
100020ea:	e7eb      	b.n	100020c4 <stdio_usb_init+0x98>
100020ec:	f7fe fc6a 	bl	100009c4 <mutex_init>
100020f0:	e7b4      	b.n	1000205c <stdio_usb_init+0x30>
100020f2:	bf00      	nop
100020f4:	10005018 	.word	0x10005018
100020f8:	200020f0 	.word	0x200020f0
100020fc:	20002113 	.word	0x20002113
10002100:	10001f55 	.word	0x10001f55
10002104:	200020ac 	.word	0x200020ac
10002108:	10001d09 	.word	0x10001d09
1000210c:	20001090 	.word	0x20001090
10002110:	10001d79 	.word	0x10001d79

10002114 <tud_descriptor_device_cb>:
10002114:	4800      	ldr	r0, [pc, #0]	@ (10002118 <tud_descriptor_device_cb+0x4>)
10002116:	4770      	bx	lr
10002118:	10004ed4 	.word	0x10004ed4

1000211c <tud_descriptor_configuration_cb>:
1000211c:	4800      	ldr	r0, [pc, #0]	@ (10002120 <tud_descriptor_configuration_cb+0x4>)
1000211e:	4770      	bx	lr
10002120:	10004e80 	.word	0x10004e80

10002124 <tud_descriptor_string_cb>:
10002124:	b538      	push	{r3, r4, r5, lr}
10002126:	4b18      	ldr	r3, [pc, #96]	@ (10002188 <tud_descriptor_string_cb+0x64>)
10002128:	4604      	mov	r4, r0
1000212a:	781a      	ldrb	r2, [r3, #0]
1000212c:	b30a      	cbz	r2, 10002172 <tud_descriptor_string_cb+0x4e>
1000212e:	b944      	cbnz	r4, 10002142 <tud_descriptor_string_cb+0x1e>
10002130:	f240 4209 	movw	r2, #1033	@ 0x409
10002134:	f44f 7341 	mov.w	r3, #772	@ 0x304
10002138:	4d14      	ldr	r5, [pc, #80]	@ (1000218c <tud_descriptor_string_cb+0x68>)
1000213a:	806a      	strh	r2, [r5, #2]
1000213c:	4813      	ldr	r0, [pc, #76]	@ (1000218c <tud_descriptor_string_cb+0x68>)
1000213e:	802b      	strh	r3, [r5, #0]
10002140:	bd38      	pop	{r3, r4, r5, pc}
10002142:	2c05      	cmp	r4, #5
10002144:	d81d      	bhi.n	10002182 <tud_descriptor_string_cb+0x5e>
10002146:	4b12      	ldr	r3, [pc, #72]	@ (10002190 <tud_descriptor_string_cb+0x6c>)
10002148:	4d10      	ldr	r5, [pc, #64]	@ (1000218c <tud_descriptor_string_cb+0x68>)
1000214a:	f853 1024 	ldr.w	r1, [r3, r4, lsl #2]
1000214e:	4628      	mov	r0, r5
10002150:	2300      	movs	r3, #0
10002152:	3901      	subs	r1, #1
10002154:	e003      	b.n	1000215e <tud_descriptor_string_cb+0x3a>
10002156:	2b13      	cmp	r3, #19
10002158:	f820 2f02 	strh.w	r2, [r0, #2]!
1000215c:	d00e      	beq.n	1000217c <tud_descriptor_string_cb+0x58>
1000215e:	f811 2f01 	ldrb.w	r2, [r1, #1]!
10002162:	3301      	adds	r3, #1
10002164:	b2db      	uxtb	r3, r3
10002166:	2a00      	cmp	r2, #0
10002168:	d1f5      	bne.n	10002156 <tud_descriptor_string_cb+0x32>
1000216a:	005b      	lsls	r3, r3, #1
1000216c:	f443 7340 	orr.w	r3, r3, #768	@ 0x300
10002170:	e7e4      	b.n	1000213c <tud_descriptor_string_cb+0x18>
10002172:	2111      	movs	r1, #17
10002174:	4618      	mov	r0, r3
10002176:	f000 f825 	bl	100021c4 <pico_get_unique_board_id_string>
1000217a:	e7d8      	b.n	1000212e <tud_descriptor_string_cb+0xa>
1000217c:	f44f 734a 	mov.w	r3, #808	@ 0x328
10002180:	e7dc      	b.n	1000213c <tud_descriptor_string_cb+0x18>
10002182:	2000      	movs	r0, #0
10002184:	bd38      	pop	{r3, r4, r5, pc}
10002186:	bf00      	nop
10002188:	200020fc 	.word	0x200020fc
1000218c:	20001c64 	.word	0x20001c64
10002190:	10004e68 	.word	0x10004e68

10002194 <_retrieve_unique_id_on_boot>:
10002194:	b500      	push	{lr}
10002196:	f245 3047 	movw	r0, #21319	@ 0x5347
1000219a:	b08b      	sub	sp, #44	@ 0x2c
1000219c:	f7ff fa7c 	bl	10001698 <rom_func_lookup>
100021a0:	2201      	movs	r2, #1
100021a2:	4603      	mov	r3, r0
100021a4:	2109      	movs	r1, #9
100021a6:	a801      	add	r0, sp, #4
100021a8:	4798      	blx	r3
100021aa:	e9dd 3203 	ldrd	r3, r2, [sp, #12]
100021ae:	4904      	ldr	r1, [pc, #16]	@ (100021c0 <_retrieve_unique_id_on_boot+0x2c>)
100021b0:	ba12      	rev	r2, r2
100021b2:	ba1b      	rev	r3, r3
100021b4:	e9c1 2300 	strd	r2, r3, [r1]
100021b8:	b00b      	add	sp, #44	@ 0x2c
100021ba:	f85d fb04 	ldr.w	pc, [sp], #4
100021be:	bf00      	nop
100021c0:	200020d4 	.word	0x200020d4

100021c4 <pico_get_unique_board_id_string>:
100021c4:	2901      	cmp	r1, #1
100021c6:	f101 33ff 	add.w	r3, r1, #4294967295
100021ca:	f000 80b3 	beq.w	10002334 <pico_get_unique_board_id_string+0x170>
100021ce:	495d      	ldr	r1, [pc, #372]	@ (10002344 <pico_get_unique_board_id_string+0x180>)
100021d0:	780a      	ldrb	r2, [r1, #0]
100021d2:	ea4f 1c12 	mov.w	ip, r2, lsr #4
100021d6:	2a9f      	cmp	r2, #159	@ 0x9f
100021d8:	bf8c      	ite	hi
100021da:	f10c 0c37 	addhi.w	ip, ip, #55	@ 0x37
100021de:	f10c 0c30 	addls.w	ip, ip, #48	@ 0x30
100021e2:	2b01      	cmp	r3, #1
100021e4:	f880 c000 	strb.w	ip, [r0]
100021e8:	f000 80a7 	beq.w	1000233a <pico_get_unique_board_id_string+0x176>
100021ec:	f002 020f 	and.w	r2, r2, #15
100021f0:	2a09      	cmp	r2, #9
100021f2:	bf8c      	ite	hi
100021f4:	3237      	addhi	r2, #55	@ 0x37
100021f6:	3230      	addls	r2, #48	@ 0x30
100021f8:	2b02      	cmp	r3, #2
100021fa:	7042      	strb	r2, [r0, #1]
100021fc:	f000 809d 	beq.w	1000233a <pico_get_unique_board_id_string+0x176>
10002200:	784a      	ldrb	r2, [r1, #1]
10002202:	ea4f 1c12 	mov.w	ip, r2, lsr #4
10002206:	2a9f      	cmp	r2, #159	@ 0x9f
10002208:	bf8c      	ite	hi
1000220a:	f10c 0c37 	addhi.w	ip, ip, #55	@ 0x37
1000220e:	f10c 0c30 	addls.w	ip, ip, #48	@ 0x30
10002212:	2b03      	cmp	r3, #3
10002214:	f880 c002 	strb.w	ip, [r0, #2]
10002218:	f000 808f 	beq.w	1000233a <pico_get_unique_board_id_string+0x176>
1000221c:	f002 020f 	and.w	r2, r2, #15
10002220:	2a09      	cmp	r2, #9
10002222:	bf8c      	ite	hi
10002224:	3237      	addhi	r2, #55	@ 0x37
10002226:	3230      	addls	r2, #48	@ 0x30
10002228:	2b04      	cmp	r3, #4
1000222a:	70c2      	strb	r2, [r0, #3]
1000222c:	f000 8085 	beq.w	1000233a <pico_get_unique_board_id_string+0x176>
10002230:	788a      	ldrb	r2, [r1, #2]
10002232:	ea4f 1c12 	mov.w	ip, r2, lsr #4
10002236:	2a9f      	cmp	r2, #159	@ 0x9f
10002238:	bf8c      	ite	hi
1000223a:	f10c 0c37 	addhi.w	ip, ip, #55	@ 0x37
1000223e:	f10c 0c30 	addls.w	ip, ip, #48	@ 0x30
10002242:	2b05      	cmp	r3, #5
10002244:	f880 c004 	strb.w	ip, [r0, #4]
10002248:	d077      	beq.n	1000233a <pico_get_unique_board_id_string+0x176>
1000224a:	f002 020f 	and.w	r2, r2, #15
1000224e:	2a09      	cmp	r2, #9
10002250:	bf8c      	ite	hi
10002252:	3237      	addhi	r2, #55	@ 0x37
10002254:	3230      	addls	r2, #48	@ 0x30
10002256:	2b06      	cmp	r3, #6
10002258:	7142      	strb	r2, [r0, #5]
1000225a:	d06e      	beq.n	1000233a <pico_get_unique_board_id_string+0x176>
1000225c:	78ca      	ldrb	r2, [r1, #3]
1000225e:	ea4f 1c12 	mov.w	ip, r2, lsr #4
10002262:	2a9f      	cmp	r2, #159	@ 0x9f
10002264:	bf8c      	ite	hi
10002266:	f10c 0c37 	addhi.w	ip, ip, #55	@ 0x37
1000226a:	f10c 0c30 	addls.w	ip, ip, #48	@ 0x30
1000226e:	2b07      	cmp	r3, #7
10002270:	f880 c006 	strb.w	ip, [r0, #6]
10002274:	d061      	beq.n	1000233a <pico_get_unique_board_id_string+0x176>
10002276:	f002 020f 	and.w	r2, r2, #15
1000227a:	2a09      	cmp	r2, #9
1000227c:	bf8c      	ite	hi
1000227e:	3237      	addhi	r2, #55	@ 0x37
10002280:	3230      	addls	r2, #48	@ 0x30
10002282:	2b08      	cmp	r3, #8
10002284:	71c2      	strb	r2, [r0, #7]
10002286:	d058      	beq.n	1000233a <pico_get_unique_board_id_string+0x176>
10002288:	790a      	ldrb	r2, [r1, #4]
1000228a:	ea4f 1c12 	mov.w	ip, r2, lsr #4
1000228e:	2a9f      	cmp	r2, #159	@ 0x9f
10002290:	bf8c      	ite	hi
10002292:	f10c 0c37 	addhi.w	ip, ip, #55	@ 0x37
10002296:	f10c 0c30 	addls.w	ip, ip, #48	@ 0x30
1000229a:	2b09      	cmp	r3, #9
1000229c:	f880 c008 	strb.w	ip, [r0, #8]
100022a0:	d04b      	beq.n	1000233a <pico_get_unique_board_id_string+0x176>
100022a2:	f002 020f 	and.w	r2, r2, #15
100022a6:	2a09      	cmp	r2, #9
100022a8:	bf8c      	ite	hi
100022aa:	3237      	addhi	r2, #55	@ 0x37
100022ac:	3230      	addls	r2, #48	@ 0x30
100022ae:	2b0a      	cmp	r3, #10
100022b0:	7242      	strb	r2, [r0, #9]
100022b2:	d042      	beq.n	1000233a <pico_get_unique_board_id_string+0x176>
100022b4:	794a      	ldrb	r2, [r1, #5]
100022b6:	ea4f 1c12 	mov.w	ip, r2, lsr #4
100022ba:	2a9f      	cmp	r2, #159	@ 0x9f
100022bc:	bf8c      	ite	hi
100022be:	f10c 0c37 	addhi.w	ip, ip, #55	@ 0x37
100022c2:	f10c 0c30 	addls.w	ip, ip, #48	@ 0x30
100022c6:	2b0b      	cmp	r3, #11
100022c8:	f880 c00a 	strb.w	ip, [r0, #10]
100022cc:	d035      	beq.n	1000233a <pico_get_unique_board_id_string+0x176>
100022ce:	f002 020f 	and.w	r2, r2, #15
100022d2:	2a09      	cmp	r2, #9
100022d4:	bf8c      	ite	hi
100022d6:	3237      	addhi	r2, #55	@ 0x37
100022d8:	3230      	addls	r2, #48	@ 0x30
100022da:	2b0c      	cmp	r3, #12
100022dc:	72c2      	strb	r2, [r0, #11]
100022de:	d02c      	beq.n	1000233a <pico_get_unique_board_id_string+0x176>
100022e0:	798a      	ldrb	r2, [r1, #6]
100022e2:	ea4f 1c12 	mov.w	ip, r2, lsr #4
100022e6:	2a9f      	cmp	r2, #159	@ 0x9f
100022e8:	bf8c      	ite	hi
100022ea:	f10c 0c37 	addhi.w	ip, ip, #55	@ 0x37
100022ee:	f10c 0c30 	addls.w	ip, ip, #48	@ 0x30
100022f2:	2b0d      	cmp	r3, #13
100022f4:	f880 c00c 	strb.w	ip, [r0, #12]
100022f8:	d01f      	beq.n	1000233a <pico_get_unique_board_id_string+0x176>
100022fa:	f002 020f 	and.w	r2, r2, #15
100022fe:	2a09      	cmp	r2, #9
10002300:	bf8c      	ite	hi
10002302:	3237      	addhi	r2, #55	@ 0x37
10002304:	3230      	addls	r2, #48	@ 0x30
10002306:	2b0e      	cmp	r3, #14
10002308:	7342      	strb	r2, [r0, #13]
1000230a:	d016      	beq.n	1000233a <pico_get_unique_board_id_string+0x176>
1000230c:	79ca      	ldrb	r2, [r1, #7]
1000230e:	0911      	lsrs	r1, r2, #4
10002310:	2a9f      	cmp	r2, #159	@ 0x9f
10002312:	bf8c      	ite	hi
10002314:	3137      	addhi	r1, #55	@ 0x37
10002316:	3130      	addls	r1, #48	@ 0x30
10002318:	2b0f      	cmp	r3, #15
1000231a:	7381      	strb	r1, [r0, #14]
1000231c:	d00d      	beq.n	1000233a <pico_get_unique_board_id_string+0x176>
1000231e:	f002 020f 	and.w	r2, r2, #15
10002322:	2a09      	cmp	r2, #9
10002324:	bf94      	ite	ls
10002326:	3230      	addls	r2, #48	@ 0x30
10002328:	3237      	addhi	r2, #55	@ 0x37
1000232a:	2b10      	cmp	r3, #16
1000232c:	73c2      	strb	r2, [r0, #15]
1000232e:	bf18      	it	ne
10002330:	3010      	addne	r0, #16
10002332:	d002      	beq.n	1000233a <pico_get_unique_board_id_string+0x176>
10002334:	2300      	movs	r3, #0
10002336:	7003      	strb	r3, [r0, #0]
10002338:	4770      	bx	lr
1000233a:	4418      	add	r0, r3
1000233c:	2300      	movs	r3, #0
1000233e:	7003      	strb	r3, [r0, #0]
10002340:	4770      	bx	lr
10002342:	bf00      	nop
10002344:	200020d4 	.word	0x200020d4

10002348 <usb_reset_interface_init>:
10002348:	4770      	bx	lr
1000234a:	bf00      	nop

1000234c <usb_reset_interface_reset>:
1000234c:	2200      	movs	r2, #0
1000234e:	4b01      	ldr	r3, [pc, #4]	@ (10002354 <usb_reset_interface_reset+0x8>)
10002350:	701a      	strb	r2, [r3, #0]
10002352:	4770      	bx	lr
10002354:	20002111 	.word	0x20002111

10002358 <usb_reset_interface_open>:
10002358:	794b      	ldrb	r3, [r1, #5]
1000235a:	2bff      	cmp	r3, #255	@ 0xff
1000235c:	d10b      	bne.n	10002376 <usb_reset_interface_open+0x1e>
1000235e:	7988      	ldrb	r0, [r1, #6]
10002360:	b948      	cbnz	r0, 10002376 <usb_reset_interface_open+0x1e>
10002362:	79cb      	ldrb	r3, [r1, #7]
10002364:	2b01      	cmp	r3, #1
10002366:	d107      	bne.n	10002378 <usb_reset_interface_open+0x20>
10002368:	2a08      	cmp	r2, #8
1000236a:	d905      	bls.n	10002378 <usb_reset_interface_open+0x20>
1000236c:	4b03      	ldr	r3, [pc, #12]	@ (1000237c <usb_reset_interface_open+0x24>)
1000236e:	788a      	ldrb	r2, [r1, #2]
10002370:	2009      	movs	r0, #9
10002372:	701a      	strb	r2, [r3, #0]
10002374:	4770      	bx	lr
10002376:	2000      	movs	r0, #0
10002378:	4770      	bx	lr
1000237a:	bf00      	nop
1000237c:	20002111 	.word	0x20002111

10002380 <usb_reset_interface_xfer_cb>:
10002380:	2001      	movs	r0, #1
10002382:	4770      	bx	lr

10002384 <usb_reset_interface_control_xfer_cb>:
10002384:	2901      	cmp	r1, #1
10002386:	d001      	beq.n	1000238c <usb_reset_interface_control_xfer_cb+0x8>
10002388:	2001      	movs	r0, #1
1000238a:	4770      	bx	lr
1000238c:	b508      	push	{r3, lr}
1000238e:	4b10      	ldr	r3, [pc, #64]	@ (100023d0 <usb_reset_interface_control_xfer_cb+0x4c>)
10002390:	8891      	ldrh	r1, [r2, #4]
10002392:	781b      	ldrb	r3, [r3, #0]
10002394:	4299      	cmp	r1, r3
10002396:	d001      	beq.n	1000239c <usb_reset_interface_control_xfer_cb+0x18>
10002398:	2000      	movs	r0, #0
1000239a:	bd08      	pop	{r3, pc}
1000239c:	7853      	ldrb	r3, [r2, #1]
1000239e:	2b01      	cmp	r3, #1
100023a0:	d008      	beq.n	100023b4 <usb_reset_interface_control_xfer_cb+0x30>
100023a2:	2b02      	cmp	r3, #2
100023a4:	d1f8      	bne.n	10002398 <usb_reset_interface_control_xfer_cb+0x14>
100023a6:	2100      	movs	r1, #0
100023a8:	2264      	movs	r2, #100	@ 0x64
100023aa:	4608      	mov	r0, r1
100023ac:	f7ff f902 	bl	100015b4 <watchdog_reboot>
100023b0:	2001      	movs	r0, #1
100023b2:	bd08      	pop	{r3, pc}
100023b4:	8851      	ldrh	r1, [r2, #2]
100023b6:	f411 7280 	ands.w	r2, r1, #256	@ 0x100
100023ba:	bf1a      	itte	ne
100023bc:	f3c1 12c0 	ubfxne	r2, r1, #7, #1
100023c0:	0a48      	lsrne	r0, r1, #9
100023c2:	f04f 30ff 	moveq.w	r0, #4294967295
100023c6:	f001 0103 	and.w	r1, r1, #3
100023ca:	f7ff f971 	bl	100016b0 <rom_reset_usb_boot_extra>
100023ce:	bf00      	nop
100023d0:	20002111 	.word	0x20002111

100023d4 <tud_descriptor_bos_cb>:
100023d4:	4800      	ldr	r0, [pc, #0]	@ (100023d8 <tud_descriptor_bos_cb+0x4>)
100023d6:	4770      	bx	lr
100023d8:	10004f90 	.word	0x10004f90

100023dc <tud_vendor_control_xfer_cb>:
100023dc:	2901      	cmp	r1, #1
100023de:	d107      	bne.n	100023f0 <tud_vendor_control_xfer_cb+0x14>
100023e0:	7853      	ldrb	r3, [r2, #1]
100023e2:	2b01      	cmp	r3, #1
100023e4:	d102      	bne.n	100023ec <tud_vendor_control_xfer_cb+0x10>
100023e6:	8893      	ldrh	r3, [r2, #4]
100023e8:	2b07      	cmp	r3, #7
100023ea:	d003      	beq.n	100023f4 <tud_vendor_control_xfer_cb+0x18>
100023ec:	2000      	movs	r0, #0
100023ee:	4770      	bx	lr
100023f0:	2001      	movs	r0, #1
100023f2:	4770      	bx	lr
100023f4:	4611      	mov	r1, r2
100023f6:	23a6      	movs	r3, #166	@ 0xa6
100023f8:	4a01      	ldr	r2, [pc, #4]	@ (10002400 <tud_vendor_control_xfer_cb+0x24>)
100023fa:	f000 bef7 	b.w	100031ec <tud_control_xfer>
100023fe:	bf00      	nop
10002400:	10004ee8 	.word	0x10004ee8

10002404 <usbd_app_driver_get_cb>:
10002404:	4603      	mov	r3, r0
10002406:	2201      	movs	r2, #1
10002408:	4801      	ldr	r0, [pc, #4]	@ (10002410 <usbd_app_driver_get_cb+0xc>)
1000240a:	701a      	strb	r2, [r3, #0]
1000240c:	4770      	bx	lr
1000240e:	bf00      	nop
10002410:	10004fb4 	.word	0x10004fb4

10002414 <tud_cdc_line_coding_cb>:
10002414:	b508      	push	{r3, lr}
10002416:	680b      	ldr	r3, [r1, #0]
10002418:	f5b3 6f96 	cmp.w	r3, #1200	@ 0x4b0
1000241c:	d000      	beq.n	10002420 <tud_cdc_line_coding_cb+0xc>
1000241e:	bd08      	pop	{r3, pc}
10002420:	2200      	movs	r2, #0
10002422:	f04f 30ff 	mov.w	r0, #4294967295
10002426:	4611      	mov	r1, r2
10002428:	f7ff f942 	bl	100016b0 <rom_reset_usb_boot_extra>

1000242c <dcd_init>:
1000242c:	b570      	push	{r4, r5, r6, lr}
1000242e:	f000 f927 	bl	10002680 <rp2040_usb_init>
10002432:	230c      	movs	r3, #12
10002434:	2640      	movs	r6, #64	@ 0x40
10002436:	4c19      	ldr	r4, [pc, #100]	@ (1000249c <dcd_init+0x70>)
10002438:	22ff      	movs	r2, #255	@ 0xff
1000243a:	67a3      	str	r3, [r4, #120]	@ 0x78
1000243c:	200e      	movs	r0, #14
1000243e:	4918      	ldr	r1, [pc, #96]	@ (100024a0 <dcd_init+0x74>)
10002440:	f7fe f938 	bl	100006b4 <irq_add_shared_handler>
10002444:	4632      	mov	r2, r6
10002446:	2100      	movs	r1, #0
10002448:	4816      	ldr	r0, [pc, #88]	@ (100024a4 <dcd_init+0x78>)
1000244a:	f002 fbc9 	bl	10004be0 <__memset_veneer>
1000244e:	2501      	movs	r5, #1
10002450:	2300      	movs	r3, #0
10002452:	2180      	movs	r1, #128	@ 0x80
10002454:	4813      	ldr	r0, [pc, #76]	@ (100024a4 <dcd_init+0x78>)
10002456:	4a14      	ldr	r2, [pc, #80]	@ (100024a8 <dcd_init+0x7c>)
10002458:	8441      	strh	r1, [r0, #34]	@ 0x22
1000245a:	7045      	strb	r5, [r0, #1]
1000245c:	8306      	strh	r6, [r0, #24]
1000245e:	8706      	strh	r6, [r0, #56]	@ 0x38
10002460:	6082      	str	r2, [r0, #8]
10002462:	6043      	str	r3, [r0, #4]
10002464:	6013      	str	r3, [r2, #0]
10002466:	f842 3c04 	str.w	r3, [r2, #-4]
1000246a:	f880 3021 	strb.w	r3, [r0, #33]	@ 0x21
1000246e:	f880 303b 	strb.w	r3, [r0, #59]	@ 0x3b
10002472:	6243      	str	r3, [r0, #36]	@ 0x24
10002474:	4b0d      	ldr	r3, [pc, #52]	@ (100024ac <dcd_init+0x80>)
10002476:	f04f 5600 	mov.w	r6, #536870912	@ 0x20000000
1000247a:	60c3      	str	r3, [r0, #12]
1000247c:	62c3      	str	r3, [r0, #44]	@ 0x2c
1000247e:	3b80      	subs	r3, #128	@ 0x80
10002480:	6283      	str	r3, [r0, #40]	@ 0x28
10002482:	f002 fbbd 	bl	10004c00 <__reset_non_control_endpoints_veneer>
10002486:	f44f 3280 	mov.w	r2, #65536	@ 0x10000
1000248a:	4909      	ldr	r1, [pc, #36]	@ (100024b0 <dcd_init+0x84>)
1000248c:	4b09      	ldr	r3, [pc, #36]	@ (100024b4 <dcd_init+0x88>)
1000248e:	6425      	str	r5, [r4, #64]	@ 0x40
10002490:	4628      	mov	r0, r5
10002492:	64e6      	str	r6, [r4, #76]	@ 0x4c
10002494:	f8c4 1090 	str.w	r1, [r4, #144]	@ 0x90
10002498:	64da      	str	r2, [r3, #76]	@ 0x4c
1000249a:	bd70      	pop	{r4, r5, r6, pc}
1000249c:	50110000 	.word	0x50110000
100024a0:	2000042d 	.word	0x2000042d
100024a4:	20001ca0 	.word	0x20001ca0
100024a8:	50100084 	.word	0x50100084
100024ac:	50100100 	.word	0x50100100
100024b0:	0001d010 	.word	0x0001d010
100024b4:	50112000 	.word	0x50112000

100024b8 <dcd_int_enable>:
100024b8:	2101      	movs	r1, #1
100024ba:	200e      	movs	r0, #14
100024bc:	f7fe b88a 	b.w	100005d4 <irq_set_enabled>

100024c0 <dcd_set_address>:
100024c0:	2200      	movs	r2, #0
100024c2:	4802      	ldr	r0, [pc, #8]	@ (100024cc <dcd_set_address+0xc>)
100024c4:	4611      	mov	r1, r2
100024c6:	f000 b8fb 	b.w	100026c0 <hw_endpoint_xfer_start>
100024ca:	bf00      	nop
100024cc:	20001cc0 	.word	0x20001cc0

100024d0 <dcd_sof_enable>:
100024d0:	4b04      	ldr	r3, [pc, #16]	@ (100024e4 <dcd_sof_enable+0x14>)
100024d2:	7019      	strb	r1, [r3, #0]
100024d4:	b121      	cbz	r1, 100024e0 <dcd_sof_enable+0x10>
100024d6:	f44f 3200 	mov.w	r2, #131072	@ 0x20000
100024da:	4b03      	ldr	r3, [pc, #12]	@ (100024e8 <dcd_sof_enable+0x18>)
100024dc:	f8c3 2090 	str.w	r2, [r3, #144]	@ 0x90
100024e0:	4770      	bx	lr
100024e2:	bf00      	nop
100024e4:	2000210e 	.word	0x2000210e
100024e8:	50112000 	.word	0x50112000

100024ec <dcd_edpt0_status_complete>:
100024ec:	780b      	ldrb	r3, [r1, #0]
100024ee:	065b      	lsls	r3, r3, #25
100024f0:	d102      	bne.n	100024f8 <dcd_edpt0_status_complete+0xc>
100024f2:	784b      	ldrb	r3, [r1, #1]
100024f4:	2b05      	cmp	r3, #5
100024f6:	d000      	beq.n	100024fa <dcd_edpt0_status_complete+0xe>
100024f8:	4770      	bx	lr
100024fa:	884b      	ldrh	r3, [r1, #2]
100024fc:	4a01      	ldr	r2, [pc, #4]	@ (10002504 <dcd_edpt0_status_complete+0x18>)
100024fe:	b2db      	uxtb	r3, r3
10002500:	6013      	str	r3, [r2, #0]
10002502:	4770      	bx	lr
10002504:	50110000 	.word	0x50110000

10002508 <dcd_edpt_open>:
10002508:	78cb      	ldrb	r3, [r1, #3]
1000250a:	e92d 41f0 	stmdb	sp!, {r4, r5, r6, r7, r8, lr}
1000250e:	f003 0e03 	and.w	lr, r3, #3
10002512:	f1be 0f01 	cmp.w	lr, #1
10002516:	f3c3 0001 	ubfx	r0, r3, #0, #2
1000251a:	d057      	beq.n	100025cc <dcd_edpt_open+0xc4>
1000251c:	2700      	movs	r7, #0
1000251e:	f891 c002 	ldrb.w	ip, [r1, #2]
10002522:	4c31      	ldr	r4, [pc, #196]	@ (100025e8 <dcd_edpt_open+0xe0>)
10002524:	f00c 027f 	and.w	r2, ip, #127	@ 0x7f
10002528:	0056      	lsls	r6, r2, #1
1000252a:	8889      	ldrh	r1, [r1, #4]
1000252c:	eb06 13dc 	add.w	r3, r6, ip, lsr #7
10002530:	eb04 1343 	add.w	r3, r4, r3, lsl #5
10002534:	ea4f 15dc 	mov.w	r5, ip, lsr #7
10002538:	76d8      	strb	r0, [r3, #27]
1000253a:	f3c1 010a 	ubfx	r1, r1, #0, #11
1000253e:	f085 0001 	eor.w	r0, r5, #1
10002542:	f883 c002 	strb.w	ip, [r3, #2]
10002546:	8319      	strh	r1, [r3, #24]
10002548:	7058      	strb	r0, [r3, #1]
1000254a:	70df      	strb	r7, [r3, #3]
1000254c:	00d3      	lsls	r3, r2, #3
1000254e:	bb6d      	cbnz	r5, 100025ac <dcd_edpt_open+0xa4>
10002550:	4826      	ldr	r0, [pc, #152]	@ (100025ec <dcd_edpt_open+0xe4>)
10002552:	3304      	adds	r3, #4
10002554:	eb04 1c82 	add.w	ip, r4, r2, lsl #6
10002558:	eb03 0800 	add.w	r8, r3, r0
1000255c:	f8cc 8008 	str.w	r8, [ip, #8]
10002560:	501f      	str	r7, [r3, r0]
10002562:	b362      	cbz	r2, 100025be <dcd_edpt_open+0xb6>
10002564:	4b22      	ldr	r3, [pc, #136]	@ (100025f0 <dcd_edpt_open+0xe8>)
10002566:	00d2      	lsls	r2, r2, #3
10002568:	4413      	add	r3, r2
1000256a:	f8cc 3004 	str.w	r3, [ip, #4]
1000256e:	4a21      	ldr	r2, [pc, #132]	@ (100025f4 <dcd_edpt_open+0xec>)
10002570:	313f      	adds	r1, #63	@ 0x3f
10002572:	6813      	ldr	r3, [r2, #0]
10002574:	f021 013f 	bic.w	r1, r1, #63	@ 0x3f
10002578:	f1be 0f02 	cmp.w	lr, #2
1000257c:	bf08      	it	eq
1000257e:	0049      	lsleq	r1, r1, #1
10002580:	481d      	ldr	r0, [pc, #116]	@ (100025f8 <dcd_edpt_open+0xf0>)
10002582:	4419      	add	r1, r3
10002584:	442e      	add	r6, r5
10002586:	eb04 1446 	add.w	r4, r4, r6, lsl #5
1000258a:	4281      	cmp	r1, r0
1000258c:	6011      	str	r1, [r2, #0]
1000258e:	60e3      	str	r3, [r4, #12]
10002590:	d827      	bhi.n	100025e2 <dcd_edpt_open+0xda>
10002592:	f083 43a0 	eor.w	r3, r3, #1342177280	@ 0x50000000
10002596:	f483 1380 	eor.w	r3, r3, #1048576	@ 0x100000
1000259a:	6862      	ldr	r2, [r4, #4]
1000259c:	ea43 638e 	orr.w	r3, r3, lr, lsl #26
100025a0:	f043 4300 	orr.w	r3, r3, #2147483648	@ 0x80000000
100025a4:	6013      	str	r3, [r2, #0]
100025a6:	2001      	movs	r0, #1
100025a8:	e8bd 81f0 	ldmia.w	sp!, {r4, r5, r6, r7, r8, pc}
100025ac:	480f      	ldr	r0, [pc, #60]	@ (100025ec <dcd_edpt_open+0xe4>)
100025ae:	eb04 1c82 	add.w	ip, r4, r2, lsl #6
100025b2:	4403      	add	r3, r0
100025b4:	f8cc 3028 	str.w	r3, [ip, #40]	@ 0x28
100025b8:	f840 7032 	str.w	r7, [r0, r2, lsl #3]
100025bc:	b94a      	cbnz	r2, 100025d2 <dcd_edpt_open+0xca>
100025be:	2300      	movs	r3, #0
100025c0:	4a0e      	ldr	r2, [pc, #56]	@ (100025fc <dcd_edpt_open+0xf4>)
100025c2:	eb04 1445 	add.w	r4, r4, r5, lsl #5
100025c6:	60e2      	str	r2, [r4, #12]
100025c8:	6063      	str	r3, [r4, #4]
100025ca:	e7ec      	b.n	100025a6 <dcd_edpt_open+0x9e>
100025cc:	2000      	movs	r0, #0
100025ce:	e8bd 81f0 	ldmia.w	sp!, {r4, r5, r6, r7, r8, pc}
100025d2:	00d2      	lsls	r2, r2, #3
100025d4:	f102 42a0 	add.w	r2, r2, #1342177280	@ 0x50000000
100025d8:	f502 1280 	add.w	r2, r2, #1048576	@ 0x100000
100025dc:	f8cc 2024 	str.w	r2, [ip, #36]	@ 0x24
100025e0:	e7c5      	b.n	1000256e <dcd_edpt_open+0x66>
100025e2:	f7ff f8b1 	bl	10001748 <hard_assertion_failure>
100025e6:	bf00      	nop
100025e8:	20001ca0 	.word	0x20001ca0
100025ec:	50100080 	.word	0x50100080
100025f0:	50100004 	.word	0x50100004
100025f4:	200020a8 	.word	0x200020a8
100025f8:	50100fff 	.word	0x50100fff
100025fc:	50100100 	.word	0x50100100

10002600 <dcd_edpt_close_all>:
10002600:	f002 bafe 	b.w	10004c00 <__reset_non_control_endpoints_veneer>

10002604 <dcd_edpt_xfer>:
10002604:	468c      	mov	ip, r1
10002606:	b508      	push	{r3, lr}
10002608:	4611      	mov	r1, r2
1000260a:	4807      	ldr	r0, [pc, #28]	@ (10002628 <dcd_edpt_xfer+0x24>)
1000260c:	461a      	mov	r2, r3
1000260e:	f00c 037f 	and.w	r3, ip, #127	@ 0x7f
10002612:	ea4f 1cdc 	mov.w	ip, ip, lsr #7
10002616:	eb0c 0c43 	add.w	ip, ip, r3, lsl #1
1000261a:	eb00 104c 	add.w	r0, r0, ip, lsl #5
1000261e:	f000 f84f 	bl	100026c0 <hw_endpoint_xfer_start>
10002622:	2001      	movs	r0, #1
10002624:	bd08      	pop	{r3, pc}
10002626:	bf00      	nop
10002628:	20001ca0 	.word	0x20001ca0

1000262c <dcd_edpt_stall>:
1000262c:	f011 027f 	ands.w	r2, r1, #127	@ 0x7f
10002630:	d105      	bne.n	1000263e <dcd_edpt_stall+0x12>
10002632:	2900      	cmp	r1, #0
10002634:	bf0c      	ite	eq
10002636:	2002      	moveq	r0, #2
10002638:	2001      	movne	r0, #1
1000263a:	4b06      	ldr	r3, [pc, #24]	@ (10002654 <dcd_edpt_stall+0x28>)
1000263c:	6698      	str	r0, [r3, #104]	@ 0x68
1000263e:	09c9      	lsrs	r1, r1, #7
10002640:	4b05      	ldr	r3, [pc, #20]	@ (10002658 <dcd_edpt_stall+0x2c>)
10002642:	eb01 0042 	add.w	r0, r1, r2, lsl #1
10002646:	eb03 1040 	add.w	r0, r3, r0, lsl #5
1000264a:	f44f 6200 	mov.w	r2, #2048	@ 0x800
1000264e:	2100      	movs	r1, #0
10002650:	f002 bada 	b.w	10004c08 <___hw_endpoint_buffer_control_update32_veneer>
10002654:	50112000 	.word	0x50112000
10002658:	20001ca0 	.word	0x20001ca0

1000265c <dcd_edpt_clear_stall>:
1000265c:	f011 037f 	ands.w	r3, r1, #127	@ 0x7f
10002660:	d100      	bne.n	10002664 <dcd_edpt_clear_stall+0x8>
10002662:	4770      	bx	lr
10002664:	2200      	movs	r2, #0
10002666:	4805      	ldr	r0, [pc, #20]	@ (1000267c <dcd_edpt_clear_stall+0x20>)
10002668:	005b      	lsls	r3, r3, #1
1000266a:	eb03 13d1 	add.w	r3, r3, r1, lsr #7
1000266e:	eb00 1043 	add.w	r0, r0, r3, lsl #5
10002672:	f46f 6100 	mvn.w	r1, #2048	@ 0x800
10002676:	70c2      	strb	r2, [r0, #3]
10002678:	f002 bac6 	b.w	10004c08 <___hw_endpoint_buffer_control_update32_veneer>
1000267c:	20001ca0 	.word	0x20001ca0

10002680 <rp2040_usb_init>:
10002680:	f04f 5280 	mov.w	r2, #268435456	@ 0x10000000
10002684:	4809      	ldr	r0, [pc, #36]	@ (100026ac <rp2040_usb_init+0x2c>)
10002686:	490a      	ldr	r1, [pc, #40]	@ (100026b0 <rp2040_usb_init+0x30>)
10002688:	b508      	push	{r3, lr}
1000268a:	4b0a      	ldr	r3, [pc, #40]	@ (100026b4 <rp2040_usb_init+0x34>)
1000268c:	6002      	str	r2, [r0, #0]
1000268e:	600a      	str	r2, [r1, #0]
10002690:	6899      	ldr	r1, [r3, #8]
10002692:	43c9      	mvns	r1, r1
10002694:	f011 5180 	ands.w	r1, r1, #268435456	@ 0x10000000
10002698:	d1fa      	bne.n	10002690 <rp2040_usb_init+0x10>
1000269a:	f44f 5280 	mov.w	r2, #4096	@ 0x1000
1000269e:	4806      	ldr	r0, [pc, #24]	@ (100026b8 <rp2040_usb_init+0x38>)
100026a0:	f002 fa9e 	bl	10004be0 <__memset_veneer>
100026a4:	2209      	movs	r2, #9
100026a6:	4b05      	ldr	r3, [pc, #20]	@ (100026bc <rp2040_usb_init+0x3c>)
100026a8:	675a      	str	r2, [r3, #116]	@ 0x74
100026aa:	bd08      	pop	{r3, pc}
100026ac:	40022000 	.word	0x40022000
100026b0:	40023000 	.word	0x40023000
100026b4:	40020000 	.word	0x40020000
100026b8:	50100000 	.word	0x50100000
100026bc:	50110000 	.word	0x50110000

100026c0 <hw_endpoint_xfer_start>:
100026c0:	2300      	movs	r3, #0
100026c2:	f04f 0c01 	mov.w	ip, #1
100026c6:	b510      	push	{r4, lr}
100026c8:	f880 c01a 	strb.w	ip, [r0, #26]
100026cc:	8282      	strh	r2, [r0, #20]
100026ce:	82c3      	strh	r3, [r0, #22]
100026d0:	6101      	str	r1, [r0, #16]
100026d2:	4604      	mov	r4, r0
100026d4:	f002 fa8c 	bl	10004bf0 <__e15_is_bulkin_ep_veneer>
100026d8:	b120      	cbz	r0, 100026e4 <hw_endpoint_xfer_start+0x24>
100026da:	f44f 3200 	mov.w	r2, #131072	@ 0x20000
100026de:	4b07      	ldr	r3, [pc, #28]	@ (100026fc <hw_endpoint_xfer_start+0x3c>)
100026e0:	f8c3 2090 	str.w	r2, [r3, #144]	@ 0x90
100026e4:	4620      	mov	r0, r4
100026e6:	f002 fa87 	bl	10004bf8 <__e15_is_critical_frame_period_veneer>
100026ea:	b110      	cbz	r0, 100026f2 <hw_endpoint_xfer_start+0x32>
100026ec:	2301      	movs	r3, #1
100026ee:	7723      	strb	r3, [r4, #28]
100026f0:	bd10      	pop	{r4, pc}
100026f2:	4620      	mov	r0, r4
100026f4:	e8bd 4010 	ldmia.w	sp!, {r4, lr}
100026f8:	f002 ba92 	b.w	10004c20 <__hw_endpoint_start_next_buffer_veneer>
100026fc:	50112000 	.word	0x50112000

10002700 <configuration_reset>:
10002700:	e92d 41f0 	stmdb	sp!, {r4, r5, r6, r7, r8, lr}
10002704:	f04f 0800 	mov.w	r8, #0
10002708:	4d1c      	ldr	r5, [pc, #112]	@ (1000277c <configuration_reset+0x7c>)
1000270a:	4604      	mov	r4, r0
1000270c:	4642      	mov	r2, r8
1000270e:	782b      	ldrb	r3, [r5, #0]
10002710:	4f1b      	ldr	r7, [pc, #108]	@ (10002780 <configuration_reset+0x80>)
10002712:	4e1c      	ldr	r6, [pc, #112]	@ (10002784 <configuration_reset+0x84>)
10002714:	e00d      	b.n	10002732 <configuration_reset+0x32>
10002716:	6833      	ldr	r3, [r6, #0]
10002718:	eb13 1342 	adds.w	r3, r3, r2, lsl #5
1000271c:	d024      	beq.n	10002768 <configuration_reset+0x68>
1000271e:	68db      	ldr	r3, [r3, #12]
10002720:	4620      	mov	r0, r4
10002722:	4798      	blx	r3
10002724:	f108 0801 	add.w	r8, r8, #1
10002728:	782b      	ldrb	r3, [r5, #0]
1000272a:	fa5f f288 	uxtb.w	r2, r8
1000272e:	4293      	cmp	r3, r2
10002730:	d306      	bcc.n	10002740 <configuration_reset+0x40>
10002732:	4293      	cmp	r3, r2
10002734:	eba2 0303 	sub.w	r3, r2, r3
10002738:	d8ed      	bhi.n	10002716 <configuration_reset+0x16>
1000273a:	eb07 1343 	add.w	r3, r7, r3, lsl #5
1000273e:	e7ee      	b.n	1000271e <configuration_reset+0x1e>
10002740:	2254      	movs	r2, #84	@ 0x54
10002742:	2100      	movs	r1, #0
10002744:	4810      	ldr	r0, [pc, #64]	@ (10002788 <configuration_reset+0x88>)
10002746:	f002 fa4b 	bl	10004be0 <__memset_veneer>
1000274a:	f04f 33ff 	mov.w	r3, #4294967295
1000274e:	480e      	ldr	r0, [pc, #56]	@ (10002788 <configuration_reset+0x88>)
10002750:	2220      	movs	r2, #32
10002752:	1d04      	adds	r4, r0, #4
10002754:	6043      	str	r3, [r0, #4]
10002756:	e9c4 3301 	strd	r3, r3, [r4, #4]
1000275a:	60e3      	str	r3, [r4, #12]
1000275c:	21ff      	movs	r1, #255	@ 0xff
1000275e:	e8bd 41f0 	ldmia.w	sp!, {r4, r5, r6, r7, r8, lr}
10002762:	3014      	adds	r0, #20
10002764:	f002 ba3c 	b.w	10004be0 <__memset_veneer>
10002768:	f04f 23e0 	mov.w	r3, #3758153728	@ 0xe000e000
1000276c:	f8d3 3df0 	ldr.w	r3, [r3, #3568]	@ 0xdf0
10002770:	07db      	lsls	r3, r3, #31
10002772:	d500      	bpl.n	10002776 <configuration_reset+0x76>
10002774:	be00      	bkpt	0x0000
10002776:	e8bd 81f0 	ldmia.w	sp!, {r4, r5, r6, r7, r8, pc}
1000277a:	bf00      	nop
1000277c:	2000210d 	.word	0x2000210d
10002780:	10004fd4 	.word	0x10004fd4
10002784:	20001930 	.word	0x20001930
10002788:	20001b00 	.word	0x20001b00

1000278c <tud_event_hook_cb>:
1000278c:	4770      	bx	lr
1000278e:	bf00      	nop

10002790 <tud_sof_cb>:
10002790:	4770      	bx	lr
10002792:	bf00      	nop

10002794 <tud_descriptor_device_qualifier_cb>:
10002794:	2000      	movs	r0, #0
10002796:	4770      	bx	lr

10002798 <tud_descriptor_other_speed_configuration_cb>:
10002798:	2000      	movs	r0, #0
1000279a:	4770      	bx	lr

1000279c <tud_mount_cb>:
1000279c:	4770      	bx	lr
1000279e:	bf00      	nop

100027a0 <tud_umount_cb>:
100027a0:	4770      	bx	lr
100027a2:	bf00      	nop

100027a4 <tud_suspend_cb>:
100027a4:	4770      	bx	lr
100027a6:	bf00      	nop

100027a8 <tud_resume_cb>:
100027a8:	4770      	bx	lr
100027aa:	bf00      	nop

100027ac <tud_mounted>:
100027ac:	4b02      	ldr	r3, [pc, #8]	@ (100027b8 <tud_mounted+0xc>)
100027ae:	7858      	ldrb	r0, [r3, #1]
100027b0:	3800      	subs	r0, #0
100027b2:	bf18      	it	ne
100027b4:	2001      	movne	r0, #1
100027b6:	4770      	bx	lr
100027b8:	20001b00 	.word	0x20001b00

100027bc <tud_suspended>:
100027bc:	4b02      	ldr	r3, [pc, #8]	@ (100027c8 <tud_suspended+0xc>)
100027be:	7818      	ldrb	r0, [r3, #0]
100027c0:	f3c0 0080 	ubfx	r0, r0, #2, #1
100027c4:	4770      	bx	lr
100027c6:	bf00      	nop
100027c8:	20001b00 	.word	0x20001b00

100027cc <tud_rhport_init>:
100027cc:	e92d 47f0 	stmdb	sp!, {r4, r5, r6, r7, r8, r9, sl, lr}
100027d0:	f8df 90e4 	ldr.w	r9, [pc, #228]	@ 100028b8 <tud_rhport_init+0xec>
100027d4:	f899 3000 	ldrb.w	r3, [r9]
100027d8:	2bff      	cmp	r3, #255	@ 0xff
100027da:	d155      	bne.n	10002888 <tud_rhport_init+0xbc>
100027dc:	460d      	mov	r5, r1
100027de:	2900      	cmp	r1, #0
100027e0:	d03d      	beq.n	1000285e <tud_rhport_init+0x92>
100027e2:	2100      	movs	r1, #0
100027e4:	2254      	movs	r2, #84	@ 0x54
100027e6:	4606      	mov	r6, r0
100027e8:	4829      	ldr	r0, [pc, #164]	@ (10002890 <tud_rhport_init+0xc4>)
100027ea:	f002 f9f9 	bl	10004be0 <__memset_veneer>
100027ee:	2200      	movs	r2, #0
100027f0:	4c28      	ldr	r4, [pc, #160]	@ (10002894 <tud_rhport_init+0xc8>)
100027f2:	4b29      	ldr	r3, [pc, #164]	@ (10002898 <tud_rhport_init+0xcc>)
100027f4:	4620      	mov	r0, r4
100027f6:	701a      	strb	r2, [r3, #0]
100027f8:	f7fe f8e4 	bl	100009c4 <mutex_init>
100027fc:	4b27      	ldr	r3, [pc, #156]	@ (1000289c <tud_rhport_init+0xd0>)
100027fe:	4828      	ldr	r0, [pc, #160]	@ (100028a0 <tud_rhport_init+0xd4>)
10002800:	601c      	str	r4, [r3, #0]
10002802:	4c28      	ldr	r4, [pc, #160]	@ (100028a4 <tud_rhport_init+0xd8>)
10002804:	f7fe f8ec 	bl	100009e0 <critical_section_init>
10002808:	4620      	mov	r0, r4
1000280a:	f001 fb8f 	bl	10003f2c <tu_fifo_clear>
1000280e:	4a26      	ldr	r2, [pc, #152]	@ (100028a8 <tud_rhport_init+0xdc>)
10002810:	4b26      	ldr	r3, [pc, #152]	@ (100028ac <tud_rhport_init+0xe0>)
10002812:	6014      	str	r4, [r2, #0]
10002814:	b123      	cbz	r3, 10002820 <tud_rhport_init+0x54>
10002816:	4826      	ldr	r0, [pc, #152]	@ (100028b0 <tud_rhport_init+0xe4>)
10002818:	f7ff fdf4 	bl	10002404 <usbd_app_driver_get_cb>
1000281c:	4b25      	ldr	r3, [pc, #148]	@ (100028b4 <tud_rhport_init+0xe8>)
1000281e:	6018      	str	r0, [r3, #0]
10002820:	f04f 0a00 	mov.w	sl, #0
10002824:	4c22      	ldr	r4, [pc, #136]	@ (100028b0 <tud_rhport_init+0xe4>)
10002826:	4653      	mov	r3, sl
10002828:	7822      	ldrb	r2, [r4, #0]
1000282a:	f8df 8090 	ldr.w	r8, [pc, #144]	@ 100028bc <tud_rhport_init+0xf0>
1000282e:	4f21      	ldr	r7, [pc, #132]	@ (100028b4 <tud_rhport_init+0xe8>)
10002830:	e00d      	b.n	1000284e <tud_rhport_init+0x82>
10002832:	683a      	ldr	r2, [r7, #0]
10002834:	eb12 1343 	adds.w	r3, r2, r3, lsl #5
10002838:	d011      	beq.n	1000285e <tud_rhport_init+0x92>
1000283a:	685b      	ldr	r3, [r3, #4]
1000283c:	b17b      	cbz	r3, 1000285e <tud_rhport_init+0x92>
1000283e:	4798      	blx	r3
10002840:	f10a 0a01 	add.w	sl, sl, #1
10002844:	7822      	ldrb	r2, [r4, #0]
10002846:	fa5f f38a 	uxtb.w	r3, sl
1000284a:	4293      	cmp	r3, r2
1000284c:	d811      	bhi.n	10002872 <tud_rhport_init+0xa6>
1000284e:	4293      	cmp	r3, r2
10002850:	d3ef      	bcc.n	10002832 <tud_rhport_init+0x66>
10002852:	1a9b      	subs	r3, r3, r2
10002854:	eb08 1343 	add.w	r3, r8, r3, lsl #5
10002858:	685b      	ldr	r3, [r3, #4]
1000285a:	2b00      	cmp	r3, #0
1000285c:	d1ef      	bne.n	1000283e <tud_rhport_init+0x72>
1000285e:	f04f 23e0 	mov.w	r3, #3758153728	@ 0xe000e000
10002862:	f8d3 3df0 	ldr.w	r3, [r3, #3568]	@ 0xdf0
10002866:	07db      	lsls	r3, r3, #31
10002868:	d500      	bpl.n	1000286c <tud_rhport_init+0xa0>
1000286a:	be00      	bkpt	0x0000
1000286c:	2000      	movs	r0, #0
1000286e:	e8bd 87f0 	ldmia.w	sp!, {r4, r5, r6, r7, r8, r9, sl, pc}
10002872:	4629      	mov	r1, r5
10002874:	4630      	mov	r0, r6
10002876:	f889 6000 	strb.w	r6, [r9]
1000287a:	f7ff fdd7 	bl	1000242c <dcd_init>
1000287e:	2800      	cmp	r0, #0
10002880:	d0ed      	beq.n	1000285e <tud_rhport_init+0x92>
10002882:	4630      	mov	r0, r6
10002884:	f7ff fe18 	bl	100024b8 <dcd_int_enable>
10002888:	2001      	movs	r0, #1
1000288a:	e8bd 87f0 	ldmia.w	sp!, {r4, r5, r6, r7, r8, r9, sl, pc}
1000288e:	bf00      	nop
10002890:	20001b00 	.word	0x20001b00
10002894:	20001af8 	.word	0x20001af8
10002898:	2000210f 	.word	0x2000210f
1000289c:	20001b54 	.word	0x20001b54
100028a0:	200010bc 	.word	0x200010bc
100028a4:	200010a8 	.word	0x200010a8
100028a8:	20001b58 	.word	0x20001b58
100028ac:	10002405 	.word	0x10002405
100028b0:	2000210d 	.word	0x2000210d
100028b4:	20001930 	.word	0x20001930
100028b8:	200010c4 	.word	0x200010c4
100028bc:	10004fd4 	.word	0x10004fd4

100028c0 <tud_task_ext>:
100028c0:	e92d 4ff0 	stmdb	sp!, {r4, r5, r6, r7, r8, r9, sl, fp, lr}
100028c4:	f8df 92b0 	ldr.w	r9, [pc, #688]	@ 10002b78 <tud_task_ext+0x2b8>
100028c8:	b08b      	sub	sp, #44	@ 0x2c
100028ca:	f899 3000 	ldrb.w	r3, [r9]
100028ce:	2bff      	cmp	r3, #255	@ 0xff
100028d0:	f000 80ed 	beq.w	10002aae <tud_task_ext+0x1ee>
100028d4:	4ca2      	ldr	r4, [pc, #648]	@ (10002b60 <tud_task_ext+0x2a0>)
100028d6:	4da3      	ldr	r5, [pc, #652]	@ (10002b64 <tud_task_ext+0x2a4>)
100028d8:	f8df a298 	ldr.w	sl, [pc, #664]	@ 10002b74 <tud_task_ext+0x2b4>
100028dc:	f8df b29c 	ldr.w	fp, [pc, #668]	@ 10002b7c <tud_task_ext+0x2bc>
100028e0:	6826      	ldr	r6, [r4, #0]
100028e2:	6973      	ldr	r3, [r6, #20]
100028e4:	f3ef 8210 	mrs	r2, PRIMASK
100028e8:	b672      	cpsid	i
100028ea:	e8d3 0fcf 	ldaexb	r0, [r3]
100028ee:	2101      	movs	r1, #1
100028f0:	2800      	cmp	r0, #0
100028f2:	d1fa      	bne.n	100028ea <tud_task_ext+0x2a>
100028f4:	e8c3 1f40 	strexb	r0, r1, [r3]
100028f8:	2800      	cmp	r0, #0
100028fa:	d1f6      	bne.n	100028ea <tud_task_ext+0x2a>
100028fc:	f3bf 8f5f 	dmb	sy
10002900:	61b2      	str	r2, [r6, #24]
10002902:	4630      	mov	r0, r6
10002904:	a907      	add	r1, sp, #28
10002906:	f001 f95b 	bl	10003bc0 <tu_fifo_read>
1000290a:	2300      	movs	r3, #0
1000290c:	6972      	ldr	r2, [r6, #20]
1000290e:	e8c2 3f8f 	stlb	r3, [r2]
10002912:	69b3      	ldr	r3, [r6, #24]
10002914:	f383 8810 	msr	PRIMASK, r3
10002918:	2800      	cmp	r0, #0
1000291a:	f000 80c8 	beq.w	10002aae <tud_task_ext+0x1ee>
1000291e:	f89d 301d 	ldrb.w	r3, [sp, #29]
10002922:	3b01      	subs	r3, #1
10002924:	2b07      	cmp	r3, #7
10002926:	f200 836b 	bhi.w	10003000 <tud_task_ext+0x740>
1000292a:	e8df f003 	tbb	[pc, r3]
1000292e:	afa5      	.short	0xafa5
10002930:	358c9b93 	.word	0x358c9b93
10002934:	040a      	.short	0x040a
10002936:	9b08      	ldr	r3, [sp, #32]
10002938:	2b00      	cmp	r3, #0
1000293a:	d0d1      	beq.n	100028e0 <tud_task_ext+0x20>
1000293c:	9809      	ldr	r0, [sp, #36]	@ 0x24
1000293e:	4798      	blx	r3
10002940:	e7ce      	b.n	100028e0 <tud_task_ext+0x20>
10002942:	f89d 1020 	ldrb.w	r1, [sp, #32]
10002946:	f001 067f 	and.w	r6, r1, #127	@ 0x7f
1000294a:	eb05 0046 	add.w	r0, r5, r6, lsl #1
1000294e:	eb00 10d1 	add.w	r0, r0, r1, lsr #7
10002952:	f890 3034 	ldrb.w	r3, [r0, #52]	@ 0x34
10002956:	f023 0301 	bic.w	r3, r3, #1
1000295a:	f880 3034 	strb.w	r3, [r0, #52]	@ 0x34
1000295e:	f890 3034 	ldrb.w	r3, [r0, #52]	@ 0x34
10002962:	f023 0304 	bic.w	r3, r3, #4
10002966:	f880 3034 	strb.w	r3, [r0, #52]	@ 0x34
1000296a:	2e00      	cmp	r6, #0
1000296c:	f000 80a2 	beq.w	10002ab4 <tud_task_ext+0x1f4>
10002970:	7d02      	ldrb	r2, [r0, #20]
10002972:	f89a 3000 	ldrb.w	r3, [sl]
10002976:	429a      	cmp	r2, r3
10002978:	f080 8091 	bcs.w	10002a9e <tud_task_ext+0x1de>
1000297c:	4b7a      	ldr	r3, [pc, #488]	@ (10002b68 <tud_task_ext+0x2a8>)
1000297e:	681b      	ldr	r3, [r3, #0]
10002980:	eb13 1342 	adds.w	r3, r3, r2, lsl #5
10002984:	f000 808c 	beq.w	10002aa0 <tud_task_ext+0x1e0>
10002988:	699e      	ldr	r6, [r3, #24]
1000298a:	f89d 2021 	ldrb.w	r2, [sp, #33]	@ 0x21
1000298e:	9b09      	ldr	r3, [sp, #36]	@ 0x24
10002990:	f89d 001c 	ldrb.w	r0, [sp, #28]
10002994:	47b0      	blx	r6
10002996:	e7a3      	b.n	100028e0 <tud_task_ext+0x20>
10002998:	f89b 3000 	ldrb.w	r3, [fp]
1000299c:	2b00      	cmp	r3, #0
1000299e:	d07f      	beq.n	10002aa0 <tud_task_ext+0x1e0>
100029a0:	f89b 3000 	ldrb.w	r3, [fp]
100029a4:	3b01      	subs	r3, #1
100029a6:	b2db      	uxtb	r3, r3
100029a8:	f88b 3000 	strb.w	r3, [fp]
100029ac:	f89b 3000 	ldrb.w	r3, [fp]
100029b0:	f003 00ff 	and.w	r0, r3, #255	@ 0xff
100029b4:	2b00      	cmp	r3, #0
100029b6:	d193      	bne.n	100028e0 <tud_task_ext+0x20>
100029b8:	4f6a      	ldr	r7, [pc, #424]	@ (10002b64 <tud_task_ext+0x2a4>)
100029ba:	f89d 801c 	ldrb.w	r8, [sp, #28]
100029be:	783b      	ldrb	r3, [r7, #0]
100029c0:	f043 0301 	orr.w	r3, r3, #1
100029c4:	703b      	strb	r3, [r7, #0]
100029c6:	f897 3034 	ldrb.w	r3, [r7, #52]	@ 0x34
100029ca:	f360 0300 	bfi	r3, r0, #0, #1
100029ce:	f887 3034 	strb.w	r3, [r7, #52]	@ 0x34
100029d2:	f897 3034 	ldrb.w	r3, [r7, #52]	@ 0x34
100029d6:	f360 0382 	bfi	r3, r0, #2, #1
100029da:	f887 3034 	strb.w	r3, [r7, #52]	@ 0x34
100029de:	f897 3035 	ldrb.w	r3, [r7, #53]	@ 0x35
100029e2:	f360 0300 	bfi	r3, r0, #0, #1
100029e6:	f887 3035 	strb.w	r3, [r7, #53]	@ 0x35
100029ea:	f897 3035 	ldrb.w	r3, [r7, #53]	@ 0x35
100029ee:	f360 0382 	bfi	r3, r0, #2, #1
100029f2:	f887 3035 	strb.w	r3, [r7, #53]	@ 0x35
100029f6:	f000 fc5b 	bl	100032b0 <usbd_control_set_complete_callback>
100029fa:	f89d 3020 	ldrb.w	r3, [sp, #32]
100029fe:	f003 0260 	and.w	r2, r3, #96	@ 0x60
10002a02:	2a60      	cmp	r2, #96	@ 0x60
10002a04:	d066      	beq.n	10002ad4 <tud_task_ext+0x214>
10002a06:	2a40      	cmp	r2, #64	@ 0x40
10002a08:	d076      	beq.n	10002af8 <tud_task_ext+0x238>
10002a0a:	f003 031f 	and.w	r3, r3, #31
10002a0e:	2b01      	cmp	r3, #1
10002a10:	f000 80b6 	beq.w	10002b80 <tud_task_ext+0x2c0>
10002a14:	2b02      	cmp	r3, #2
10002a16:	d07b      	beq.n	10002b10 <tud_task_ext+0x250>
10002a18:	2b00      	cmp	r3, #0
10002a1a:	d15b      	bne.n	10002ad4 <tud_task_ext+0x214>
10002a1c:	2a20      	cmp	r2, #32
10002a1e:	f000 81db 	beq.w	10002dd8 <tud_task_ext+0x518>
10002a22:	2a00      	cmp	r2, #0
10002a24:	d156      	bne.n	10002ad4 <tud_task_ext+0x214>
10002a26:	f89d 3021 	ldrb.w	r3, [sp, #33]	@ 0x21
10002a2a:	2b09      	cmp	r3, #9
10002a2c:	d852      	bhi.n	10002ad4 <tud_task_ext+0x214>
10002a2e:	e8df f013 	tbh	[pc, r3, lsl #1]
10002a32:	01a2      	.short	0x01a2
10002a34:	00510194 	.word	0x00510194
10002a38:	005101b3 	.word	0x005101b3
10002a3c:	015d0187 	.word	0x015d0187
10002a40:	01520051 	.word	0x01520051
10002a44:	00e5      	.short	0x00e5
10002a46:	782b      	ldrb	r3, [r5, #0]
10002a48:	07d9      	lsls	r1, r3, #31
10002a4a:	f57f af49 	bpl.w	100028e0 <tud_task_ext+0x20>
10002a4e:	f7ff feab 	bl	100027a8 <tud_resume_cb>
10002a52:	e745      	b.n	100028e0 <tud_task_ext+0x20>
10002a54:	78eb      	ldrb	r3, [r5, #3]
10002a56:	07da      	lsls	r2, r3, #31
10002a58:	f57f af42 	bpl.w	100028e0 <tud_task_ext+0x20>
10002a5c:	9808      	ldr	r0, [sp, #32]
10002a5e:	f7ff fe97 	bl	10002790 <tud_sof_cb>
10002a62:	e73d      	b.n	100028e0 <tud_task_ext+0x20>
10002a64:	782b      	ldrb	r3, [r5, #0]
10002a66:	07d8      	lsls	r0, r3, #31
10002a68:	f57f af3a 	bpl.w	100028e0 <tud_task_ext+0x20>
10002a6c:	7828      	ldrb	r0, [r5, #0]
10002a6e:	f3c0 00c0 	ubfx	r0, r0, #3, #1
10002a72:	f7ff fe97 	bl	100027a4 <tud_suspend_cb>
10002a76:	e733      	b.n	100028e0 <tud_task_ext+0x20>
10002a78:	f89d 001c 	ldrb.w	r0, [sp, #28]
10002a7c:	f7ff fe40 	bl	10002700 <configuration_reset>
10002a80:	f000 fc0c 	bl	1000329c <usbd_control_reset>
10002a84:	f89d 3020 	ldrb.w	r3, [sp, #32]
10002a88:	70ab      	strb	r3, [r5, #2]
10002a8a:	e729      	b.n	100028e0 <tud_task_ext+0x20>
10002a8c:	f89d 001c 	ldrb.w	r0, [sp, #28]
10002a90:	f7ff fe36 	bl	10002700 <configuration_reset>
10002a94:	f000 fc02 	bl	1000329c <usbd_control_reset>
10002a98:	f7ff fe82 	bl	100027a0 <tud_umount_cb>
10002a9c:	e720      	b.n	100028e0 <tud_task_ext+0x20>
10002a9e:	d011      	beq.n	10002ac4 <tud_task_ext+0x204>
10002aa0:	f04f 23e0 	mov.w	r3, #3758153728	@ 0xe000e000
10002aa4:	f8d3 3df0 	ldr.w	r3, [r3, #3568]	@ 0xdf0
10002aa8:	07dc      	lsls	r4, r3, #31
10002aaa:	d500      	bpl.n	10002aae <tud_task_ext+0x1ee>
10002aac:	be00      	bkpt	0x0000
10002aae:	b00b      	add	sp, #44	@ 0x2c
10002ab0:	e8bd 8ff0 	ldmia.w	sp!, {r4, r5, r6, r7, r8, r9, sl, fp, pc}
10002ab4:	9b09      	ldr	r3, [sp, #36]	@ 0x24
10002ab6:	f89d 2021 	ldrb.w	r2, [sp, #33]	@ 0x21
10002aba:	f89d 001c 	ldrb.w	r0, [sp, #28]
10002abe:	f000 fc0b 	bl	100032d8 <usbd_control_xfer_cb>
10002ac2:	e70d      	b.n	100028e0 <tud_task_ext+0x20>
10002ac4:	4b29      	ldr	r3, [pc, #164]	@ (10002b6c <tud_task_ext+0x2ac>)
10002ac6:	e75f      	b.n	10002988 <tud_task_ext+0xc8>
10002ac8:	f7ff fb28 	bl	1000211c <tud_descriptor_configuration_cb>
10002acc:	4602      	mov	r2, r0
10002ace:	2800      	cmp	r0, #0
10002ad0:	f040 8179 	bne.w	10002dc6 <tud_task_ext+0x506>
10002ad4:	f04f 23e0 	mov.w	r3, #3758153728	@ 0xe000e000
10002ad8:	f8d3 3df0 	ldr.w	r3, [r3, #3568]	@ 0xdf0
10002adc:	07de      	lsls	r6, r3, #31
10002ade:	d500      	bpl.n	10002ae2 <tud_task_ext+0x222>
10002ae0:	be00      	bkpt	0x0000
10002ae2:	f89d 001c 	ldrb.w	r0, [sp, #28]
10002ae6:	2100      	movs	r1, #0
10002ae8:	f7ff fda0 	bl	1000262c <dcd_edpt_stall>
10002aec:	2180      	movs	r1, #128	@ 0x80
10002aee:	f89d 001c 	ldrb.w	r0, [sp, #28]
10002af2:	f7ff fd9b 	bl	1000262c <dcd_edpt_stall>
10002af6:	e6f3      	b.n	100028e0 <tud_task_ext+0x20>
10002af8:	481d      	ldr	r0, [pc, #116]	@ (10002b70 <tud_task_ext+0x2b0>)
10002afa:	f000 fbd9 	bl	100032b0 <usbd_control_set_complete_callback>
10002afe:	2101      	movs	r1, #1
10002b00:	4640      	mov	r0, r8
10002b02:	aa08      	add	r2, sp, #32
10002b04:	f7ff fc6a 	bl	100023dc <tud_vendor_control_xfer_cb>
10002b08:	2800      	cmp	r0, #0
10002b0a:	f47f aee9 	bne.w	100028e0 <tud_task_ext+0x20>
10002b0e:	e7e8      	b.n	10002ae2 <tud_task_ext+0x222>
10002b10:	f89d 1024 	ldrb.w	r1, [sp, #36]	@ 0x24
10002b14:	f011 0f70 	tst.w	r1, #112	@ 0x70
10002b18:	d1dc      	bne.n	10002ad4 <tud_task_ext+0x214>
10002b1a:	f001 067f 	and.w	r6, r1, #127	@ 0x7f
10002b1e:	eb07 0046 	add.w	r0, r7, r6, lsl #1
10002b22:	4b14      	ldr	r3, [pc, #80]	@ (10002b74 <tud_task_ext+0x2b4>)
10002b24:	eb00 10d1 	add.w	r0, r0, r1, lsr #7
10002b28:	781b      	ldrb	r3, [r3, #0]
10002b2a:	7d00      	ldrb	r0, [r0, #20]
10002b2c:	0076      	lsls	r6, r6, #1
10002b2e:	9601      	str	r6, [sp, #4]
10002b30:	4298      	cmp	r0, r3
10002b32:	ea4f 16d1 	mov.w	r6, r1, lsr #7
10002b36:	9600      	str	r6, [sp, #0]
10002b38:	d34f      	bcc.n	10002bda <tud_task_ext+0x31a>
10002b3a:	f040 815f 	bne.w	10002dfc <tud_task_ext+0x53c>
10002b3e:	4e0b      	ldr	r6, [pc, #44]	@ (10002b6c <tud_task_ext+0x2ac>)
10002b40:	2a00      	cmp	r2, #0
10002b42:	f000 815f 	beq.w	10002e04 <tud_task_ext+0x544>
10002b46:	6970      	ldr	r0, [r6, #20]
10002b48:	f000 fbb2 	bl	100032b0 <usbd_control_set_complete_callback>
10002b4c:	2101      	movs	r1, #1
10002b4e:	4640      	mov	r0, r8
10002b50:	6973      	ldr	r3, [r6, #20]
10002b52:	aa08      	add	r2, sp, #32
10002b54:	4798      	blx	r3
10002b56:	2800      	cmp	r0, #0
10002b58:	f47f aec2 	bne.w	100028e0 <tud_task_ext+0x20>
10002b5c:	e7c1      	b.n	10002ae2 <tud_task_ext+0x222>
10002b5e:	bf00      	nop
10002b60:	20001b58 	.word	0x20001b58
10002b64:	20001b00 	.word	0x20001b00
10002b68:	20001930 	.word	0x20001930
10002b6c:	10004fd4 	.word	0x10004fd4
10002b70:	100023dd 	.word	0x100023dd
10002b74:	2000210d 	.word	0x2000210d
10002b78:	200010c4 	.word	0x200010c4
10002b7c:	2000210f 	.word	0x2000210f
10002b80:	f89d 3024 	ldrb.w	r3, [sp, #36]	@ 0x24
10002b84:	2b0f      	cmp	r3, #15
10002b86:	d8ac      	bhi.n	10002ae2 <tud_task_ext+0x222>
10002b88:	4aaa      	ldr	r2, [pc, #680]	@ (10002e34 <tud_task_ext+0x574>)
10002b8a:	443b      	add	r3, r7
10002b8c:	791b      	ldrb	r3, [r3, #4]
10002b8e:	7812      	ldrb	r2, [r2, #0]
10002b90:	4293      	cmp	r3, r2
10002b92:	d32d      	bcc.n	10002bf0 <tud_task_ext+0x330>
10002b94:	d1a5      	bne.n	10002ae2 <tud_task_ext+0x222>
10002b96:	4ea8      	ldr	r6, [pc, #672]	@ (10002e38 <tud_task_ext+0x578>)
10002b98:	6970      	ldr	r0, [r6, #20]
10002b9a:	f000 fb89 	bl	100032b0 <usbd_control_set_complete_callback>
10002b9e:	2101      	movs	r1, #1
10002ba0:	4640      	mov	r0, r8
10002ba2:	6973      	ldr	r3, [r6, #20]
10002ba4:	aa08      	add	r2, sp, #32
10002ba6:	4798      	blx	r3
10002ba8:	2800      	cmp	r0, #0
10002baa:	f47f ae99 	bne.w	100028e0 <tud_task_ext+0x20>
10002bae:	f89d 3020 	ldrb.w	r3, [sp, #32]
10002bb2:	f013 0660 	ands.w	r6, r3, #96	@ 0x60
10002bb6:	d194      	bne.n	10002ae2 <tud_task_ext+0x222>
10002bb8:	f89d 3021 	ldrb.w	r3, [sp, #33]	@ 0x21
10002bbc:	3b0a      	subs	r3, #10
10002bbe:	2b01      	cmp	r3, #1
10002bc0:	d88f      	bhi.n	10002ae2 <tud_task_ext+0x222>
10002bc2:	f000 fb75 	bl	100032b0 <usbd_control_set_complete_callback>
10002bc6:	f89d 3021 	ldrb.w	r3, [sp, #33]	@ 0x21
10002bca:	2b0a      	cmp	r3, #10
10002bcc:	f000 81f1 	beq.w	10002fb2 <tud_task_ext+0x6f2>
10002bd0:	4640      	mov	r0, r8
10002bd2:	a908      	add	r1, sp, #32
10002bd4:	f000 faf0 	bl	100031b8 <tud_control_status>
10002bd8:	e682      	b.n	100028e0 <tud_task_ext+0x20>
10002bda:	4b98      	ldr	r3, [pc, #608]	@ (10002e3c <tud_task_ext+0x57c>)
10002bdc:	681b      	ldr	r3, [r3, #0]
10002bde:	eb03 1640 	add.w	r6, r3, r0, lsl #5
10002be2:	2a00      	cmp	r2, #0
10002be4:	f000 810e 	beq.w	10002e04 <tud_task_ext+0x544>
10002be8:	2e00      	cmp	r6, #0
10002bea:	f43f af7a 	beq.w	10002ae2 <tud_task_ext+0x222>
10002bee:	e7aa      	b.n	10002b46 <tud_task_ext+0x286>
10002bf0:	4a92      	ldr	r2, [pc, #584]	@ (10002e3c <tud_task_ext+0x57c>)
10002bf2:	6816      	ldr	r6, [r2, #0]
10002bf4:	eb16 1643 	adds.w	r6, r6, r3, lsl #5
10002bf8:	d1ce      	bne.n	10002b98 <tud_task_ext+0x2d8>
10002bfa:	e772      	b.n	10002ae2 <tud_task_ext+0x222>
10002bfc:	787b      	ldrb	r3, [r7, #1]
10002bfe:	f89d 6022 	ldrb.w	r6, [sp, #34]	@ 0x22
10002c02:	429e      	cmp	r6, r3
10002c04:	f000 814c 	beq.w	10002ea0 <tud_task_ext+0x5e0>
10002c08:	787b      	ldrb	r3, [r7, #1]
10002c0a:	2b00      	cmp	r3, #0
10002c0c:	f040 81bd 	bne.w	10002f8a <tud_task_ext+0x6ca>
10002c10:	707e      	strb	r6, [r7, #1]
10002c12:	2e00      	cmp	r6, #0
10002c14:	f000 8142 	beq.w	10002e9c <tud_task_ext+0x5dc>
10002c18:	1e70      	subs	r0, r6, #1
10002c1a:	b2c0      	uxtb	r0, r0
10002c1c:	f7ff fa7e 	bl	1000211c <tud_descriptor_configuration_cb>
10002c20:	4603      	mov	r3, r0
10002c22:	2800      	cmp	r0, #0
10002c24:	f000 815e 	beq.w	10002ee4 <tud_task_ext+0x624>
10002c28:	7842      	ldrb	r2, [r0, #1]
10002c2a:	2a02      	cmp	r2, #2
10002c2c:	f040 815a 	bne.w	10002ee4 <tud_task_ext+0x624>
10002c30:	79c1      	ldrb	r1, [r0, #7]
10002c32:	f103 0609 	add.w	r6, r3, #9
10002c36:	f3c1 1240 	ubfx	r2, r1, #5, #1
10002c3a:	0112      	lsls	r2, r2, #4
10002c3c:	f3c1 1180 	ubfx	r1, r1, #6, #1
10002c40:	ea42 1241 	orr.w	r2, r2, r1, lsl #5
10002c44:	4631      	mov	r1, r6
10002c46:	7838      	ldrb	r0, [r7, #0]
10002c48:	f020 0030 	bic.w	r0, r0, #48	@ 0x30
10002c4c:	4302      	orrs	r2, r0
10002c4e:	703a      	strb	r2, [r7, #0]
10002c50:	885a      	ldrh	r2, [r3, #2]
10002c52:	f8cd 8008 	str.w	r8, [sp, #8]
10002c56:	189a      	adds	r2, r3, r2
10002c58:	9200      	str	r2, [sp, #0]
10002c5a:	9b00      	ldr	r3, [sp, #0]
10002c5c:	428b      	cmp	r3, r1
10002c5e:	f240 81a3 	bls.w	10002fa8 <tud_task_ext+0x6e8>
10002c62:	784b      	ldrb	r3, [r1, #1]
10002c64:	2b0b      	cmp	r3, #11
10002c66:	f000 81ae 	beq.w	10002fc6 <tud_task_ext+0x706>
10002c6a:	f04f 0c01 	mov.w	ip, #1
10002c6e:	2b04      	cmp	r3, #4
10002c70:	f040 8138 	bne.w	10002ee4 <tud_task_ext+0x624>
10002c74:	2300      	movs	r3, #0
10002c76:	9a00      	ldr	r2, [sp, #0]
10002c78:	461e      	mov	r6, r3
10002c7a:	1a52      	subs	r2, r2, r1
10002c7c:	b292      	uxth	r2, r2
10002c7e:	9201      	str	r2, [sp, #4]
10002c80:	4a6c      	ldr	r2, [pc, #432]	@ (10002e34 <tud_task_ext+0x574>)
10002c82:	f8cd c00c 	str.w	ip, [sp, #12]
10002c86:	7812      	ldrb	r2, [r2, #0]
10002c88:	e01d      	b.n	10002cc6 <tud_task_ext+0x406>
10002c8a:	4a6c      	ldr	r2, [pc, #432]	@ (10002e3c <tud_task_ext+0x57c>)
10002c8c:	6812      	ldr	r2, [r2, #0]
10002c8e:	eb12 1846 	adds.w	r8, r2, r6, lsl #5
10002c92:	f000 8127 	beq.w	10002ee4 <tud_task_ext+0x624>
10002c96:	9a01      	ldr	r2, [sp, #4]
10002c98:	9305      	str	r3, [sp, #20]
10002c9a:	9802      	ldr	r0, [sp, #8]
10002c9c:	f8d8 3010 	ldr.w	r3, [r8, #16]
10002ca0:	9104      	str	r1, [sp, #16]
10002ca2:	4798      	blx	r3
10002ca4:	9b05      	ldr	r3, [sp, #20]
10002ca6:	2808      	cmp	r0, #8
10002ca8:	4602      	mov	r2, r0
10002caa:	9904      	ldr	r1, [sp, #16]
10002cac:	f103 0301 	add.w	r3, r3, #1
10002cb0:	d903      	bls.n	10002cba <tud_task_ext+0x3fa>
10002cb2:	9801      	ldr	r0, [sp, #4]
10002cb4:	4290      	cmp	r0, r2
10002cb6:	f080 80f8 	bcs.w	10002eaa <tud_task_ext+0x5ea>
10002cba:	4a5e      	ldr	r2, [pc, #376]	@ (10002e34 <tud_task_ext+0x574>)
10002cbc:	b2de      	uxtb	r6, r3
10002cbe:	7812      	ldrb	r2, [r2, #0]
10002cc0:	42b2      	cmp	r2, r6
10002cc2:	f0c0 810f 	bcc.w	10002ee4 <tud_task_ext+0x624>
10002cc6:	42b2      	cmp	r2, r6
10002cc8:	eba6 0202 	sub.w	r2, r6, r2
10002ccc:	d8dd      	bhi.n	10002c8a <tud_task_ext+0x3ca>
10002cce:	485a      	ldr	r0, [pc, #360]	@ (10002e38 <tud_task_ext+0x578>)
10002cd0:	eb00 1842 	add.w	r8, r0, r2, lsl #5
10002cd4:	e7df      	b.n	10002c96 <tud_task_ext+0x3d6>
10002cd6:	787b      	ldrb	r3, [r7, #1]
10002cd8:	4640      	mov	r0, r8
10002cda:	f88d 301a 	strb.w	r3, [sp, #26]
10002cde:	f10d 021a 	add.w	r2, sp, #26
10002ce2:	2301      	movs	r3, #1
10002ce4:	a908      	add	r1, sp, #32
10002ce6:	f000 fa81 	bl	100031ec <tud_control_xfer>
10002cea:	e5f9      	b.n	100028e0 <tud_task_ext+0x20>
10002cec:	f8bd 0022 	ldrh.w	r0, [sp, #34]	@ 0x22
10002cf0:	0a03      	lsrs	r3, r0, #8
10002cf2:	3b01      	subs	r3, #1
10002cf4:	0a02      	lsrs	r2, r0, #8
10002cf6:	b2c0      	uxtb	r0, r0
10002cf8:	2b0e      	cmp	r3, #14
10002cfa:	f63f aef2 	bhi.w	10002ae2 <tud_task_ext+0x222>
10002cfe:	a101      	add	r1, pc, #4	@ (adr r1, 10002d04 <tud_task_ext+0x444>)
10002d00:	f851 f023 	ldr.w	pc, [r1, r3, lsl #2]
10002d04:	10002f15 	.word	0x10002f15
10002d08:	10002db5 	.word	0x10002db5
10002d0c:	10002f51 	.word	0x10002f51
10002d10:	10002ae3 	.word	0x10002ae3
10002d14:	10002ae3 	.word	0x10002ae3
10002d18:	10002f33 	.word	0x10002f33
10002d1c:	10002db5 	.word	0x10002db5
10002d20:	10002ae3 	.word	0x10002ae3
10002d24:	10002ae3 	.word	0x10002ae3
10002d28:	10002ae3 	.word	0x10002ae3
10002d2c:	10002ae3 	.word	0x10002ae3
10002d30:	10002ae3 	.word	0x10002ae3
10002d34:	10002ae3 	.word	0x10002ae3
10002d38:	10002ae3 	.word	0x10002ae3
10002d3c:	10002f07 	.word	0x10002f07
10002d40:	a808      	add	r0, sp, #32
10002d42:	f000 fabb 	bl	100032bc <usbd_control_set_request>
10002d46:	4640      	mov	r0, r8
10002d48:	f89d 1022 	ldrb.w	r1, [sp, #34]	@ 0x22
10002d4c:	f7ff fbb8 	bl	100024c0 <dcd_set_address>
10002d50:	783b      	ldrb	r3, [r7, #0]
10002d52:	f043 0302 	orr.w	r3, r3, #2
10002d56:	703b      	strb	r3, [r7, #0]
10002d58:	e5c2      	b.n	100028e0 <tud_task_ext+0x20>
10002d5a:	f8bd 3022 	ldrh.w	r3, [sp, #34]	@ 0x22
10002d5e:	2b01      	cmp	r3, #1
10002d60:	f47f aebf 	bne.w	10002ae2 <tud_task_ext+0x222>
10002d64:	783b      	ldrb	r3, [r7, #0]
10002d66:	4640      	mov	r0, r8
10002d68:	f023 0308 	bic.w	r3, r3, #8
10002d6c:	a908      	add	r1, sp, #32
10002d6e:	703b      	strb	r3, [r7, #0]
10002d70:	f000 fa22 	bl	100031b8 <tud_control_status>
10002d74:	e5b4      	b.n	100028e0 <tud_task_ext+0x20>
10002d76:	4640      	mov	r0, r8
10002d78:	783b      	ldrb	r3, [r7, #0]
10002d7a:	089a      	lsrs	r2, r3, #2
10002d7c:	f002 0202 	and.w	r2, r2, #2
10002d80:	f3c3 1340 	ubfx	r3, r3, #5, #1
10002d84:	4313      	orrs	r3, r2
10002d86:	f8ad 301a 	strh.w	r3, [sp, #26]
10002d8a:	f10d 021a 	add.w	r2, sp, #26
10002d8e:	2302      	movs	r3, #2
10002d90:	a908      	add	r1, sp, #32
10002d92:	f000 fa2b 	bl	100031ec <tud_control_xfer>
10002d96:	e5a3      	b.n	100028e0 <tud_task_ext+0x20>
10002d98:	f8bd 3022 	ldrh.w	r3, [sp, #34]	@ 0x22
10002d9c:	2b01      	cmp	r3, #1
10002d9e:	f47f aea0 	bne.w	10002ae2 <tud_task_ext+0x222>
10002da2:	783b      	ldrb	r3, [r7, #0]
10002da4:	4640      	mov	r0, r8
10002da6:	f043 0308 	orr.w	r3, r3, #8
10002daa:	a908      	add	r1, sp, #32
10002dac:	703b      	strb	r3, [r7, #0]
10002dae:	f000 fa03 	bl	100031b8 <tud_control_status>
10002db2:	e595      	b.n	100028e0 <tud_task_ext+0x20>
10002db4:	2a02      	cmp	r2, #2
10002db6:	f43f ae87 	beq.w	10002ac8 <tud_task_ext+0x208>
10002dba:	f7ff fced 	bl	10002798 <tud_descriptor_other_speed_configuration_cb>
10002dbe:	4602      	mov	r2, r0
10002dc0:	2800      	cmp	r0, #0
10002dc2:	f43f ae8e 	beq.w	10002ae2 <tud_task_ext+0x222>
10002dc6:	4640      	mov	r0, r8
10002dc8:	8853      	ldrh	r3, [r2, #2]
10002dca:	a908      	add	r1, sp, #32
10002dcc:	f000 fa0e 	bl	100031ec <tud_control_xfer>
10002dd0:	2800      	cmp	r0, #0
10002dd2:	f47f ad85 	bne.w	100028e0 <tud_task_ext+0x20>
10002dd6:	e684      	b.n	10002ae2 <tud_task_ext+0x222>
10002dd8:	f89d 3024 	ldrb.w	r3, [sp, #36]	@ 0x24
10002ddc:	2b0f      	cmp	r3, #15
10002dde:	f63f ae80 	bhi.w	10002ae2 <tud_task_ext+0x222>
10002de2:	4a14      	ldr	r2, [pc, #80]	@ (10002e34 <tud_task_ext+0x574>)
10002de4:	443b      	add	r3, r7
10002de6:	791b      	ldrb	r3, [r3, #4]
10002de8:	7812      	ldrb	r2, [r2, #0]
10002dea:	4293      	cmp	r3, r2
10002dec:	d21d      	bcs.n	10002e2a <tud_task_ext+0x56a>
10002dee:	4a13      	ldr	r2, [pc, #76]	@ (10002e3c <tud_task_ext+0x57c>)
10002df0:	6816      	ldr	r6, [r2, #0]
10002df2:	eb16 1643 	adds.w	r6, r6, r3, lsl #5
10002df6:	f47f aea6 	bne.w	10002b46 <tud_task_ext+0x286>
10002dfa:	e672      	b.n	10002ae2 <tud_task_ext+0x222>
10002dfc:	2a00      	cmp	r2, #0
10002dfe:	f47f ae70 	bne.w	10002ae2 <tud_task_ext+0x222>
10002e02:	2600      	movs	r6, #0
10002e04:	f89d 2021 	ldrb.w	r2, [sp, #33]	@ 0x21
10002e08:	f002 03fd 	and.w	r3, r2, #253	@ 0xfd
10002e0c:	2b01      	cmp	r3, #1
10002e0e:	d017      	beq.n	10002e40 <tud_task_ext+0x580>
10002e10:	2a00      	cmp	r2, #0
10002e12:	f47f ae5f 	bne.w	10002ad4 <tud_task_ext+0x214>
10002e16:	9b01      	ldr	r3, [sp, #4]
10002e18:	9a00      	ldr	r2, [sp, #0]
10002e1a:	443b      	add	r3, r7
10002e1c:	4413      	add	r3, r2
10002e1e:	f893 3034 	ldrb.w	r3, [r3, #52]	@ 0x34
10002e22:	4640      	mov	r0, r8
10002e24:	f3c3 0340 	ubfx	r3, r3, #1, #1
10002e28:	e7ad      	b.n	10002d86 <tud_task_ext+0x4c6>
10002e2a:	f47f ae5a 	bne.w	10002ae2 <tud_task_ext+0x222>
10002e2e:	4e02      	ldr	r6, [pc, #8]	@ (10002e38 <tud_task_ext+0x578>)
10002e30:	e689      	b.n	10002b46 <tud_task_ext+0x286>
10002e32:	bf00      	nop
10002e34:	2000210d 	.word	0x2000210d
10002e38:	10004fd4 	.word	0x10004fd4
10002e3c:	20001930 	.word	0x20001930
10002e40:	f8bd 3022 	ldrh.w	r3, [sp, #34]	@ 0x22
10002e44:	b9b3      	cbnz	r3, 10002e74 <tud_task_ext+0x5b4>
10002e46:	2a01      	cmp	r2, #1
10002e48:	f899 0000 	ldrb.w	r0, [r9]
10002e4c:	f000 8088 	beq.w	10002f60 <tud_task_ext+0x6a0>
10002e50:	f7ff fbec 	bl	1000262c <dcd_edpt_stall>
10002e54:	9b01      	ldr	r3, [sp, #4]
10002e56:	9a00      	ldr	r2, [sp, #0]
10002e58:	443b      	add	r3, r7
10002e5a:	4413      	add	r3, r2
10002e5c:	f893 2034 	ldrb.w	r2, [r3, #52]	@ 0x34
10002e60:	f042 0202 	orr.w	r2, r2, #2
10002e64:	f883 2034 	strb.w	r2, [r3, #52]	@ 0x34
10002e68:	f893 2034 	ldrb.w	r2, [r3, #52]	@ 0x34
10002e6c:	f042 0201 	orr.w	r2, r2, #1
10002e70:	f883 2034 	strb.w	r2, [r3, #52]	@ 0x34
10002e74:	2e00      	cmp	r6, #0
10002e76:	f43f ad33 	beq.w	100028e0 <tud_task_ext+0x20>
10002e7a:	6970      	ldr	r0, [r6, #20]
10002e7c:	f000 fa18 	bl	100032b0 <usbd_control_set_complete_callback>
10002e80:	6973      	ldr	r3, [r6, #20]
10002e82:	2101      	movs	r1, #1
10002e84:	aa08      	add	r2, sp, #32
10002e86:	4640      	mov	r0, r8
10002e88:	4798      	blx	r3
10002e8a:	2000      	movs	r0, #0
10002e8c:	f000 fa10 	bl	100032b0 <usbd_control_set_complete_callback>
10002e90:	f897 3035 	ldrb.w	r3, [r7, #53]	@ 0x35
10002e94:	07df      	lsls	r7, r3, #31
10002e96:	f53f ad23 	bmi.w	100028e0 <tud_task_ext+0x20>
10002e9a:	e699      	b.n	10002bd0 <tud_task_ext+0x310>
10002e9c:	f7ff fc80 	bl	100027a0 <tud_umount_cb>
10002ea0:	4640      	mov	r0, r8
10002ea2:	a908      	add	r1, sp, #32
10002ea4:	f000 f988 	bl	100031b8 <tud_control_status>
10002ea8:	e51a      	b.n	100028e0 <tud_task_ext+0x20>
10002eaa:	f8dd c00c 	ldr.w	ip, [sp, #12]
10002eae:	f1bc 0f01 	cmp.w	ip, #1
10002eb2:	f000 809d 	beq.w	10002ff0 <tud_task_ext+0x730>
10002eb6:	f1bc 0f00 	cmp.w	ip, #0
10002eba:	f000 808a 	beq.w	10002fd2 <tud_task_ext+0x712>
10002ebe:	2300      	movs	r3, #0
10002ec0:	f891 8002 	ldrb.w	r8, [r1, #2]
10002ec4:	e004      	b.n	10002ed0 <tud_task_ext+0x610>
10002ec6:	7106      	strb	r6, [r0, #4]
10002ec8:	b2d8      	uxtb	r0, r3
10002eca:	4584      	cmp	ip, r0
10002ecc:	f240 8081 	bls.w	10002fd2 <tud_task_ext+0x712>
10002ed0:	eb08 0003 	add.w	r0, r8, r3
10002ed4:	fa57 f080 	uxtab	r0, r7, r0
10002ed8:	f890 e004 	ldrb.w	lr, [r0, #4]
10002edc:	3301      	adds	r3, #1
10002ede:	f1be 0fff 	cmp.w	lr, #255	@ 0xff
10002ee2:	d0f0      	beq.n	10002ec6 <tud_task_ext+0x606>
10002ee4:	f04f 23e0 	mov.w	r3, #3758153728	@ 0xe000e000
10002ee8:	f8d3 3df0 	ldr.w	r3, [r3, #3568]	@ 0xdf0
10002eec:	07da      	lsls	r2, r3, #31
10002eee:	d500      	bpl.n	10002ef2 <tud_task_ext+0x632>
10002ef0:	be00      	bkpt	0x0000
10002ef2:	f04f 23e0 	mov.w	r3, #3758153728	@ 0xe000e000
10002ef6:	f8d3 3df0 	ldr.w	r3, [r3, #3568]	@ 0xdf0
10002efa:	07db      	lsls	r3, r3, #31
10002efc:	d500      	bpl.n	10002f00 <tud_task_ext+0x640>
10002efe:	be00      	bkpt	0x0000
10002f00:	2300      	movs	r3, #0
10002f02:	707b      	strb	r3, [r7, #1]
10002f04:	e5ed      	b.n	10002ae2 <tud_task_ext+0x222>
10002f06:	f7ff fa65 	bl	100023d4 <tud_descriptor_bos_cb>
10002f0a:	4602      	mov	r2, r0
10002f0c:	2800      	cmp	r0, #0
10002f0e:	f47f af5a 	bne.w	10002dc6 <tud_task_ext+0x506>
10002f12:	e5e6      	b.n	10002ae2 <tud_task_ext+0x222>
10002f14:	f7ff f8fe 	bl	10002114 <tud_descriptor_device_cb>
10002f18:	4602      	mov	r2, r0
10002f1a:	2800      	cmp	r0, #0
10002f1c:	f43f adda 	beq.w	10002ad4 <tud_task_ext+0x214>
10002f20:	4640      	mov	r0, r8
10002f22:	2312      	movs	r3, #18
10002f24:	a908      	add	r1, sp, #32
10002f26:	f000 f961 	bl	100031ec <tud_control_xfer>
10002f2a:	2800      	cmp	r0, #0
10002f2c:	f47f acd8 	bne.w	100028e0 <tud_task_ext+0x20>
10002f30:	e5d7      	b.n	10002ae2 <tud_task_ext+0x222>
10002f32:	f7ff fc2f 	bl	10002794 <tud_descriptor_device_qualifier_cb>
10002f36:	4602      	mov	r2, r0
10002f38:	2800      	cmp	r0, #0
10002f3a:	f43f add2 	beq.w	10002ae2 <tud_task_ext+0x222>
10002f3e:	4640      	mov	r0, r8
10002f40:	7813      	ldrb	r3, [r2, #0]
10002f42:	a908      	add	r1, sp, #32
10002f44:	f000 f952 	bl	100031ec <tud_control_xfer>
10002f48:	2800      	cmp	r0, #0
10002f4a:	f47f acc9 	bne.w	100028e0 <tud_task_ext+0x20>
10002f4e:	e5c8      	b.n	10002ae2 <tud_task_ext+0x222>
10002f50:	f8bd 1024 	ldrh.w	r1, [sp, #36]	@ 0x24
10002f54:	f7ff f8e6 	bl	10002124 <tud_descriptor_string_cb>
10002f58:	4602      	mov	r2, r0
10002f5a:	2800      	cmp	r0, #0
10002f5c:	d1ef      	bne.n	10002f3e <tud_task_ext+0x67e>
10002f5e:	e5c0      	b.n	10002ae2 <tud_task_ext+0x222>
10002f60:	9302      	str	r3, [sp, #8]
10002f62:	f7ff fb7b 	bl	1000265c <dcd_edpt_clear_stall>
10002f66:	9a01      	ldr	r2, [sp, #4]
10002f68:	9b00      	ldr	r3, [sp, #0]
10002f6a:	443a      	add	r2, r7
10002f6c:	441a      	add	r2, r3
10002f6e:	f892 1034 	ldrb.w	r1, [r2, #52]	@ 0x34
10002f72:	9b02      	ldr	r3, [sp, #8]
10002f74:	f363 0141 	bfi	r1, r3, #1, #1
10002f78:	f882 1034 	strb.w	r1, [r2, #52]	@ 0x34
10002f7c:	f892 1034 	ldrb.w	r1, [r2, #52]	@ 0x34
10002f80:	f363 0100 	bfi	r1, r3, #0, #1
10002f84:	f882 1034 	strb.w	r1, [r2, #52]	@ 0x34
10002f88:	e774      	b.n	10002e74 <tud_task_ext+0x5b4>
10002f8a:	2100      	movs	r1, #0
10002f8c:	4640      	mov	r0, r8
10002f8e:	f7ff fa9f 	bl	100024d0 <dcd_sof_enable>
10002f92:	4640      	mov	r0, r8
10002f94:	f7ff fb34 	bl	10002600 <dcd_edpt_close_all>
10002f98:	78bb      	ldrb	r3, [r7, #2]
10002f9a:	4640      	mov	r0, r8
10002f9c:	9300      	str	r3, [sp, #0]
10002f9e:	f7ff fbaf 	bl	10002700 <configuration_reset>
10002fa2:	9b00      	ldr	r3, [sp, #0]
10002fa4:	70bb      	strb	r3, [r7, #2]
10002fa6:	e633      	b.n	10002c10 <tud_task_ext+0x350>
10002fa8:	f8dd 8008 	ldr.w	r8, [sp, #8]
10002fac:	f7ff fbf6 	bl	1000279c <tud_mount_cb>
10002fb0:	e776      	b.n	10002ea0 <tud_task_ext+0x5e0>
10002fb2:	4640      	mov	r0, r8
10002fb4:	2301      	movs	r3, #1
10002fb6:	a908      	add	r1, sp, #32
10002fb8:	f10d 021a 	add.w	r2, sp, #26
10002fbc:	f88d 601a 	strb.w	r6, [sp, #26]
10002fc0:	f000 f914 	bl	100031ec <tud_control_xfer>
10002fc4:	e48c      	b.n	100028e0 <tud_task_ext+0x20>
10002fc6:	780b      	ldrb	r3, [r1, #0]
10002fc8:	f891 c003 	ldrb.w	ip, [r1, #3]
10002fcc:	4419      	add	r1, r3
10002fce:	784b      	ldrb	r3, [r1, #1]
10002fd0:	e64d      	b.n	10002c6e <tud_task_ext+0x3ae>
10002fd2:	4633      	mov	r3, r6
10002fd4:	480f      	ldr	r0, [pc, #60]	@ (10003014 <tud_task_ext+0x754>)
10002fd6:	9203      	str	r2, [sp, #12]
10002fd8:	9101      	str	r1, [sp, #4]
10002fda:	f000 fd69 	bl	10003ab0 <tu_edpt_bind_driver>
10002fde:	4b0e      	ldr	r3, [pc, #56]	@ (10003018 <tud_task_ext+0x758>)
10002fe0:	9901      	ldr	r1, [sp, #4]
10002fe2:	781b      	ldrb	r3, [r3, #0]
10002fe4:	9a03      	ldr	r2, [sp, #12]
10002fe6:	42b3      	cmp	r3, r6
10002fe8:	4411      	add	r1, r2
10002fea:	f4bf ae36 	bcs.w	10002c5a <tud_task_ext+0x39a>
10002fee:	e779      	b.n	10002ee4 <tud_task_ext+0x624>
10002ff0:	f8d8 0010 	ldr.w	r0, [r8, #16]
10002ff4:	4b09      	ldr	r3, [pc, #36]	@ (1000301c <tud_task_ext+0x75c>)
10002ff6:	4298      	cmp	r0, r3
10002ff8:	bf08      	it	eq
10002ffa:	f04f 0c02 	moveq.w	ip, #2
10002ffe:	e75e      	b.n	10002ebe <tud_task_ext+0x5fe>
10003000:	f04f 23e0 	mov.w	r3, #3758153728	@ 0xe000e000
10003004:	f8d3 3df0 	ldr.w	r3, [r3, #3568]	@ 0xdf0
10003008:	07db      	lsls	r3, r3, #31
1000300a:	f57f ac69 	bpl.w	100028e0 <tud_task_ext+0x20>
1000300e:	be00      	bkpt	0x0000
10003010:	e466      	b.n	100028e0 <tud_task_ext+0x20>
10003012:	bf00      	nop
10003014:	20001b14 	.word	0x20001b14
10003018:	2000210d 	.word	0x2000210d
1000301c:	100036e9 	.word	0x100036e9

10003020 <usbd_open_edpt_pair>:
10003020:	e92d 4ff8 	stmdb	sp!, {r3, r4, r5, r6, r7, r8, r9, sl, fp, lr}
10003024:	9f0a      	ldr	r7, [sp, #40]	@ 0x28
10003026:	2a00      	cmp	r2, #0
10003028:	d040      	beq.n	100030ac <usbd_open_edpt_pair+0x8c>
1000302a:	460c      	mov	r4, r1
1000302c:	461e      	mov	r6, r3
1000302e:	4615      	mov	r5, r2
10003030:	f04f 0a00 	mov.w	sl, #0
10003034:	f8df 907c 	ldr.w	r9, [pc, #124]	@ 100030b4 <usbd_open_edpt_pair+0x94>
10003038:	f8df 807c 	ldr.w	r8, [pc, #124]	@ 100030b8 <usbd_open_edpt_pair+0x98>
1000303c:	e018      	b.n	10003070 <usbd_open_edpt_pair+0x50>
1000303e:	4620      	mov	r0, r4
10003040:	f898 1002 	ldrb.w	r1, [r8, #2]
10003044:	f899 b000 	ldrb.w	fp, [r9]
10003048:	f000 fd02 	bl	10003a50 <tu_edpt_validate>
1000304c:	b1e0      	cbz	r0, 10003088 <usbd_open_edpt_pair+0x68>
1000304e:	4621      	mov	r1, r4
10003050:	4658      	mov	r0, fp
10003052:	f7ff fa59 	bl	10002508 <dcd_edpt_open>
10003056:	b1f0      	cbz	r0, 10003096 <usbd_open_edpt_pair+0x76>
10003058:	78a2      	ldrb	r2, [r4, #2]
1000305a:	f10a 0a01 	add.w	sl, sl, #1
1000305e:	09d1      	lsrs	r1, r2, #7
10003060:	bf16      	itet	ne
10003062:	9b0b      	ldrne	r3, [sp, #44]	@ 0x2c
10003064:	703a      	strbeq	r2, [r7, #0]
10003066:	701a      	strbne	r2, [r3, #0]
10003068:	7822      	ldrb	r2, [r4, #0]
1000306a:	45aa      	cmp	sl, r5
1000306c:	4414      	add	r4, r2
1000306e:	d01d      	beq.n	100030ac <usbd_open_edpt_pair+0x8c>
10003070:	7862      	ldrb	r2, [r4, #1]
10003072:	2a05      	cmp	r2, #5
10003074:	d10f      	bne.n	10003096 <usbd_open_edpt_pair+0x76>
10003076:	78e1      	ldrb	r1, [r4, #3]
10003078:	f001 0103 	and.w	r1, r1, #3
1000307c:	42b1      	cmp	r1, r6
1000307e:	d10a      	bne.n	10003096 <usbd_open_edpt_pair+0x76>
10003080:	78a2      	ldrb	r2, [r4, #2]
10003082:	f012 0f70 	tst.w	r2, #112	@ 0x70
10003086:	d0da      	beq.n	1000303e <usbd_open_edpt_pair+0x1e>
10003088:	f04f 23e0 	mov.w	r3, #3758153728	@ 0xe000e000
1000308c:	f8d3 3df0 	ldr.w	r3, [r3, #3568]	@ 0xdf0
10003090:	07da      	lsls	r2, r3, #31
10003092:	d500      	bpl.n	10003096 <usbd_open_edpt_pair+0x76>
10003094:	be00      	bkpt	0x0000
10003096:	f04f 23e0 	mov.w	r3, #3758153728	@ 0xe000e000
1000309a:	f8d3 3df0 	ldr.w	r3, [r3, #3568]	@ 0xdf0
1000309e:	07db      	lsls	r3, r3, #31
100030a0:	d402      	bmi.n	100030a8 <usbd_open_edpt_pair+0x88>
100030a2:	2000      	movs	r0, #0
100030a4:	e8bd 8ff8 	ldmia.w	sp!, {r3, r4, r5, r6, r7, r8, r9, sl, fp, pc}
100030a8:	be00      	bkpt	0x0000
100030aa:	e7fa      	b.n	100030a2 <usbd_open_edpt_pair+0x82>
100030ac:	2001      	movs	r0, #1
100030ae:	e8bd 8ff8 	ldmia.w	sp!, {r3, r4, r5, r6, r7, r8, r9, sl, fp, pc}
100030b2:	bf00      	nop
100030b4:	200010c4 	.word	0x200010c4
100030b8:	20001b00 	.word	0x20001b00

100030bc <usbd_edpt_open>:
100030bc:	b538      	push	{r3, r4, r5, lr}
100030be:	788b      	ldrb	r3, [r1, #2]
100030c0:	f013 0f70 	tst.w	r3, #112	@ 0x70
100030c4:	d008      	beq.n	100030d8 <usbd_edpt_open+0x1c>
100030c6:	f04f 23e0 	mov.w	r3, #3758153728	@ 0xe000e000
100030ca:	f8d3 3df0 	ldr.w	r3, [r3, #3568]	@ 0xdf0
100030ce:	07db      	lsls	r3, r3, #31
100030d0:	d500      	bpl.n	100030d4 <usbd_edpt_open+0x18>
100030d2:	be00      	bkpt	0x0000
100030d4:	2000      	movs	r0, #0
100030d6:	bd38      	pop	{r3, r4, r5, pc}
100030d8:	4a07      	ldr	r2, [pc, #28]	@ (100030f8 <usbd_edpt_open+0x3c>)
100030da:	4b08      	ldr	r3, [pc, #32]	@ (100030fc <usbd_edpt_open+0x40>)
100030dc:	460c      	mov	r4, r1
100030de:	4608      	mov	r0, r1
100030e0:	7891      	ldrb	r1, [r2, #2]
100030e2:	781d      	ldrb	r5, [r3, #0]
100030e4:	f000 fcb4 	bl	10003a50 <tu_edpt_validate>
100030e8:	2800      	cmp	r0, #0
100030ea:	d0ec      	beq.n	100030c6 <usbd_edpt_open+0xa>
100030ec:	4621      	mov	r1, r4
100030ee:	4628      	mov	r0, r5
100030f0:	e8bd 4038 	ldmia.w	sp!, {r3, r4, r5, lr}
100030f4:	f7ff ba08 	b.w	10002508 <dcd_edpt_open>
100030f8:	20001b00 	.word	0x20001b00
100030fc:	200010c4 	.word	0x200010c4

10003100 <usbd_edpt_claim>:
10003100:	460b      	mov	r3, r1
10003102:	4a06      	ldr	r2, [pc, #24]	@ (1000311c <usbd_edpt_claim+0x1c>)
10003104:	4806      	ldr	r0, [pc, #24]	@ (10003120 <usbd_edpt_claim+0x20>)
10003106:	6811      	ldr	r1, [r2, #0]
10003108:	09da      	lsrs	r2, r3, #7
1000310a:	3234      	adds	r2, #52	@ 0x34
1000310c:	f003 037f 	and.w	r3, r3, #127	@ 0x7f
10003110:	eb02 0343 	add.w	r3, r2, r3, lsl #1
10003114:	4418      	add	r0, r3
10003116:	f000 bc55 	b.w	100039c4 <tu_edpt_claim>
1000311a:	bf00      	nop
1000311c:	20001b54 	.word	0x20001b54
10003120:	20001b00 	.word	0x20001b00

10003124 <usbd_edpt_release>:
10003124:	460b      	mov	r3, r1
10003126:	4a06      	ldr	r2, [pc, #24]	@ (10003140 <usbd_edpt_release+0x1c>)
10003128:	4806      	ldr	r0, [pc, #24]	@ (10003144 <usbd_edpt_release+0x20>)
1000312a:	6811      	ldr	r1, [r2, #0]
1000312c:	09da      	lsrs	r2, r3, #7
1000312e:	3234      	adds	r2, #52	@ 0x34
10003130:	f003 037f 	and.w	r3, r3, #127	@ 0x7f
10003134:	eb02 0343 	add.w	r3, r2, r3, lsl #1
10003138:	4418      	add	r0, r3
1000313a:	f000 bc6d 	b.w	10003a18 <tu_edpt_release>
1000313e:	bf00      	nop
10003140:	20001b54 	.word	0x20001b54
10003144:	20001b00 	.word	0x20001b00

10003148 <usbd_edpt_xfer>:
10003148:	b510      	push	{r4, lr}
1000314a:	4819      	ldr	r0, [pc, #100]	@ (100031b0 <usbd_edpt_xfer+0x68>)
1000314c:	f001 0c7f 	and.w	ip, r1, #127	@ 0x7f
10003150:	eb00 004c 	add.w	r0, r0, ip, lsl #1
10003154:	eb00 10d1 	add.w	r0, r0, r1, lsr #7
10003158:	f890 c034 	ldrb.w	ip, [r0, #52]	@ 0x34
1000315c:	f01c 0f01 	tst.w	ip, #1
10003160:	d008      	beq.n	10003174 <usbd_edpt_xfer+0x2c>
10003162:	f04f 23e0 	mov.w	r3, #3758153728	@ 0xe000e000
10003166:	f8d3 3df0 	ldr.w	r3, [r3, #3568]	@ 0xdf0
1000316a:	07da      	lsls	r2, r3, #31
1000316c:	d500      	bpl.n	10003170 <usbd_edpt_xfer+0x28>
1000316e:	be00      	bkpt	0x0000
10003170:	2000      	movs	r0, #0
10003172:	bd10      	pop	{r4, pc}
10003174:	f100 0430 	add.w	r4, r0, #48	@ 0x30
10003178:	f894 c004 	ldrb.w	ip, [r4, #4]
1000317c:	480d      	ldr	r0, [pc, #52]	@ (100031b4 <usbd_edpt_xfer+0x6c>)
1000317e:	f04c 0c01 	orr.w	ip, ip, #1
10003182:	7800      	ldrb	r0, [r0, #0]
10003184:	f884 c004 	strb.w	ip, [r4, #4]
10003188:	f7ff fa3c 	bl	10002604 <dcd_edpt_xfer>
1000318c:	2800      	cmp	r0, #0
1000318e:	d1f0      	bne.n	10003172 <usbd_edpt_xfer+0x2a>
10003190:	f04f 21e0 	mov.w	r1, #3758153728	@ 0xe000e000
10003194:	7922      	ldrb	r2, [r4, #4]
10003196:	f360 0200 	bfi	r2, r0, #0, #1
1000319a:	7122      	strb	r2, [r4, #4]
1000319c:	7922      	ldrb	r2, [r4, #4]
1000319e:	f360 0282 	bfi	r2, r0, #2, #1
100031a2:	7122      	strb	r2, [r4, #4]
100031a4:	f8d1 3df0 	ldr.w	r3, [r1, #3568]	@ 0xdf0
100031a8:	07db      	lsls	r3, r3, #31
100031aa:	d5e1      	bpl.n	10003170 <usbd_edpt_xfer+0x28>
100031ac:	be00      	bkpt	0x0000
100031ae:	e7df      	b.n	10003170 <usbd_edpt_xfer+0x28>
100031b0:	20001b00 	.word	0x20001b00
100031b4:	200010c4 	.word	0x200010c4

100031b8 <tud_control_status>:
100031b8:	b530      	push	{r4, r5, lr}
100031ba:	4c0b      	ldr	r4, [pc, #44]	@ (100031e8 <tud_control_status+0x30>)
100031bc:	468c      	mov	ip, r1
100031be:	46a6      	mov	lr, r4
100031c0:	4605      	mov	r5, r0
100031c2:	6808      	ldr	r0, [r1, #0]
100031c4:	6849      	ldr	r1, [r1, #4]
100031c6:	2300      	movs	r3, #0
100031c8:	e8ae 0003 	stmia.w	lr!, {r0, r1}
100031cc:	f89c 1000 	ldrb.w	r1, [ip]
100031d0:	4628      	mov	r0, r5
100031d2:	43c9      	mvns	r1, r1
100031d4:	e9c4 3302 	strd	r3, r3, [r4, #8]
100031d8:	e8bd 4030 	ldmia.w	sp!, {r4, r5, lr}
100031dc:	461a      	mov	r2, r3
100031de:	f001 0180 	and.w	r1, r1, #128	@ 0x80
100031e2:	f7ff bfb1 	b.w	10003148 <usbd_edpt_xfer>
100031e6:	bf00      	nop
100031e8:	20001ac0 	.word	0x20001ac0

100031ec <tud_control_xfer>:
100031ec:	e92d 41f0 	stmdb	sp!, {r4, r5, r6, r7, r8, lr}
100031f0:	4f28      	ldr	r7, [pc, #160]	@ (10003294 <tud_control_xfer+0xa8>)
100031f2:	f04f 0800 	mov.w	r8, #0
100031f6:	46be      	mov	lr, r7
100031f8:	468c      	mov	ip, r1
100031fa:	4606      	mov	r6, r0
100031fc:	6808      	ldr	r0, [r1, #0]
100031fe:	6849      	ldr	r1, [r1, #4]
10003200:	60ba      	str	r2, [r7, #8]
10003202:	e8ae 0003 	stmia.w	lr!, {r0, r1}
10003206:	f8a7 800e 	strh.w	r8, [r7, #14]
1000320a:	4615      	mov	r5, r2
1000320c:	f8bc 2006 	ldrh.w	r2, [ip, #6]
10003210:	4293      	cmp	r3, r2
10003212:	bf28      	it	cs
10003214:	4613      	movcs	r3, r2
10003216:	81bb      	strh	r3, [r7, #12]
10003218:	b19a      	cbz	r2, 10003242 <tud_control_xfer+0x56>
1000321a:	461c      	mov	r4, r3
1000321c:	b333      	cbz	r3, 1000326c <tud_control_xfer+0x80>
1000321e:	b1dd      	cbz	r5, 10003258 <tud_control_xfer+0x6c>
10003220:	f997 3000 	ldrsb.w	r3, [r7]
10003224:	2c40      	cmp	r4, #64	@ 0x40
10003226:	bf28      	it	cs
10003228:	2440      	movcs	r4, #64	@ 0x40
1000322a:	2b00      	cmp	r3, #0
1000322c:	db29      	blt.n	10003282 <tud_control_xfer+0x96>
1000322e:	4641      	mov	r1, r8
10003230:	4623      	mov	r3, r4
10003232:	4630      	mov	r0, r6
10003234:	4a18      	ldr	r2, [pc, #96]	@ (10003298 <tud_control_xfer+0xac>)
10003236:	f7ff ff87 	bl	10003148 <usbd_edpt_xfer>
1000323a:	b168      	cbz	r0, 10003258 <tud_control_xfer+0x6c>
1000323c:	2001      	movs	r0, #1
1000323e:	e8bd 81f0 	ldmia.w	sp!, {r4, r5, r6, r7, r8, pc}
10003242:	f89c 1000 	ldrb.w	r1, [ip]
10003246:	4613      	mov	r3, r2
10003248:	43c9      	mvns	r1, r1
1000324a:	4630      	mov	r0, r6
1000324c:	f001 0180 	and.w	r1, r1, #128	@ 0x80
10003250:	f7ff ff7a 	bl	10003148 <usbd_edpt_xfer>
10003254:	2800      	cmp	r0, #0
10003256:	d1f1      	bne.n	1000323c <tud_control_xfer+0x50>
10003258:	f04f 23e0 	mov.w	r3, #3758153728	@ 0xe000e000
1000325c:	f8d3 3df0 	ldr.w	r3, [r3, #3568]	@ 0xdf0
10003260:	07db      	lsls	r3, r3, #31
10003262:	d500      	bpl.n	10003266 <tud_control_xfer+0x7a>
10003264:	be00      	bkpt	0x0000
10003266:	2000      	movs	r0, #0
10003268:	e8bd 81f0 	ldmia.w	sp!, {r4, r5, r6, r7, r8, pc}
1000326c:	461a      	mov	r2, r3
1000326e:	7839      	ldrb	r1, [r7, #0]
10003270:	f001 0180 	and.w	r1, r1, #128	@ 0x80
10003274:	4623      	mov	r3, r4
10003276:	4630      	mov	r0, r6
10003278:	f7ff ff66 	bl	10003148 <usbd_edpt_xfer>
1000327c:	2800      	cmp	r0, #0
1000327e:	d1dd      	bne.n	1000323c <tud_control_xfer+0x50>
10003280:	e7ea      	b.n	10003258 <tud_control_xfer+0x6c>
10003282:	4622      	mov	r2, r4
10003284:	4629      	mov	r1, r5
10003286:	4804      	ldr	r0, [pc, #16]	@ (10003298 <tud_control_xfer+0xac>)
10003288:	f001 fcc2 	bl	10004c10 <__memcpy_veneer>
1000328c:	2180      	movs	r1, #128	@ 0x80
1000328e:	4a02      	ldr	r2, [pc, #8]	@ (10003298 <tud_control_xfer+0xac>)
10003290:	e7f0      	b.n	10003274 <tud_control_xfer+0x88>
10003292:	bf00      	nop
10003294:	20001ac0 	.word	0x20001ac0
10003298:	20001a80 	.word	0x20001a80

1000329c <usbd_control_reset>:
1000329c:	2200      	movs	r2, #0
1000329e:	4b03      	ldr	r3, [pc, #12]	@ (100032ac <usbd_control_reset+0x10>)
100032a0:	e9c3 2200 	strd	r2, r2, [r3]
100032a4:	e9c3 2202 	strd	r2, r2, [r3, #8]
100032a8:	611a      	str	r2, [r3, #16]
100032aa:	4770      	bx	lr
100032ac:	20001ac0 	.word	0x20001ac0

100032b0 <usbd_control_set_complete_callback>:
100032b0:	4b01      	ldr	r3, [pc, #4]	@ (100032b8 <usbd_control_set_complete_callback+0x8>)
100032b2:	6118      	str	r0, [r3, #16]
100032b4:	4770      	bx	lr
100032b6:	bf00      	nop
100032b8:	20001ac0 	.word	0x20001ac0

100032bc <usbd_control_set_request>:
100032bc:	b430      	push	{r4, r5}
100032be:	4602      	mov	r2, r0
100032c0:	4c04      	ldr	r4, [pc, #16]	@ (100032d4 <usbd_control_set_request+0x18>)
100032c2:	2500      	movs	r5, #0
100032c4:	4623      	mov	r3, r4
100032c6:	6800      	ldr	r0, [r0, #0]
100032c8:	6851      	ldr	r1, [r2, #4]
100032ca:	e9c4 5502 	strd	r5, r5, [r4, #8]
100032ce:	bc30      	pop	{r4, r5}
100032d0:	c303      	stmia	r3!, {r0, r1}
100032d2:	4770      	bx	lr
100032d4:	20001ac0 	.word	0x20001ac0

100032d8 <usbd_control_xfer_cb>:
100032d8:	b570      	push	{r4, r5, r6, lr}
100032da:	4c3d      	ldr	r4, [pc, #244]	@ (100033d0 <usbd_control_xfer_cb+0xf8>)
100032dc:	09c9      	lsrs	r1, r1, #7
100032de:	7822      	ldrb	r2, [r4, #0]
100032e0:	4606      	mov	r6, r0
100032e2:	ebb1 1fd2 	cmp.w	r1, r2, lsr #7
100032e6:	461d      	mov	r5, r3
100032e8:	b082      	sub	sp, #8
100032ea:	d017      	beq.n	1000331c <usbd_control_xfer_cb+0x44>
100032ec:	b153      	cbz	r3, 10003304 <usbd_control_xfer_cb+0x2c>
100032ee:	f04f 23e0 	mov.w	r3, #3758153728	@ 0xe000e000
100032f2:	f8d3 3df0 	ldr.w	r3, [r3, #3568]	@ 0xdf0
100032f6:	07db      	lsls	r3, r3, #31
100032f8:	d402      	bmi.n	10003300 <usbd_control_xfer_cb+0x28>
100032fa:	2000      	movs	r0, #0
100032fc:	b002      	add	sp, #8
100032fe:	bd70      	pop	{r4, r5, r6, pc}
10003300:	be00      	bkpt	0x0000
10003302:	e7fa      	b.n	100032fa <usbd_control_xfer_cb+0x22>
10003304:	4621      	mov	r1, r4
10003306:	f7ff f8f1 	bl	100024ec <dcd_edpt0_status_complete>
1000330a:	6923      	ldr	r3, [r4, #16]
1000330c:	b11b      	cbz	r3, 10003316 <usbd_control_xfer_cb+0x3e>
1000330e:	4622      	mov	r2, r4
10003310:	2103      	movs	r1, #3
10003312:	4630      	mov	r0, r6
10003314:	4798      	blx	r3
10003316:	2001      	movs	r0, #1
10003318:	b002      	add	sp, #8
1000331a:	bd70      	pop	{r4, r5, r6, pc}
1000331c:	f994 3000 	ldrsb.w	r3, [r4]
10003320:	2b00      	cmp	r3, #0
10003322:	db06      	blt.n	10003332 <usbd_control_xfer_cb+0x5a>
10003324:	68a0      	ldr	r0, [r4, #8]
10003326:	2800      	cmp	r0, #0
10003328:	d0e7      	beq.n	100032fa <usbd_control_xfer_cb+0x22>
1000332a:	462a      	mov	r2, r5
1000332c:	4929      	ldr	r1, [pc, #164]	@ (100033d4 <usbd_control_xfer_cb+0xfc>)
1000332e:	f001 fc6f 	bl	10004c10 <__memcpy_veneer>
10003332:	89e0      	ldrh	r0, [r4, #14]
10003334:	68a1      	ldr	r1, [r4, #8]
10003336:	88e3      	ldrh	r3, [r4, #6]
10003338:	4428      	add	r0, r5
1000333a:	b280      	uxth	r0, r0
1000333c:	4429      	add	r1, r5
1000333e:	4283      	cmp	r3, r0
10003340:	81e0      	strh	r0, [r4, #14]
10003342:	60a1      	str	r1, [r4, #8]
10003344:	d016      	beq.n	10003374 <usbd_control_xfer_cb+0x9c>
10003346:	2d3f      	cmp	r5, #63	@ 0x3f
10003348:	d914      	bls.n	10003374 <usbd_control_xfer_cb+0x9c>
1000334a:	89a2      	ldrh	r2, [r4, #12]
1000334c:	f994 4000 	ldrsb.w	r4, [r4]
10003350:	1a13      	subs	r3, r2, r0
10003352:	b29b      	uxth	r3, r3
10003354:	2b40      	cmp	r3, #64	@ 0x40
10003356:	bf28      	it	cs
10003358:	2340      	movcs	r3, #64	@ 0x40
1000335a:	2c00      	cmp	r4, #0
1000335c:	db27      	blt.n	100033ae <usbd_control_xfer_cb+0xd6>
1000335e:	4290      	cmp	r0, r2
10003360:	f04f 0100 	mov.w	r1, #0
10003364:	d031      	beq.n	100033ca <usbd_control_xfer_cb+0xf2>
10003366:	4a1b      	ldr	r2, [pc, #108]	@ (100033d4 <usbd_control_xfer_cb+0xfc>)
10003368:	4630      	mov	r0, r6
1000336a:	f7ff feed 	bl	10003148 <usbd_edpt_xfer>
1000336e:	2800      	cmp	r0, #0
10003370:	d1d1      	bne.n	10003316 <usbd_control_xfer_cb+0x3e>
10003372:	e7bc      	b.n	100032ee <usbd_control_xfer_cb+0x16>
10003374:	6923      	ldr	r3, [r4, #16]
10003376:	b123      	cbz	r3, 10003382 <usbd_control_xfer_cb+0xaa>
10003378:	2102      	movs	r1, #2
1000337a:	4630      	mov	r0, r6
1000337c:	4a14      	ldr	r2, [pc, #80]	@ (100033d0 <usbd_control_xfer_cb+0xf8>)
1000337e:	4798      	blx	r3
10003380:	b160      	cbz	r0, 1000339c <usbd_control_xfer_cb+0xc4>
10003382:	7821      	ldrb	r1, [r4, #0]
10003384:	2300      	movs	r3, #0
10003386:	43c9      	mvns	r1, r1
10003388:	4630      	mov	r0, r6
1000338a:	461a      	mov	r2, r3
1000338c:	f001 0180 	and.w	r1, r1, #128	@ 0x80
10003390:	f7ff feda 	bl	10003148 <usbd_edpt_xfer>
10003394:	2800      	cmp	r0, #0
10003396:	d0aa      	beq.n	100032ee <usbd_control_xfer_cb+0x16>
10003398:	2001      	movs	r0, #1
1000339a:	e7bd      	b.n	10003318 <usbd_control_xfer_cb+0x40>
1000339c:	4601      	mov	r1, r0
1000339e:	4630      	mov	r0, r6
100033a0:	f7ff f944 	bl	1000262c <dcd_edpt_stall>
100033a4:	2180      	movs	r1, #128	@ 0x80
100033a6:	4630      	mov	r0, r6
100033a8:	f7ff f940 	bl	1000262c <dcd_edpt_stall>
100033ac:	e7b3      	b.n	10003316 <usbd_control_xfer_cb+0x3e>
100033ae:	4290      	cmp	r0, r2
100033b0:	d008      	beq.n	100033c4 <usbd_control_xfer_cb+0xec>
100033b2:	461a      	mov	r2, r3
100033b4:	4807      	ldr	r0, [pc, #28]	@ (100033d4 <usbd_control_xfer_cb+0xfc>)
100033b6:	9301      	str	r3, [sp, #4]
100033b8:	f001 fc2a 	bl	10004c10 <__memcpy_veneer>
100033bc:	2180      	movs	r1, #128	@ 0x80
100033be:	4a05      	ldr	r2, [pc, #20]	@ (100033d4 <usbd_control_xfer_cb+0xfc>)
100033c0:	9b01      	ldr	r3, [sp, #4]
100033c2:	e7d1      	b.n	10003368 <usbd_control_xfer_cb+0x90>
100033c4:	2180      	movs	r1, #128	@ 0x80
100033c6:	2200      	movs	r2, #0
100033c8:	e7ce      	b.n	10003368 <usbd_control_xfer_cb+0x90>
100033ca:	460a      	mov	r2, r1
100033cc:	e7cc      	b.n	10003368 <usbd_control_xfer_cb+0x90>
100033ce:	bf00      	nop
100033d0:	20001ac0 	.word	0x20001ac0
100033d4:	20001a80 	.word	0x20001a80

100033d8 <_prep_out_transaction.isra.0>:
100033d8:	e92d 41f0 	stmdb	sp!, {r4, r5, r6, r7, r8, lr}
100033dc:	4604      	mov	r4, r0
100033de:	f7ff f9e5 	bl	100027ac <tud_mounted>
100033e2:	b908      	cbnz	r0, 100033e8 <_prep_out_transaction.isra.0+0x10>
100033e4:	e8bd 81f0 	ldmia.w	sp!, {r4, r5, r6, r7, r8, pc}
100033e8:	f7ff f9e8 	bl	100027bc <tud_suspended>
100033ec:	4605      	mov	r5, r0
100033ee:	2800      	cmp	r0, #0
100033f0:	d1f8      	bne.n	100033e4 <_prep_out_transaction.isra.0+0xc>
100033f2:	23c8      	movs	r3, #200	@ 0xc8
100033f4:	fb04 f303 	mul.w	r3, r4, r3
100033f8:	4e12      	ldr	r6, [pc, #72]	@ (10003444 <_prep_out_transaction.isra.0+0x6c>)
100033fa:	18f7      	adds	r7, r6, r3
100033fc:	78f9      	ldrb	r1, [r7, #3]
100033fe:	2900      	cmp	r1, #0
10003400:	d0f0      	beq.n	100033e4 <_prep_out_transaction.isra.0+0xc>
10003402:	3310      	adds	r3, #16
10003404:	441e      	add	r6, r3
10003406:	4630      	mov	r0, r6
10003408:	f000 fbc8 	bl	10003b9c <tu_fifo_remaining>
1000340c:	283f      	cmp	r0, #63	@ 0x3f
1000340e:	d9e9      	bls.n	100033e4 <_prep_out_transaction.isra.0+0xc>
10003410:	4628      	mov	r0, r5
10003412:	78f9      	ldrb	r1, [r7, #3]
10003414:	f7ff fe74 	bl	10003100 <usbd_edpt_claim>
10003418:	2800      	cmp	r0, #0
1000341a:	d0e3      	beq.n	100033e4 <_prep_out_transaction.isra.0+0xc>
1000341c:	4630      	mov	r0, r6
1000341e:	f000 fbbd 	bl	10003b9c <tu_fifo_remaining>
10003422:	283f      	cmp	r0, #63	@ 0x3f
10003424:	78f9      	ldrb	r1, [r7, #3]
10003426:	d908      	bls.n	1000343a <_prep_out_transaction.isra.0+0x62>
10003428:	4a07      	ldr	r2, [pc, #28]	@ (10003448 <_prep_out_transaction.isra.0+0x70>)
1000342a:	4628      	mov	r0, r5
1000342c:	eb02 12c4 	add.w	r2, r2, r4, lsl #7
10003430:	2340      	movs	r3, #64	@ 0x40
10003432:	e8bd 41f0 	ldmia.w	sp!, {r4, r5, r6, r7, r8, lr}
10003436:	f7ff be87 	b.w	10003148 <usbd_edpt_xfer>
1000343a:	4628      	mov	r0, r5
1000343c:	e8bd 41f0 	ldmia.w	sp!, {r4, r5, r6, r7, r8, lr}
10003440:	f7ff be70 	b.w	10003124 <usbd_edpt_release>
10003444:	200019b8 	.word	0x200019b8
10003448:	20001934 	.word	0x20001934

1000344c <tud_cdc_n_connected>:
1000344c:	b510      	push	{r4, lr}
1000344e:	4604      	mov	r4, r0
10003450:	f7ff f9ac 	bl	100027ac <tud_mounted>
10003454:	b908      	cbnz	r0, 1000345a <tud_cdc_n_connected+0xe>
10003456:	2000      	movs	r0, #0
10003458:	bd10      	pop	{r4, pc}
1000345a:	f7ff f9af 	bl	100027bc <tud_suspended>
1000345e:	2800      	cmp	r0, #0
10003460:	d1f9      	bne.n	10003456 <tud_cdc_n_connected+0xa>
10003462:	22c8      	movs	r2, #200	@ 0xc8
10003464:	4b03      	ldr	r3, [pc, #12]	@ (10003474 <tud_cdc_n_connected+0x28>)
10003466:	fb02 3304 	mla	r3, r2, r4, r3
1000346a:	7918      	ldrb	r0, [r3, #4]
1000346c:	f000 0001 	and.w	r0, r0, #1
10003470:	bd10      	pop	{r4, pc}
10003472:	bf00      	nop
10003474:	200019b8 	.word	0x200019b8

10003478 <tud_cdc_n_available>:
10003478:	22c8      	movs	r2, #200	@ 0xc8
1000347a:	b508      	push	{r3, lr}
1000347c:	4b02      	ldr	r3, [pc, #8]	@ (10003488 <tud_cdc_n_available+0x10>)
1000347e:	fb02 3000 	mla	r0, r2, r0, r3
10003482:	f000 fb71 	bl	10003b68 <tu_fifo_count>
10003486:	bd08      	pop	{r3, pc}
10003488:	200019c8 	.word	0x200019c8

1000348c <tud_cdc_n_read>:
1000348c:	e92d 43f8 	stmdb	sp!, {r3, r4, r5, r6, r7, r8, r9, lr}
10003490:	f64f 73ff 	movw	r3, #65535	@ 0xffff
10003494:	24c8      	movs	r4, #200	@ 0xc8
10003496:	429a      	cmp	r2, r3
10003498:	bf28      	it	cs
1000349a:	461a      	movcs	r2, r3
1000349c:	fb00 f404 	mul.w	r4, r0, r4
100034a0:	f8df 8074 	ldr.w	r8, [pc, #116]	@ 10003518 <tud_cdc_n_read+0x8c>
100034a4:	f104 0510 	add.w	r5, r4, #16
100034a8:	4445      	add	r5, r8
100034aa:	4606      	mov	r6, r0
100034ac:	b292      	uxth	r2, r2
100034ae:	4628      	mov	r0, r5
100034b0:	f000 fbd0 	bl	10003c54 <tu_fifo_read_n>
100034b4:	4607      	mov	r7, r0
100034b6:	f7ff f979 	bl	100027ac <tud_mounted>
100034ba:	b910      	cbnz	r0, 100034c2 <tud_cdc_n_read+0x36>
100034bc:	4638      	mov	r0, r7
100034be:	e8bd 83f8 	ldmia.w	sp!, {r3, r4, r5, r6, r7, r8, r9, pc}
100034c2:	f7ff f97b 	bl	100027bc <tud_suspended>
100034c6:	4681      	mov	r9, r0
100034c8:	2800      	cmp	r0, #0
100034ca:	d1f7      	bne.n	100034bc <tud_cdc_n_read+0x30>
100034cc:	44a0      	add	r8, r4
100034ce:	f898 3003 	ldrb.w	r3, [r8, #3]
100034d2:	2b00      	cmp	r3, #0
100034d4:	d0f2      	beq.n	100034bc <tud_cdc_n_read+0x30>
100034d6:	4628      	mov	r0, r5
100034d8:	f000 fb60 	bl	10003b9c <tu_fifo_remaining>
100034dc:	283f      	cmp	r0, #63	@ 0x3f
100034de:	d9ed      	bls.n	100034bc <tud_cdc_n_read+0x30>
100034e0:	4648      	mov	r0, r9
100034e2:	f898 1003 	ldrb.w	r1, [r8, #3]
100034e6:	f7ff fe0b 	bl	10003100 <usbd_edpt_claim>
100034ea:	2800      	cmp	r0, #0
100034ec:	d0e6      	beq.n	100034bc <tud_cdc_n_read+0x30>
100034ee:	4628      	mov	r0, r5
100034f0:	f000 fb54 	bl	10003b9c <tu_fifo_remaining>
100034f4:	283f      	cmp	r0, #63	@ 0x3f
100034f6:	f898 1003 	ldrb.w	r1, [r8, #3]
100034fa:	d907      	bls.n	1000350c <tud_cdc_n_read+0x80>
100034fc:	4a05      	ldr	r2, [pc, #20]	@ (10003514 <tud_cdc_n_read+0x88>)
100034fe:	4648      	mov	r0, r9
10003500:	2340      	movs	r3, #64	@ 0x40
10003502:	eb02 12c6 	add.w	r2, r2, r6, lsl #7
10003506:	f7ff fe1f 	bl	10003148 <usbd_edpt_xfer>
1000350a:	e7d7      	b.n	100034bc <tud_cdc_n_read+0x30>
1000350c:	4648      	mov	r0, r9
1000350e:	f7ff fe09 	bl	10003124 <usbd_edpt_release>
10003512:	e7d3      	b.n	100034bc <tud_cdc_n_read+0x30>
10003514:	20001934 	.word	0x20001934
10003518:	200019b8 	.word	0x200019b8

1000351c <tud_cdc_n_write_flush>:
1000351c:	e92d 41f0 	stmdb	sp!, {r4, r5, r6, r7, r8, lr}
10003520:	4604      	mov	r4, r0
10003522:	f7ff f943 	bl	100027ac <tud_mounted>
10003526:	b910      	cbnz	r0, 1000352e <tud_cdc_n_write_flush+0x12>
10003528:	2000      	movs	r0, #0
1000352a:	e8bd 81f0 	ldmia.w	sp!, {r4, r5, r6, r7, r8, pc}
1000352e:	f7ff f945 	bl	100027bc <tud_suspended>
10003532:	4605      	mov	r5, r0
10003534:	2800      	cmp	r0, #0
10003536:	d1f7      	bne.n	10003528 <tud_cdc_n_write_flush+0xc>
10003538:	26c8      	movs	r6, #200	@ 0xc8
1000353a:	fb04 f606 	mul.w	r6, r4, r6
1000353e:	f8df 8064 	ldr.w	r8, [pc, #100]	@ 100035a4 <tud_cdc_n_write_flush+0x88>
10003542:	f106 0724 	add.w	r7, r6, #36	@ 0x24
10003546:	4447      	add	r7, r8
10003548:	4638      	mov	r0, r7
1000354a:	f000 fb0d 	bl	10003b68 <tu_fifo_count>
1000354e:	2800      	cmp	r0, #0
10003550:	d0ea      	beq.n	10003528 <tud_cdc_n_write_flush+0xc>
10003552:	44b0      	add	r8, r6
10003554:	4628      	mov	r0, r5
10003556:	f898 1002 	ldrb.w	r1, [r8, #2]
1000355a:	f7ff fdd1 	bl	10003100 <usbd_edpt_claim>
1000355e:	2800      	cmp	r0, #0
10003560:	d0e2      	beq.n	10003528 <tud_cdc_n_write_flush+0xc>
10003562:	4e0f      	ldr	r6, [pc, #60]	@ (100035a0 <tud_cdc_n_write_flush+0x84>)
10003564:	4638      	mov	r0, r7
10003566:	eb06 16c4 	add.w	r6, r6, r4, lsl #7
1000356a:	4631      	mov	r1, r6
1000356c:	2240      	movs	r2, #64	@ 0x40
1000356e:	f000 fb71 	bl	10003c54 <tu_fifo_read_n>
10003572:	f898 1002 	ldrb.w	r1, [r8, #2]
10003576:	4604      	mov	r4, r0
10003578:	b168      	cbz	r0, 10003596 <tud_cdc_n_write_flush+0x7a>
1000357a:	4603      	mov	r3, r0
1000357c:	4632      	mov	r2, r6
1000357e:	4628      	mov	r0, r5
10003580:	f7ff fde2 	bl	10003148 <usbd_edpt_xfer>
10003584:	b950      	cbnz	r0, 1000359c <tud_cdc_n_write_flush+0x80>
10003586:	f04f 23e0 	mov.w	r3, #3758153728	@ 0xe000e000
1000358a:	f8d3 3df0 	ldr.w	r3, [r3, #3568]	@ 0xdf0
1000358e:	07db      	lsls	r3, r3, #31
10003590:	d5ca      	bpl.n	10003528 <tud_cdc_n_write_flush+0xc>
10003592:	be00      	bkpt	0x0000
10003594:	e7c8      	b.n	10003528 <tud_cdc_n_write_flush+0xc>
10003596:	f7ff fdc5 	bl	10003124 <usbd_edpt_release>
1000359a:	e7c5      	b.n	10003528 <tud_cdc_n_write_flush+0xc>
1000359c:	4620      	mov	r0, r4
1000359e:	e7c4      	b.n	1000352a <tud_cdc_n_write_flush+0xe>
100035a0:	20001974 	.word	0x20001974
100035a4:	200019b8 	.word	0x200019b8

100035a8 <tud_cdc_n_write>:
100035a8:	b538      	push	{r3, r4, r5, lr}
100035aa:	f64f 75ff 	movw	r5, #65535	@ 0xffff
100035ae:	23c8      	movs	r3, #200	@ 0xc8
100035b0:	42aa      	cmp	r2, r5
100035b2:	bf28      	it	cs
100035b4:	462a      	movcs	r2, r5
100035b6:	4c0b      	ldr	r4, [pc, #44]	@ (100035e4 <tud_cdc_n_write+0x3c>)
100035b8:	b292      	uxth	r2, r2
100035ba:	fb03 4400 	mla	r4, r3, r0, r4
100035be:	4605      	mov	r5, r0
100035c0:	4620      	mov	r0, r4
100035c2:	f000 fc05 	bl	10003dd0 <tu_fifo_write_n>
100035c6:	4603      	mov	r3, r0
100035c8:	4620      	mov	r0, r4
100035ca:	461c      	mov	r4, r3
100035cc:	f000 facc 	bl	10003b68 <tu_fifo_count>
100035d0:	283f      	cmp	r0, #63	@ 0x3f
100035d2:	d801      	bhi.n	100035d8 <tud_cdc_n_write+0x30>
100035d4:	4620      	mov	r0, r4
100035d6:	bd38      	pop	{r3, r4, r5, pc}
100035d8:	4628      	mov	r0, r5
100035da:	f7ff ff9f 	bl	1000351c <tud_cdc_n_write_flush>
100035de:	4620      	mov	r0, r4
100035e0:	bd38      	pop	{r3, r4, r5, pc}
100035e2:	bf00      	nop
100035e4:	200019dc 	.word	0x200019dc

100035e8 <tud_cdc_n_write_available>:
100035e8:	22c8      	movs	r2, #200	@ 0xc8
100035ea:	b508      	push	{r3, lr}
100035ec:	4b02      	ldr	r3, [pc, #8]	@ (100035f8 <tud_cdc_n_write_available+0x10>)
100035ee:	fb02 3000 	mla	r0, r2, r0, r3
100035f2:	f000 fad3 	bl	10003b9c <tu_fifo_remaining>
100035f6:	bd08      	pop	{r3, pc}
100035f8:	200019dc 	.word	0x200019dc

100035fc <cdcd_init>:
100035fc:	b5f0      	push	{r4, r5, r6, r7, lr}
100035fe:	2400      	movs	r4, #0
10003600:	b083      	sub	sp, #12
10003602:	22c8      	movs	r2, #200	@ 0xc8
10003604:	2100      	movs	r1, #0
10003606:	4817      	ldr	r0, [pc, #92]	@ (10003664 <cdcd_init+0x68>)
10003608:	f001 faea 	bl	10004be0 <__memset_veneer>
1000360c:	23ff      	movs	r3, #255	@ 0xff
1000360e:	f44f 31e1 	mov.w	r1, #115200	@ 0x1c200
10003612:	2208      	movs	r2, #8
10003614:	4814      	ldr	r0, [pc, #80]	@ (10003668 <cdcd_init+0x6c>)
10003616:	7004      	strb	r4, [r0, #0]
10003618:	4812      	ldr	r0, [pc, #72]	@ (10003664 <cdcd_init+0x68>)
1000361a:	9400      	str	r4, [sp, #0]
1000361c:	4607      	mov	r7, r0
1000361e:	7143      	strb	r3, [r0, #5]
10003620:	6081      	str	r1, [r0, #8]
10003622:	7382      	strb	r2, [r0, #14]
10003624:	f100 0138 	add.w	r1, r0, #56	@ 0x38
10003628:	2301      	movs	r3, #1
1000362a:	2240      	movs	r2, #64	@ 0x40
1000362c:	3010      	adds	r0, #16
1000362e:	f000 fa6b 	bl	10003b08 <tu_fifo_config>
10003632:	2301      	movs	r3, #1
10003634:	2240      	movs	r2, #64	@ 0x40
10003636:	f107 0178 	add.w	r1, r7, #120	@ 0x78
1000363a:	9300      	str	r3, [sp, #0]
1000363c:	f107 06b8 	add.w	r6, r7, #184	@ 0xb8
10003640:	f107 0024 	add.w	r0, r7, #36	@ 0x24
10003644:	f000 fa60 	bl	10003b08 <tu_fifo_config>
10003648:	f107 05c0 	add.w	r5, r7, #192	@ 0xc0
1000364c:	4630      	mov	r0, r6
1000364e:	f7fd f9b9 	bl	100009c4 <mutex_init>
10003652:	4628      	mov	r0, r5
10003654:	f7fd f9b6 	bl	100009c4 <mutex_init>
10003658:	e9c7 4607 	strd	r4, r6, [r7, #28]
1000365c:	e9c7 540c 	strd	r5, r4, [r7, #48]	@ 0x30
10003660:	b003      	add	sp, #12
10003662:	bdf0      	pop	{r4, r5, r6, r7, pc}
10003664:	200019b8 	.word	0x200019b8
10003668:	200019b4 	.word	0x200019b4

1000366c <cdcd_deinit>:
1000366c:	4a0a      	ldr	r2, [pc, #40]	@ (10003698 <cdcd_deinit+0x2c>)
1000366e:	6b11      	ldr	r1, [r2, #48]	@ 0x30
10003670:	6a13      	ldr	r3, [r2, #32]
10003672:	b161      	cbz	r1, 1000368e <cdcd_deinit+0x22>
10003674:	b13b      	cbz	r3, 10003686 <cdcd_deinit+0x1a>
10003676:	2300      	movs	r3, #0
10003678:	e9c2 330c 	strd	r3, r3, [r2, #48]	@ 0x30
1000367c:	61d3      	str	r3, [r2, #28]
1000367e:	2300      	movs	r3, #0
10003680:	6213      	str	r3, [r2, #32]
10003682:	2001      	movs	r0, #1
10003684:	4770      	bx	lr
10003686:	2001      	movs	r0, #1
10003688:	e9c2 330c 	strd	r3, r3, [r2, #48]	@ 0x30
1000368c:	4770      	bx	lr
1000368e:	2b00      	cmp	r3, #0
10003690:	d0f7      	beq.n	10003682 <cdcd_deinit+0x16>
10003692:	61d1      	str	r1, [r2, #28]
10003694:	e7f3      	b.n	1000367e <cdcd_deinit+0x12>
10003696:	bf00      	nop
10003698:	200019b8 	.word	0x200019b8

1000369c <cdcd_reset>:
1000369c:	2200      	movs	r2, #0
1000369e:	b510      	push	{r4, lr}
100036a0:	4c0e      	ldr	r4, [pc, #56]	@ (100036dc <cdcd_reset+0x40>)
100036a2:	480f      	ldr	r0, [pc, #60]	@ (100036e0 <cdcd_reset+0x44>)
100036a4:	7823      	ldrb	r3, [r4, #0]
100036a6:	6002      	str	r2, [r0, #0]
100036a8:	7102      	strb	r2, [r0, #4]
100036aa:	07da      	lsls	r2, r3, #31
100036ac:	d507      	bpl.n	100036be <cdcd_reset+0x22>
100036ae:	079b      	lsls	r3, r3, #30
100036b0:	d50b      	bpl.n	100036ca <cdcd_reset+0x2e>
100036b2:	e8bd 4010 	ldmia.w	sp!, {r4, lr}
100036b6:	2101      	movs	r1, #1
100036b8:	480a      	ldr	r0, [pc, #40]	@ (100036e4 <cdcd_reset+0x48>)
100036ba:	f000 bc53 	b.w	10003f64 <tu_fifo_set_overwritable>
100036be:	3010      	adds	r0, #16
100036c0:	f000 fc34 	bl	10003f2c <tu_fifo_clear>
100036c4:	7823      	ldrb	r3, [r4, #0]
100036c6:	079b      	lsls	r3, r3, #30
100036c8:	d4f3      	bmi.n	100036b2 <cdcd_reset+0x16>
100036ca:	4806      	ldr	r0, [pc, #24]	@ (100036e4 <cdcd_reset+0x48>)
100036cc:	f000 fc2e 	bl	10003f2c <tu_fifo_clear>
100036d0:	e8bd 4010 	ldmia.w	sp!, {r4, lr}
100036d4:	2101      	movs	r1, #1
100036d6:	4803      	ldr	r0, [pc, #12]	@ (100036e4 <cdcd_reset+0x48>)
100036d8:	f000 bc44 	b.w	10003f64 <tu_fifo_set_overwritable>
100036dc:	200019b4 	.word	0x200019b4
100036e0:	200019b8 	.word	0x200019b8
100036e4:	200019dc 	.word	0x200019dc

100036e8 <cdcd_open>:
100036e8:	b5f0      	push	{r4, r5, r6, r7, lr}
100036ea:	794b      	ldrb	r3, [r1, #5]
100036ec:	b083      	sub	sp, #12
100036ee:	2b02      	cmp	r3, #2
100036f0:	d102      	bne.n	100036f8 <cdcd_open+0x10>
100036f2:	798b      	ldrb	r3, [r1, #6]
100036f4:	2b02      	cmp	r3, #2
100036f6:	d003      	beq.n	10003700 <cdcd_open+0x18>
100036f8:	2500      	movs	r5, #0
100036fa:	4628      	mov	r0, r5
100036fc:	b003      	add	sp, #12
100036fe:	bdf0      	pop	{r4, r5, r6, r7, pc}
10003700:	4f27      	ldr	r7, [pc, #156]	@ (100037a0 <cdcd_open+0xb8>)
10003702:	78bb      	ldrb	r3, [r7, #2]
10003704:	b13b      	cbz	r3, 10003716 <cdcd_open+0x2e>
10003706:	f04f 23e0 	mov.w	r3, #3758153728	@ 0xe000e000
1000370a:	f8d3 3df0 	ldr.w	r3, [r3, #3568]	@ 0xdf0
1000370e:	07db      	lsls	r3, r3, #31
10003710:	d5f2      	bpl.n	100036f8 <cdcd_open+0x10>
10003712:	be00      	bkpt	0x0000
10003714:	e7f0      	b.n	100036f8 <cdcd_open+0x10>
10003716:	788b      	ldrb	r3, [r1, #2]
10003718:	4606      	mov	r6, r0
1000371a:	703b      	strb	r3, [r7, #0]
1000371c:	780b      	ldrb	r3, [r1, #0]
1000371e:	18cc      	adds	r4, r1, r3
10003720:	7861      	ldrb	r1, [r4, #1]
10003722:	2924      	cmp	r1, #36	@ 0x24
10003724:	bf08      	it	eq
10003726:	2509      	moveq	r5, #9
10003728:	d007      	beq.n	1000373a <cdcd_open+0x52>
1000372a:	e036      	b.n	1000379a <cdcd_open+0xb2>
1000372c:	7823      	ldrb	r3, [r4, #0]
1000372e:	441c      	add	r4, r3
10003730:	7861      	ldrb	r1, [r4, #1]
10003732:	442b      	add	r3, r5
10003734:	2924      	cmp	r1, #36	@ 0x24
10003736:	b29d      	uxth	r5, r3
10003738:	d107      	bne.n	1000374a <cdcd_open+0x62>
1000373a:	42aa      	cmp	r2, r5
1000373c:	d2f6      	bcs.n	1000372c <cdcd_open+0x44>
1000373e:	2000      	movs	r0, #0
10003740:	f7ff fe4a 	bl	100033d8 <_prep_out_transaction.isra.0>
10003744:	4628      	mov	r0, r5
10003746:	b003      	add	sp, #12
10003748:	bdf0      	pop	{r4, r5, r6, r7, pc}
1000374a:	460b      	mov	r3, r1
1000374c:	2905      	cmp	r1, #5
1000374e:	d016      	beq.n	1000377e <cdcd_open+0x96>
10003750:	2b04      	cmp	r3, #4
10003752:	d1f4      	bne.n	1000373e <cdcd_open+0x56>
10003754:	7963      	ldrb	r3, [r4, #5]
10003756:	2b0a      	cmp	r3, #10
10003758:	d1f1      	bne.n	1000373e <cdcd_open+0x56>
1000375a:	4b12      	ldr	r3, [pc, #72]	@ (100037a4 <cdcd_open+0xbc>)
1000375c:	7827      	ldrb	r7, [r4, #0]
1000375e:	9301      	str	r3, [sp, #4]
10003760:	3301      	adds	r3, #1
10003762:	9300      	str	r3, [sp, #0]
10003764:	2302      	movs	r3, #2
10003766:	4630      	mov	r0, r6
10003768:	461a      	mov	r2, r3
1000376a:	19e1      	adds	r1, r4, r7
1000376c:	f7ff fc58 	bl	10003020 <usbd_open_edpt_pair>
10003770:	2800      	cmp	r0, #0
10003772:	d0c8      	beq.n	10003706 <cdcd_open+0x1e>
10003774:	350e      	adds	r5, #14
10003776:	fa17 f585 	uxtah	r5, r7, r5
1000377a:	b2ad      	uxth	r5, r5
1000377c:	e7df      	b.n	1000373e <cdcd_open+0x56>
1000377e:	4621      	mov	r1, r4
10003780:	4630      	mov	r0, r6
10003782:	f7ff fc9b 	bl	100030bc <usbd_edpt_open>
10003786:	2800      	cmp	r0, #0
10003788:	d0bd      	beq.n	10003706 <cdcd_open+0x1e>
1000378a:	78a3      	ldrb	r3, [r4, #2]
1000378c:	707b      	strb	r3, [r7, #1]
1000378e:	7823      	ldrb	r3, [r4, #0]
10003790:	195a      	adds	r2, r3, r5
10003792:	441c      	add	r4, r3
10003794:	7863      	ldrb	r3, [r4, #1]
10003796:	b295      	uxth	r5, r2
10003798:	e7da      	b.n	10003750 <cdcd_open+0x68>
1000379a:	460b      	mov	r3, r1
1000379c:	2509      	movs	r5, #9
1000379e:	e7d5      	b.n	1000374c <cdcd_open+0x64>
100037a0:	200019b8 	.word	0x200019b8
100037a4:	200019ba 	.word	0x200019ba

100037a8 <cdcd_control_xfer_cb>:
100037a8:	7813      	ldrb	r3, [r2, #0]
100037aa:	f003 0360 	and.w	r3, r3, #96	@ 0x60
100037ae:	2b20      	cmp	r3, #32
100037b0:	d108      	bne.n	100037c4 <cdcd_control_xfer_cb+0x1c>
100037b2:	b570      	push	{r4, r5, r6, lr}
100037b4:	4c26      	ldr	r4, [pc, #152]	@ (10003850 <cdcd_control_xfer_cb+0xa8>)
100037b6:	8893      	ldrh	r3, [r2, #4]
100037b8:	f894 c000 	ldrb.w	ip, [r4]
100037bc:	459c      	cmp	ip, r3
100037be:	d003      	beq.n	100037c8 <cdcd_control_xfer_cb+0x20>
100037c0:	2000      	movs	r0, #0
100037c2:	bd70      	pop	{r4, r5, r6, pc}
100037c4:	2000      	movs	r0, #0
100037c6:	4770      	bx	lr
100037c8:	7853      	ldrb	r3, [r2, #1]
100037ca:	3b20      	subs	r3, #32
100037cc:	2b03      	cmp	r3, #3
100037ce:	d8f7      	bhi.n	100037c0 <cdcd_control_xfer_cb+0x18>
100037d0:	e8df f003 	tbb	[pc, r3]
100037d4:	020d2327 	.word	0x020d2327
100037d8:	2901      	cmp	r1, #1
100037da:	d02e      	beq.n	1000383a <cdcd_control_xfer_cb+0x92>
100037dc:	2903      	cmp	r1, #3
100037de:	d11e      	bne.n	1000381e <cdcd_control_xfer_cb+0x76>
100037e0:	4b1c      	ldr	r3, [pc, #112]	@ (10003854 <cdcd_control_xfer_cb+0xac>)
100037e2:	b1e3      	cbz	r3, 1000381e <cdcd_control_xfer_cb+0x76>
100037e4:	2000      	movs	r0, #0
100037e6:	8851      	ldrh	r1, [r2, #2]
100037e8:	f3af 8000 	nop.w
100037ec:	e017      	b.n	1000381e <cdcd_control_xfer_cb+0x76>
100037ee:	2901      	cmp	r1, #1
100037f0:	d023      	beq.n	1000383a <cdcd_control_xfer_cb+0x92>
100037f2:	2903      	cmp	r1, #3
100037f4:	d113      	bne.n	1000381e <cdcd_control_xfer_cb+0x76>
100037f6:	8855      	ldrh	r5, [r2, #2]
100037f8:	4817      	ldr	r0, [pc, #92]	@ (10003858 <cdcd_control_xfer_cb+0xb0>)
100037fa:	f005 0601 	and.w	r6, r5, #1
100037fe:	f086 0101 	eor.w	r1, r6, #1
10003802:	7125      	strb	r5, [r4, #4]
10003804:	f000 fbae 	bl	10003f64 <tu_fifo_set_overwritable>
10003808:	4b14      	ldr	r3, [pc, #80]	@ (1000385c <cdcd_control_xfer_cb+0xb4>)
1000380a:	b143      	cbz	r3, 1000381e <cdcd_control_xfer_cb+0x76>
1000380c:	4631      	mov	r1, r6
1000380e:	2000      	movs	r0, #0
10003810:	f3c5 0240 	ubfx	r2, r5, #1, #1
10003814:	f3af 8000 	nop.w
10003818:	e001      	b.n	1000381e <cdcd_control_xfer_cb+0x76>
1000381a:	2901      	cmp	r1, #1
1000381c:	d011      	beq.n	10003842 <cdcd_control_xfer_cb+0x9a>
1000381e:	2001      	movs	r0, #1
10003820:	bd70      	pop	{r4, r5, r6, pc}
10003822:	2901      	cmp	r1, #1
10003824:	d00d      	beq.n	10003842 <cdcd_control_xfer_cb+0x9a>
10003826:	2903      	cmp	r1, #3
10003828:	d1f9      	bne.n	1000381e <cdcd_control_xfer_cb+0x76>
1000382a:	4b0d      	ldr	r3, [pc, #52]	@ (10003860 <cdcd_control_xfer_cb+0xb8>)
1000382c:	2b00      	cmp	r3, #0
1000382e:	d0f6      	beq.n	1000381e <cdcd_control_xfer_cb+0x76>
10003830:	2000      	movs	r0, #0
10003832:	490c      	ldr	r1, [pc, #48]	@ (10003864 <cdcd_control_xfer_cb+0xbc>)
10003834:	f7fe fdee 	bl	10002414 <tud_cdc_line_coding_cb>
10003838:	e7f1      	b.n	1000381e <cdcd_control_xfer_cb+0x76>
1000383a:	4611      	mov	r1, r2
1000383c:	f7ff fcbc 	bl	100031b8 <tud_control_status>
10003840:	e7ed      	b.n	1000381e <cdcd_control_xfer_cb+0x76>
10003842:	4611      	mov	r1, r2
10003844:	2307      	movs	r3, #7
10003846:	4a07      	ldr	r2, [pc, #28]	@ (10003864 <cdcd_control_xfer_cb+0xbc>)
10003848:	f7ff fcd0 	bl	100031ec <tud_control_xfer>
1000384c:	e7e7      	b.n	1000381e <cdcd_control_xfer_cb+0x76>
1000384e:	bf00      	nop
10003850:	200019b8 	.word	0x200019b8
10003854:	00000000 	.word	0x00000000
10003858:	200019dc 	.word	0x200019dc
1000385c:	00000000 	.word	0x00000000
10003860:	10002415 	.word	0x10002415
10003864:	200019c0 	.word	0x200019c0

10003868 <cdcd_xfer_cb>:
10003868:	e92d 43f8 	stmdb	sp!, {r3, r4, r5, r6, r7, r8, r9, lr}
1000386c:	4e35      	ldr	r6, [pc, #212]	@ (10003944 <cdcd_xfer_cb+0xdc>)
1000386e:	460c      	mov	r4, r1
10003870:	78f2      	ldrb	r2, [r6, #3]
10003872:	4607      	mov	r7, r0
10003874:	428a      	cmp	r2, r1
10003876:	461d      	mov	r5, r3
10003878:	d03d      	beq.n	100038f6 <cdcd_xfer_cb+0x8e>
1000387a:	78b3      	ldrb	r3, [r6, #2]
1000387c:	428b      	cmp	r3, r1
1000387e:	d012      	beq.n	100038a6 <cdcd_xfer_cb+0x3e>
10003880:	f04f 23e0 	mov.w	r3, #3758153728	@ 0xe000e000
10003884:	f8d3 3df0 	ldr.w	r3, [r3, #3568]	@ 0xdf0
10003888:	07db      	lsls	r3, r3, #31
1000388a:	d432      	bmi.n	100038f2 <cdcd_xfer_cb+0x8a>
1000388c:	2000      	movs	r0, #0
1000388e:	e8bd 83f8 	ldmia.w	sp!, {r3, r4, r5, r6, r7, r8, r9, pc}
10003892:	4b2d      	ldr	r3, [pc, #180]	@ (10003948 <cdcd_xfer_cb+0xe0>)
10003894:	b123      	cbz	r3, 100038a0 <cdcd_xfer_cb+0x38>
10003896:	482d      	ldr	r0, [pc, #180]	@ (1000394c <cdcd_xfer_cb+0xe4>)
10003898:	f000 f976 	bl	10003b88 <tu_fifo_empty>
1000389c:	2800      	cmp	r0, #0
1000389e:	d04d      	beq.n	1000393c <cdcd_xfer_cb+0xd4>
100038a0:	2000      	movs	r0, #0
100038a2:	f7ff fd99 	bl	100033d8 <_prep_out_transaction.isra.0>
100038a6:	78b3      	ldrb	r3, [r6, #2]
100038a8:	42a3      	cmp	r3, r4
100038aa:	d001      	beq.n	100038b0 <cdcd_xfer_cb+0x48>
100038ac:	2001      	movs	r0, #1
100038ae:	e7ee      	b.n	1000388e <cdcd_xfer_cb+0x26>
100038b0:	4b27      	ldr	r3, [pc, #156]	@ (10003950 <cdcd_xfer_cb+0xe8>)
100038b2:	b113      	cbz	r3, 100038ba <cdcd_xfer_cb+0x52>
100038b4:	2000      	movs	r0, #0
100038b6:	f3af 8000 	nop.w
100038ba:	2000      	movs	r0, #0
100038bc:	f7ff fe2e 	bl	1000351c <tud_cdc_n_write_flush>
100038c0:	2800      	cmp	r0, #0
100038c2:	d1f3      	bne.n	100038ac <cdcd_xfer_cb+0x44>
100038c4:	4823      	ldr	r0, [pc, #140]	@ (10003954 <cdcd_xfer_cb+0xec>)
100038c6:	f000 f94f 	bl	10003b68 <tu_fifo_count>
100038ca:	2800      	cmp	r0, #0
100038cc:	d1ee      	bne.n	100038ac <cdcd_xfer_cb+0x44>
100038ce:	2d00      	cmp	r5, #0
100038d0:	d0ec      	beq.n	100038ac <cdcd_xfer_cb+0x44>
100038d2:	f015 053f 	ands.w	r5, r5, #63	@ 0x3f
100038d6:	d1e9      	bne.n	100038ac <cdcd_xfer_cb+0x44>
100038d8:	4638      	mov	r0, r7
100038da:	78b1      	ldrb	r1, [r6, #2]
100038dc:	f7ff fc10 	bl	10003100 <usbd_edpt_claim>
100038e0:	2800      	cmp	r0, #0
100038e2:	d0e3      	beq.n	100038ac <cdcd_xfer_cb+0x44>
100038e4:	462b      	mov	r3, r5
100038e6:	462a      	mov	r2, r5
100038e8:	4638      	mov	r0, r7
100038ea:	78b1      	ldrb	r1, [r6, #2]
100038ec:	f7ff fc2c 	bl	10003148 <usbd_edpt_xfer>
100038f0:	e7dc      	b.n	100038ac <cdcd_xfer_cb+0x44>
100038f2:	be00      	bkpt	0x0000
100038f4:	e7ca      	b.n	1000388c <cdcd_xfer_cb+0x24>
100038f6:	b29a      	uxth	r2, r3
100038f8:	4917      	ldr	r1, [pc, #92]	@ (10003958 <cdcd_xfer_cb+0xf0>)
100038fa:	f106 0010 	add.w	r0, r6, #16
100038fe:	f000 fa67 	bl	10003dd0 <tu_fifo_write_n>
10003902:	4b16      	ldr	r3, [pc, #88]	@ (1000395c <cdcd_xfer_cb+0xf4>)
10003904:	2b00      	cmp	r3, #0
10003906:	d0c4      	beq.n	10003892 <cdcd_xfer_cb+0x2a>
10003908:	7973      	ldrb	r3, [r6, #5]
1000390a:	2bff      	cmp	r3, #255	@ 0xff
1000390c:	d0c1      	beq.n	10003892 <cdcd_xfer_cb+0x2a>
1000390e:	2d00      	cmp	r5, #0
10003910:	d0bf      	beq.n	10003892 <cdcd_xfer_cb+0x2a>
10003912:	f8df 8044 	ldr.w	r8, [pc, #68]	@ 10003958 <cdcd_xfer_cb+0xf0>
10003916:	eb08 0905 	add.w	r9, r8, r5
1000391a:	e002      	b.n	10003922 <cdcd_xfer_cb+0xba>
1000391c:	45c8      	cmp	r8, r9
1000391e:	d0b8      	beq.n	10003892 <cdcd_xfer_cb+0x2a>
10003920:	7973      	ldrb	r3, [r6, #5]
10003922:	f818 2b01 	ldrb.w	r2, [r8], #1
10003926:	429a      	cmp	r2, r3
10003928:	d1f8      	bne.n	1000391c <cdcd_xfer_cb+0xb4>
1000392a:	4808      	ldr	r0, [pc, #32]	@ (1000394c <cdcd_xfer_cb+0xe4>)
1000392c:	f000 f92c 	bl	10003b88 <tu_fifo_empty>
10003930:	2800      	cmp	r0, #0
10003932:	d1f3      	bne.n	1000391c <cdcd_xfer_cb+0xb4>
10003934:	7971      	ldrb	r1, [r6, #5]
10003936:	f3af 8000 	nop.w
1000393a:	e7ef      	b.n	1000391c <cdcd_xfer_cb+0xb4>
1000393c:	f3af 8000 	nop.w
10003940:	e7ae      	b.n	100038a0 <cdcd_xfer_cb+0x38>
10003942:	bf00      	nop
10003944:	200019b8 	.word	0x200019b8
10003948:	00000000 	.word	0x00000000
1000394c:	200019c8 	.word	0x200019c8
10003950:	00000000 	.word	0x00000000
10003954:	200019dc 	.word	0x200019dc
10003958:	20001934 	.word	0x20001934
1000395c:	00000000 	.word	0x00000000

10003960 <tusb_rhport_init>:
10003960:	b510      	push	{r4, lr}
10003962:	b082      	sub	sp, #8
10003964:	b1c9      	cbz	r1, 1000399a <tusb_rhport_init+0x3a>
10003966:	2801      	cmp	r0, #1
10003968:	d80c      	bhi.n	10003984 <tusb_rhport_init+0x24>
1000396a:	780b      	ldrb	r3, [r1, #0]
1000396c:	b153      	cbz	r3, 10003984 <tusb_rhport_init+0x24>
1000396e:	4c14      	ldr	r4, [pc, #80]	@ (100039c0 <tusb_rhport_init+0x60>)
10003970:	2b01      	cmp	r3, #1
10003972:	5423      	strb	r3, [r4, r0]
10003974:	d002      	beq.n	1000397c <tusb_rhport_init+0x1c>
10003976:	2001      	movs	r0, #1
10003978:	b002      	add	sp, #8
1000397a:	bd10      	pop	{r4, pc}
1000397c:	f7fe ff26 	bl	100027cc <tud_rhport_init>
10003980:	2800      	cmp	r0, #0
10003982:	d1f8      	bne.n	10003976 <tusb_rhport_init+0x16>
10003984:	f04f 23e0 	mov.w	r3, #3758153728	@ 0xe000e000
10003988:	f8d3 3df0 	ldr.w	r3, [r3, #3568]	@ 0xdf0
1000398c:	07db      	lsls	r3, r3, #31
1000398e:	d402      	bmi.n	10003996 <tusb_rhport_init+0x36>
10003990:	2000      	movs	r0, #0
10003992:	b002      	add	sp, #8
10003994:	bd10      	pop	{r4, pc}
10003996:	be00      	bkpt	0x0000
10003998:	e7fa      	b.n	10003990 <tusb_rhport_init+0x30>
1000399a:	2401      	movs	r4, #1
1000399c:	4608      	mov	r0, r1
1000399e:	a901      	add	r1, sp, #4
100039a0:	f8ad 4004 	strh.w	r4, [sp, #4]
100039a4:	f7fe ff12 	bl	100027cc <tud_rhport_init>
100039a8:	b938      	cbnz	r0, 100039ba <tusb_rhport_init+0x5a>
100039aa:	f04f 23e0 	mov.w	r3, #3758153728	@ 0xe000e000
100039ae:	f8d3 3df0 	ldr.w	r3, [r3, #3568]	@ 0xdf0
100039b2:	07da      	lsls	r2, r3, #31
100039b4:	d5ed      	bpl.n	10003992 <tusb_rhport_init+0x32>
100039b6:	be00      	bkpt	0x0000
100039b8:	e7eb      	b.n	10003992 <tusb_rhport_init+0x32>
100039ba:	4b01      	ldr	r3, [pc, #4]	@ (100039c0 <tusb_rhport_init+0x60>)
100039bc:	701c      	strb	r4, [r3, #0]
100039be:	e7e8      	b.n	10003992 <tusb_rhport_init+0x32>
100039c0:	20001af4 	.word	0x20001af4

100039c4 <tu_edpt_claim>:
100039c4:	b5f8      	push	{r3, r4, r5, r6, r7, lr}
100039c6:	7803      	ldrb	r3, [r0, #0]
100039c8:	f013 0401 	ands.w	r4, r3, #1
100039cc:	d11a      	bne.n	10003a04 <tu_edpt_claim+0x40>
100039ce:	7803      	ldrb	r3, [r0, #0]
100039d0:	4605      	mov	r5, r0
100039d2:	075a      	lsls	r2, r3, #29
100039d4:	f3c3 0780 	ubfx	r7, r3, #2, #1
100039d8:	d501      	bpl.n	100039de <tu_edpt_claim+0x1a>
100039da:	4620      	mov	r0, r4
100039dc:	bdf8      	pop	{r3, r4, r5, r6, r7, pc}
100039de:	460e      	mov	r6, r1
100039e0:	f04f 31ff 	mov.w	r1, #4294967295
100039e4:	4630      	mov	r0, r6
100039e6:	f001 f927 	bl	10004c38 <__mutex_enter_timeout_ms_veneer>
100039ea:	782b      	ldrb	r3, [r5, #0]
100039ec:	f013 0401 	ands.w	r4, r3, #1
100039f0:	d10b      	bne.n	10003a0a <tu_edpt_claim+0x46>
100039f2:	782b      	ldrb	r3, [r5, #0]
100039f4:	075b      	lsls	r3, r3, #29
100039f6:	d409      	bmi.n	10003a0c <tu_edpt_claim+0x48>
100039f8:	782b      	ldrb	r3, [r5, #0]
100039fa:	2401      	movs	r4, #1
100039fc:	f043 0304 	orr.w	r3, r3, #4
10003a00:	702b      	strb	r3, [r5, #0]
10003a02:	e003      	b.n	10003a0c <tu_edpt_claim+0x48>
10003a04:	2400      	movs	r4, #0
10003a06:	4620      	mov	r0, r4
10003a08:	bdf8      	pop	{r3, r4, r5, r6, r7, pc}
10003a0a:	463c      	mov	r4, r7
10003a0c:	4630      	mov	r0, r6
10003a0e:	f001 f8eb 	bl	10004be8 <__mutex_exit_veneer>
10003a12:	4620      	mov	r0, r4
10003a14:	bdf8      	pop	{r3, r4, r5, r6, r7, pc}
10003a16:	bf00      	nop

10003a18 <tu_edpt_release>:
10003a18:	b570      	push	{r4, r5, r6, lr}
10003a1a:	460c      	mov	r4, r1
10003a1c:	4605      	mov	r5, r0
10003a1e:	f04f 31ff 	mov.w	r1, #4294967295
10003a22:	4620      	mov	r0, r4
10003a24:	f001 f908 	bl	10004c38 <__mutex_enter_timeout_ms_veneer>
10003a28:	782b      	ldrb	r3, [r5, #0]
10003a2a:	f3c3 0680 	ubfx	r6, r3, #2, #1
10003a2e:	075b      	lsls	r3, r3, #29
10003a30:	d508      	bpl.n	10003a44 <tu_edpt_release+0x2c>
10003a32:	782b      	ldrb	r3, [r5, #0]
10003a34:	f013 0301 	ands.w	r3, r3, #1
10003a38:	bf11      	iteee	ne
10003a3a:	2600      	movne	r6, #0
10003a3c:	782a      	ldrbeq	r2, [r5, #0]
10003a3e:	f363 0282 	bfieq	r2, r3, #2, #1
10003a42:	702a      	strbeq	r2, [r5, #0]
10003a44:	4620      	mov	r0, r4
10003a46:	f001 f8cf 	bl	10004be8 <__mutex_exit_veneer>
10003a4a:	4630      	mov	r0, r6
10003a4c:	bd70      	pop	{r4, r5, r6, pc}
10003a4e:	bf00      	nop

10003a50 <tu_edpt_validate>:
10003a50:	78c3      	ldrb	r3, [r0, #3]
10003a52:	8882      	ldrh	r2, [r0, #4]
10003a54:	f003 0003 	and.w	r0, r3, #3
10003a58:	2802      	cmp	r0, #2
10003a5a:	f3c2 020a 	ubfx	r2, r2, #0, #11
10003a5e:	d015      	beq.n	10003a8c <tu_edpt_validate+0x3c>
10003a60:	2803      	cmp	r0, #3
10003a62:	d00a      	beq.n	10003a7a <tu_edpt_validate+0x2a>
10003a64:	2801      	cmp	r0, #1
10003a66:	d11c      	bne.n	10003aa2 <tu_edpt_validate+0x52>
10003a68:	2902      	cmp	r1, #2
10003a6a:	f240 33ff 	movw	r3, #1023	@ 0x3ff
10003a6e:	bf08      	it	eq
10003a70:	f44f 6380 	moveq.w	r3, #1024	@ 0x400
10003a74:	4293      	cmp	r3, r2
10003a76:	d30d      	bcc.n	10003a94 <tu_edpt_validate+0x44>
10003a78:	4770      	bx	lr
10003a7a:	2902      	cmp	r1, #2
10003a7c:	bf14      	ite	ne
10003a7e:	2340      	movne	r3, #64	@ 0x40
10003a80:	f44f 6380 	moveq.w	r3, #1024	@ 0x400
10003a84:	4293      	cmp	r3, r2
10003a86:	d305      	bcc.n	10003a94 <tu_edpt_validate+0x44>
10003a88:	2001      	movs	r0, #1
10003a8a:	4770      	bx	lr
10003a8c:	2902      	cmp	r1, #2
10003a8e:	d00a      	beq.n	10003aa6 <tu_edpt_validate+0x56>
10003a90:	2a40      	cmp	r2, #64	@ 0x40
10003a92:	d9f9      	bls.n	10003a88 <tu_edpt_validate+0x38>
10003a94:	f04f 23e0 	mov.w	r3, #3758153728	@ 0xe000e000
10003a98:	f8d3 3df0 	ldr.w	r3, [r3, #3568]	@ 0xdf0
10003a9c:	07db      	lsls	r3, r3, #31
10003a9e:	d500      	bpl.n	10003aa2 <tu_edpt_validate+0x52>
10003aa0:	be00      	bkpt	0x0000
10003aa2:	2000      	movs	r0, #0
10003aa4:	4770      	bx	lr
10003aa6:	f5b2 7f00 	cmp.w	r2, #512	@ 0x200
10003aaa:	d0ed      	beq.n	10003a88 <tu_edpt_validate+0x38>
10003aac:	e7f2      	b.n	10003a94 <tu_edpt_validate+0x44>
10003aae:	bf00      	nop

10003ab0 <tu_edpt_bind_driver>:
10003ab0:	440a      	add	r2, r1
10003ab2:	4291      	cmp	r1, r2
10003ab4:	d226      	bcs.n	10003b04 <tu_edpt_bind_driver+0x54>
10003ab6:	f891 c001 	ldrb.w	ip, [r1, #1]
10003aba:	f1bc 0f05 	cmp.w	ip, #5
10003abe:	d005      	beq.n	10003acc <tu_edpt_bind_driver+0x1c>
10003ac0:	f891 c000 	ldrb.w	ip, [r1]
10003ac4:	4461      	add	r1, ip
10003ac6:	428a      	cmp	r2, r1
10003ac8:	d8f5      	bhi.n	10003ab6 <tu_edpt_bind_driver+0x6>
10003aca:	4770      	bx	lr
10003acc:	b500      	push	{lr}
10003ace:	f891 c002 	ldrb.w	ip, [r1, #2]
10003ad2:	f00c 0e7f 	and.w	lr, ip, #127	@ 0x7f
10003ad6:	eb00 0e4e 	add.w	lr, r0, lr, lsl #1
10003ada:	ea4f 1cdc 	mov.w	ip, ip, lsr #7
10003ade:	f80e 300c 	strb.w	r3, [lr, ip]
10003ae2:	f891 c000 	ldrb.w	ip, [r1]
10003ae6:	4461      	add	r1, ip
10003ae8:	428a      	cmp	r2, r1
10003aea:	d909      	bls.n	10003b00 <tu_edpt_bind_driver+0x50>
10003aec:	f891 c001 	ldrb.w	ip, [r1, #1]
10003af0:	f1bc 0f05 	cmp.w	ip, #5
10003af4:	d0eb      	beq.n	10003ace <tu_edpt_bind_driver+0x1e>
10003af6:	f891 c000 	ldrb.w	ip, [r1]
10003afa:	4461      	add	r1, ip
10003afc:	428a      	cmp	r2, r1
10003afe:	d8f5      	bhi.n	10003aec <tu_edpt_bind_driver+0x3c>
10003b00:	f85d fb04 	ldr.w	pc, [sp], #4
10003b04:	4770      	bx	lr
10003b06:	bf00      	nop

10003b08 <tu_fifo_config>:
10003b08:	e92d 41f0 	stmdb	sp!, {r4, r5, r6, r7, r8, lr}
10003b0c:	f5b2 4f00 	cmp.w	r2, #32768	@ 0x8000
10003b10:	f89d 8018 	ldrb.w	r8, [sp, #24]
10003b14:	d824      	bhi.n	10003b60 <tu_fifo_config+0x58>
10003b16:	4604      	mov	r4, r0
10003b18:	68c0      	ldr	r0, [r0, #12]
10003b1a:	4617      	mov	r7, r2
10003b1c:	460e      	mov	r6, r1
10003b1e:	461d      	mov	r5, r3
10003b20:	b118      	cbz	r0, 10003b2a <tu_fifo_config+0x22>
10003b22:	f04f 31ff 	mov.w	r1, #4294967295
10003b26:	f001 f887 	bl	10004c38 <__mutex_enter_timeout_ms_veneer>
10003b2a:	6920      	ldr	r0, [r4, #16]
10003b2c:	b118      	cbz	r0, 10003b36 <tu_fifo_config+0x2e>
10003b2e:	f04f 31ff 	mov.w	r1, #4294967295
10003b32:	f001 f881 	bl	10004c38 <__mutex_enter_timeout_ms_veneer>
10003b36:	2200      	movs	r2, #0
10003b38:	f3c5 030e 	ubfx	r3, r5, #0, #15
10003b3c:	68e0      	ldr	r0, [r4, #12]
10003b3e:	ea43 33c8 	orr.w	r3, r3, r8, lsl #15
10003b42:	8162      	strh	r2, [r4, #10]
10003b44:	6026      	str	r6, [r4, #0]
10003b46:	80a7      	strh	r7, [r4, #4]
10003b48:	80e3      	strh	r3, [r4, #6]
10003b4a:	8122      	strh	r2, [r4, #8]
10003b4c:	b108      	cbz	r0, 10003b52 <tu_fifo_config+0x4a>
10003b4e:	f001 f84b 	bl	10004be8 <__mutex_exit_veneer>
10003b52:	6920      	ldr	r0, [r4, #16]
10003b54:	b108      	cbz	r0, 10003b5a <tu_fifo_config+0x52>
10003b56:	f001 f847 	bl	10004be8 <__mutex_exit_veneer>
10003b5a:	2001      	movs	r0, #1
10003b5c:	e8bd 81f0 	ldmia.w	sp!, {r4, r5, r6, r7, r8, pc}
10003b60:	2000      	movs	r0, #0
10003b62:	e8bd 81f0 	ldmia.w	sp!, {r4, r5, r6, r7, r8, pc}
10003b66:	bf00      	nop

10003b68 <tu_fifo_count>:
10003b68:	8903      	ldrh	r3, [r0, #8]
10003b6a:	8942      	ldrh	r2, [r0, #10]
10003b6c:	b29b      	uxth	r3, r3
10003b6e:	b292      	uxth	r2, r2
10003b70:	8880      	ldrh	r0, [r0, #4]
10003b72:	4293      	cmp	r3, r2
10003b74:	bf36      	itet	cc
10003b76:	ebc2 0240 	rsbcc	r2, r2, r0, lsl #1
10003b7a:	1a9b      	subcs	r3, r3, r2
10003b7c:	189b      	addcc	r3, r3, r2
10003b7e:	b29b      	uxth	r3, r3
10003b80:	4298      	cmp	r0, r3
10003b82:	bf28      	it	cs
10003b84:	4618      	movcs	r0, r3
10003b86:	4770      	bx	lr

10003b88 <tu_fifo_empty>:
10003b88:	8902      	ldrh	r2, [r0, #8]
10003b8a:	8943      	ldrh	r3, [r0, #10]
10003b8c:	b290      	uxth	r0, r2
10003b8e:	b29b      	uxth	r3, r3
10003b90:	1ac0      	subs	r0, r0, r3
10003b92:	fab0 f080 	clz	r0, r0
10003b96:	0940      	lsrs	r0, r0, #5
10003b98:	4770      	bx	lr
10003b9a:	bf00      	nop

10003b9c <tu_fifo_remaining>:
10003b9c:	8903      	ldrh	r3, [r0, #8]
10003b9e:	8942      	ldrh	r2, [r0, #10]
10003ba0:	b29b      	uxth	r3, r3
10003ba2:	8880      	ldrh	r0, [r0, #4]
10003ba4:	b292      	uxth	r2, r2
10003ba6:	4293      	cmp	r3, r2
10003ba8:	bf36      	itet	cc
10003baa:	ebc2 0240 	rsbcc	r2, r2, r0, lsl #1
10003bae:	1a9b      	subcs	r3, r3, r2
10003bb0:	189b      	addcc	r3, r3, r2
10003bb2:	b29b      	uxth	r3, r3
10003bb4:	4298      	cmp	r0, r3
10003bb6:	bf86      	itte	hi
10003bb8:	1ac0      	subhi	r0, r0, r3
10003bba:	b280      	uxthhi	r0, r0
10003bbc:	2000      	movls	r0, #0
10003bbe:	4770      	bx	lr

10003bc0 <tu_fifo_read>:
10003bc0:	b538      	push	{r3, r4, r5, lr}
10003bc2:	4604      	mov	r4, r0
10003bc4:	6900      	ldr	r0, [r0, #16]
10003bc6:	460d      	mov	r5, r1
10003bc8:	b118      	cbz	r0, 10003bd2 <tu_fifo_read+0x12>
10003bca:	f04f 31ff 	mov.w	r1, #4294967295
10003bce:	f001 f833 	bl	10004c38 <__mutex_enter_timeout_ms_veneer>
10003bd2:	8921      	ldrh	r1, [r4, #8]
10003bd4:	8963      	ldrh	r3, [r4, #10]
10003bd6:	b289      	uxth	r1, r1
10003bd8:	b29b      	uxth	r3, r3
10003bda:	88a2      	ldrh	r2, [r4, #4]
10003bdc:	4299      	cmp	r1, r3
10003bde:	bf36      	itet	cc
10003be0:	ebc3 0042 	rsbcc	r0, r3, r2, lsl #1
10003be4:	1ac8      	subcs	r0, r1, r3
10003be6:	1840      	addcc	r0, r0, r1
10003be8:	b280      	uxth	r0, r0
10003bea:	b350      	cbz	r0, 10003c42 <tu_fifo_read+0x82>
10003bec:	4282      	cmp	r2, r0
10003bee:	d209      	bcs.n	10003c04 <tu_fifo_read+0x44>
10003bf0:	4291      	cmp	r1, r2
10003bf2:	bf2c      	ite	cs
10003bf4:	1a89      	subcs	r1, r1, r2
10003bf6:	1889      	addcc	r1, r1, r2
10003bf8:	b28b      	uxth	r3, r1
10003bfa:	429a      	cmp	r2, r3
10003bfc:	8163      	strh	r3, [r4, #10]
10003bfe:	d803      	bhi.n	10003c08 <tu_fifo_read+0x48>
10003c00:	1a9b      	subs	r3, r3, r2
10003c02:	b29b      	uxth	r3, r3
10003c04:	429a      	cmp	r2, r3
10003c06:	d9fb      	bls.n	10003c00 <tu_fifo_read+0x40>
10003c08:	88e2      	ldrh	r2, [r4, #6]
10003c0a:	6821      	ldr	r1, [r4, #0]
10003c0c:	f3c2 020e 	ubfx	r2, r2, #0, #15
10003c10:	fb02 1103 	mla	r1, r2, r3, r1
10003c14:	4628      	mov	r0, r5
10003c16:	f000 fffb 	bl	10004c10 <__memcpy_veneer>
10003c1a:	8961      	ldrh	r1, [r4, #10]
10003c1c:	2501      	movs	r5, #1
10003c1e:	b289      	uxth	r1, r1
10003c20:	1c4b      	adds	r3, r1, #1
10003c22:	b29b      	uxth	r3, r3
10003c24:	4299      	cmp	r1, r3
10003c26:	88a2      	ldrh	r2, [r4, #4]
10003c28:	d90e      	bls.n	10003c48 <tu_fifo_read+0x88>
10003c2a:	2300      	movs	r3, #0
10003c2c:	fa02 f105 	lsl.w	r1, r2, r5
10003c30:	1a5b      	subs	r3, r3, r1
10003c32:	b29b      	uxth	r3, r3
10003c34:	6920      	ldr	r0, [r4, #16]
10003c36:	8163      	strh	r3, [r4, #10]
10003c38:	b108      	cbz	r0, 10003c3e <tu_fifo_read+0x7e>
10003c3a:	f000 ffd5 	bl	10004be8 <__mutex_exit_veneer>
10003c3e:	4628      	mov	r0, r5
10003c40:	bd38      	pop	{r3, r4, r5, pc}
10003c42:	4605      	mov	r5, r0
10003c44:	8963      	ldrh	r3, [r4, #10]
10003c46:	b29b      	uxth	r3, r3
10003c48:	ebb3 0f42 	cmp.w	r3, r2, lsl #1
10003c4c:	ea4f 0142 	mov.w	r1, r2, lsl #1
10003c50:	dbf0      	blt.n	10003c34 <tu_fifo_read+0x74>
10003c52:	e7ed      	b.n	10003c30 <tu_fifo_read+0x70>

10003c54 <tu_fifo_read_n>:
10003c54:	e92d 47f0 	stmdb	sp!, {r4, r5, r6, r7, r8, r9, sl, lr}
10003c58:	4606      	mov	r6, r0
10003c5a:	6900      	ldr	r0, [r0, #16]
10003c5c:	4688      	mov	r8, r1
10003c5e:	4691      	mov	r9, r2
10003c60:	b118      	cbz	r0, 10003c6a <tu_fifo_read_n+0x16>
10003c62:	f04f 31ff 	mov.w	r1, #4294967295
10003c66:	f000 ffe7 	bl	10004c38 <__mutex_enter_timeout_ms_veneer>
10003c6a:	8933      	ldrh	r3, [r6, #8]
10003c6c:	8974      	ldrh	r4, [r6, #10]
10003c6e:	b29b      	uxth	r3, r3
10003c70:	b2a4      	uxth	r4, r4
10003c72:	88b5      	ldrh	r5, [r6, #4]
10003c74:	42a3      	cmp	r3, r4
10003c76:	bf36      	itet	cc
10003c78:	ebc4 0745 	rsbcc	r7, r4, r5, lsl #1
10003c7c:	1b1f      	subcs	r7, r3, r4
10003c7e:	18ff      	addcc	r7, r7, r3
10003c80:	b2bf      	uxth	r7, r7
10003c82:	2f00      	cmp	r7, #0
10003c84:	d04a      	beq.n	10003d1c <tu_fifo_read_n+0xc8>
10003c86:	42bd      	cmp	r5, r7
10003c88:	d340      	bcc.n	10003d0c <tu_fifo_read_n+0xb8>
10003c8a:	45b9      	cmp	r9, r7
10003c8c:	bf28      	it	cs
10003c8e:	46b9      	movcs	r9, r7
10003c90:	42a5      	cmp	r5, r4
10003c92:	fa1f f789 	uxth.w	r7, r9
10003c96:	d803      	bhi.n	10003ca0 <tu_fifo_read_n+0x4c>
10003c98:	1b64      	subs	r4, r4, r5
10003c9a:	b2a4      	uxth	r4, r4
10003c9c:	42a5      	cmp	r5, r4
10003c9e:	d9fb      	bls.n	10003c98 <tu_fifo_read_n+0x44>
10003ca0:	f8b6 a006 	ldrh.w	sl, [r6, #6]
10003ca4:	1b2b      	subs	r3, r5, r4
10003ca6:	6831      	ldr	r1, [r6, #0]
10003ca8:	b29b      	uxth	r3, r3
10003caa:	f3ca 020e 	ubfx	r2, sl, #0, #15
10003cae:	429f      	cmp	r7, r3
10003cb0:	4692      	mov	sl, r2
10003cb2:	fb02 1104 	mla	r1, r2, r4, r1
10003cb6:	d923      	bls.n	10003d00 <tu_fifo_read_n+0xac>
10003cb8:	fb13 f302 	smulbb	r3, r3, r2
10003cbc:	fa1f f983 	uxth.w	r9, r3
10003cc0:	464a      	mov	r2, r9
10003cc2:	4640      	mov	r0, r8
10003cc4:	1b7d      	subs	r5, r7, r5
10003cc6:	f000 ffa3 	bl	10004c10 <__memcpy_veneer>
10003cca:	1962      	adds	r2, r4, r5
10003ccc:	fb12 f20a 	smulbb	r2, r2, sl
10003cd0:	6831      	ldr	r1, [r6, #0]
10003cd2:	eb08 0009 	add.w	r0, r8, r9
10003cd6:	b292      	uxth	r2, r2
10003cd8:	f000 ff9a 	bl	10004c10 <__memcpy_veneer>
10003cdc:	8972      	ldrh	r2, [r6, #10]
10003cde:	88b5      	ldrh	r5, [r6, #4]
10003ce0:	b292      	uxth	r2, r2
10003ce2:	19d3      	adds	r3, r2, r7
10003ce4:	b29b      	uxth	r3, r3
10003ce6:	429a      	cmp	r2, r3
10003ce8:	d91a      	bls.n	10003d20 <tu_fifo_read_n+0xcc>
10003cea:	006a      	lsls	r2, r5, #1
10003cec:	1a9b      	subs	r3, r3, r2
10003cee:	b29b      	uxth	r3, r3
10003cf0:	6930      	ldr	r0, [r6, #16]
10003cf2:	8173      	strh	r3, [r6, #10]
10003cf4:	b108      	cbz	r0, 10003cfa <tu_fifo_read_n+0xa6>
10003cf6:	f000 ff77 	bl	10004be8 <__mutex_exit_veneer>
10003cfa:	4638      	mov	r0, r7
10003cfc:	e8bd 87f0 	ldmia.w	sp!, {r4, r5, r6, r7, r8, r9, sl, pc}
10003d00:	4640      	mov	r0, r8
10003d02:	fb07 f202 	mul.w	r2, r7, r2
10003d06:	f000 ff83 	bl	10004c10 <__memcpy_veneer>
10003d0a:	e7e7      	b.n	10003cdc <tu_fifo_read_n+0x88>
10003d0c:	42ab      	cmp	r3, r5
10003d0e:	bf2c      	ite	cs
10003d10:	1b5b      	subcs	r3, r3, r5
10003d12:	195b      	addcc	r3, r3, r5
10003d14:	b29c      	uxth	r4, r3
10003d16:	462f      	mov	r7, r5
10003d18:	8174      	strh	r4, [r6, #10]
10003d1a:	e7b6      	b.n	10003c8a <tu_fifo_read_n+0x36>
10003d1c:	8973      	ldrh	r3, [r6, #10]
10003d1e:	b29b      	uxth	r3, r3
10003d20:	ebb3 0f45 	cmp.w	r3, r5, lsl #1
10003d24:	ea4f 0245 	mov.w	r2, r5, lsl #1
10003d28:	dbe2      	blt.n	10003cf0 <tu_fifo_read_n+0x9c>
10003d2a:	e7df      	b.n	10003cec <tu_fifo_read_n+0x98>

10003d2c <tu_fifo_write>:
10003d2c:	b5f8      	push	{r3, r4, r5, r6, r7, lr}
10003d2e:	4604      	mov	r4, r0
10003d30:	68c0      	ldr	r0, [r0, #12]
10003d32:	460e      	mov	r6, r1
10003d34:	b118      	cbz	r0, 10003d3e <tu_fifo_write+0x12>
10003d36:	f04f 31ff 	mov.w	r1, #4294967295
10003d3a:	f000 ff7d 	bl	10004c38 <__mutex_enter_timeout_ms_veneer>
10003d3e:	8925      	ldrh	r5, [r4, #8]
10003d40:	8923      	ldrh	r3, [r4, #8]
10003d42:	8961      	ldrh	r1, [r4, #10]
10003d44:	b29b      	uxth	r3, r3
10003d46:	b289      	uxth	r1, r1
10003d48:	88a2      	ldrh	r2, [r4, #4]
10003d4a:	428b      	cmp	r3, r1
10003d4c:	bf36      	itet	cc
10003d4e:	ebc1 0142 	rsbcc	r1, r1, r2, lsl #1
10003d52:	1a5b      	subcs	r3, r3, r1
10003d54:	185b      	addcc	r3, r3, r1
10003d56:	b29b      	uxth	r3, r3
10003d58:	429a      	cmp	r2, r3
10003d5a:	b2ad      	uxth	r5, r5
10003d5c:	d808      	bhi.n	10003d70 <tu_fifo_write+0x44>
10003d5e:	79e7      	ldrb	r7, [r4, #7]
10003d60:	09ff      	lsrs	r7, r7, #7
10003d62:	d105      	bne.n	10003d70 <tu_fifo_write+0x44>
10003d64:	68e0      	ldr	r0, [r4, #12]
10003d66:	b108      	cbz	r0, 10003d6c <tu_fifo_write+0x40>
10003d68:	f000 ff3e 	bl	10004be8 <__mutex_exit_veneer>
10003d6c:	4638      	mov	r0, r7
10003d6e:	bdf8      	pop	{r3, r4, r5, r6, r7, pc}
10003d70:	4295      	cmp	r5, r2
10003d72:	bf28      	it	cs
10003d74:	462b      	movcs	r3, r5
10003d76:	d318      	bcc.n	10003daa <tu_fifo_write+0x7e>
10003d78:	1a9b      	subs	r3, r3, r2
10003d7a:	b29b      	uxth	r3, r3
10003d7c:	4293      	cmp	r3, r2
10003d7e:	d2fb      	bcs.n	10003d78 <tu_fifo_write+0x4c>
10003d80:	88e2      	ldrh	r2, [r4, #6]
10003d82:	6820      	ldr	r0, [r4, #0]
10003d84:	f3c2 020e 	ubfx	r2, r2, #0, #15
10003d88:	fb02 0003 	mla	r0, r2, r3, r0
10003d8c:	4631      	mov	r1, r6
10003d8e:	f000 ff3f 	bl	10004c10 <__memcpy_veneer>
10003d92:	1c6b      	adds	r3, r5, #1
10003d94:	b29b      	uxth	r3, r3
10003d96:	429d      	cmp	r5, r3
10003d98:	88a2      	ldrh	r2, [r4, #4]
10003d9a:	d912      	bls.n	10003dc2 <tu_fifo_write+0x96>
10003d9c:	2300      	movs	r3, #0
10003d9e:	0051      	lsls	r1, r2, #1
10003da0:	1a5b      	subs	r3, r3, r1
10003da2:	b29b      	uxth	r3, r3
10003da4:	2701      	movs	r7, #1
10003da6:	8123      	strh	r3, [r4, #8]
10003da8:	e7dc      	b.n	10003d64 <tu_fifo_write+0x38>
10003daa:	88e2      	ldrh	r2, [r4, #6]
10003dac:	6820      	ldr	r0, [r4, #0]
10003dae:	f3c2 020e 	ubfx	r2, r2, #0, #15
10003db2:	fb05 0002 	mla	r0, r5, r2, r0
10003db6:	4631      	mov	r1, r6
10003db8:	f000 ff2a 	bl	10004c10 <__memcpy_veneer>
10003dbc:	3501      	adds	r5, #1
10003dbe:	88a2      	ldrh	r2, [r4, #4]
10003dc0:	b2ab      	uxth	r3, r5
10003dc2:	ebb3 0f42 	cmp.w	r3, r2, lsl #1
10003dc6:	ea4f 0142 	mov.w	r1, r2, lsl #1
10003dca:	dbeb      	blt.n	10003da4 <tu_fifo_write+0x78>
10003dcc:	e7e8      	b.n	10003da0 <tu_fifo_write+0x74>
10003dce:	bf00      	nop

10003dd0 <tu_fifo_write_n>:
10003dd0:	e92d 4ff0 	stmdb	sp!, {r4, r5, r6, r7, r8, r9, sl, fp, lr}
10003dd4:	4617      	mov	r7, r2
10003dd6:	b083      	sub	sp, #12
10003dd8:	2a00      	cmp	r2, #0
10003dda:	d075      	beq.n	10003ec8 <tu_fifo_write_n+0xf8>
10003ddc:	4606      	mov	r6, r0
10003dde:	68c0      	ldr	r0, [r0, #12]
10003de0:	4689      	mov	r9, r1
10003de2:	b118      	cbz	r0, 10003dec <tu_fifo_write_n+0x1c>
10003de4:	f04f 31ff 	mov.w	r1, #4294967295
10003de8:	f000 ff26 	bl	10004c38 <__mutex_enter_timeout_ms_veneer>
10003dec:	79f3      	ldrb	r3, [r6, #7]
10003dee:	f8b6 8008 	ldrh.w	r8, [r6, #8]
10003df2:	8972      	ldrh	r2, [r6, #10]
10003df4:	09db      	lsrs	r3, r3, #7
10003df6:	88b5      	ldrh	r5, [r6, #4]
10003df8:	fa1f f888 	uxth.w	r8, r8
10003dfc:	b292      	uxth	r2, r2
10003dfe:	d13c      	bne.n	10003e7a <tu_fifo_write_n+0xaa>
10003e00:	4590      	cmp	r8, r2
10003e02:	bf36      	itet	cc
10003e04:	ebc2 0245 	rsbcc	r2, r2, r5, lsl #1
10003e08:	eba8 0202 	subcs.w	r2, r8, r2
10003e0c:	4442      	addcc	r2, r8
10003e0e:	b292      	uxth	r2, r2
10003e10:	42aa      	cmp	r2, r5
10003e12:	d25e      	bcs.n	10003ed2 <tu_fifo_write_n+0x102>
10003e14:	1aaa      	subs	r2, r5, r2
10003e16:	b292      	uxth	r2, r2
10003e18:	42ba      	cmp	r2, r7
10003e1a:	bf28      	it	cs
10003e1c:	463a      	movcs	r2, r7
10003e1e:	f8b6 b006 	ldrh.w	fp, [r6, #6]
10003e22:	b297      	uxth	r7, r2
10003e24:	1b7b      	subs	r3, r7, r5
10003e26:	eb08 0a07 	add.w	sl, r8, r7
10003e2a:	f3cb 0b0e 	ubfx	fp, fp, #0, #15
10003e2e:	b29b      	uxth	r3, r3
10003e30:	fa1f fa8a 	uxth.w	sl, sl
10003e34:	45a8      	cmp	r8, r5
10003e36:	4644      	mov	r4, r8
10003e38:	d303      	bcc.n	10003e42 <tu_fifo_write_n+0x72>
10003e3a:	1b64      	subs	r4, r4, r5
10003e3c:	b2a4      	uxth	r4, r4
10003e3e:	42ac      	cmp	r4, r5
10003e40:	d2fb      	bcs.n	10003e3a <tu_fifo_write_n+0x6a>
10003e42:	1b2d      	subs	r5, r5, r4
10003e44:	6830      	ldr	r0, [r6, #0]
10003e46:	b2ad      	uxth	r5, r5
10003e48:	42bd      	cmp	r5, r7
10003e4a:	fb0b 0004 	mla	r0, fp, r4, r0
10003e4e:	d357      	bcc.n	10003f00 <tu_fifo_write_n+0x130>
10003e50:	4649      	mov	r1, r9
10003e52:	fb0b f207 	mul.w	r2, fp, r7
10003e56:	f000 fedb 	bl	10004c10 <__memcpy_veneer>
10003e5a:	88b2      	ldrh	r2, [r6, #4]
10003e5c:	45d0      	cmp	r8, sl
10003e5e:	ea4f 0342 	mov.w	r3, r2, lsl #1
10003e62:	d802      	bhi.n	10003e6a <tu_fifo_write_n+0x9a>
10003e64:	ebba 0f42 	cmp.w	sl, r2, lsl #1
10003e68:	db03      	blt.n	10003e72 <tu_fifo_write_n+0xa2>
10003e6a:	ebaa 0303 	sub.w	r3, sl, r3
10003e6e:	fa1f fa83 	uxth.w	sl, r3
10003e72:	463d      	mov	r5, r7
10003e74:	f8a6 a008 	strh.w	sl, [r6, #8]
10003e78:	e02c      	b.n	10003ed4 <tu_fifo_write_n+0x104>
10003e7a:	f8b6 b006 	ldrh.w	fp, [r6, #6]
10003e7e:	42af      	cmp	r7, r5
10003e80:	f3cb 0b0e 	ubfx	fp, fp, #0, #15
10003e84:	d22f      	bcs.n	10003ee6 <tu_fifo_write_n+0x116>
10003e86:	4590      	cmp	r8, r2
10003e88:	bf36      	itet	cc
10003e8a:	ebc2 0145 	rsbcc	r1, r2, r5, lsl #1
10003e8e:	eba8 0102 	subcs.w	r1, r8, r2
10003e92:	4441      	addcc	r1, r8
10003e94:	b289      	uxth	r1, r1
10003e96:	0068      	lsls	r0, r5, #1
10003e98:	4439      	add	r1, r7
10003e9a:	1b7b      	subs	r3, r7, r5
10003e9c:	4281      	cmp	r1, r0
10003e9e:	b29b      	uxth	r3, r3
10003ea0:	db0d      	blt.n	10003ebe <tu_fifo_write_n+0xee>
10003ea2:	eb02 0a05 	add.w	sl, r2, r5
10003ea6:	fa1f fa8a 	uxth.w	sl, sl
10003eaa:	ebaa 0807 	sub.w	r8, sl, r7
10003eae:	fa1f f888 	uxth.w	r8, r8
10003eb2:	4542      	cmp	r2, r8
10003eb4:	d937      	bls.n	10003f26 <tu_fifo_write_n+0x156>
10003eb6:	eba8 0000 	sub.w	r0, r8, r0
10003eba:	fa1f f880 	uxth.w	r8, r0
10003ebe:	eb07 0a08 	add.w	sl, r7, r8
10003ec2:	fa1f fa8a 	uxth.w	sl, sl
10003ec6:	e7b5      	b.n	10003e34 <tu_fifo_write_n+0x64>
10003ec8:	4615      	mov	r5, r2
10003eca:	4628      	mov	r0, r5
10003ecc:	b003      	add	sp, #12
10003ece:	e8bd 8ff0 	ldmia.w	sp!, {r4, r5, r6, r7, r8, r9, sl, fp, pc}
10003ed2:	2500      	movs	r5, #0
10003ed4:	68f0      	ldr	r0, [r6, #12]
10003ed6:	2800      	cmp	r0, #0
10003ed8:	d0f7      	beq.n	10003eca <tu_fifo_write_n+0xfa>
10003eda:	f000 fe85 	bl	10004be8 <__mutex_exit_veneer>
10003ede:	4628      	mov	r0, r5
10003ee0:	b003      	add	sp, #12
10003ee2:	e8bd 8ff0 	ldmia.w	sp!, {r4, r5, r6, r7, r8, r9, sl, fp, pc}
10003ee6:	2d00      	cmp	r5, #0
10003ee8:	d0f4      	beq.n	10003ed4 <tu_fifo_write_n+0x104>
10003eea:	1b7f      	subs	r7, r7, r5
10003eec:	eb02 0a05 	add.w	sl, r2, r5
10003ef0:	fb0b 9907 	mla	r9, fp, r7, r9
10003ef4:	4690      	mov	r8, r2
10003ef6:	462f      	mov	r7, r5
10003ef8:	2300      	movs	r3, #0
10003efa:	fa1f fa8a 	uxth.w	sl, sl
10003efe:	e799      	b.n	10003e34 <tu_fifo_write_n+0x64>
10003f00:	fb15 f50b 	smulbb	r5, r5, fp
10003f04:	b2ad      	uxth	r5, r5
10003f06:	462a      	mov	r2, r5
10003f08:	4649      	mov	r1, r9
10003f0a:	9301      	str	r3, [sp, #4]
10003f0c:	f000 fe80 	bl	10004c10 <__memcpy_veneer>
10003f10:	9b01      	ldr	r3, [sp, #4]
10003f12:	6830      	ldr	r0, [r6, #0]
10003f14:	18e2      	adds	r2, r4, r3
10003f16:	fb12 f20b 	smulbb	r2, r2, fp
10003f1a:	eb09 0105 	add.w	r1, r9, r5
10003f1e:	b292      	uxth	r2, r2
10003f20:	f000 fe76 	bl	10004c10 <__memcpy_veneer>
10003f24:	e799      	b.n	10003e5a <tu_fifo_write_n+0x8a>
10003f26:	4540      	cmp	r0, r8
10003f28:	dc84      	bgt.n	10003e34 <tu_fifo_write_n+0x64>
10003f2a:	e7c4      	b.n	10003eb6 <tu_fifo_write_n+0xe6>

10003f2c <tu_fifo_clear>:
10003f2c:	b510      	push	{r4, lr}
10003f2e:	4604      	mov	r4, r0
10003f30:	68c0      	ldr	r0, [r0, #12]
10003f32:	b118      	cbz	r0, 10003f3c <tu_fifo_clear+0x10>
10003f34:	f04f 31ff 	mov.w	r1, #4294967295
10003f38:	f000 fe7e 	bl	10004c38 <__mutex_enter_timeout_ms_veneer>
10003f3c:	6920      	ldr	r0, [r4, #16]
10003f3e:	b118      	cbz	r0, 10003f48 <tu_fifo_clear+0x1c>
10003f40:	f04f 31ff 	mov.w	r1, #4294967295
10003f44:	f000 fe78 	bl	10004c38 <__mutex_enter_timeout_ms_veneer>
10003f48:	2300      	movs	r3, #0
10003f4a:	68e0      	ldr	r0, [r4, #12]
10003f4c:	8163      	strh	r3, [r4, #10]
10003f4e:	8123      	strh	r3, [r4, #8]
10003f50:	b108      	cbz	r0, 10003f56 <tu_fifo_clear+0x2a>
10003f52:	f000 fe49 	bl	10004be8 <__mutex_exit_veneer>
10003f56:	6920      	ldr	r0, [r4, #16]
10003f58:	b108      	cbz	r0, 10003f5e <tu_fifo_clear+0x32>
10003f5a:	f000 fe45 	bl	10004be8 <__mutex_exit_veneer>
10003f5e:	2001      	movs	r0, #1
10003f60:	bd10      	pop	{r4, pc}
10003f62:	bf00      	nop

10003f64 <tu_fifo_set_overwritable>:
10003f64:	b538      	push	{r3, r4, r5, lr}
10003f66:	4604      	mov	r4, r0
10003f68:	68c0      	ldr	r0, [r0, #12]
10003f6a:	460d      	mov	r5, r1
10003f6c:	b118      	cbz	r0, 10003f76 <tu_fifo_set_overwritable+0x12>
10003f6e:	f04f 31ff 	mov.w	r1, #4294967295
10003f72:	f000 fe61 	bl	10004c38 <__mutex_enter_timeout_ms_veneer>
10003f76:	6920      	ldr	r0, [r4, #16]
10003f78:	b118      	cbz	r0, 10003f82 <tu_fifo_set_overwritable+0x1e>
10003f7a:	f04f 31ff 	mov.w	r1, #4294967295
10003f7e:	f000 fe5b 	bl	10004c38 <__mutex_enter_timeout_ms_veneer>
10003f82:	79e3      	ldrb	r3, [r4, #7]
10003f84:	68e0      	ldr	r0, [r4, #12]
10003f86:	f365 13c7 	bfi	r3, r5, #7, #1
10003f8a:	71e3      	strb	r3, [r4, #7]
10003f8c:	b108      	cbz	r0, 10003f92 <tu_fifo_set_overwritable+0x2e>
10003f8e:	f000 fe2b 	bl	10004be8 <__mutex_exit_veneer>
10003f92:	6920      	ldr	r0, [r4, #16]
10003f94:	b108      	cbz	r0, 10003f9a <tu_fifo_set_overwritable+0x36>
10003f96:	f000 fe27 	bl	10004be8 <__mutex_exit_veneer>
10003f9a:	2001      	movs	r0, #1
10003f9c:	bd38      	pop	{r3, r4, r5, pc}
10003f9e:	bf00      	nop

10003fa0 <runtime_init_per_core_tls_setup>:
10003fa0:	2200      	movs	r2, #0
10003fa2:	4b01      	ldr	r3, [pc, #4]	@ (10003fa8 <runtime_init_per_core_tls_setup+0x8>)
10003fa4:	605a      	str	r2, [r3, #4]
10003fa6:	4770      	bx	lr
10003fa8:	20001928 	.word	0x20001928

10003fac <pio_add_program>:
10003fac:	e92d 47f0 	stmdb	sp!, {r4, r5, r6, r7, r8, r9, sl, lr}
10003fb0:	460e      	mov	r6, r1
10003fb2:	4605      	mov	r5, r0
10003fb4:	f7fc fa36 	bl	10000424 <hw_claim_lock>
10003fb8:	2201      	movs	r2, #1
10003fba:	f896 a004 	ldrb.w	sl, [r6, #4]
10003fbe:	f996 4005 	ldrsb.w	r4, [r6, #5]
10003fc2:	f105 4c2f 	add.w	ip, r5, #2936012800	@ 0xaf000000
10003fc6:	f8df 80b4 	ldr.w	r8, [pc, #180]	@ 1000407c <pio_add_program+0xd0>
10003fca:	f50c 0c60 	add.w	ip, ip, #14680064	@ 0xe00000
10003fce:	fa02 f20a 	lsl.w	r2, r2, sl
10003fd2:	ea4f 5c1c 	mov.w	ip, ip, lsr #20
10003fd6:	2c00      	cmp	r4, #0
10003fd8:	f858 702c 	ldr.w	r7, [r8, ip, lsl #2]
10003fdc:	f102 32ff 	add.w	r2, r2, #4294967295
10003fe0:	f1ca 0320 	rsb	r3, sl, #32
10003fe4:	db31      	blt.n	1000404a <pio_add_program+0x9e>
10003fe6:	429c      	cmp	r4, r3
10003fe8:	46a6      	mov	lr, r4
10003fea:	d827      	bhi.n	1000403c <pio_add_program+0x90>
10003fec:	fa02 f304 	lsl.w	r3, r2, r4
10003ff0:	423b      	tst	r3, r7
10003ff2:	d123      	bne.n	1000403c <pio_add_program+0x90>
10003ff4:	79f3      	ldrb	r3, [r6, #7]
10003ff6:	075b      	lsls	r3, r3, #29
10003ff8:	d432      	bmi.n	10004060 <pio_add_program+0xb4>
10003ffa:	fa02 f20e 	lsl.w	r2, r2, lr
10003ffe:	4217      	tst	r7, r2
10004000:	d135      	bne.n	1000406e <pio_add_program+0xc2>
10004002:	6831      	ldr	r1, [r6, #0]
10004004:	f1ba 0f00 	cmp.w	sl, #0
10004008:	d010      	beq.n	1000402c <pio_add_program+0x80>
1000400a:	4676      	mov	r6, lr
1000400c:	eb01 0a4a 	add.w	sl, r1, sl, lsl #1
10004010:	f831 3b02 	ldrh.w	r3, [r1], #2
10004014:	f106 0912 	add.w	r9, r6, #18
10004018:	f5b3 5f00 	cmp.w	r3, #8192	@ 0x2000
1000401c:	bf38      	it	cc
1000401e:	4473      	addcc	r3, lr
10004020:	4551      	cmp	r1, sl
10004022:	f106 0601 	add.w	r6, r6, #1
10004026:	f845 3029 	str.w	r3, [r5, r9, lsl #2]
1000402a:	d1f1      	bne.n	10004010 <pio_add_program+0x64>
1000402c:	433a      	orrs	r2, r7
1000402e:	f848 202c 	str.w	r2, [r8, ip, lsl #2]
10004032:	f7fc fa09 	bl	10000448 <hw_claim_unlock>
10004036:	4620      	mov	r0, r4
10004038:	e8bd 87f0 	ldmia.w	sp!, {r4, r5, r6, r7, r8, r9, sl, pc}
1000403c:	f04f 34ff 	mov.w	r4, #4294967295
10004040:	f7fc fa02 	bl	10000448 <hw_claim_unlock>
10004044:	4620      	mov	r0, r4
10004046:	e8bd 87f0 	ldmia.w	sp!, {r4, r5, r6, r7, r8, r9, sl, pc}
1000404a:	1e1c      	subs	r4, r3, #0
1000404c:	da02      	bge.n	10004054 <pio_add_program+0xa8>
1000404e:	e00e      	b.n	1000406e <pio_add_program+0xc2>
10004050:	3c01      	subs	r4, #1
10004052:	d30c      	bcc.n	1000406e <pio_add_program+0xc2>
10004054:	fa02 f304 	lsl.w	r3, r2, r4
10004058:	423b      	tst	r3, r7
1000405a:	46a6      	mov	lr, r4
1000405c:	d1f8      	bne.n	10004050 <pio_add_program+0xa4>
1000405e:	e7c9      	b.n	10003ff4 <pio_add_program+0x48>
10004060:	f06f 040a 	mvn.w	r4, #10
10004064:	f7fc f9f0 	bl	10000448 <hw_claim_unlock>
10004068:	4620      	mov	r0, r4
1000406a:	e8bd 87f0 	ldmia.w	sp!, {r4, r5, r6, r7, r8, r9, sl, pc}
1000406e:	f06f 0408 	mvn.w	r4, #8
10004072:	f7fc f9e9 	bl	10000448 <hw_claim_unlock>
10004076:	4620      	mov	r0, r4
10004078:	e8bd 87f0 	ldmia.w	sp!, {r4, r5, r6, r7, r8, r9, sl, pc}
1000407c:	20001c1c 	.word	0x20001c1c

10004080 <pio_sm_set_pindirs_with_mask>:
10004080:	e92d 47f0 	stmdb	sp!, {r4, r5, r6, r7, r8, r9, sl, lr}
10004084:	f44f 3500 	mov.w	r5, #131072	@ 0x20000
10004088:	eb01 0641 	add.w	r6, r1, r1, lsl #1
1000408c:	eb00 04c6 	add.w	r4, r0, r6, lsl #3
10004090:	f504 5443 	add.w	r4, r4, #12480	@ 0x30c0
10004094:	eb00 06c6 	add.w	r6, r0, r6, lsl #3
10004098:	f8d6 a0dc 	ldr.w	sl, [r6, #220]	@ 0xdc
1000409c:	ea4f 0841 	mov.w	r8, r1, lsl #1
100040a0:	f8d6 90cc 	ldr.w	r9, [r6, #204]	@ 0xcc
100040a4:	60e5      	str	r5, [r4, #12]
100040a6:	b1bb      	cbz	r3, 100040d8 <pio_sm_set_pindirs_with_mask+0x58>
100040a8:	f24e 0780 	movw	r7, #57472	@ 0xe080
100040ac:	fa93 fca3 	rbit	ip, r3
100040b0:	fabc fc8c 	clz	ip, ip
100040b4:	fa22 f50c 	lsr.w	r5, r2, ip
100040b8:	f103 3eff 	add.w	lr, r3, #4294967295
100040bc:	ea4f 1c4c 	mov.w	ip, ip, lsl #5
100040c0:	f005 0501 	and.w	r5, r5, #1
100040c4:	f04c 6480 	orr.w	r4, ip, #67108864	@ 0x4000000
100040c8:	433d      	orrs	r5, r7
100040ca:	ea13 030e 	ands.w	r3, r3, lr
100040ce:	f8c6 40dc 	str.w	r4, [r6, #220]	@ 0xdc
100040d2:	f8c6 50d8 	str.w	r5, [r6, #216]	@ 0xd8
100040d6:	d1e9      	bne.n	100040ac <pio_sm_set_pindirs_with_mask+0x2c>
100040d8:	4488      	add	r8, r1
100040da:	eb00 00c8 	add.w	r0, r0, r8, lsl #3
100040de:	f8c0 a0dc 	str.w	sl, [r0, #220]	@ 0xdc
100040e2:	f8c0 90cc 	str.w	r9, [r0, #204]	@ 0xcc
100040e6:	e8bd 87f0 	ldmia.w	sp!, {r4, r5, r6, r7, r8, r9, sl, pc}
100040ea:	bf00      	nop

100040ec <pio_sm_init>:
100040ec:	b5f0      	push	{r4, r5, r6, r7, lr}
100040ee:	2501      	movs	r5, #1
100040f0:	6804      	ldr	r4, [r0, #0]
100040f2:	408d      	lsls	r5, r1
100040f4:	ea24 0405 	bic.w	r4, r4, r5
100040f8:	6004      	str	r4, [r0, #0]
100040fa:	b3b3      	cbz	r3, 1000416a <pio_sm_init+0x7e>
100040fc:	e9d3 5601 	ldrd	r5, r6, [r3, #4]
10004100:	681f      	ldr	r7, [r3, #0]
10004102:	68dc      	ldr	r4, [r3, #12]
10004104:	eb01 0341 	add.w	r3, r1, r1, lsl #1
10004108:	eb00 03c3 	add.w	r3, r0, r3, lsl #3
1000410c:	f8c3 70c8 	str.w	r7, [r3, #200]	@ 0xc8
10004110:	ea4f 0c41 	mov.w	ip, r1, lsl #1
10004114:	f8c3 60d0 	str.w	r6, [r3, #208]	@ 0xd0
10004118:	f8c3 50cc 	str.w	r5, [r3, #204]	@ 0xcc
1000411c:	f8c3 40dc 	str.w	r4, [r3, #220]	@ 0xdc
10004120:	eb0c 0301 	add.w	r3, ip, r1
10004124:	f04f 3501 	mov.w	r5, #16843009	@ 0x1010101
10004128:	eb00 0cc3 	add.w	ip, r0, r3, lsl #3
1000412c:	f04f 4600 	mov.w	r6, #2147483648	@ 0x80000000
10004130:	eb00 0ec3 	add.w	lr, r0, r3, lsl #3
10004134:	2301      	movs	r3, #1
10004136:	f50e 5e86 	add.w	lr, lr, #4288	@ 0x10c0
1000413a:	1d0c      	adds	r4, r1, #4
1000413c:	f101 0708 	add.w	r7, r1, #8
10004140:	408d      	lsls	r5, r1
10004142:	f8ce 6010 	str.w	r6, [lr, #16]
10004146:	fa03 f404 	lsl.w	r4, r3, r4
1000414a:	f8ce 6010 	str.w	r6, [lr, #16]
1000414e:	f002 021f 	and.w	r2, r2, #31
10004152:	6085      	str	r5, [r0, #8]
10004154:	40bb      	lsls	r3, r7
10004156:	f500 5000 	add.w	r0, r0, #8192	@ 0x2000
1000415a:	6004      	str	r4, [r0, #0]
1000415c:	f10e 0e10 	add.w	lr, lr, #16
10004160:	6003      	str	r3, [r0, #0]
10004162:	2000      	movs	r0, #0
10004164:	f8cc 20d8 	str.w	r2, [ip, #216]	@ 0xd8
10004168:	bdf0      	pop	{r4, r5, r6, r7, pc}
1000416a:	f44f 3780 	mov.w	r7, #65536	@ 0x10000
1000416e:	f44f 2640 	mov.w	r6, #786432	@ 0xc0000
10004172:	f44f 35f8 	mov.w	r5, #126976	@ 0x1f000
10004176:	eb01 0441 	add.w	r4, r1, r1, lsl #1
1000417a:	eb00 04c4 	add.w	r4, r0, r4, lsl #3
1000417e:	f8c4 70c8 	str.w	r7, [r4, #200]	@ 0xc8
10004182:	ea4f 0c41 	mov.w	ip, r1, lsl #1
10004186:	f8c4 60d0 	str.w	r6, [r4, #208]	@ 0xd0
1000418a:	f8c4 50cc 	str.w	r5, [r4, #204]	@ 0xcc
1000418e:	f8c4 30dc 	str.w	r3, [r4, #220]	@ 0xdc
10004192:	e7c5      	b.n	10004120 <pio_sm_init+0x34>

10004194 <core1_trampoline>:
10004194:	bd03      	pop	{r0, r1, pc}
10004196:	bf00      	nop

10004198 <core1_wrapper>:
10004198:	b510      	push	{r4, lr}
1000419a:	4604      	mov	r4, r0
1000419c:	f7fd faea 	bl	10001774 <runtime_run_per_core_initializers>
100041a0:	4623      	mov	r3, r4
100041a2:	e8bd 4010 	ldmia.w	sp!, {r4, lr}
100041a6:	4718      	bx	r3

100041a8 <multicore_launch_core1_raw>:
100041a8:	b5f0      	push	{r4, r5, r6, r7, lr}
100041aa:	4605      	mov	r5, r0
100041ac:	b087      	sub	sp, #28
100041ae:	2019      	movs	r0, #25
100041b0:	4617      	mov	r7, r2
100041b2:	460e      	mov	r6, r1
100041b4:	f7fc fa24 	bl	10000600 <irq_is_enabled>
100041b8:	2100      	movs	r1, #0
100041ba:	4604      	mov	r4, r0
100041bc:	2019      	movs	r0, #25
100041be:	f7fc fa09 	bl	100005d4 <irq_set_enabled>
100041c2:	2100      	movs	r1, #0
100041c4:	9703      	str	r7, [sp, #12]
100041c6:	9604      	str	r6, [sp, #16]
100041c8:	2700      	movs	r7, #0
100041ca:	2600      	movs	r6, #0
100041cc:	2201      	movs	r2, #1
100041ce:	f04f 4350 	mov.w	r3, #3489660928	@ 0xd0000000
100041d2:	468c      	mov	ip, r1
100041d4:	4816      	ldr	r0, [pc, #88]	@ (10004230 <multicore_launch_core1_raw+0x88>)
100041d6:	e9cd 6700 	strd	r6, r7, [sp]
100041da:	9505      	str	r5, [sp, #20]
100041dc:	9202      	str	r2, [sp, #8]
100041de:	7042      	strb	r2, [r0, #1]
100041e0:	b1a9      	cbz	r1, 1000420e <multicore_launch_core1_raw+0x66>
100041e2:	6d1a      	ldr	r2, [r3, #80]	@ 0x50
100041e4:	0795      	lsls	r5, r2, #30
100041e6:	d5fc      	bpl.n	100041e2 <multicore_launch_core1_raw+0x3a>
100041e8:	6559      	str	r1, [r3, #84]	@ 0x54
100041ea:	bf40      	sev
100041ec:	6d1a      	ldr	r2, [r3, #80]	@ 0x50
100041ee:	07d0      	lsls	r0, r2, #31
100041f0:	d403      	bmi.n	100041fa <multicore_launch_core1_raw+0x52>
100041f2:	bf20      	wfe
100041f4:	6d1a      	ldr	r2, [r3, #80]	@ 0x50
100041f6:	07d2      	lsls	r2, r2, #31
100041f8:	d5fb      	bpl.n	100041f2 <multicore_launch_core1_raw+0x4a>
100041fa:	6d9a      	ldr	r2, [r3, #88]	@ 0x58
100041fc:	428a      	cmp	r2, r1
100041fe:	d00b      	beq.n	10004218 <multicore_launch_core1_raw+0x70>
10004200:	f04f 0c00 	mov.w	ip, #0
10004204:	eb0d 028c 	add.w	r2, sp, ip, lsl #2
10004208:	6811      	ldr	r1, [r2, #0]
1000420a:	e7e9      	b.n	100041e0 <multicore_launch_core1_raw+0x38>
1000420c:	6d9a      	ldr	r2, [r3, #88]	@ 0x58
1000420e:	6d1a      	ldr	r2, [r3, #80]	@ 0x50
10004210:	07d6      	lsls	r6, r2, #31
10004212:	d4fb      	bmi.n	1000420c <multicore_launch_core1_raw+0x64>
10004214:	bf40      	sev
10004216:	e7e4      	b.n	100041e2 <multicore_launch_core1_raw+0x3a>
10004218:	f10c 0c01 	add.w	ip, ip, #1
1000421c:	f1bc 0f06 	cmp.w	ip, #6
10004220:	d1f0      	bne.n	10004204 <multicore_launch_core1_raw+0x5c>
10004222:	4621      	mov	r1, r4
10004224:	2019      	movs	r0, #25
10004226:	b007      	add	sp, #28
10004228:	e8bd 40f0 	ldmia.w	sp!, {r4, r5, r6, r7, lr}
1000422c:	f7fc b9d2 	b.w	100005d4 <irq_set_enabled>
10004230:	20001c60 	.word	0x20001c60

10004234 <multicore_launch_core1>:
10004234:	4b0c      	ldr	r3, [pc, #48]	@ (10004268 <multicore_launch_core1+0x34>)
10004236:	4a0d      	ldr	r2, [pc, #52]	@ (1000426c <multicore_launch_core1+0x38>)
10004238:	4293      	cmp	r3, r2
1000423a:	d30e      	bcc.n	1000425a <multicore_launch_core1+0x26>
1000423c:	469c      	mov	ip, r3
1000423e:	f203 71f4 	addw	r1, r3, #2036	@ 0x7f4
10004242:	4a0b      	ldr	r2, [pc, #44]	@ (10004270 <multicore_launch_core1+0x3c>)
10004244:	6892      	ldr	r2, [r2, #8]
10004246:	f8cc 07f4 	str.w	r0, [ip, #2036]	@ 0x7f4
1000424a:	480a      	ldr	r0, [pc, #40]	@ (10004274 <multicore_launch_core1+0x40>)
1000424c:	f8cc 37f8 	str.w	r3, [ip, #2040]	@ 0x7f8
10004250:	f8cc 07fc 	str.w	r0, [ip, #2044]	@ 0x7fc
10004254:	4808      	ldr	r0, [pc, #32]	@ (10004278 <multicore_launch_core1+0x44>)
10004256:	f7ff bfa7 	b.w	100041a8 <multicore_launch_core1_raw>
1000425a:	f04f 33ff 	mov.w	r3, #4294967295
1000425e:	f240 71f3 	movw	r1, #2035	@ 0x7f3
10004262:	469c      	mov	ip, r3
10004264:	e7ed      	b.n	10004242 <multicore_launch_core1+0xe>
10004266:	bf00      	nop
10004268:	20080800 	.word	0x20080800
1000426c:	20080000 	.word	0x20080000
10004270:	e000ed00 	.word	0xe000ed00
10004274:	10004199 	.word	0x10004199
10004278:	10004195 	.word	0x10004195

1000427c <calloc>:
1000427c:	4b02      	ldr	r3, [pc, #8]	@ (10004288 <calloc+0xc>)
1000427e:	460a      	mov	r2, r1
10004280:	4601      	mov	r1, r0
10004282:	6818      	ldr	r0, [r3, #0]
10004284:	f000 b802 	b.w	1000428c <_calloc_r>
10004288:	200014d8 	.word	0x200014d8

1000428c <_calloc_r>:
1000428c:	b538      	push	{r3, r4, r5, lr}
1000428e:	fba1 1402 	umull	r1, r4, r1, r2
10004292:	bb34      	cbnz	r4, 100042e2 <_calloc_r+0x56>
10004294:	f000 f832 	bl	100042fc <_malloc_r>
10004298:	4605      	mov	r5, r0
1000429a:	b330      	cbz	r0, 100042ea <_calloc_r+0x5e>
1000429c:	f850 2c04 	ldr.w	r2, [r0, #-4]
100042a0:	f022 0203 	bic.w	r2, r2, #3
100042a4:	3a04      	subs	r2, #4
100042a6:	2a24      	cmp	r2, #36	@ 0x24
100042a8:	d80c      	bhi.n	100042c4 <_calloc_r+0x38>
100042aa:	2a13      	cmp	r2, #19
100042ac:	d90f      	bls.n	100042ce <_calloc_r+0x42>
100042ae:	2a1b      	cmp	r2, #27
100042b0:	e9c0 4400 	strd	r4, r4, [r0]
100042b4:	d912      	bls.n	100042dc <_calloc_r+0x50>
100042b6:	2a24      	cmp	r2, #36	@ 0x24
100042b8:	e9c0 4402 	strd	r4, r4, [r0, #8]
100042bc:	d018      	beq.n	100042f0 <_calloc_r+0x64>
100042be:	f100 0210 	add.w	r2, r0, #16
100042c2:	e005      	b.n	100042d0 <_calloc_r+0x44>
100042c4:	4621      	mov	r1, r4
100042c6:	f000 fc8b 	bl	10004be0 <__memset_veneer>
100042ca:	4628      	mov	r0, r5
100042cc:	bd38      	pop	{r3, r4, r5, pc}
100042ce:	4602      	mov	r2, r0
100042d0:	2300      	movs	r3, #0
100042d2:	4628      	mov	r0, r5
100042d4:	e9c2 3300 	strd	r3, r3, [r2]
100042d8:	6093      	str	r3, [r2, #8]
100042da:	bd38      	pop	{r3, r4, r5, pc}
100042dc:	f100 0208 	add.w	r2, r0, #8
100042e0:	e7f6      	b.n	100042d0 <_calloc_r+0x44>
100042e2:	f000 fae5 	bl	100048b0 <__errno>
100042e6:	230c      	movs	r3, #12
100042e8:	6003      	str	r3, [r0, #0]
100042ea:	2500      	movs	r5, #0
100042ec:	4628      	mov	r0, r5
100042ee:	bd38      	pop	{r3, r4, r5, pc}
100042f0:	f100 0218 	add.w	r2, r0, #24
100042f4:	e9c0 4404 	strd	r4, r4, [r0, #16]
100042f8:	e7ea      	b.n	100042d0 <_calloc_r+0x44>
100042fa:	bf00      	nop

100042fc <_malloc_r>:
100042fc:	f101 030b 	add.w	r3, r1, #11
10004300:	2b16      	cmp	r3, #22
10004302:	e92d 4ff0 	stmdb	sp!, {r4, r5, r6, r7, r8, r9, sl, fp, lr}
10004306:	4607      	mov	r7, r0
10004308:	b083      	sub	sp, #12
1000430a:	d823      	bhi.n	10004354 <_malloc_r+0x58>
1000430c:	2910      	cmp	r1, #16
1000430e:	f200 80af 	bhi.w	10004470 <_malloc_r+0x174>
10004312:	f000 faaf 	bl	10004874 <__malloc_lock>
10004316:	2510      	movs	r5, #16
10004318:	2318      	movs	r3, #24
1000431a:	2002      	movs	r0, #2
1000431c:	4eba      	ldr	r6, [pc, #744]	@ (10004608 <_malloc_r+0x30c>)
1000431e:	4433      	add	r3, r6
10004320:	685c      	ldr	r4, [r3, #4]
10004322:	f1a3 0208 	sub.w	r2, r3, #8
10004326:	4294      	cmp	r4, r2
10004328:	f000 8156 	beq.w	100045d8 <_malloc_r+0x2dc>
1000432c:	6863      	ldr	r3, [r4, #4]
1000432e:	4638      	mov	r0, r7
10004330:	f023 0303 	bic.w	r3, r3, #3
10004334:	e9d4 1202 	ldrd	r1, r2, [r4, #8]
10004338:	4423      	add	r3, r4
1000433a:	60ca      	str	r2, [r1, #12]
1000433c:	6091      	str	r1, [r2, #8]
1000433e:	685a      	ldr	r2, [r3, #4]
10004340:	3408      	adds	r4, #8
10004342:	f042 0201 	orr.w	r2, r2, #1
10004346:	605a      	str	r2, [r3, #4]
10004348:	f000 fa9a 	bl	10004880 <__malloc_unlock>
1000434c:	4620      	mov	r0, r4
1000434e:	b003      	add	sp, #12
10004350:	e8bd 8ff0 	ldmia.w	sp!, {r4, r5, r6, r7, r8, r9, sl, fp, pc}
10004354:	2b00      	cmp	r3, #0
10004356:	f023 0507 	bic.w	r5, r3, #7
1000435a:	f2c0 8089 	blt.w	10004470 <_malloc_r+0x174>
1000435e:	42a9      	cmp	r1, r5
10004360:	f200 8086 	bhi.w	10004470 <_malloc_r+0x174>
10004364:	f000 fa86 	bl	10004874 <__malloc_lock>
10004368:	f5b5 7ffc 	cmp.w	r5, #504	@ 0x1f8
1000436c:	f0c0 827b 	bcc.w	10004866 <_malloc_r+0x56a>
10004370:	0a6b      	lsrs	r3, r5, #9
10004372:	f000 8084 	beq.w	1000447e <_malloc_r+0x182>
10004376:	2b04      	cmp	r3, #4
10004378:	f200 8162 	bhi.w	10004640 <_malloc_r+0x344>
1000437c:	09ab      	lsrs	r3, r5, #6
1000437e:	f103 0039 	add.w	r0, r3, #57	@ 0x39
10004382:	f103 0e38 	add.w	lr, r3, #56	@ 0x38
10004386:	00c3      	lsls	r3, r0, #3
10004388:	4e9f      	ldr	r6, [pc, #636]	@ (10004608 <_malloc_r+0x30c>)
1000438a:	4433      	add	r3, r6
1000438c:	f1a3 0c08 	sub.w	ip, r3, #8
10004390:	685c      	ldr	r4, [r3, #4]
10004392:	45a4      	cmp	ip, r4
10004394:	d107      	bne.n	100043a6 <_malloc_r+0xaa>
10004396:	e00d      	b.n	100043b4 <_malloc_r+0xb8>
10004398:	2a00      	cmp	r2, #0
1000439a:	68e1      	ldr	r1, [r4, #12]
1000439c:	f280 8116 	bge.w	100045cc <_malloc_r+0x2d0>
100043a0:	458c      	cmp	ip, r1
100043a2:	460c      	mov	r4, r1
100043a4:	d006      	beq.n	100043b4 <_malloc_r+0xb8>
100043a6:	6863      	ldr	r3, [r4, #4]
100043a8:	f023 0303 	bic.w	r3, r3, #3
100043ac:	1b5a      	subs	r2, r3, r5
100043ae:	2a0f      	cmp	r2, #15
100043b0:	ddf2      	ble.n	10004398 <_malloc_r+0x9c>
100043b2:	4670      	mov	r0, lr
100043b4:	f8df 8268 	ldr.w	r8, [pc, #616]	@ 10004620 <_malloc_r+0x324>
100043b8:	6934      	ldr	r4, [r6, #16]
100043ba:	4544      	cmp	r4, r8
100043bc:	f000 80f2 	beq.w	100045a4 <_malloc_r+0x2a8>
100043c0:	6863      	ldr	r3, [r4, #4]
100043c2:	f023 0c03 	bic.w	ip, r3, #3
100043c6:	ebac 0305 	sub.w	r3, ip, r5
100043ca:	2b0f      	cmp	r3, #15
100043cc:	f300 8174 	bgt.w	100046b8 <_malloc_r+0x3bc>
100043d0:	2b00      	cmp	r3, #0
100043d2:	e9c6 8804 	strd	r8, r8, [r6, #16]
100043d6:	f280 8163 	bge.w	100046a0 <_malloc_r+0x3a4>
100043da:	f5bc 7f00 	cmp.w	ip, #512	@ 0x200
100043de:	f8d6 e004 	ldr.w	lr, [r6, #4]
100043e2:	f080 80ff 	bcs.w	100045e4 <_malloc_r+0x2e8>
100043e6:	ea4f 03dc 	mov.w	r3, ip, lsr #3
100043ea:	2201      	movs	r2, #1
100043ec:	ea4f 1c5c 	mov.w	ip, ip, lsr #5
100043f0:	3301      	adds	r3, #1
100043f2:	fa02 f20c 	lsl.w	r2, r2, ip
100043f6:	f856 1033 	ldr.w	r1, [r6, r3, lsl #3]
100043fa:	ea4e 0e02 	orr.w	lr, lr, r2
100043fe:	eb06 02c3 	add.w	r2, r6, r3, lsl #3
10004402:	3a08      	subs	r2, #8
10004404:	f8c6 e004 	str.w	lr, [r6, #4]
10004408:	e9c4 1202 	strd	r1, r2, [r4, #8]
1000440c:	f846 4033 	str.w	r4, [r6, r3, lsl #3]
10004410:	60cc      	str	r4, [r1, #12]
10004412:	1083      	asrs	r3, r0, #2
10004414:	f04f 0c01 	mov.w	ip, #1
10004418:	fa0c fc03 	lsl.w	ip, ip, r3
1000441c:	45f4      	cmp	ip, lr
1000441e:	d834      	bhi.n	1000448a <_malloc_r+0x18e>
10004420:	ea1c 0f0e 	tst.w	ip, lr
10004424:	d107      	bne.n	10004436 <_malloc_r+0x13a>
10004426:	f020 0003 	bic.w	r0, r0, #3
1000442a:	ea4f 0c4c 	mov.w	ip, ip, lsl #1
1000442e:	3004      	adds	r0, #4
10004430:	ea1c 0f0e 	tst.w	ip, lr
10004434:	d0f9      	beq.n	1000442a <_malloc_r+0x12e>
10004436:	eb06 0ac0 	add.w	sl, r6, r0, lsl #3
1000443a:	4681      	mov	r9, r0
1000443c:	46d6      	mov	lr, sl
1000443e:	f8de 300c 	ldr.w	r3, [lr, #12]
10004442:	e00b      	b.n	1000445c <_malloc_r+0x160>
10004444:	685a      	ldr	r2, [r3, #4]
10004446:	461c      	mov	r4, r3
10004448:	68db      	ldr	r3, [r3, #12]
1000444a:	f022 0203 	bic.w	r2, r2, #3
1000444e:	1b51      	subs	r1, r2, r5
10004450:	290f      	cmp	r1, #15
10004452:	f300 8101 	bgt.w	10004658 <_malloc_r+0x35c>
10004456:	2900      	cmp	r1, #0
10004458:	f280 8115 	bge.w	10004686 <_malloc_r+0x38a>
1000445c:	459e      	cmp	lr, r3
1000445e:	d1f1      	bne.n	10004444 <_malloc_r+0x148>
10004460:	f109 0901 	add.w	r9, r9, #1
10004464:	f10e 0e08 	add.w	lr, lr, #8
10004468:	f019 0f03 	tst.w	r9, #3
1000446c:	d1e7      	bne.n	1000443e <_malloc_r+0x142>
1000446e:	e158      	b.n	10004722 <_malloc_r+0x426>
10004470:	230c      	movs	r3, #12
10004472:	603b      	str	r3, [r7, #0]
10004474:	2400      	movs	r4, #0
10004476:	4620      	mov	r0, r4
10004478:	b003      	add	sp, #12
1000447a:	e8bd 8ff0 	ldmia.w	sp!, {r4, r5, r6, r7, r8, r9, sl, fp, pc}
1000447e:	f44f 7300 	mov.w	r3, #512	@ 0x200
10004482:	2040      	movs	r0, #64	@ 0x40
10004484:	f04f 0e3f 	mov.w	lr, #63	@ 0x3f
10004488:	e77e      	b.n	10004388 <_malloc_r+0x8c>
1000448a:	68b4      	ldr	r4, [r6, #8]
1000448c:	6863      	ldr	r3, [r4, #4]
1000448e:	f023 0903 	bic.w	r9, r3, #3
10004492:	45a9      	cmp	r9, r5
10004494:	eba9 0305 	sub.w	r3, r9, r5
10004498:	d302      	bcc.n	100044a0 <_malloc_r+0x1a4>
1000449a:	2b0f      	cmp	r3, #15
1000449c:	f300 8085 	bgt.w	100045aa <_malloc_r+0x2ae>
100044a0:	4b5a      	ldr	r3, [pc, #360]	@ (1000460c <_malloc_r+0x310>)
100044a2:	2008      	movs	r0, #8
100044a4:	681b      	ldr	r3, [r3, #0]
100044a6:	f103 0810 	add.w	r8, r3, #16
100044aa:	eb04 0309 	add.w	r3, r4, r9
100044ae:	9300      	str	r3, [sp, #0]
100044b0:	f000 fa08 	bl	100048c4 <sysconf>
100044b4:	4a56      	ldr	r2, [pc, #344]	@ (10004610 <_malloc_r+0x314>)
100044b6:	44a8      	add	r8, r5
100044b8:	4683      	mov	fp, r0
100044ba:	6813      	ldr	r3, [r2, #0]
100044bc:	3301      	adds	r3, #1
100044be:	d005      	beq.n	100044cc <_malloc_r+0x1d0>
100044c0:	f108 38ff 	add.w	r8, r8, #4294967295
100044c4:	4243      	negs	r3, r0
100044c6:	4480      	add	r8, r0
100044c8:	ea03 0808 	and.w	r8, r3, r8
100044cc:	4641      	mov	r1, r8
100044ce:	4638      	mov	r0, r7
100044d0:	f000 f9dc 	bl	1000488c <_sbrk_r>
100044d4:	f1b0 3fff 	cmp.w	r0, #4294967295
100044d8:	4682      	mov	sl, r0
100044da:	4a4d      	ldr	r2, [pc, #308]	@ (10004610 <_malloc_r+0x314>)
100044dc:	f000 8107 	beq.w	100046ee <_malloc_r+0x3f2>
100044e0:	eb04 0309 	add.w	r3, r4, r9
100044e4:	4283      	cmp	r3, r0
100044e6:	f200 8100 	bhi.w	100046ea <_malloc_r+0x3ee>
100044ea:	4b4a      	ldr	r3, [pc, #296]	@ (10004614 <_malloc_r+0x318>)
100044ec:	f10b 3cff 	add.w	ip, fp, #4294967295
100044f0:	6818      	ldr	r0, [r3, #0]
100044f2:	4440      	add	r0, r8
100044f4:	6018      	str	r0, [r3, #0]
100044f6:	f000 8164 	beq.w	100047c2 <_malloc_r+0x4c6>
100044fa:	6811      	ldr	r1, [r2, #0]
100044fc:	3101      	adds	r1, #1
100044fe:	f000 816c 	beq.w	100047da <_malloc_r+0x4de>
10004502:	eb04 0209 	add.w	r2, r4, r9
10004506:	ebaa 0202 	sub.w	r2, sl, r2
1000450a:	4402      	add	r2, r0
1000450c:	601a      	str	r2, [r3, #0]
1000450e:	f01a 0207 	ands.w	r2, sl, #7
10004512:	e9cd 2300 	strd	r2, r3, [sp]
10004516:	f000 8127 	beq.w	10004768 <_malloc_r+0x46c>
1000451a:	f1c2 0208 	rsb	r2, r2, #8
1000451e:	4638      	mov	r0, r7
10004520:	4492      	add	sl, r2
10004522:	445a      	add	r2, fp
10004524:	44d0      	add	r8, sl
10004526:	ea08 010c 	and.w	r1, r8, ip
1000452a:	1a52      	subs	r2, r2, r1
1000452c:	ea02 0b0c 	and.w	fp, r2, ip
10004530:	4659      	mov	r1, fp
10004532:	f000 f9ab 	bl	1000488c <_sbrk_r>
10004536:	1c42      	adds	r2, r0, #1
10004538:	9b01      	ldr	r3, [sp, #4]
1000453a:	f000 816a 	beq.w	10004812 <_malloc_r+0x516>
1000453e:	eba0 000a 	sub.w	r0, r0, sl
10004542:	eb00 080b 	add.w	r8, r0, fp
10004546:	6818      	ldr	r0, [r3, #0]
10004548:	f048 0201 	orr.w	r2, r8, #1
1000454c:	42b4      	cmp	r4, r6
1000454e:	f8c6 a008 	str.w	sl, [r6, #8]
10004552:	4458      	add	r0, fp
10004554:	f8ca 2004 	str.w	r2, [sl, #4]
10004558:	6018      	str	r0, [r3, #0]
1000455a:	d017      	beq.n	1000458c <_malloc_r+0x290>
1000455c:	f1b9 0f0f 	cmp.w	r9, #15
10004560:	f240 813e 	bls.w	100047e0 <_malloc_r+0x4e4>
10004564:	6861      	ldr	r1, [r4, #4]
10004566:	f1a9 020c 	sub.w	r2, r9, #12
1000456a:	f04f 0c05 	mov.w	ip, #5
1000456e:	f022 0207 	bic.w	r2, r2, #7
10004572:	f001 0101 	and.w	r1, r1, #1
10004576:	4311      	orrs	r1, r2
10004578:	2a0f      	cmp	r2, #15
1000457a:	6061      	str	r1, [r4, #4]
1000457c:	eb04 0102 	add.w	r1, r4, r2
10004580:	e9c1 cc01 	strd	ip, ip, [r1, #4]
10004584:	f200 814d 	bhi.w	10004822 <_malloc_r+0x526>
10004588:	f8da 2004 	ldr.w	r2, [sl, #4]
1000458c:	4b22      	ldr	r3, [pc, #136]	@ (10004618 <_malloc_r+0x31c>)
1000458e:	4654      	mov	r4, sl
10004590:	6819      	ldr	r1, [r3, #0]
10004592:	4281      	cmp	r1, r0
10004594:	bf38      	it	cc
10004596:	6018      	strcc	r0, [r3, #0]
10004598:	4b20      	ldr	r3, [pc, #128]	@ (1000461c <_malloc_r+0x320>)
1000459a:	6819      	ldr	r1, [r3, #0]
1000459c:	4281      	cmp	r1, r0
1000459e:	bf38      	it	cc
100045a0:	6018      	strcc	r0, [r3, #0]
100045a2:	e0a6      	b.n	100046f2 <_malloc_r+0x3f6>
100045a4:	f8d6 e004 	ldr.w	lr, [r6, #4]
100045a8:	e733      	b.n	10004412 <_malloc_r+0x116>
100045aa:	1962      	adds	r2, r4, r5
100045ac:	f045 0501 	orr.w	r5, r5, #1
100045b0:	f043 0301 	orr.w	r3, r3, #1
100045b4:	3408      	adds	r4, #8
100045b6:	f844 5c04 	str.w	r5, [r4, #-4]
100045ba:	4638      	mov	r0, r7
100045bc:	60b2      	str	r2, [r6, #8]
100045be:	6053      	str	r3, [r2, #4]
100045c0:	f000 f95e 	bl	10004880 <__malloc_unlock>
100045c4:	4620      	mov	r0, r4
100045c6:	b003      	add	sp, #12
100045c8:	e8bd 8ff0 	ldmia.w	sp!, {r4, r5, r6, r7, r8, r9, sl, fp, pc}
100045cc:	68a2      	ldr	r2, [r4, #8]
100045ce:	4423      	add	r3, r4
100045d0:	4638      	mov	r0, r7
100045d2:	60d1      	str	r1, [r2, #12]
100045d4:	608a      	str	r2, [r1, #8]
100045d6:	e6b2      	b.n	1000433e <_malloc_r+0x42>
100045d8:	68dc      	ldr	r4, [r3, #12]
100045da:	42a3      	cmp	r3, r4
100045dc:	f47f aea6 	bne.w	1000432c <_malloc_r+0x30>
100045e0:	3002      	adds	r0, #2
100045e2:	e6e7      	b.n	100043b4 <_malloc_r+0xb8>
100045e4:	f5bc 6f20 	cmp.w	ip, #2560	@ 0xa00
100045e8:	ea4f 225c 	mov.w	r2, ip, lsr #9
100045ec:	d376      	bcc.n	100046dc <_malloc_r+0x3e0>
100045ee:	2a14      	cmp	r2, #20
100045f0:	f200 80cd 	bhi.w	1000478e <_malloc_r+0x492>
100045f4:	f102 035c 	add.w	r3, r2, #92	@ 0x5c
100045f8:	325b      	adds	r2, #91	@ 0x5b
100045fa:	00db      	lsls	r3, r3, #3
100045fc:	18f1      	adds	r1, r6, r3
100045fe:	58f3      	ldr	r3, [r6, r3]
10004600:	3908      	subs	r1, #8
10004602:	4299      	cmp	r1, r3
10004604:	d111      	bne.n	1000462a <_malloc_r+0x32e>
10004606:	e0a5      	b.n	10004754 <_malloc_r+0x458>
10004608:	200010d0 	.word	0x200010d0
1000460c:	200017ec 	.word	0x200017ec
10004610:	200010c8 	.word	0x200010c8
10004614:	200017bc 	.word	0x200017bc
10004618:	200017e4 	.word	0x200017e4
1000461c:	200017e8 	.word	0x200017e8
10004620:	200010d8 	.word	0x200010d8
10004624:	689b      	ldr	r3, [r3, #8]
10004626:	4299      	cmp	r1, r3
10004628:	d004      	beq.n	10004634 <_malloc_r+0x338>
1000462a:	685a      	ldr	r2, [r3, #4]
1000462c:	f022 0203 	bic.w	r2, r2, #3
10004630:	4562      	cmp	r2, ip
10004632:	d8f7      	bhi.n	10004624 <_malloc_r+0x328>
10004634:	68d9      	ldr	r1, [r3, #12]
10004636:	e9c4 3102 	strd	r3, r1, [r4, #8]
1000463a:	608c      	str	r4, [r1, #8]
1000463c:	60dc      	str	r4, [r3, #12]
1000463e:	e6e8      	b.n	10004412 <_malloc_r+0x116>
10004640:	2b14      	cmp	r3, #20
10004642:	d963      	bls.n	1000470c <_malloc_r+0x410>
10004644:	2b54      	cmp	r3, #84	@ 0x54
10004646:	f200 80ab 	bhi.w	100047a0 <_malloc_r+0x4a4>
1000464a:	0b2b      	lsrs	r3, r5, #12
1000464c:	f103 006f 	add.w	r0, r3, #111	@ 0x6f
10004650:	f103 0e6e 	add.w	lr, r3, #110	@ 0x6e
10004654:	00c3      	lsls	r3, r0, #3
10004656:	e697      	b.n	10004388 <_malloc_r+0x8c>
10004658:	f8d4 c008 	ldr.w	ip, [r4, #8]
1000465c:	4638      	mov	r0, r7
1000465e:	1967      	adds	r7, r4, r5
10004660:	f045 0501 	orr.w	r5, r5, #1
10004664:	6065      	str	r5, [r4, #4]
10004666:	f8cc 300c 	str.w	r3, [ip, #12]
1000466a:	f8c3 c008 	str.w	ip, [r3, #8]
1000466e:	f041 0301 	orr.w	r3, r1, #1
10004672:	e9c6 7704 	strd	r7, r7, [r6, #16]
10004676:	e9c7 8802 	strd	r8, r8, [r7, #8]
1000467a:	607b      	str	r3, [r7, #4]
1000467c:	50a1      	str	r1, [r4, r2]
1000467e:	3408      	adds	r4, #8
10004680:	f000 f8fe 	bl	10004880 <__malloc_unlock>
10004684:	e6f7      	b.n	10004476 <_malloc_r+0x17a>
10004686:	4422      	add	r2, r4
10004688:	4638      	mov	r0, r7
1000468a:	6851      	ldr	r1, [r2, #4]
1000468c:	f041 0101 	orr.w	r1, r1, #1
10004690:	6051      	str	r1, [r2, #4]
10004692:	f854 2f08 	ldr.w	r2, [r4, #8]!
10004696:	60d3      	str	r3, [r2, #12]
10004698:	609a      	str	r2, [r3, #8]
1000469a:	f000 f8f1 	bl	10004880 <__malloc_unlock>
1000469e:	e6ea      	b.n	10004476 <_malloc_r+0x17a>
100046a0:	44a4      	add	ip, r4
100046a2:	4638      	mov	r0, r7
100046a4:	3408      	adds	r4, #8
100046a6:	f8dc 3004 	ldr.w	r3, [ip, #4]
100046aa:	f043 0301 	orr.w	r3, r3, #1
100046ae:	f8cc 3004 	str.w	r3, [ip, #4]
100046b2:	f000 f8e5 	bl	10004880 <__malloc_unlock>
100046b6:	e6de      	b.n	10004476 <_malloc_r+0x17a>
100046b8:	1962      	adds	r2, r4, r5
100046ba:	f043 0101 	orr.w	r1, r3, #1
100046be:	f045 0501 	orr.w	r5, r5, #1
100046c2:	4638      	mov	r0, r7
100046c4:	6065      	str	r5, [r4, #4]
100046c6:	e9c6 2204 	strd	r2, r2, [r6, #16]
100046ca:	e9c2 8802 	strd	r8, r8, [r2, #8]
100046ce:	6051      	str	r1, [r2, #4]
100046d0:	f844 300c 	str.w	r3, [r4, ip]
100046d4:	3408      	adds	r4, #8
100046d6:	f000 f8d3 	bl	10004880 <__malloc_unlock>
100046da:	e6cc      	b.n	10004476 <_malloc_r+0x17a>
100046dc:	ea4f 129c 	mov.w	r2, ip, lsr #6
100046e0:	f102 0339 	add.w	r3, r2, #57	@ 0x39
100046e4:	3238      	adds	r2, #56	@ 0x38
100046e6:	00db      	lsls	r3, r3, #3
100046e8:	e788      	b.n	100045fc <_malloc_r+0x300>
100046ea:	42b4      	cmp	r4, r6
100046ec:	d062      	beq.n	100047b4 <_malloc_r+0x4b8>
100046ee:	68b4      	ldr	r4, [r6, #8]
100046f0:	6862      	ldr	r2, [r4, #4]
100046f2:	f022 0803 	bic.w	r8, r2, #3
100046f6:	45a8      	cmp	r8, r5
100046f8:	eba8 0305 	sub.w	r3, r8, r5
100046fc:	d302      	bcc.n	10004704 <_malloc_r+0x408>
100046fe:	2b0f      	cmp	r3, #15
10004700:	f73f af53 	bgt.w	100045aa <_malloc_r+0x2ae>
10004704:	4638      	mov	r0, r7
10004706:	f000 f8bb 	bl	10004880 <__malloc_unlock>
1000470a:	e6b3      	b.n	10004474 <_malloc_r+0x178>
1000470c:	f103 005c 	add.w	r0, r3, #92	@ 0x5c
10004710:	f103 0e5b 	add.w	lr, r3, #91	@ 0x5b
10004714:	00c3      	lsls	r3, r0, #3
10004716:	e637      	b.n	10004388 <_malloc_r+0x8c>
10004718:	f85a 3908 	ldr.w	r3, [sl], #-8
1000471c:	4553      	cmp	r3, sl
1000471e:	f040 80a0 	bne.w	10004862 <_malloc_r+0x566>
10004722:	f010 0f03 	tst.w	r0, #3
10004726:	f100 30ff 	add.w	r0, r0, #4294967295
1000472a:	d1f5      	bne.n	10004718 <_malloc_r+0x41c>
1000472c:	6873      	ldr	r3, [r6, #4]
1000472e:	ea23 030c 	bic.w	r3, r3, ip
10004732:	6073      	str	r3, [r6, #4]
10004734:	ea4f 0c4c 	mov.w	ip, ip, lsl #1
10004738:	f10c 32ff 	add.w	r2, ip, #4294967295
1000473c:	429a      	cmp	r2, r3
1000473e:	d304      	bcc.n	1000474a <_malloc_r+0x44e>
10004740:	e6a3      	b.n	1000448a <_malloc_r+0x18e>
10004742:	ea4f 0c4c 	mov.w	ip, ip, lsl #1
10004746:	f109 0904 	add.w	r9, r9, #4
1000474a:	ea1c 0f03 	tst.w	ip, r3
1000474e:	d0f8      	beq.n	10004742 <_malloc_r+0x446>
10004750:	4648      	mov	r0, r9
10004752:	e670      	b.n	10004436 <_malloc_r+0x13a>
10004754:	1092      	asrs	r2, r2, #2
10004756:	f04f 0c01 	mov.w	ip, #1
1000475a:	fa0c f202 	lsl.w	r2, ip, r2
1000475e:	ea4e 0e02 	orr.w	lr, lr, r2
10004762:	f8c6 e004 	str.w	lr, [r6, #4]
10004766:	e766      	b.n	10004636 <_malloc_r+0x33a>
10004768:	eb0a 0208 	add.w	r2, sl, r8
1000476c:	4638      	mov	r0, r7
1000476e:	ea02 020c 	and.w	r2, r2, ip
10004772:	ebab 0b02 	sub.w	fp, fp, r2
10004776:	ea0b 0b0c 	and.w	fp, fp, ip
1000477a:	4659      	mov	r1, fp
1000477c:	f000 f886 	bl	1000488c <_sbrk_r>
10004780:	1c43      	adds	r3, r0, #1
10004782:	9b01      	ldr	r3, [sp, #4]
10004784:	f47f aedb 	bne.w	1000453e <_malloc_r+0x242>
10004788:	f8dd b000 	ldr.w	fp, [sp]
1000478c:	e6db      	b.n	10004546 <_malloc_r+0x24a>
1000478e:	2a54      	cmp	r2, #84	@ 0x54
10004790:	d82a      	bhi.n	100047e8 <_malloc_r+0x4ec>
10004792:	ea4f 321c 	mov.w	r2, ip, lsr #12
10004796:	f102 036f 	add.w	r3, r2, #111	@ 0x6f
1000479a:	326e      	adds	r2, #110	@ 0x6e
1000479c:	00db      	lsls	r3, r3, #3
1000479e:	e72d      	b.n	100045fc <_malloc_r+0x300>
100047a0:	f5b3 7faa 	cmp.w	r3, #340	@ 0x154
100047a4:	d82a      	bhi.n	100047fc <_malloc_r+0x500>
100047a6:	0beb      	lsrs	r3, r5, #15
100047a8:	f103 0078 	add.w	r0, r3, #120	@ 0x78
100047ac:	f103 0e77 	add.w	lr, r3, #119	@ 0x77
100047b0:	00c3      	lsls	r3, r0, #3
100047b2:	e5e9      	b.n	10004388 <_malloc_r+0x8c>
100047b4:	4b2e      	ldr	r3, [pc, #184]	@ (10004870 <_malloc_r+0x574>)
100047b6:	f10b 3cff 	add.w	ip, fp, #4294967295
100047ba:	6818      	ldr	r0, [r3, #0]
100047bc:	4440      	add	r0, r8
100047be:	6018      	str	r0, [r3, #0]
100047c0:	e69b      	b.n	100044fa <_malloc_r+0x1fe>
100047c2:	ea1a 0f0c 	tst.w	sl, ip
100047c6:	f47f ae98 	bne.w	100044fa <_malloc_r+0x1fe>
100047ca:	44c8      	add	r8, r9
100047cc:	f8d6 a008 	ldr.w	sl, [r6, #8]
100047d0:	f048 0201 	orr.w	r2, r8, #1
100047d4:	f8ca 2004 	str.w	r2, [sl, #4]
100047d8:	e6d8      	b.n	1000458c <_malloc_r+0x290>
100047da:	f8c2 a000 	str.w	sl, [r2]
100047de:	e696      	b.n	1000450e <_malloc_r+0x212>
100047e0:	2301      	movs	r3, #1
100047e2:	f8ca 3004 	str.w	r3, [sl, #4]
100047e6:	e78d      	b.n	10004704 <_malloc_r+0x408>
100047e8:	f5b2 7faa 	cmp.w	r2, #340	@ 0x154
100047ec:	d824      	bhi.n	10004838 <_malloc_r+0x53c>
100047ee:	ea4f 32dc 	mov.w	r2, ip, lsr #15
100047f2:	f102 0378 	add.w	r3, r2, #120	@ 0x78
100047f6:	3277      	adds	r2, #119	@ 0x77
100047f8:	00db      	lsls	r3, r3, #3
100047fa:	e6ff      	b.n	100045fc <_malloc_r+0x300>
100047fc:	f240 5254 	movw	r2, #1364	@ 0x554
10004800:	4293      	cmp	r3, r2
10004802:	d824      	bhi.n	1000484e <_malloc_r+0x552>
10004804:	0cab      	lsrs	r3, r5, #18
10004806:	f103 007d 	add.w	r0, r3, #125	@ 0x7d
1000480a:	f103 0e7c 	add.w	lr, r3, #124	@ 0x7c
1000480e:	00c3      	lsls	r3, r0, #3
10004810:	e5ba      	b.n	10004388 <_malloc_r+0x8c>
10004812:	9a00      	ldr	r2, [sp, #0]
10004814:	f04f 0b00 	mov.w	fp, #0
10004818:	3a08      	subs	r2, #8
1000481a:	4490      	add	r8, r2
1000481c:	eba8 080a 	sub.w	r8, r8, sl
10004820:	e691      	b.n	10004546 <_malloc_r+0x24a>
10004822:	4638      	mov	r0, r7
10004824:	f104 0108 	add.w	r1, r4, #8
10004828:	9300      	str	r3, [sp, #0]
1000482a:	f000 f8e3 	bl	100049f4 <_free_r>
1000482e:	9b00      	ldr	r3, [sp, #0]
10004830:	f8d6 a008 	ldr.w	sl, [r6, #8]
10004834:	6818      	ldr	r0, [r3, #0]
10004836:	e6a7      	b.n	10004588 <_malloc_r+0x28c>
10004838:	f240 5354 	movw	r3, #1364	@ 0x554
1000483c:	429a      	cmp	r2, r3
1000483e:	d80c      	bhi.n	1000485a <_malloc_r+0x55e>
10004840:	ea4f 429c 	mov.w	r2, ip, lsr #18
10004844:	f102 037d 	add.w	r3, r2, #125	@ 0x7d
10004848:	327c      	adds	r2, #124	@ 0x7c
1000484a:	00db      	lsls	r3, r3, #3
1000484c:	e6d6      	b.n	100045fc <_malloc_r+0x300>
1000484e:	f44f 737e 	mov.w	r3, #1016	@ 0x3f8
10004852:	207f      	movs	r0, #127	@ 0x7f
10004854:	f04f 0e7e 	mov.w	lr, #126	@ 0x7e
10004858:	e596      	b.n	10004388 <_malloc_r+0x8c>
1000485a:	f44f 737e 	mov.w	r3, #1016	@ 0x3f8
1000485e:	227e      	movs	r2, #126	@ 0x7e
10004860:	e6cc      	b.n	100045fc <_malloc_r+0x300>
10004862:	6873      	ldr	r3, [r6, #4]
10004864:	e766      	b.n	10004734 <_malloc_r+0x438>
10004866:	08e8      	lsrs	r0, r5, #3
10004868:	f105 0308 	add.w	r3, r5, #8
1000486c:	e556      	b.n	1000431c <_malloc_r+0x20>
1000486e:	bf00      	nop
10004870:	200017bc 	.word	0x200017bc

10004874 <__malloc_lock>:
10004874:	4801      	ldr	r0, [pc, #4]	@ (1000487c <__malloc_lock+0x8>)
10004876:	f000 b821 	b.w	100048bc <__retarget_lock_acquire_recursive>
1000487a:	bf00      	nop
1000487c:	200017b8 	.word	0x200017b8

10004880 <__malloc_unlock>:
10004880:	4801      	ldr	r0, [pc, #4]	@ (10004888 <__malloc_unlock+0x8>)
10004882:	f000 b81d 	b.w	100048c0 <__retarget_lock_release_recursive>
10004886:	bf00      	nop
10004888:	200017b8 	.word	0x200017b8

1000488c <_sbrk_r>:
1000488c:	b538      	push	{r3, r4, r5, lr}
1000488e:	2200      	movs	r2, #0
10004890:	4d06      	ldr	r5, [pc, #24]	@ (100048ac <_sbrk_r+0x20>)
10004892:	4604      	mov	r4, r0
10004894:	4608      	mov	r0, r1
10004896:	602a      	str	r2, [r5, #0]
10004898:	f7fd f8b8 	bl	10001a0c <_sbrk>
1000489c:	1c43      	adds	r3, r0, #1
1000489e:	d000      	beq.n	100048a2 <_sbrk_r+0x16>
100048a0:	bd38      	pop	{r3, r4, r5, pc}
100048a2:	682b      	ldr	r3, [r5, #0]
100048a4:	2b00      	cmp	r3, #0
100048a6:	d0fb      	beq.n	100048a0 <_sbrk_r+0x14>
100048a8:	6023      	str	r3, [r4, #0]
100048aa:	bd38      	pop	{r3, r4, r5, pc}
100048ac:	20001c94 	.word	0x20001c94

100048b0 <__errno>:
100048b0:	4b01      	ldr	r3, [pc, #4]	@ (100048b8 <__errno+0x8>)
100048b2:	6818      	ldr	r0, [r3, #0]
100048b4:	4770      	bx	lr
100048b6:	bf00      	nop
100048b8:	200014d8 	.word	0x200014d8

100048bc <__retarget_lock_acquire_recursive>:
100048bc:	4770      	bx	lr
100048be:	bf00      	nop

100048c0 <__retarget_lock_release_recursive>:
100048c0:	4770      	bx	lr
100048c2:	bf00      	nop

100048c4 <sysconf>:
100048c4:	2808      	cmp	r0, #8
100048c6:	d102      	bne.n	100048ce <sysconf+0xa>
100048c8:	f44f 5080 	mov.w	r0, #4096	@ 0x1000
100048cc:	4770      	bx	lr
100048ce:	b508      	push	{r3, lr}
100048d0:	f7ff ffee 	bl	100048b0 <__errno>
100048d4:	2216      	movs	r2, #22
100048d6:	4603      	mov	r3, r0
100048d8:	f04f 30ff 	mov.w	r0, #4294967295
100048dc:	601a      	str	r2, [r3, #0]
100048de:	bd08      	pop	{r3, pc}

100048e0 <strlen>:
100048e0:	f020 0103 	bic.w	r1, r0, #3
100048e4:	f010 0003 	ands.w	r0, r0, #3
100048e8:	f1c0 0000 	rsb	r0, r0, #0
100048ec:	f851 3b04 	ldr.w	r3, [r1], #4
100048f0:	f100 0c04 	add.w	ip, r0, #4
100048f4:	ea4f 0ccc 	mov.w	ip, ip, lsl #3
100048f8:	f06f 0200 	mvn.w	r2, #0
100048fc:	bf1c      	itt	ne
100048fe:	fa22 f20c 	lsrne.w	r2, r2, ip
10004902:	4313      	orrne	r3, r2
10004904:	f04f 0c01 	mov.w	ip, #1
10004908:	ea4c 2c0c 	orr.w	ip, ip, ip, lsl #8
1000490c:	ea4c 4c0c 	orr.w	ip, ip, ip, lsl #16
10004910:	eba3 020c 	sub.w	r2, r3, ip
10004914:	ea22 0203 	bic.w	r2, r2, r3
10004918:	ea12 12cc 	ands.w	r2, r2, ip, lsl #7
1000491c:	bf04      	itt	eq
1000491e:	f851 3b04 	ldreq.w	r3, [r1], #4
10004922:	3004      	addeq	r0, #4
10004924:	d0f4      	beq.n	10004910 <strlen+0x30>
10004926:	f1c2 0100 	rsb	r1, r2, #0
1000492a:	ea02 0201 	and.w	r2, r2, r1
1000492e:	fab2 f282 	clz	r2, r2
10004932:	f1c2 021f 	rsb	r2, r2, #31
10004936:	eb00 00d2 	add.w	r0, r0, r2, lsr #3
1000493a:	4770      	bx	lr

1000493c <_malloc_trim_r>:
1000493c:	e92d 43f8 	stmdb	sp!, {r3, r4, r5, r6, r7, r8, r9, lr}
10004940:	4606      	mov	r6, r0
10004942:	f8df 80ac 	ldr.w	r8, [pc, #172]	@ 100049f0 <_malloc_trim_r+0xb4>
10004946:	2008      	movs	r0, #8
10004948:	4689      	mov	r9, r1
1000494a:	f7ff ffbb 	bl	100048c4 <sysconf>
1000494e:	4605      	mov	r5, r0
10004950:	4630      	mov	r0, r6
10004952:	f7ff ff8f 	bl	10004874 <__malloc_lock>
10004956:	f8d8 3008 	ldr.w	r3, [r8, #8]
1000495a:	685f      	ldr	r7, [r3, #4]
1000495c:	f027 0703 	bic.w	r7, r7, #3
10004960:	f1a7 0411 	sub.w	r4, r7, #17
10004964:	eba4 0409 	sub.w	r4, r4, r9
10004968:	442c      	add	r4, r5
1000496a:	fbb4 f4f5 	udiv	r4, r4, r5
1000496e:	3c01      	subs	r4, #1
10004970:	fb05 f404 	mul.w	r4, r5, r4
10004974:	42a5      	cmp	r5, r4
10004976:	dc08      	bgt.n	1000498a <_malloc_trim_r+0x4e>
10004978:	2100      	movs	r1, #0
1000497a:	4630      	mov	r0, r6
1000497c:	f7ff ff86 	bl	1000488c <_sbrk_r>
10004980:	f8d8 3008 	ldr.w	r3, [r8, #8]
10004984:	443b      	add	r3, r7
10004986:	4298      	cmp	r0, r3
10004988:	d005      	beq.n	10004996 <_malloc_trim_r+0x5a>
1000498a:	4630      	mov	r0, r6
1000498c:	f7ff ff78 	bl	10004880 <__malloc_unlock>
10004990:	2000      	movs	r0, #0
10004992:	e8bd 83f8 	ldmia.w	sp!, {r3, r4, r5, r6, r7, r8, r9, pc}
10004996:	4261      	negs	r1, r4
10004998:	4630      	mov	r0, r6
1000499a:	f7ff ff77 	bl	1000488c <_sbrk_r>
1000499e:	3001      	adds	r0, #1
100049a0:	d00f      	beq.n	100049c2 <_malloc_trim_r+0x86>
100049a2:	1b3f      	subs	r7, r7, r4
100049a4:	4a10      	ldr	r2, [pc, #64]	@ (100049e8 <_malloc_trim_r+0xac>)
100049a6:	f8d8 3008 	ldr.w	r3, [r8, #8]
100049aa:	4630      	mov	r0, r6
100049ac:	f047 0701 	orr.w	r7, r7, #1
100049b0:	605f      	str	r7, [r3, #4]
100049b2:	6813      	ldr	r3, [r2, #0]
100049b4:	1b1b      	subs	r3, r3, r4
100049b6:	6013      	str	r3, [r2, #0]
100049b8:	f7ff ff62 	bl	10004880 <__malloc_unlock>
100049bc:	2001      	movs	r0, #1
100049be:	e8bd 83f8 	ldmia.w	sp!, {r3, r4, r5, r6, r7, r8, r9, pc}
100049c2:	2100      	movs	r1, #0
100049c4:	4630      	mov	r0, r6
100049c6:	f7ff ff61 	bl	1000488c <_sbrk_r>
100049ca:	f8d8 2008 	ldr.w	r2, [r8, #8]
100049ce:	1a83      	subs	r3, r0, r2
100049d0:	2b0f      	cmp	r3, #15
100049d2:	ddda      	ble.n	1000498a <_malloc_trim_r+0x4e>
100049d4:	f043 0301 	orr.w	r3, r3, #1
100049d8:	4903      	ldr	r1, [pc, #12]	@ (100049e8 <_malloc_trim_r+0xac>)
100049da:	6053      	str	r3, [r2, #4]
100049dc:	4b03      	ldr	r3, [pc, #12]	@ (100049ec <_malloc_trim_r+0xb0>)
100049de:	681b      	ldr	r3, [r3, #0]
100049e0:	1ac0      	subs	r0, r0, r3
100049e2:	6008      	str	r0, [r1, #0]
100049e4:	e7d1      	b.n	1000498a <_malloc_trim_r+0x4e>
100049e6:	bf00      	nop
100049e8:	200017bc 	.word	0x200017bc
100049ec:	200010c8 	.word	0x200010c8
100049f0:	200010d0 	.word	0x200010d0

100049f4 <_free_r>:
100049f4:	2900      	cmp	r1, #0
100049f6:	d05a      	beq.n	10004aae <_free_r+0xba>
100049f8:	b5f8      	push	{r3, r4, r5, r6, r7, lr}
100049fa:	460c      	mov	r4, r1
100049fc:	4607      	mov	r7, r0
100049fe:	f7ff ff39 	bl	10004874 <__malloc_lock>
10004a02:	4d73      	ldr	r5, [pc, #460]	@ (10004bd0 <_free_r+0x1dc>)
10004a04:	f854 cc04 	ldr.w	ip, [r4, #-4]
10004a08:	f1a4 0208 	sub.w	r2, r4, #8
10004a0c:	68a8      	ldr	r0, [r5, #8]
10004a0e:	f02c 0301 	bic.w	r3, ip, #1
10004a12:	f00c 0e01 	and.w	lr, ip, #1
10004a16:	18d1      	adds	r1, r2, r3
10004a18:	684e      	ldr	r6, [r1, #4]
10004a1a:	4288      	cmp	r0, r1
10004a1c:	f026 0603 	bic.w	r6, r6, #3
10004a20:	d07c      	beq.n	10004b1c <_free_r+0x128>
10004a22:	1988      	adds	r0, r1, r6
10004a24:	604e      	str	r6, [r1, #4]
10004a26:	6840      	ldr	r0, [r0, #4]
10004a28:	f000 0001 	and.w	r0, r0, #1
10004a2c:	f1be 0f00 	cmp.w	lr, #0
10004a30:	d12e      	bne.n	10004a90 <_free_r+0x9c>
10004a32:	f854 4c08 	ldr.w	r4, [r4, #-8]
10004a36:	f105 0c08 	add.w	ip, r5, #8
10004a3a:	1b12      	subs	r2, r2, r4
10004a3c:	4423      	add	r3, r4
10004a3e:	6894      	ldr	r4, [r2, #8]
10004a40:	4564      	cmp	r4, ip
10004a42:	d060      	beq.n	10004b06 <_free_r+0x112>
10004a44:	f8d2 e00c 	ldr.w	lr, [r2, #12]
10004a48:	f8c4 e00c 	str.w	lr, [r4, #12]
10004a4c:	f8ce 4008 	str.w	r4, [lr, #8]
10004a50:	2800      	cmp	r0, #0
10004a52:	d07d      	beq.n	10004b50 <_free_r+0x15c>
10004a54:	f043 0001 	orr.w	r0, r3, #1
10004a58:	6050      	str	r0, [r2, #4]
10004a5a:	600b      	str	r3, [r1, #0]
10004a5c:	f5b3 7f00 	cmp.w	r3, #512	@ 0x200
10004a60:	d22e      	bcs.n	10004ac0 <_free_r+0xcc>
10004a62:	0958      	lsrs	r0, r3, #5
10004a64:	08d9      	lsrs	r1, r3, #3
10004a66:	2301      	movs	r3, #1
10004a68:	4083      	lsls	r3, r0
10004a6a:	6868      	ldr	r0, [r5, #4]
10004a6c:	3101      	adds	r1, #1
10004a6e:	4303      	orrs	r3, r0
10004a70:	f855 0031 	ldr.w	r0, [r5, r1, lsl #3]
10004a74:	606b      	str	r3, [r5, #4]
10004a76:	eb05 03c1 	add.w	r3, r5, r1, lsl #3
10004a7a:	3b08      	subs	r3, #8
10004a7c:	e9c2 0302 	strd	r0, r3, [r2, #8]
10004a80:	f845 2031 	str.w	r2, [r5, r1, lsl #3]
10004a84:	60c2      	str	r2, [r0, #12]
10004a86:	4638      	mov	r0, r7
10004a88:	e8bd 40f8 	ldmia.w	sp!, {r3, r4, r5, r6, r7, lr}
10004a8c:	f7ff bef8 	b.w	10004880 <__malloc_unlock>
10004a90:	b970      	cbnz	r0, 10004ab0 <_free_r+0xbc>
10004a92:	4433      	add	r3, r6
10004a94:	f105 0c08 	add.w	ip, r5, #8
10004a98:	6888      	ldr	r0, [r1, #8]
10004a9a:	f043 0401 	orr.w	r4, r3, #1
10004a9e:	4560      	cmp	r0, ip
10004aa0:	d06e      	beq.n	10004b80 <_free_r+0x18c>
10004aa2:	68c9      	ldr	r1, [r1, #12]
10004aa4:	60c1      	str	r1, [r0, #12]
10004aa6:	6088      	str	r0, [r1, #8]
10004aa8:	6054      	str	r4, [r2, #4]
10004aaa:	50d3      	str	r3, [r2, r3]
10004aac:	e7d6      	b.n	10004a5c <_free_r+0x68>
10004aae:	4770      	bx	lr
10004ab0:	f04c 0101 	orr.w	r1, ip, #1
10004ab4:	f5b3 7f00 	cmp.w	r3, #512	@ 0x200
10004ab8:	f844 1c04 	str.w	r1, [r4, #-4]
10004abc:	50d3      	str	r3, [r2, r3]
10004abe:	d3d0      	bcc.n	10004a62 <_free_r+0x6e>
10004ac0:	f5b3 6f20 	cmp.w	r3, #2560	@ 0xa00
10004ac4:	ea4f 2153 	mov.w	r1, r3, lsr #9
10004ac8:	d244      	bcs.n	10004b54 <_free_r+0x160>
10004aca:	0999      	lsrs	r1, r3, #6
10004acc:	f101 0039 	add.w	r0, r1, #57	@ 0x39
10004ad0:	f101 0438 	add.w	r4, r1, #56	@ 0x38
10004ad4:	00c1      	lsls	r1, r0, #3
10004ad6:	1868      	adds	r0, r5, r1
10004ad8:	5869      	ldr	r1, [r5, r1]
10004ada:	3808      	subs	r0, #8
10004adc:	4288      	cmp	r0, r1
10004ade:	d103      	bne.n	10004ae8 <_free_r+0xf4>
10004ae0:	e055      	b.n	10004b8e <_free_r+0x19a>
10004ae2:	6889      	ldr	r1, [r1, #8]
10004ae4:	4288      	cmp	r0, r1
10004ae6:	d004      	beq.n	10004af2 <_free_r+0xfe>
10004ae8:	684c      	ldr	r4, [r1, #4]
10004aea:	f024 0403 	bic.w	r4, r4, #3
10004aee:	429c      	cmp	r4, r3
10004af0:	d8f7      	bhi.n	10004ae2 <_free_r+0xee>
10004af2:	68c8      	ldr	r0, [r1, #12]
10004af4:	e9c2 1002 	strd	r1, r0, [r2, #8]
10004af8:	6082      	str	r2, [r0, #8]
10004afa:	4638      	mov	r0, r7
10004afc:	60ca      	str	r2, [r1, #12]
10004afe:	e8bd 40f8 	ldmia.w	sp!, {r3, r4, r5, r6, r7, lr}
10004b02:	f7ff bebd 	b.w	10004880 <__malloc_unlock>
10004b06:	bb80      	cbnz	r0, 10004b6a <_free_r+0x176>
10004b08:	441e      	add	r6, r3
10004b0a:	e9d1 1302 	ldrd	r1, r3, [r1, #8]
10004b0e:	60cb      	str	r3, [r1, #12]
10004b10:	6099      	str	r1, [r3, #8]
10004b12:	f046 0301 	orr.w	r3, r6, #1
10004b16:	6053      	str	r3, [r2, #4]
10004b18:	5196      	str	r6, [r2, r6]
10004b1a:	e7b4      	b.n	10004a86 <_free_r+0x92>
10004b1c:	441e      	add	r6, r3
10004b1e:	f1be 0f00 	cmp.w	lr, #0
10004b22:	d107      	bne.n	10004b34 <_free_r+0x140>
10004b24:	f854 3c08 	ldr.w	r3, [r4, #-8]
10004b28:	1ad2      	subs	r2, r2, r3
10004b2a:	441e      	add	r6, r3
10004b2c:	e9d2 1302 	ldrd	r1, r3, [r2, #8]
10004b30:	60cb      	str	r3, [r1, #12]
10004b32:	6099      	str	r1, [r3, #8]
10004b34:	f046 0301 	orr.w	r3, r6, #1
10004b38:	6053      	str	r3, [r2, #4]
10004b3a:	4b26      	ldr	r3, [pc, #152]	@ (10004bd4 <_free_r+0x1e0>)
10004b3c:	60aa      	str	r2, [r5, #8]
10004b3e:	681b      	ldr	r3, [r3, #0]
10004b40:	42b3      	cmp	r3, r6
10004b42:	d8a0      	bhi.n	10004a86 <_free_r+0x92>
10004b44:	4b24      	ldr	r3, [pc, #144]	@ (10004bd8 <_free_r+0x1e4>)
10004b46:	4638      	mov	r0, r7
10004b48:	6819      	ldr	r1, [r3, #0]
10004b4a:	f7ff fef7 	bl	1000493c <_malloc_trim_r>
10004b4e:	e79a      	b.n	10004a86 <_free_r+0x92>
10004b50:	4433      	add	r3, r6
10004b52:	e7a1      	b.n	10004a98 <_free_r+0xa4>
10004b54:	2914      	cmp	r1, #20
10004b56:	d90d      	bls.n	10004b74 <_free_r+0x180>
10004b58:	2954      	cmp	r1, #84	@ 0x54
10004b5a:	d81f      	bhi.n	10004b9c <_free_r+0x1a8>
10004b5c:	0b19      	lsrs	r1, r3, #12
10004b5e:	f101 006f 	add.w	r0, r1, #111	@ 0x6f
10004b62:	f101 046e 	add.w	r4, r1, #110	@ 0x6e
10004b66:	00c1      	lsls	r1, r0, #3
10004b68:	e7b5      	b.n	10004ad6 <_free_r+0xe2>
10004b6a:	f043 0001 	orr.w	r0, r3, #1
10004b6e:	6050      	str	r0, [r2, #4]
10004b70:	600b      	str	r3, [r1, #0]
10004b72:	e788      	b.n	10004a86 <_free_r+0x92>
10004b74:	f101 005c 	add.w	r0, r1, #92	@ 0x5c
10004b78:	f101 045b 	add.w	r4, r1, #91	@ 0x5b
10004b7c:	00c1      	lsls	r1, r0, #3
10004b7e:	e7aa      	b.n	10004ad6 <_free_r+0xe2>
10004b80:	e9c5 2204 	strd	r2, r2, [r5, #16]
10004b84:	e9c2 cc02 	strd	ip, ip, [r2, #8]
10004b88:	6054      	str	r4, [r2, #4]
10004b8a:	50d3      	str	r3, [r2, r3]
10004b8c:	e77b      	b.n	10004a86 <_free_r+0x92>
10004b8e:	10a4      	asrs	r4, r4, #2
10004b90:	2301      	movs	r3, #1
10004b92:	40a3      	lsls	r3, r4
10004b94:	686c      	ldr	r4, [r5, #4]
10004b96:	4323      	orrs	r3, r4
10004b98:	606b      	str	r3, [r5, #4]
10004b9a:	e7ab      	b.n	10004af4 <_free_r+0x100>
10004b9c:	f5b1 7faa 	cmp.w	r1, #340	@ 0x154
10004ba0:	d806      	bhi.n	10004bb0 <_free_r+0x1bc>
10004ba2:	0bd9      	lsrs	r1, r3, #15
10004ba4:	f101 0078 	add.w	r0, r1, #120	@ 0x78
10004ba8:	f101 0477 	add.w	r4, r1, #119	@ 0x77
10004bac:	00c1      	lsls	r1, r0, #3
10004bae:	e792      	b.n	10004ad6 <_free_r+0xe2>
10004bb0:	f240 5054 	movw	r0, #1364	@ 0x554
10004bb4:	4281      	cmp	r1, r0
10004bb6:	d806      	bhi.n	10004bc6 <_free_r+0x1d2>
10004bb8:	0c99      	lsrs	r1, r3, #18
10004bba:	f101 007d 	add.w	r0, r1, #125	@ 0x7d
10004bbe:	f101 047c 	add.w	r4, r1, #124	@ 0x7c
10004bc2:	00c1      	lsls	r1, r0, #3
10004bc4:	e787      	b.n	10004ad6 <_free_r+0xe2>
10004bc6:	f44f 717e 	mov.w	r1, #1016	@ 0x3f8
10004bca:	247e      	movs	r4, #126	@ 0x7e
10004bcc:	e783      	b.n	10004ad6 <_free_r+0xe2>
10004bce:	bf00      	nop
10004bd0:	200010d0 	.word	0x200010d0
10004bd4:	200010cc 	.word	0x200010cc
10004bd8:	200017ec 	.word	0x200017ec
10004bdc:	00000000 	.word	0x00000000

10004be0 <__memset_veneer>:
10004be0:	f85f f000 	ldr.w	pc, [pc]	@ 10004be4 <__memset_veneer+0x4>
10004be4:	20000e55 	.word	0x20000e55

10004be8 <__mutex_exit_veneer>:
10004be8:	f85f f000 	ldr.w	pc, [pc]	@ 10004bec <__mutex_exit_veneer+0x4>
10004bec:	200002f1 	.word	0x200002f1

10004bf0 <__e15_is_bulkin_ep_veneer>:
10004bf0:	f85f f000 	ldr.w	pc, [pc]	@ 10004bf4 <__e15_is_bulkin_ep_veneer+0x4>
10004bf4:	20000afd 	.word	0x20000afd

10004bf8 <__e15_is_critical_frame_period_veneer>:
10004bf8:	f85f f000 	ldr.w	pc, [pc]	@ 10004bfc <__e15_is_critical_frame_period_veneer+0x4>
10004bfc:	20000b25 	.word	0x20000b25

10004c00 <__reset_non_control_endpoints_veneer>:
10004c00:	f85f f000 	ldr.w	pc, [pc]	@ 10004c04 <__reset_non_control_endpoints_veneer+0x4>
10004c04:	20000339 	.word	0x20000339

10004c08 <___hw_endpoint_buffer_control_update32_veneer>:
10004c08:	f85f f000 	ldr.w	pc, [pc]	@ 10004c0c <___hw_endpoint_buffer_control_update32_veneer+0x4>
10004c0c:	20000b59 	.word	0x20000b59

10004c10 <__memcpy_veneer>:
10004c10:	f85f f000 	ldr.w	pc, [pc]	@ 10004c14 <__memcpy_veneer+0x4>
10004c14:	20000ef1 	.word	0x20000ef1

10004c18 <__mutex_try_enter_veneer>:
10004c18:	f85f f000 	ldr.w	pc, [pc]	@ 10004c1c <__mutex_try_enter_veneer+0x4>
10004c1c:	2000019d 	.word	0x2000019d

10004c20 <__hw_endpoint_start_next_buffer_veneer>:
10004c20:	f85f f000 	ldr.w	pc, [pc]	@ 10004c24 <__hw_endpoint_start_next_buffer_veneer+0x4>
10004c24:	20000b9d 	.word	0x20000b9d

10004c28 <__mutex_enter_blocking_veneer>:
10004c28:	f85f f000 	ldr.w	pc, [pc]	@ 10004c2c <__mutex_enter_blocking_veneer+0x4>
10004c2c:	20000111 	.word	0x20000111

10004c30 <__mutex_try_enter_block_until_veneer>:
10004c30:	f85f f000 	ldr.w	pc, [pc]	@ 10004c34 <__mutex_try_enter_block_until_veneer+0x4>
10004c34:	20000281 	.word	0x20000281

10004c38 <__mutex_enter_timeout_ms_veneer>:
10004c38:	f85f f000 	ldr.w	pc, [pc]	@ 10004c3c <__mutex_enter_timeout_ms_veneer+0x4>
10004c3c:	200002b9 	.word	0x200002b9

10004c40 <__pre_init_runtime_init_bootrom_reset>:
10004c40:	10001821                                !...

10004c44 <__pre_init_runtime_init_early_resets>:
10004c44:	10001795                                ....

10004c48 <__pre_init_runtime_init_usb_power_down>:
10004c48:	100017c9                                ....

10004c4c <__pre_init_runtime_init_clocks>:
10004c4c:	100018b1                                ....

10004c50 <__pre_init_runtime_init_post_clock_resets>:
10004c50:	10001801                                ....

10004c54 <__pre_init_runtime_init_boot_locks_reset>:
10004c54:	100016f9                                ....

10004c58 <__pre_init_runtime_init_spin_locks_reset>:
10004c58:	10001849                                I...

10004c5c <__pre_init_runtime_init_bootrom_locking_enable>:
10004c5c:	100016e5                                ....

10004c60 <__pre_init_runtime_init_mutex>:
10004c60:	10000979                                y...

10004c64 <__pre_init_runtime_init_install_ram_vector_table>:
10004c64:	1000184d                                M...

10004c68 <__pre_init_runtime_init_default_alarm_pool>:
10004c68:	10000d49                                I...

10004c6c <__pre_init_first_per_core_initializer>:
10004c6c:	10001745                                E...

10004c70 <__pre_init_runtime_init_per_core_bootrom_reset>:
10004c70:	10001835                                5...

10004c74 <__pre_init_runtime_init_per_core_enable_coprocessors>:
10004c74:	100017e5                                ....

10004c78 <__pre_init_spinlock_set_extexclall>:
10004c78:	1000056d                                m...

10004c7c <__pre_init_runtime_init_per_core_irq_priorities>:
10004c7c:	10000595                                ....

10004c80 <__pre_init_runtime_init_per_core_tls_setup>:
10004c80:	10003fa1                                .?..

10004c84 <__init_array_start>:
10004c84:	10002195 	.word	0x10002195

Disassembly of section .data:

20000110 <mutex_enter_blocking>:
20000110:	f04f 4350 	mov.w	r3, #3489660928	@ 0xd0000000
20000114:	b530      	push	{r4, r5, lr}
20000116:	6802      	ldr	r2, [r0, #0]
20000118:	f993 e000 	ldrsb.w	lr, [r3]
2000011c:	f3ef 8310 	mrs	r3, PRIMASK
20000120:	b672      	cpsid	i
20000122:	e8d2 4fcf 	ldaexb	r4, [r2]
20000126:	2101      	movs	r1, #1
20000128:	2c00      	cmp	r4, #0
2000012a:	d1fa      	bne.n	20000122 <mutex_enter_blocking+0x12>
2000012c:	e8c2 1f44 	strexb	r4, r1, [r2]
20000130:	2c00      	cmp	r4, #0
20000132:	d1f6      	bne.n	20000122 <mutex_enter_blocking+0x12>
20000134:	f3bf 8f5f 	dmb	sy
20000138:	f990 2004 	ldrsb.w	r2, [r0, #4]
2000013c:	2a00      	cmp	r2, #0
2000013e:	db21      	blt.n	20000184 <mutex_enter_blocking+0x74>
20000140:	f04f 0c00 	mov.w	ip, #0
20000144:	4c14      	ldr	r4, [pc, #80]	@ (20000198 <mutex_enter_blocking+0x88>)
20000146:	7822      	ldrb	r2, [r4, #0]
20000148:	6801      	ldr	r1, [r0, #0]
2000014a:	b2d2      	uxtb	r2, r2
2000014c:	e8c1 cf8f 	stlb	ip, [r1]
20000150:	f383 8810 	msr	PRIMASK, r3
20000154:	7823      	ldrb	r3, [r4, #0]
20000156:	4293      	cmp	r3, r2
20000158:	d100      	bne.n	2000015c <mutex_enter_blocking+0x4c>
2000015a:	bf20      	wfe
2000015c:	bf20      	wfe
2000015e:	6802      	ldr	r2, [r0, #0]
20000160:	f3ef 8310 	mrs	r3, PRIMASK
20000164:	b672      	cpsid	i
20000166:	e8d2 5fcf 	ldaexb	r5, [r2]
2000016a:	2101      	movs	r1, #1
2000016c:	2d00      	cmp	r5, #0
2000016e:	d1fa      	bne.n	20000166 <mutex_enter_blocking+0x56>
20000170:	e8c2 1f45 	strexb	r5, r1, [r2]
20000174:	2d00      	cmp	r5, #0
20000176:	d1f6      	bne.n	20000166 <mutex_enter_blocking+0x56>
20000178:	f3bf 8f5f 	dmb	sy
2000017c:	f990 2004 	ldrsb.w	r2, [r0, #4]
20000180:	2a00      	cmp	r2, #0
20000182:	dae0      	bge.n	20000146 <mutex_enter_blocking+0x36>
20000184:	2200      	movs	r2, #0
20000186:	6801      	ldr	r1, [r0, #0]
20000188:	f880 e004 	strb.w	lr, [r0, #4]
2000018c:	e8c1 2f8f 	stlb	r2, [r1]
20000190:	f383 8810 	msr	PRIMASK, r3
20000194:	bd30      	pop	{r4, r5, pc}
20000196:	bf00      	nop
20000198:	20002112 	.word	0x20002112

2000019c <mutex_try_enter>:
2000019c:	4603      	mov	r3, r0
2000019e:	b500      	push	{lr}
200001a0:	6802      	ldr	r2, [r0, #0]
200001a2:	f3ef 8c10 	mrs	ip, PRIMASK
200001a6:	b672      	cpsid	i
200001a8:	e8d2 efcf 	ldaexb	lr, [r2]
200001ac:	2001      	movs	r0, #1
200001ae:	f1be 0f00 	cmp.w	lr, #0
200001b2:	d1f9      	bne.n	200001a8 <mutex_try_enter+0xc>
200001b4:	e8c2 0f4e 	strexb	lr, r0, [r2]
200001b8:	f1be 0f00 	cmp.w	lr, #0
200001bc:	d1f4      	bne.n	200001a8 <mutex_try_enter+0xc>
200001be:	f3bf 8f5f 	dmb	sy
200001c2:	f993 2004 	ldrsb.w	r2, [r3, #4]
200001c6:	2a00      	cmp	r2, #0
200001c8:	db0a      	blt.n	200001e0 <mutex_try_enter+0x44>
200001ca:	b101      	cbz	r1, 200001ce <mutex_try_enter+0x32>
200001cc:	600a      	str	r2, [r1, #0]
200001ce:	2000      	movs	r0, #0
200001d0:	2200      	movs	r2, #0
200001d2:	681b      	ldr	r3, [r3, #0]
200001d4:	e8c3 2f8f 	stlb	r2, [r3]
200001d8:	f38c 8810 	msr	PRIMASK, ip
200001dc:	f85d fb04 	ldr.w	pc, [sp], #4
200001e0:	f04f 4250 	mov.w	r2, #3489660928	@ 0xd0000000
200001e4:	6812      	ldr	r2, [r2, #0]
200001e6:	2001      	movs	r0, #1
200001e8:	711a      	strb	r2, [r3, #4]
200001ea:	e7f1      	b.n	200001d0 <mutex_try_enter+0x34>

200001ec <mutex_enter_block_until>:
200001ec:	f04f 4150 	mov.w	r1, #3489660928	@ 0xd0000000
200001f0:	e92d 43f8 	stmdb	sp!, {r3, r4, r5, r6, r7, r8, r9, lr}
200001f4:	2700      	movs	r7, #0
200001f6:	4604      	mov	r4, r0
200001f8:	4616      	mov	r6, r2
200001fa:	461d      	mov	r5, r3
200001fc:	f8df 907c 	ldr.w	r9, [pc, #124]	@ 2000027c <mutex_enter_block_until+0x90>
20000200:	f8d1 8000 	ldr.w	r8, [r1]
20000204:	6821      	ldr	r1, [r4, #0]
20000206:	f3ef 8310 	mrs	r3, PRIMASK
2000020a:	b672      	cpsid	i
2000020c:	e8d1 0fcf 	ldaexb	r0, [r1]
20000210:	2201      	movs	r2, #1
20000212:	2800      	cmp	r0, #0
20000214:	d1fa      	bne.n	2000020c <mutex_enter_block_until+0x20>
20000216:	e8c1 2f40 	strexb	r0, r2, [r1]
2000021a:	2800      	cmp	r0, #0
2000021c:	d1f6      	bne.n	2000020c <mutex_enter_block_until+0x20>
2000021e:	f3bf 8f5f 	dmb	sy
20000222:	f994 1004 	ldrsb.w	r1, [r4, #4]
20000226:	6822      	ldr	r2, [r4, #0]
20000228:	2900      	cmp	r1, #0
2000022a:	db1c      	blt.n	20000266 <mutex_enter_block_until+0x7a>
2000022c:	f899 c000 	ldrb.w	ip, [r9]
20000230:	fa5f fc8c 	uxtb.w	ip, ip
20000234:	e8c2 7f8f 	stlb	r7, [r2]
20000238:	f383 8810 	msr	PRIMASK, r3
2000023c:	f899 3000 	ldrb.w	r3, [r9]
20000240:	4563      	cmp	r3, ip
20000242:	d008      	beq.n	20000256 <mutex_enter_block_until+0x6a>
20000244:	4630      	mov	r0, r6
20000246:	4629      	mov	r1, r5
20000248:	f000 fed6 	bl	20000ff8 <__best_effort_wfe_or_timeout_veneer>
2000024c:	2800      	cmp	r0, #0
2000024e:	d0d9      	beq.n	20000204 <mutex_enter_block_until+0x18>
20000250:	2000      	movs	r0, #0
20000252:	e8bd 83f8 	ldmia.w	sp!, {r3, r4, r5, r6, r7, r8, r9, pc}
20000256:	bf20      	wfe
20000258:	4630      	mov	r0, r6
2000025a:	4629      	mov	r1, r5
2000025c:	f000 fecc 	bl	20000ff8 <__best_effort_wfe_or_timeout_veneer>
20000260:	2800      	cmp	r0, #0
20000262:	d0cf      	beq.n	20000204 <mutex_enter_block_until+0x18>
20000264:	e7f4      	b.n	20000250 <mutex_enter_block_until+0x64>
20000266:	2100      	movs	r1, #0
20000268:	f884 8004 	strb.w	r8, [r4, #4]
2000026c:	e8c2 1f8f 	stlb	r1, [r2]
20000270:	f383 8810 	msr	PRIMASK, r3
20000274:	2001      	movs	r0, #1
20000276:	e8bd 83f8 	ldmia.w	sp!, {r3, r4, r5, r6, r7, r8, r9, pc}
2000027a:	bf00      	nop
2000027c:	20002112 	.word	0x20002112

20000280 <mutex_try_enter_block_until>:
20000280:	b570      	push	{r4, r5, r6, lr}
20000282:	b082      	sub	sp, #8
20000284:	a901      	add	r1, sp, #4
20000286:	4606      	mov	r6, r0
20000288:	4615      	mov	r5, r2
2000028a:	461c      	mov	r4, r3
2000028c:	f7ff ff86 	bl	2000019c <mutex_try_enter>
20000290:	b938      	cbnz	r0, 200002a2 <mutex_try_enter_block_until+0x22>
20000292:	f04f 4350 	mov.w	r3, #3489660928	@ 0xd0000000
20000296:	f99d 2004 	ldrsb.w	r2, [sp, #4]
2000029a:	f993 3000 	ldrsb.w	r3, [r3]
2000029e:	429a      	cmp	r2, r3
200002a0:	d101      	bne.n	200002a6 <mutex_try_enter_block_until+0x26>
200002a2:	b002      	add	sp, #8
200002a4:	bd70      	pop	{r4, r5, r6, pc}
200002a6:	462a      	mov	r2, r5
200002a8:	4623      	mov	r3, r4
200002aa:	4630      	mov	r0, r6
200002ac:	b002      	add	sp, #8
200002ae:	e8bd 4070 	ldmia.w	sp!, {r4, r5, r6, lr}
200002b2:	f7ff bf9b 	b.w	200001ec <mutex_enter_block_until>
200002b6:	bf00      	nop

200002b8 <mutex_enter_timeout_ms>:
200002b8:	b570      	push	{r4, r5, r6, lr}
200002ba:	4605      	mov	r5, r0
200002bc:	460c      	mov	r4, r1
200002be:	f000 fe8f 	bl	20000fe0 <__time_us_64_veneer>
200002c2:	4602      	mov	r2, r0
200002c4:	460b      	mov	r3, r1
200002c6:	f44f 707a 	mov.w	r0, #1000	@ 0x3e8
200002ca:	f04f 3eff 	mov.w	lr, #4294967295
200002ce:	f06f 4c00 	mvn.w	ip, #2147483648	@ 0x80000000
200002d2:	fbe4 2300 	umlal	r2, r3, r4, r0
200002d6:	4596      	cmp	lr, r2
200002d8:	eb7c 0103 	sbcs.w	r1, ip, r3
200002dc:	bf38      	it	cc
200002de:	4672      	movcc	r2, lr
200002e0:	4628      	mov	r0, r5
200002e2:	e8bd 4070 	ldmia.w	sp!, {r4, r5, r6, lr}
200002e6:	bf38      	it	cc
200002e8:	4663      	movcc	r3, ip
200002ea:	f7ff bf7f 	b.w	200001ec <mutex_enter_block_until>
200002ee:	bf00      	nop

200002f0 <mutex_exit>:
200002f0:	6803      	ldr	r3, [r0, #0]
200002f2:	f3ef 8110 	mrs	r1, PRIMASK
200002f6:	b672      	cpsid	i
200002f8:	e8d3 cfcf 	ldaexb	ip, [r3]
200002fc:	2201      	movs	r2, #1
200002fe:	f1bc 0f00 	cmp.w	ip, #0
20000302:	d1f9      	bne.n	200002f8 <mutex_exit+0x8>
20000304:	e8c3 2f4c 	strexb	ip, r2, [r3]
20000308:	f1bc 0f00 	cmp.w	ip, #0
2000030c:	d1f4      	bne.n	200002f8 <mutex_exit+0x8>
2000030e:	f3bf 8f5f 	dmb	sy
20000312:	f04f 0cff 	mov.w	ip, #255	@ 0xff
20000316:	4a07      	ldr	r2, [pc, #28]	@ (20000334 <mutex_exit+0x44>)
20000318:	f880 c004 	strb.w	ip, [r0, #4]
2000031c:	7813      	ldrb	r3, [r2, #0]
2000031e:	3301      	adds	r3, #1
20000320:	b2db      	uxtb	r3, r3
20000322:	7013      	strb	r3, [r2, #0]
20000324:	2300      	movs	r3, #0
20000326:	6802      	ldr	r2, [r0, #0]
20000328:	e8c2 3f8f 	stlb	r3, [r2]
2000032c:	f381 8810 	msr	PRIMASK, r1
20000330:	bf40      	sev
20000332:	4770      	bx	lr
20000334:	20002112 	.word	0x20002112

20000338 <reset_non_control_endpoints>:
20000338:	2100      	movs	r1, #0
2000033a:	b508      	push	{r3, lr}
2000033c:	4b13      	ldr	r3, [pc, #76]	@ (2000038c <reset_non_control_endpoints+0x54>)
2000033e:	f44f 7270 	mov.w	r2, #960	@ 0x3c0
20000342:	6099      	str	r1, [r3, #8]
20000344:	4812      	ldr	r0, [pc, #72]	@ (20000390 <reset_non_control_endpoints+0x58>)
20000346:	60d9      	str	r1, [r3, #12]
20000348:	6119      	str	r1, [r3, #16]
2000034a:	6159      	str	r1, [r3, #20]
2000034c:	6199      	str	r1, [r3, #24]
2000034e:	61d9      	str	r1, [r3, #28]
20000350:	6219      	str	r1, [r3, #32]
20000352:	6259      	str	r1, [r3, #36]	@ 0x24
20000354:	6299      	str	r1, [r3, #40]	@ 0x28
20000356:	62d9      	str	r1, [r3, #44]	@ 0x2c
20000358:	6319      	str	r1, [r3, #48]	@ 0x30
2000035a:	6359      	str	r1, [r3, #52]	@ 0x34
2000035c:	6399      	str	r1, [r3, #56]	@ 0x38
2000035e:	63d9      	str	r1, [r3, #60]	@ 0x3c
20000360:	6419      	str	r1, [r3, #64]	@ 0x40
20000362:	6459      	str	r1, [r3, #68]	@ 0x44
20000364:	6499      	str	r1, [r3, #72]	@ 0x48
20000366:	64d9      	str	r1, [r3, #76]	@ 0x4c
20000368:	6519      	str	r1, [r3, #80]	@ 0x50
2000036a:	6559      	str	r1, [r3, #84]	@ 0x54
2000036c:	6599      	str	r1, [r3, #88]	@ 0x58
2000036e:	65d9      	str	r1, [r3, #92]	@ 0x5c
20000370:	6619      	str	r1, [r3, #96]	@ 0x60
20000372:	6659      	str	r1, [r3, #100]	@ 0x64
20000374:	6699      	str	r1, [r3, #104]	@ 0x68
20000376:	66d9      	str	r1, [r3, #108]	@ 0x6c
20000378:	6719      	str	r1, [r3, #112]	@ 0x70
2000037a:	6759      	str	r1, [r3, #116]	@ 0x74
2000037c:	6799      	str	r1, [r3, #120]	@ 0x78
2000037e:	67d9      	str	r1, [r3, #124]	@ 0x7c
20000380:	f000 fd68 	bl	20000e54 <memset>
20000384:	4b03      	ldr	r3, [pc, #12]	@ (20000394 <reset_non_control_endpoints+0x5c>)
20000386:	4a04      	ldr	r2, [pc, #16]	@ (20000398 <reset_non_control_endpoints+0x60>)
20000388:	601a      	str	r2, [r3, #0]
2000038a:	bd08      	pop	{r3, pc}
2000038c:	50100000 	.word	0x50100000
20000390:	20001ce0 	.word	0x20001ce0
20000394:	200020a8 	.word	0x200020a8
20000398:	50100180 	.word	0x50100180

2000039c <hw_handle_buff_status>:
2000039c:	e92d 4ff0 	stmdb	sp!, {r4, r5, r6, r7, r8, r9, sl, fp, lr}
200003a0:	4b1f      	ldr	r3, [pc, #124]	@ (20000420 <hw_handle_buff_status+0x84>)
200003a2:	b085      	sub	sp, #20
200003a4:	f8d3 a058 	ldr.w	sl, [r3, #88]	@ 0x58
200003a8:	f1ba 0f00 	cmp.w	sl, #0
200003ac:	d022      	beq.n	200003f4 <hw_handle_buff_status+0x58>
200003ae:	2400      	movs	r4, #0
200003b0:	2501      	movs	r5, #1
200003b2:	f44f 69e0 	mov.w	r9, #1792	@ 0x700
200003b6:	f8df 8070 	ldr.w	r8, [pc, #112]	@ 20000428 <hw_handle_buff_status+0x8c>
200003ba:	4f1a      	ldr	r7, [pc, #104]	@ (20000424 <hw_handle_buff_status+0x88>)
200003bc:	e001      	b.n	200003c2 <hw_handle_buff_status+0x26>
200003be:	2c20      	cmp	r4, #32
200003c0:	d018      	beq.n	200003f4 <hw_handle_buff_status+0x58>
200003c2:	ea0a 0205 	and.w	r2, sl, r5
200003c6:	1c61      	adds	r1, r4, #1
200003c8:	4623      	mov	r3, r4
200003ca:	46ab      	mov	fp, r5
200003cc:	b2cc      	uxtb	r4, r1
200003ce:	006d      	lsls	r5, r5, #1
200003d0:	2a00      	cmp	r2, #0
200003d2:	d0f4      	beq.n	200003be <hw_handle_buff_status+0x22>
200003d4:	f004 0201 	and.w	r2, r4, #1
200003d8:	f003 06fe 	and.w	r6, r3, #254	@ 0xfe
200003dc:	4416      	add	r6, r2
200003de:	eb07 1646 	add.w	r6, r7, r6, lsl #5
200003e2:	4630      	mov	r0, r6
200003e4:	f8c8 b058 	str.w	fp, [r8, #88]	@ 0x58
200003e8:	f000 fc0a 	bl	20000c00 <hw_endpoint_xfer_continue>
200003ec:	b928      	cbnz	r0, 200003fa <hw_handle_buff_status+0x5e>
200003ee:	ea3a 0a0b 	bics.w	sl, sl, fp
200003f2:	d1e4      	bne.n	200003be <hw_handle_buff_status+0x22>
200003f4:	b005      	add	sp, #20
200003f6:	e8bd 8ff0 	ldmia.w	sp!, {r4, r5, r6, r7, r8, r9, sl, fp, pc}
200003fa:	2300      	movs	r3, #0
200003fc:	f88d 3009 	strb.w	r3, [sp, #9]
20000400:	78b3      	ldrb	r3, [r6, #2]
20000402:	a801      	add	r0, sp, #4
20000404:	f88d 3008 	strb.w	r3, [sp, #8]
20000408:	8af3      	ldrh	r3, [r6, #22]
2000040a:	2101      	movs	r1, #1
2000040c:	f8ad 9004 	strh.w	r9, [sp, #4]
20000410:	9303      	str	r3, [sp, #12]
20000412:	f000 fc13 	bl	20000c3c <dcd_event_handler>
20000416:	4630      	mov	r0, r6
20000418:	f000 fb98 	bl	20000b4c <hw_endpoint_reset_transfer>
2000041c:	e7e7      	b.n	200003ee <hw_handle_buff_status+0x52>
2000041e:	bf00      	nop
20000420:	50110000 	.word	0x50110000
20000424:	20001ca0 	.word	0x20001ca0
20000428:	50113000 	.word	0x50113000

2000042c <dcd_rp2040_irq>:
2000042c:	b5f0      	push	{r4, r5, r6, r7, lr}
2000042e:	4bbb      	ldr	r3, [pc, #748]	@ (2000071c <dcd_rp2040_irq+0x2f0>)
20000430:	b085      	sub	sp, #20
20000432:	f8d3 5098 	ldr.w	r5, [r3, #152]	@ 0x98
20000436:	f415 3600 	ands.w	r6, r5, #131072	@ 0x20000
2000043a:	d074      	beq.n	20000526 <dcd_rp2040_irq+0xfa>
2000043c:	4bb8      	ldr	r3, [pc, #736]	@ (20000720 <dcd_rp2040_irq+0x2f4>)
2000043e:	4cb9      	ldr	r4, [pc, #740]	@ (20000724 <dcd_rp2040_irq+0x2f8>)
20000440:	6a99      	ldr	r1, [r3, #40]	@ 0x28
20000442:	f894 303b 	ldrb.w	r3, [r4, #59]	@ 0x3b
20000446:	4ab8      	ldr	r2, [pc, #736]	@ (20000728 <dcd_rp2040_irq+0x2fc>)
20000448:	2b02      	cmp	r3, #2
2000044a:	6011      	str	r1, [r2, #0]
2000044c:	f000 80d4 	beq.w	200005f8 <dcd_rp2040_irq+0x1cc>
20000450:	2600      	movs	r6, #0
20000452:	f894 307b 	ldrb.w	r3, [r4, #123]	@ 0x7b
20000456:	2b02      	cmp	r3, #2
20000458:	f000 813b 	beq.w	200006d2 <dcd_rp2040_irq+0x2a6>
2000045c:	f894 30bb 	ldrb.w	r3, [r4, #187]	@ 0xbb
20000460:	2b02      	cmp	r3, #2
20000462:	f000 817d 	beq.w	20000760 <dcd_rp2040_irq+0x334>
20000466:	f894 30fb 	ldrb.w	r3, [r4, #251]	@ 0xfb
2000046a:	2b02      	cmp	r3, #2
2000046c:	f000 816c 	beq.w	20000748 <dcd_rp2040_irq+0x31c>
20000470:	f894 313b 	ldrb.w	r3, [r4, #315]	@ 0x13b
20000474:	2b02      	cmp	r3, #2
20000476:	f000 8144 	beq.w	20000702 <dcd_rp2040_irq+0x2d6>
2000047a:	f894 317b 	ldrb.w	r3, [r4, #379]	@ 0x17b
2000047e:	2b02      	cmp	r3, #2
20000480:	f000 8133 	beq.w	200006ea <dcd_rp2040_irq+0x2be>
20000484:	f894 31bb 	ldrb.w	r3, [r4, #443]	@ 0x1bb
20000488:	2b02      	cmp	r3, #2
2000048a:	f000 81b6 	beq.w	200007fa <dcd_rp2040_irq+0x3ce>
2000048e:	f894 31fb 	ldrb.w	r3, [r4, #507]	@ 0x1fb
20000492:	2b02      	cmp	r3, #2
20000494:	f000 81a6 	beq.w	200007e4 <dcd_rp2040_irq+0x3b8>
20000498:	f894 323b 	ldrb.w	r3, [r4, #571]	@ 0x23b
2000049c:	2b02      	cmp	r3, #2
2000049e:	f000 8196 	beq.w	200007ce <dcd_rp2040_irq+0x3a2>
200004a2:	f894 327b 	ldrb.w	r3, [r4, #635]	@ 0x27b
200004a6:	2b02      	cmp	r3, #2
200004a8:	f000 8186 	beq.w	200007b8 <dcd_rp2040_irq+0x38c>
200004ac:	f894 32bb 	ldrb.w	r3, [r4, #699]	@ 0x2bb
200004b0:	2b02      	cmp	r3, #2
200004b2:	f000 8176 	beq.w	200007a2 <dcd_rp2040_irq+0x376>
200004b6:	f894 32fb 	ldrb.w	r3, [r4, #763]	@ 0x2fb
200004ba:	2b02      	cmp	r3, #2
200004bc:	f000 8166 	beq.w	2000078c <dcd_rp2040_irq+0x360>
200004c0:	f894 333b 	ldrb.w	r3, [r4, #827]	@ 0x33b
200004c4:	2b02      	cmp	r3, #2
200004c6:	f000 8156 	beq.w	20000776 <dcd_rp2040_irq+0x34a>
200004ca:	f894 337b 	ldrb.w	r3, [r4, #891]	@ 0x37b
200004ce:	2b02      	cmp	r3, #2
200004d0:	f000 80a4 	beq.w	2000061c <dcd_rp2040_irq+0x1f0>
200004d4:	f894 33bb 	ldrb.w	r3, [r4, #955]	@ 0x3bb
200004d8:	2b02      	cmp	r3, #2
200004da:	f000 8199 	beq.w	20000810 <dcd_rp2040_irq+0x3e4>
200004de:	f894 33fb 	ldrb.w	r3, [r4, #1019]	@ 0x3fb
200004e2:	2b02      	cmp	r3, #2
200004e4:	f000 80b4 	beq.w	20000650 <dcd_rp2040_irq+0x224>
200004e8:	b93e      	cbnz	r6, 200004fa <dcd_rp2040_irq+0xce>
200004ea:	4b90      	ldr	r3, [pc, #576]	@ (2000072c <dcd_rp2040_irq+0x300>)
200004ec:	781b      	ldrb	r3, [r3, #0]
200004ee:	b923      	cbnz	r3, 200004fa <dcd_rp2040_irq+0xce>
200004f0:	f44f 3200 	mov.w	r2, #131072	@ 0x20000
200004f4:	4b8e      	ldr	r3, [pc, #568]	@ (20000730 <dcd_rp2040_irq+0x304>)
200004f6:	f8c3 2090 	str.w	r2, [r3, #144]	@ 0x90
200004fa:	f44f 7240 	mov.w	r2, #768	@ 0x300
200004fe:	4b87      	ldr	r3, [pc, #540]	@ (2000071c <dcd_rp2040_irq+0x2f0>)
20000500:	2101      	movs	r1, #1
20000502:	6c9b      	ldr	r3, [r3, #72]	@ 0x48
20000504:	a801      	add	r0, sp, #4
20000506:	f3c3 030a 	ubfx	r3, r3, #0, #11
2000050a:	f8ad 2004 	strh.w	r2, [sp, #4]
2000050e:	9302      	str	r3, [sp, #8]
20000510:	f000 fb94 	bl	20000c3c <dcd_event_handler>
20000514:	06ea      	lsls	r2, r5, #27
20000516:	f44f 3600 	mov.w	r6, #131072	@ 0x20000
2000051a:	4c86      	ldr	r4, [pc, #536]	@ (20000734 <dcd_rp2040_irq+0x308>)
2000051c:	d507      	bpl.n	2000052e <dcd_rp2040_irq+0x102>
2000051e:	f7ff ff3d 	bl	2000039c <hw_handle_buff_status>
20000522:	4626      	mov	r6, r4
20000524:	e003      	b.n	2000052e <dcd_rp2040_irq+0x102>
20000526:	06ea      	lsls	r2, r5, #27
20000528:	f04f 0410 	mov.w	r4, #16
2000052c:	d4f7      	bmi.n	2000051e <dcd_rp2040_irq+0xf2>
2000052e:	03eb      	lsls	r3, r5, #15
20000530:	d522      	bpl.n	20000578 <dcd_rp2040_irq+0x14c>
20000532:	4c7c      	ldr	r4, [pc, #496]	@ (20000724 <dcd_rp2040_irq+0x2f8>)
20000534:	f446 3680 	orr.w	r6, r6, #65536	@ 0x10000
20000538:	7ea3      	ldrb	r3, [r4, #26]
2000053a:	2b00      	cmp	r3, #0
2000053c:	f040 8099 	bne.w	20000672 <dcd_rp2040_irq+0x246>
20000540:	2301      	movs	r3, #1
20000542:	f894 203a 	ldrb.w	r2, [r4, #58]	@ 0x3a
20000546:	70e3      	strb	r3, [r4, #3]
20000548:	2a00      	cmp	r2, #0
2000054a:	f040 80ad 	bne.w	200006a8 <dcd_rp2040_irq+0x27c>
2000054e:	2301      	movs	r3, #1
20000550:	f44f 61c0 	mov.w	r1, #1536	@ 0x600
20000554:	4a78      	ldr	r2, [pc, #480]	@ (20000738 <dcd_rp2040_irq+0x30c>)
20000556:	f884 3023 	strb.w	r3, [r4, #35]	@ 0x23
2000055a:	f8ad 1004 	strh.w	r1, [sp, #4]
2000055e:	e892 0003 	ldmia.w	r2, {r0, r1}
20000562:	aa04      	add	r2, sp, #16
20000564:	e902 0003 	stmdb	r2, {r0, r1}
20000568:	4619      	mov	r1, r3
2000056a:	a801      	add	r0, sp, #4
2000056c:	f000 fb66 	bl	20000c3c <dcd_event_handler>
20000570:	f44f 3200 	mov.w	r2, #131072	@ 0x20000
20000574:	4b6e      	ldr	r3, [pc, #440]	@ (20000730 <dcd_rp2040_irq+0x304>)
20000576:	651a      	str	r2, [r3, #80]	@ 0x50
20000578:	04e9      	lsls	r1, r5, #19
2000057a:	d408      	bmi.n	2000058e <dcd_rp2040_irq+0x162>
2000057c:	046a      	lsls	r2, r5, #17
2000057e:	d41d      	bmi.n	200005bc <dcd_rp2040_irq+0x190>
20000580:	042b      	lsls	r3, r5, #16
20000582:	d42a      	bmi.n	200005da <dcd_rp2040_irq+0x1ae>
20000584:	42ae      	cmp	r6, r5
20000586:	f040 81c5 	bne.w	20000914 <dcd_rp2040_irq+0x4e8>
2000058a:	b005      	add	sp, #20
2000058c:	bdf0      	pop	{r4, r5, r6, r7, pc}
2000058e:	2400      	movs	r4, #0
20000590:	4b62      	ldr	r3, [pc, #392]	@ (2000071c <dcd_rp2040_irq+0x2f0>)
20000592:	f446 5680 	orr.w	r6, r6, #4096	@ 0x1000
20000596:	601c      	str	r4, [r3, #0]
20000598:	f7ff fece 	bl	20000338 <reset_non_control_endpoints>
2000059c:	f44f 7380 	mov.w	r3, #256	@ 0x100
200005a0:	2101      	movs	r1, #1
200005a2:	a801      	add	r0, sp, #4
200005a4:	f8ad 3004 	strh.w	r3, [sp, #4]
200005a8:	f88d 4008 	strb.w	r4, [sp, #8]
200005ac:	f000 fb46 	bl	20000c3c <dcd_event_handler>
200005b0:	f44f 2200 	mov.w	r2, #524288	@ 0x80000
200005b4:	4b5e      	ldr	r3, [pc, #376]	@ (20000730 <dcd_rp2040_irq+0x304>)
200005b6:	651a      	str	r2, [r3, #80]	@ 0x50
200005b8:	046a      	lsls	r2, r5, #17
200005ba:	d5e1      	bpl.n	20000580 <dcd_rp2040_irq+0x154>
200005bc:	f44f 6380 	mov.w	r3, #1024	@ 0x400
200005c0:	2101      	movs	r1, #1
200005c2:	a801      	add	r0, sp, #4
200005c4:	f8ad 3004 	strh.w	r3, [sp, #4]
200005c8:	f000 fb38 	bl	20000c3c <dcd_event_handler>
200005cc:	2210      	movs	r2, #16
200005ce:	4b58      	ldr	r3, [pc, #352]	@ (20000730 <dcd_rp2040_irq+0x304>)
200005d0:	f446 4680 	orr.w	r6, r6, #16384	@ 0x4000
200005d4:	651a      	str	r2, [r3, #80]	@ 0x50
200005d6:	042b      	lsls	r3, r5, #16
200005d8:	d5d4      	bpl.n	20000584 <dcd_rp2040_irq+0x158>
200005da:	f44f 63a0 	mov.w	r3, #1280	@ 0x500
200005de:	2101      	movs	r1, #1
200005e0:	a801      	add	r0, sp, #4
200005e2:	f8ad 3004 	strh.w	r3, [sp, #4]
200005e6:	f000 fb29 	bl	20000c3c <dcd_event_handler>
200005ea:	f44f 6200 	mov.w	r2, #2048	@ 0x800
200005ee:	4b50      	ldr	r3, [pc, #320]	@ (20000730 <dcd_rp2040_irq+0x304>)
200005f0:	f446 4600 	orr.w	r6, r6, #32768	@ 0x8000
200005f4:	651a      	str	r2, [r3, #80]	@ 0x50
200005f6:	e7c5      	b.n	20000584 <dcd_rp2040_irq+0x158>
200005f8:	f894 603a 	ldrb.w	r6, [r4, #58]	@ 0x3a
200005fc:	2e00      	cmp	r6, #0
200005fe:	f43f af28 	beq.w	20000452 <dcd_rp2040_irq+0x26>
20000602:	f894 303c 	ldrb.w	r3, [r4, #60]	@ 0x3c
20000606:	2b00      	cmp	r3, #0
20000608:	f43f af23 	beq.w	20000452 <dcd_rp2040_irq+0x26>
2000060c:	2300      	movs	r3, #0
2000060e:	f104 0020 	add.w	r0, r4, #32
20000612:	f884 303c 	strb.w	r3, [r4, #60]	@ 0x3c
20000616:	f000 fac1 	bl	20000b9c <hw_endpoint_start_next_buffer>
2000061a:	e71a      	b.n	20000452 <dcd_rp2040_irq+0x26>
2000061c:	f894 737a 	ldrb.w	r7, [r4, #890]	@ 0x37a
20000620:	2f00      	cmp	r7, #0
20000622:	f43f af57 	beq.w	200004d4 <dcd_rp2040_irq+0xa8>
20000626:	f894 337c 	ldrb.w	r3, [r4, #892]	@ 0x37c
2000062a:	2b00      	cmp	r3, #0
2000062c:	f040 8164 	bne.w	200008f8 <dcd_rp2040_irq+0x4cc>
20000630:	f894 33bb 	ldrb.w	r3, [r4, #955]	@ 0x3bb
20000634:	2b02      	cmp	r3, #2
20000636:	f040 80f4 	bne.w	20000822 <dcd_rp2040_irq+0x3f6>
2000063a:	f894 33ba 	ldrb.w	r3, [r4, #954]	@ 0x3ba
2000063e:	2b00      	cmp	r3, #0
20000640:	f040 80eb 	bne.w	2000081a <dcd_rp2040_irq+0x3ee>
20000644:	f894 33fb 	ldrb.w	r3, [r4, #1019]	@ 0x3fb
20000648:	2b02      	cmp	r3, #2
2000064a:	f47f af56 	bne.w	200004fa <dcd_rp2040_irq+0xce>
2000064e:	463e      	mov	r6, r7
20000650:	f894 33fa 	ldrb.w	r3, [r4, #1018]	@ 0x3fa
20000654:	2b00      	cmp	r3, #0
20000656:	f43f af47 	beq.w	200004e8 <dcd_rp2040_irq+0xbc>
2000065a:	f894 33fc 	ldrb.w	r3, [r4, #1020]	@ 0x3fc
2000065e:	2b00      	cmp	r3, #0
20000660:	f43f af4b 	beq.w	200004fa <dcd_rp2040_irq+0xce>
20000664:	2300      	movs	r3, #0
20000666:	4835      	ldr	r0, [pc, #212]	@ (2000073c <dcd_rp2040_irq+0x310>)
20000668:	f884 33fc 	strb.w	r3, [r4, #1020]	@ 0x3fc
2000066c:	f000 fa96 	bl	20000b9c <hw_endpoint_start_next_buffer>
20000670:	e743      	b.n	200004fa <dcd_rp2040_irq+0xce>
20000672:	2102      	movs	r1, #2
20000674:	4b32      	ldr	r3, [pc, #200]	@ (20000740 <dcd_rp2040_irq+0x314>)
20000676:	4a29      	ldr	r2, [pc, #164]	@ (2000071c <dcd_rp2040_irq+0x2f0>)
20000678:	6619      	str	r1, [r3, #96]	@ 0x60
2000067a:	6e53      	ldr	r3, [r2, #100]	@ 0x64
2000067c:	079f      	lsls	r7, r3, #30
2000067e:	d5fc      	bpl.n	2000067a <dcd_rp2040_irq+0x24e>
20000680:	f44f 5240 	mov.w	r2, #12288	@ 0x3000
20000684:	2100      	movs	r1, #0
20000686:	4827      	ldr	r0, [pc, #156]	@ (20000724 <dcd_rp2040_irq+0x2f8>)
20000688:	f000 fa66 	bl	20000b58 <_hw_endpoint_buffer_control_update32>
2000068c:	4825      	ldr	r0, [pc, #148]	@ (20000724 <dcd_rp2040_irq+0x2f8>)
2000068e:	f000 fa5d 	bl	20000b4c <hw_endpoint_reset_transfer>
20000692:	2202      	movs	r2, #2
20000694:	4b26      	ldr	r3, [pc, #152]	@ (20000730 <dcd_rp2040_irq+0x304>)
20000696:	665a      	str	r2, [r3, #100]	@ 0x64
20000698:	661a      	str	r2, [r3, #96]	@ 0x60
2000069a:	2301      	movs	r3, #1
2000069c:	f894 203a 	ldrb.w	r2, [r4, #58]	@ 0x3a
200006a0:	70e3      	strb	r3, [r4, #3]
200006a2:	2a00      	cmp	r2, #0
200006a4:	f43f af53 	beq.w	2000054e <dcd_rp2040_irq+0x122>
200006a8:	4a25      	ldr	r2, [pc, #148]	@ (20000740 <dcd_rp2040_irq+0x314>)
200006aa:	6613      	str	r3, [r2, #96]	@ 0x60
200006ac:	f5a2 5200 	sub.w	r2, r2, #8192	@ 0x2000
200006b0:	6e53      	ldr	r3, [r2, #100]	@ 0x64
200006b2:	07d8      	lsls	r0, r3, #31
200006b4:	d5fc      	bpl.n	200006b0 <dcd_rp2040_irq+0x284>
200006b6:	f44f 5240 	mov.w	r2, #12288	@ 0x3000
200006ba:	2100      	movs	r1, #0
200006bc:	4821      	ldr	r0, [pc, #132]	@ (20000744 <dcd_rp2040_irq+0x318>)
200006be:	f000 fa4b 	bl	20000b58 <_hw_endpoint_buffer_control_update32>
200006c2:	4820      	ldr	r0, [pc, #128]	@ (20000744 <dcd_rp2040_irq+0x318>)
200006c4:	f000 fa42 	bl	20000b4c <hw_endpoint_reset_transfer>
200006c8:	2201      	movs	r2, #1
200006ca:	4b19      	ldr	r3, [pc, #100]	@ (20000730 <dcd_rp2040_irq+0x304>)
200006cc:	665a      	str	r2, [r3, #100]	@ 0x64
200006ce:	661a      	str	r2, [r3, #96]	@ 0x60
200006d0:	e73d      	b.n	2000054e <dcd_rp2040_irq+0x122>
200006d2:	f894 707a 	ldrb.w	r7, [r4, #122]	@ 0x7a
200006d6:	2f00      	cmp	r7, #0
200006d8:	f43f aec0 	beq.w	2000045c <dcd_rp2040_irq+0x30>
200006dc:	f894 307c 	ldrb.w	r3, [r4, #124]	@ 0x7c
200006e0:	2b00      	cmp	r3, #0
200006e2:	f040 8101 	bne.w	200008e8 <dcd_rp2040_irq+0x4bc>
200006e6:	463e      	mov	r6, r7
200006e8:	e6b8      	b.n	2000045c <dcd_rp2040_irq+0x30>
200006ea:	f894 717a 	ldrb.w	r7, [r4, #378]	@ 0x17a
200006ee:	2f00      	cmp	r7, #0
200006f0:	f43f aec8 	beq.w	20000484 <dcd_rp2040_irq+0x58>
200006f4:	f894 317c 	ldrb.w	r3, [r4, #380]	@ 0x17c
200006f8:	2b00      	cmp	r3, #0
200006fa:	f040 80ed 	bne.w	200008d8 <dcd_rp2040_irq+0x4ac>
200006fe:	463e      	mov	r6, r7
20000700:	e6c0      	b.n	20000484 <dcd_rp2040_irq+0x58>
20000702:	f894 713a 	ldrb.w	r7, [r4, #314]	@ 0x13a
20000706:	2f00      	cmp	r7, #0
20000708:	f43f aeb7 	beq.w	2000047a <dcd_rp2040_irq+0x4e>
2000070c:	f894 313c 	ldrb.w	r3, [r4, #316]	@ 0x13c
20000710:	2b00      	cmp	r3, #0
20000712:	f040 80d9 	bne.w	200008c8 <dcd_rp2040_irq+0x49c>
20000716:	463e      	mov	r6, r7
20000718:	e6af      	b.n	2000047a <dcd_rp2040_irq+0x4e>
2000071a:	bf00      	nop
2000071c:	50110000 	.word	0x50110000
20000720:	400b0000 	.word	0x400b0000
20000724:	20001ca0 	.word	0x20001ca0
20000728:	20001c90 	.word	0x20001c90
2000072c:	2000210e 	.word	0x2000210e
20000730:	50113000 	.word	0x50113000
20000734:	00020010 	.word	0x00020010
20000738:	50100000 	.word	0x50100000
2000073c:	20002080 	.word	0x20002080
20000740:	50112000 	.word	0x50112000
20000744:	20001cc0 	.word	0x20001cc0
20000748:	f894 70fa 	ldrb.w	r7, [r4, #250]	@ 0xfa
2000074c:	2f00      	cmp	r7, #0
2000074e:	f43f ae8f 	beq.w	20000470 <dcd_rp2040_irq+0x44>
20000752:	f894 30fc 	ldrb.w	r3, [r4, #252]	@ 0xfc
20000756:	2b00      	cmp	r3, #0
20000758:	f040 808e 	bne.w	20000878 <dcd_rp2040_irq+0x44c>
2000075c:	463e      	mov	r6, r7
2000075e:	e687      	b.n	20000470 <dcd_rp2040_irq+0x44>
20000760:	f894 70ba 	ldrb.w	r7, [r4, #186]	@ 0xba
20000764:	2f00      	cmp	r7, #0
20000766:	f43f ae7e 	beq.w	20000466 <dcd_rp2040_irq+0x3a>
2000076a:	f894 30bc 	ldrb.w	r3, [r4, #188]	@ 0xbc
2000076e:	2b00      	cmp	r3, #0
20000770:	d17a      	bne.n	20000868 <dcd_rp2040_irq+0x43c>
20000772:	463e      	mov	r6, r7
20000774:	e677      	b.n	20000466 <dcd_rp2040_irq+0x3a>
20000776:	f894 733a 	ldrb.w	r7, [r4, #826]	@ 0x33a
2000077a:	2f00      	cmp	r7, #0
2000077c:	f43f aea5 	beq.w	200004ca <dcd_rp2040_irq+0x9e>
20000780:	f894 333c 	ldrb.w	r3, [r4, #828]	@ 0x33c
20000784:	2b00      	cmp	r3, #0
20000786:	d157      	bne.n	20000838 <dcd_rp2040_irq+0x40c>
20000788:	463e      	mov	r6, r7
2000078a:	e69e      	b.n	200004ca <dcd_rp2040_irq+0x9e>
2000078c:	f894 72fa 	ldrb.w	r7, [r4, #762]	@ 0x2fa
20000790:	2f00      	cmp	r7, #0
20000792:	f43f ae95 	beq.w	200004c0 <dcd_rp2040_irq+0x94>
20000796:	f894 32fc 	ldrb.w	r3, [r4, #764]	@ 0x2fc
2000079a:	2b00      	cmp	r3, #0
2000079c:	d15c      	bne.n	20000858 <dcd_rp2040_irq+0x42c>
2000079e:	463e      	mov	r6, r7
200007a0:	e68e      	b.n	200004c0 <dcd_rp2040_irq+0x94>
200007a2:	f894 72ba 	ldrb.w	r7, [r4, #698]	@ 0x2ba
200007a6:	2f00      	cmp	r7, #0
200007a8:	f43f ae85 	beq.w	200004b6 <dcd_rp2040_irq+0x8a>
200007ac:	f894 32bc 	ldrb.w	r3, [r4, #700]	@ 0x2bc
200007b0:	2b00      	cmp	r3, #0
200007b2:	d149      	bne.n	20000848 <dcd_rp2040_irq+0x41c>
200007b4:	463e      	mov	r6, r7
200007b6:	e67e      	b.n	200004b6 <dcd_rp2040_irq+0x8a>
200007b8:	f894 727a 	ldrb.w	r7, [r4, #634]	@ 0x27a
200007bc:	2f00      	cmp	r7, #0
200007be:	f43f ae75 	beq.w	200004ac <dcd_rp2040_irq+0x80>
200007c2:	f894 327c 	ldrb.w	r3, [r4, #636]	@ 0x27c
200007c6:	2b00      	cmp	r3, #0
200007c8:	d176      	bne.n	200008b8 <dcd_rp2040_irq+0x48c>
200007ca:	463e      	mov	r6, r7
200007cc:	e66e      	b.n	200004ac <dcd_rp2040_irq+0x80>
200007ce:	f894 723a 	ldrb.w	r7, [r4, #570]	@ 0x23a
200007d2:	2f00      	cmp	r7, #0
200007d4:	f43f ae65 	beq.w	200004a2 <dcd_rp2040_irq+0x76>
200007d8:	f894 323c 	ldrb.w	r3, [r4, #572]	@ 0x23c
200007dc:	2b00      	cmp	r3, #0
200007de:	d163      	bne.n	200008a8 <dcd_rp2040_irq+0x47c>
200007e0:	463e      	mov	r6, r7
200007e2:	e65e      	b.n	200004a2 <dcd_rp2040_irq+0x76>
200007e4:	f894 71fa 	ldrb.w	r7, [r4, #506]	@ 0x1fa
200007e8:	2f00      	cmp	r7, #0
200007ea:	f43f ae55 	beq.w	20000498 <dcd_rp2040_irq+0x6c>
200007ee:	f894 31fc 	ldrb.w	r3, [r4, #508]	@ 0x1fc
200007f2:	2b00      	cmp	r3, #0
200007f4:	d150      	bne.n	20000898 <dcd_rp2040_irq+0x46c>
200007f6:	463e      	mov	r6, r7
200007f8:	e64e      	b.n	20000498 <dcd_rp2040_irq+0x6c>
200007fa:	f894 71ba 	ldrb.w	r7, [r4, #442]	@ 0x1ba
200007fe:	2f00      	cmp	r7, #0
20000800:	f43f ae45 	beq.w	2000048e <dcd_rp2040_irq+0x62>
20000804:	f894 31bc 	ldrb.w	r3, [r4, #444]	@ 0x1bc
20000808:	2b00      	cmp	r3, #0
2000080a:	d13d      	bne.n	20000888 <dcd_rp2040_irq+0x45c>
2000080c:	463e      	mov	r6, r7
2000080e:	e63e      	b.n	2000048e <dcd_rp2040_irq+0x62>
20000810:	f894 33ba 	ldrb.w	r3, [r4, #954]	@ 0x3ba
20000814:	2b00      	cmp	r3, #0
20000816:	f43f ae62 	beq.w	200004de <dcd_rp2040_irq+0xb2>
2000081a:	f894 33bc 	ldrb.w	r3, [r4, #956]	@ 0x3bc
2000081e:	2b00      	cmp	r3, #0
20000820:	d171      	bne.n	20000906 <dcd_rp2040_irq+0x4da>
20000822:	f894 33fb 	ldrb.w	r3, [r4, #1019]	@ 0x3fb
20000826:	2b02      	cmp	r3, #2
20000828:	f47f ae67 	bne.w	200004fa <dcd_rp2040_irq+0xce>
2000082c:	f894 33fa 	ldrb.w	r3, [r4, #1018]	@ 0x3fa
20000830:	2b00      	cmp	r3, #0
20000832:	f43f ae62 	beq.w	200004fa <dcd_rp2040_irq+0xce>
20000836:	e710      	b.n	2000065a <dcd_rp2040_irq+0x22e>
20000838:	2300      	movs	r3, #0
2000083a:	4839      	ldr	r0, [pc, #228]	@ (20000920 <dcd_rp2040_irq+0x4f4>)
2000083c:	f884 333c 	strb.w	r3, [r4, #828]	@ 0x33c
20000840:	463e      	mov	r6, r7
20000842:	f000 f9ab 	bl	20000b9c <hw_endpoint_start_next_buffer>
20000846:	e640      	b.n	200004ca <dcd_rp2040_irq+0x9e>
20000848:	2300      	movs	r3, #0
2000084a:	4836      	ldr	r0, [pc, #216]	@ (20000924 <dcd_rp2040_irq+0x4f8>)
2000084c:	f884 32bc 	strb.w	r3, [r4, #700]	@ 0x2bc
20000850:	463e      	mov	r6, r7
20000852:	f000 f9a3 	bl	20000b9c <hw_endpoint_start_next_buffer>
20000856:	e62e      	b.n	200004b6 <dcd_rp2040_irq+0x8a>
20000858:	2300      	movs	r3, #0
2000085a:	4833      	ldr	r0, [pc, #204]	@ (20000928 <dcd_rp2040_irq+0x4fc>)
2000085c:	f884 32fc 	strb.w	r3, [r4, #764]	@ 0x2fc
20000860:	463e      	mov	r6, r7
20000862:	f000 f99b 	bl	20000b9c <hw_endpoint_start_next_buffer>
20000866:	e62b      	b.n	200004c0 <dcd_rp2040_irq+0x94>
20000868:	2300      	movs	r3, #0
2000086a:	4830      	ldr	r0, [pc, #192]	@ (2000092c <dcd_rp2040_irq+0x500>)
2000086c:	f884 30bc 	strb.w	r3, [r4, #188]	@ 0xbc
20000870:	463e      	mov	r6, r7
20000872:	f000 f993 	bl	20000b9c <hw_endpoint_start_next_buffer>
20000876:	e5f6      	b.n	20000466 <dcd_rp2040_irq+0x3a>
20000878:	2300      	movs	r3, #0
2000087a:	482d      	ldr	r0, [pc, #180]	@ (20000930 <dcd_rp2040_irq+0x504>)
2000087c:	f884 30fc 	strb.w	r3, [r4, #252]	@ 0xfc
20000880:	463e      	mov	r6, r7
20000882:	f000 f98b 	bl	20000b9c <hw_endpoint_start_next_buffer>
20000886:	e5f3      	b.n	20000470 <dcd_rp2040_irq+0x44>
20000888:	2300      	movs	r3, #0
2000088a:	482a      	ldr	r0, [pc, #168]	@ (20000934 <dcd_rp2040_irq+0x508>)
2000088c:	f884 31bc 	strb.w	r3, [r4, #444]	@ 0x1bc
20000890:	463e      	mov	r6, r7
20000892:	f000 f983 	bl	20000b9c <hw_endpoint_start_next_buffer>
20000896:	e5fa      	b.n	2000048e <dcd_rp2040_irq+0x62>
20000898:	2300      	movs	r3, #0
2000089a:	4827      	ldr	r0, [pc, #156]	@ (20000938 <dcd_rp2040_irq+0x50c>)
2000089c:	f884 31fc 	strb.w	r3, [r4, #508]	@ 0x1fc
200008a0:	463e      	mov	r6, r7
200008a2:	f000 f97b 	bl	20000b9c <hw_endpoint_start_next_buffer>
200008a6:	e5f7      	b.n	20000498 <dcd_rp2040_irq+0x6c>
200008a8:	2300      	movs	r3, #0
200008aa:	4824      	ldr	r0, [pc, #144]	@ (2000093c <dcd_rp2040_irq+0x510>)
200008ac:	f884 323c 	strb.w	r3, [r4, #572]	@ 0x23c
200008b0:	463e      	mov	r6, r7
200008b2:	f000 f973 	bl	20000b9c <hw_endpoint_start_next_buffer>
200008b6:	e5f4      	b.n	200004a2 <dcd_rp2040_irq+0x76>
200008b8:	2300      	movs	r3, #0
200008ba:	4821      	ldr	r0, [pc, #132]	@ (20000940 <dcd_rp2040_irq+0x514>)
200008bc:	f884 327c 	strb.w	r3, [r4, #636]	@ 0x27c
200008c0:	463e      	mov	r6, r7
200008c2:	f000 f96b 	bl	20000b9c <hw_endpoint_start_next_buffer>
200008c6:	e5f1      	b.n	200004ac <dcd_rp2040_irq+0x80>
200008c8:	2300      	movs	r3, #0
200008ca:	481e      	ldr	r0, [pc, #120]	@ (20000944 <dcd_rp2040_irq+0x518>)
200008cc:	f884 313c 	strb.w	r3, [r4, #316]	@ 0x13c
200008d0:	463e      	mov	r6, r7
200008d2:	f000 f963 	bl	20000b9c <hw_endpoint_start_next_buffer>
200008d6:	e5d0      	b.n	2000047a <dcd_rp2040_irq+0x4e>
200008d8:	2300      	movs	r3, #0
200008da:	481b      	ldr	r0, [pc, #108]	@ (20000948 <dcd_rp2040_irq+0x51c>)
200008dc:	f884 317c 	strb.w	r3, [r4, #380]	@ 0x17c
200008e0:	463e      	mov	r6, r7
200008e2:	f000 f95b 	bl	20000b9c <hw_endpoint_start_next_buffer>
200008e6:	e5cd      	b.n	20000484 <dcd_rp2040_irq+0x58>
200008e8:	2300      	movs	r3, #0
200008ea:	4818      	ldr	r0, [pc, #96]	@ (2000094c <dcd_rp2040_irq+0x520>)
200008ec:	f884 307c 	strb.w	r3, [r4, #124]	@ 0x7c
200008f0:	463e      	mov	r6, r7
200008f2:	f000 f953 	bl	20000b9c <hw_endpoint_start_next_buffer>
200008f6:	e5b1      	b.n	2000045c <dcd_rp2040_irq+0x30>
200008f8:	2300      	movs	r3, #0
200008fa:	4815      	ldr	r0, [pc, #84]	@ (20000950 <dcd_rp2040_irq+0x524>)
200008fc:	f884 337c 	strb.w	r3, [r4, #892]	@ 0x37c
20000900:	f000 f94c 	bl	20000b9c <hw_endpoint_start_next_buffer>
20000904:	e694      	b.n	20000630 <dcd_rp2040_irq+0x204>
20000906:	2300      	movs	r3, #0
20000908:	4812      	ldr	r0, [pc, #72]	@ (20000954 <dcd_rp2040_irq+0x528>)
2000090a:	f884 33bc 	strb.w	r3, [r4, #956]	@ 0x3bc
2000090e:	f000 f945 	bl	20000b9c <hw_endpoint_start_next_buffer>
20000912:	e786      	b.n	20000822 <dcd_rp2040_irq+0x3f6>
20000914:	4810      	ldr	r0, [pc, #64]	@ (20000958 <dcd_rp2040_irq+0x52c>)
20000916:	ea86 0105 	eor.w	r1, r6, r5
2000091a:	f000 fb69 	bl	20000ff0 <__panic_veneer>
2000091e:	bf00      	nop
20000920:	20001fc0 	.word	0x20001fc0
20000924:	20001f40 	.word	0x20001f40
20000928:	20001f80 	.word	0x20001f80
2000092c:	20001d40 	.word	0x20001d40
20000930:	20001d80 	.word	0x20001d80
20000934:	20001e40 	.word	0x20001e40
20000938:	20001e80 	.word	0x20001e80
2000093c:	20001ec0 	.word	0x20001ec0
20000940:	20001f00 	.word	0x20001f00
20000944:	20001dc0 	.word	0x20001dc0
20000948:	20001e00 	.word	0x20001e00
2000094c:	20001d00 	.word	0x20001d00
20000950:	20002000 	.word	0x20002000
20000954:	20002040 	.word	0x20002040
20000958:	10004da8 	.word	0x10004da8

2000095c <prepare_ep_buffer>:
2000095c:	e92d 47f0 	stmdb	sp!, {r4, r5, r6, r7, r8, r9, sl, lr}
20000960:	8a84      	ldrh	r4, [r0, #20]
20000962:	8b05      	ldrh	r5, [r0, #24]
20000964:	78c2      	ldrb	r2, [r0, #3]
20000966:	42a5      	cmp	r5, r4
20000968:	bf28      	it	cs
2000096a:	4625      	movcs	r5, r4
2000096c:	1e17      	subs	r7, r2, #0
2000096e:	bf18      	it	ne
20000970:	2701      	movne	r7, #1
20000972:	1b64      	subs	r4, r4, r5
20000974:	7846      	ldrb	r6, [r0, #1]
20000976:	f082 0201 	eor.w	r2, r2, #1
2000097a:	b2a4      	uxth	r4, r4
2000097c:	4603      	mov	r3, r0
2000097e:	70c2      	strb	r2, [r0, #3]
20000980:	8284      	strh	r4, [r0, #20]
20000982:	f445 6080 	orr.w	r0, r5, #1024	@ 0x400
20000986:	ea40 3047 	orr.w	r0, r0, r7, lsl #13
2000098a:	bba6      	cbnz	r6, 200009f6 <prepare_ep_buffer+0x9a>
2000098c:	e9d3 2603 	ldrd	r2, r6, [r3, #12]
20000990:	1e6f      	subs	r7, r5, #1
20000992:	eb02 1e81 	add.w	lr, r2, r1, lsl #6
20000996:	b355      	cbz	r5, 200009ee <prepare_ep_buffer+0x92>
20000998:	2f05      	cmp	r7, #5
2000099a:	bf98      	it	ls
2000099c:	1c72      	addls	r2, r6, #1
2000099e:	d931      	bls.n	20000a04 <prepare_ep_buffer+0xa8>
200009a0:	eb02 1c81 	add.w	ip, r2, r1, lsl #6
200009a4:	1c72      	adds	r2, r6, #1
200009a6:	ebac 0402 	sub.w	r4, ip, r2
200009aa:	2c02      	cmp	r4, #2
200009ac:	d92a      	bls.n	20000a04 <prepare_ep_buffer+0xa8>
200009ae:	4632      	mov	r2, r6
200009b0:	ea4f 0995 	mov.w	r9, r5, lsr #2
200009b4:	ea4f 0a89 	mov.w	sl, r9, lsl #2
200009b8:	eb06 0889 	add.w	r8, r6, r9, lsl #2
200009bc:	f852 4b04 	ldr.w	r4, [r2], #4
200009c0:	4542      	cmp	r2, r8
200009c2:	f84c 4b04 	str.w	r4, [ip], #4
200009c6:	d1f9      	bne.n	200009bc <prepare_ep_buffer+0x60>
200009c8:	4555      	cmp	r5, sl
200009ca:	eba7 070a 	sub.w	r7, r7, sl
200009ce:	eb0e 040a 	add.w	r4, lr, sl
200009d2:	d00a      	beq.n	200009ea <prepare_ep_buffer+0x8e>
200009d4:	f816 6029 	ldrb.w	r6, [r6, r9, lsl #2]
200009d8:	f80e 6029 	strb.w	r6, [lr, r9, lsl #2]
200009dc:	b12f      	cbz	r7, 200009ea <prepare_ep_buffer+0x8e>
200009de:	7856      	ldrb	r6, [r2, #1]
200009e0:	2f01      	cmp	r7, #1
200009e2:	7066      	strb	r6, [r4, #1]
200009e4:	d001      	beq.n	200009ea <prepare_ep_buffer+0x8e>
200009e6:	7892      	ldrb	r2, [r2, #2]
200009e8:	70a2      	strb	r2, [r4, #2]
200009ea:	691e      	ldr	r6, [r3, #16]
200009ec:	8a9c      	ldrh	r4, [r3, #20]
200009ee:	442e      	add	r6, r5
200009f0:	611e      	str	r6, [r3, #16]
200009f2:	f440 4000 	orr.w	r0, r0, #32768	@ 0x8000
200009f6:	b90c      	cbnz	r4, 200009fc <prepare_ep_buffer+0xa0>
200009f8:	f440 4080 	orr.w	r0, r0, #16384	@ 0x4000
200009fc:	b101      	cbz	r1, 20000a00 <prepare_ep_buffer+0xa4>
200009fe:	0400      	lsls	r0, r0, #16
20000a00:	e8bd 87f0 	ldmia.w	sp!, {r4, r5, r6, r7, r8, r9, sl, pc}
20000a04:	f10e 3eff 	add.w	lr, lr, #4294967295
20000a08:	442e      	add	r6, r5
20000a0a:	e000      	b.n	20000a0e <prepare_ep_buffer+0xb2>
20000a0c:	3201      	adds	r2, #1
20000a0e:	f812 4c01 	ldrb.w	r4, [r2, #-1]
20000a12:	42b2      	cmp	r2, r6
20000a14:	f80e 4f01 	strb.w	r4, [lr, #1]!
20000a18:	d1f8      	bne.n	20000a0c <prepare_ep_buffer+0xb0>
20000a1a:	e7e6      	b.n	200009ea <prepare_ep_buffer+0x8e>

20000a1c <sync_ep_buffer>:
20000a1c:	6883      	ldr	r3, [r0, #8]
20000a1e:	4602      	mov	r2, r0
20000a20:	6818      	ldr	r0, [r3, #0]
20000a22:	b101      	cbz	r1, 20000a26 <sync_ep_buffer+0xa>
20000a24:	0c00      	lsrs	r0, r0, #16
20000a26:	7853      	ldrb	r3, [r2, #1]
20000a28:	f3c0 0009 	ubfx	r0, r0, #0, #10
20000a2c:	2b00      	cmp	r3, #0
20000a2e:	d03c      	beq.n	20000aaa <sync_ep_buffer+0x8e>
20000a30:	e92d 41f0 	stmdb	sp!, {r4, r5, r6, r7, r8, lr}
20000a34:	e9d2 3403 	ldrd	r3, r4, [r2, #12]
20000a38:	1e46      	subs	r6, r0, #1
20000a3a:	eb03 1e81 	add.w	lr, r3, r1, lsl #6
20000a3e:	b340      	cbz	r0, 20000a92 <sync_ep_buffer+0x76>
20000a40:	2e05      	cmp	r6, #5
20000a42:	d93b      	bls.n	20000abc <sync_ep_buffer+0xa0>
20000a44:	0189      	lsls	r1, r1, #6
20000a46:	1c4d      	adds	r5, r1, #1
20000a48:	441d      	add	r5, r3
20000a4a:	1b65      	subs	r5, r4, r5
20000a4c:	2d02      	cmp	r5, #2
20000a4e:	d935      	bls.n	20000abc <sync_ep_buffer+0xa0>
20000a50:	4673      	mov	r3, lr
20000a52:	4621      	mov	r1, r4
20000a54:	f400 777f 	and.w	r7, r0, #1020	@ 0x3fc
20000a58:	ea4f 0890 	mov.w	r8, r0, lsr #2
20000a5c:	18fd      	adds	r5, r7, r3
20000a5e:	f853 cb04 	ldr.w	ip, [r3], #4
20000a62:	42ab      	cmp	r3, r5
20000a64:	f841 cb04 	str.w	ip, [r1], #4
20000a68:	d1f9      	bne.n	20000a5e <sync_ep_buffer+0x42>
20000a6a:	42b8      	cmp	r0, r7
20000a6c:	eba6 0607 	sub.w	r6, r6, r7
20000a70:	eb04 0307 	add.w	r3, r4, r7
20000a74:	eb0e 0107 	add.w	r1, lr, r7
20000a78:	d00a      	beq.n	20000a90 <sync_ep_buffer+0x74>
20000a7a:	f81e 5028 	ldrb.w	r5, [lr, r8, lsl #2]
20000a7e:	f804 5028 	strb.w	r5, [r4, r8, lsl #2]
20000a82:	b12e      	cbz	r6, 20000a90 <sync_ep_buffer+0x74>
20000a84:	784c      	ldrb	r4, [r1, #1]
20000a86:	2e01      	cmp	r6, #1
20000a88:	705c      	strb	r4, [r3, #1]
20000a8a:	d001      	beq.n	20000a90 <sync_ep_buffer+0x74>
20000a8c:	7889      	ldrb	r1, [r1, #2]
20000a8e:	7099      	strb	r1, [r3, #2]
20000a90:	6914      	ldr	r4, [r2, #16]
20000a92:	8ad3      	ldrh	r3, [r2, #22]
20000a94:	4404      	add	r4, r0
20000a96:	4403      	add	r3, r0
20000a98:	82d3      	strh	r3, [r2, #22]
20000a9a:	8b13      	ldrh	r3, [r2, #24]
20000a9c:	6114      	str	r4, [r2, #16]
20000a9e:	4283      	cmp	r3, r0
20000aa0:	bf84      	itt	hi
20000aa2:	2300      	movhi	r3, #0
20000aa4:	8293      	strhhi	r3, [r2, #20]
20000aa6:	e8bd 81f0 	ldmia.w	sp!, {r4, r5, r6, r7, r8, pc}
20000aaa:	8ad3      	ldrh	r3, [r2, #22]
20000aac:	4403      	add	r3, r0
20000aae:	82d3      	strh	r3, [r2, #22]
20000ab0:	8b13      	ldrh	r3, [r2, #24]
20000ab2:	4283      	cmp	r3, r0
20000ab4:	bf84      	itt	hi
20000ab6:	2300      	movhi	r3, #0
20000ab8:	8293      	strhhi	r3, [r2, #20]
20000aba:	4770      	bx	lr
20000abc:	3c01      	subs	r4, #1
20000abe:	eb0e 0100 	add.w	r1, lr, r0
20000ac2:	f81e 3b01 	ldrb.w	r3, [lr], #1
20000ac6:	4571      	cmp	r1, lr
20000ac8:	f804 3f01 	strb.w	r3, [r4, #1]!
20000acc:	d1f9      	bne.n	20000ac2 <sync_ep_buffer+0xa6>
20000ace:	e7df      	b.n	20000a90 <sync_ep_buffer+0x74>

20000ad0 <_hw_endpoint_xfer_sync>:
20000ad0:	b510      	push	{r4, lr}
20000ad2:	4604      	mov	r4, r0
20000ad4:	6883      	ldr	r3, [r0, #8]
20000ad6:	2100      	movs	r1, #0
20000ad8:	681b      	ldr	r3, [r3, #0]
20000ada:	f7ff ff9f 	bl	20000a1c <sync_ep_buffer>
20000ade:	6863      	ldr	r3, [r4, #4]
20000ae0:	681b      	ldr	r3, [r3, #0]
20000ae2:	005b      	lsls	r3, r3, #1
20000ae4:	d502      	bpl.n	20000aec <_hw_endpoint_xfer_sync+0x1c>
20000ae6:	8b23      	ldrh	r3, [r4, #24]
20000ae8:	4283      	cmp	r3, r0
20000aea:	d000      	beq.n	20000aee <_hw_endpoint_xfer_sync+0x1e>
20000aec:	bd10      	pop	{r4, pc}
20000aee:	4620      	mov	r0, r4
20000af0:	e8bd 4010 	ldmia.w	sp!, {r4, lr}
20000af4:	2101      	movs	r1, #1
20000af6:	f7ff bf91 	b.w	20000a1c <sync_ep_buffer>
20000afa:	bf00      	nop

20000afc <e15_is_bulkin_ep>:
20000afc:	4b08      	ldr	r3, [pc, #32]	@ (20000b20 <e15_is_bulkin_ep+0x24>)
20000afe:	6c1b      	ldr	r3, [r3, #64]	@ 0x40
20000b00:	f013 0302 	ands.w	r3, r3, #2
20000b04:	d102      	bne.n	20000b0c <e15_is_bulkin_ep+0x10>
20000b06:	7882      	ldrb	r2, [r0, #2]
20000b08:	09d2      	lsrs	r2, r2, #7
20000b0a:	d101      	bne.n	20000b10 <e15_is_bulkin_ep+0x14>
20000b0c:	2000      	movs	r0, #0
20000b0e:	4770      	bx	lr
20000b10:	7ec0      	ldrb	r0, [r0, #27]
20000b12:	f1a0 0002 	sub.w	r0, r0, #2
20000b16:	fab0 f080 	clz	r0, r0
20000b1a:	0940      	lsrs	r0, r0, #5
20000b1c:	4770      	bx	lr
20000b1e:	bf00      	nop
20000b20:	50110000 	.word	0x50110000

20000b24 <e15_is_critical_frame_period>:
20000b24:	b508      	push	{r3, lr}
20000b26:	f7ff ffe9 	bl	20000afc <e15_is_bulkin_ep>
20000b2a:	b150      	cbz	r0, 20000b42 <e15_is_critical_frame_period+0x1e>
20000b2c:	4a05      	ldr	r2, [pc, #20]	@ (20000b44 <e15_is_critical_frame_period+0x20>)
20000b2e:	4b06      	ldr	r3, [pc, #24]	@ (20000b48 <e15_is_critical_frame_period+0x24>)
20000b30:	6a90      	ldr	r0, [r2, #40]	@ 0x28
20000b32:	681b      	ldr	r3, [r3, #0]
20000b34:	f5a0 7048 	sub.w	r0, r0, #800	@ 0x320
20000b38:	1ac0      	subs	r0, r0, r3
20000b3a:	28c6      	cmp	r0, #198	@ 0xc6
20000b3c:	bf8c      	ite	hi
20000b3e:	2000      	movhi	r0, #0
20000b40:	2001      	movls	r0, #1
20000b42:	bd08      	pop	{r3, pc}
20000b44:	400b0000 	.word	0x400b0000
20000b48:	20001c90 	.word	0x20001c90

20000b4c <hw_endpoint_reset_transfer>:
20000b4c:	2300      	movs	r3, #0
20000b4e:	e9c0 3304 	strd	r3, r3, [r0, #16]
20000b52:	7683      	strb	r3, [r0, #26]
20000b54:	4770      	bx	lr
20000b56:	bf00      	nop

20000b58 <_hw_endpoint_buffer_control_update32>:
20000b58:	b510      	push	{r4, lr}
20000b5a:	6883      	ldr	r3, [r0, #8]
20000b5c:	b109      	cbz	r1, 20000b62 <_hw_endpoint_buffer_control_update32+0xa>
20000b5e:	681c      	ldr	r4, [r3, #0]
20000b60:	4021      	ands	r1, r4
20000b62:	b182      	cbz	r2, 20000b86 <_hw_endpoint_buffer_control_update32+0x2e>
20000b64:	4311      	orrs	r1, r2
20000b66:	0552      	lsls	r2, r2, #21
20000b68:	d50d      	bpl.n	20000b86 <_hw_endpoint_buffer_control_update32+0x2e>
20000b6a:	681a      	ldr	r2, [r3, #0]
20000b6c:	0554      	lsls	r4, r2, #21
20000b6e:	d40c      	bmi.n	20000b8a <_hw_endpoint_buffer_control_update32+0x32>
20000b70:	4a08      	ldr	r2, [pc, #32]	@ (20000b94 <_hw_endpoint_buffer_control_update32+0x3c>)
20000b72:	f421 6480 	bic.w	r4, r1, #1024	@ 0x400
20000b76:	601c      	str	r4, [r3, #0]
20000b78:	6c12      	ldr	r2, [r2, #64]	@ 0x40
20000b7a:	0792      	lsls	r2, r2, #30
20000b7c:	d403      	bmi.n	20000b86 <_hw_endpoint_buffer_control_update32+0x2e>
20000b7e:	230c      	movs	r3, #12
20000b80:	3b03      	subs	r3, #3
20000b82:	d2fd      	bcs.n	20000b80 <_hw_endpoint_buffer_control_update32+0x28>
20000b84:	6883      	ldr	r3, [r0, #8]
20000b86:	6019      	str	r1, [r3, #0]
20000b88:	bd10      	pop	{r4, pc}
20000b8a:	7881      	ldrb	r1, [r0, #2]
20000b8c:	4802      	ldr	r0, [pc, #8]	@ (20000b98 <_hw_endpoint_buffer_control_update32+0x40>)
20000b8e:	f000 fa2f 	bl	20000ff0 <__panic_veneer>
20000b92:	bf00      	nop
20000b94:	50110000 	.word	0x50110000
20000b98:	10004dbc 	.word	0x10004dbc

20000b9c <hw_endpoint_start_next_buffer>:
20000b9c:	b530      	push	{r4, r5, lr}
20000b9e:	6843      	ldr	r3, [r0, #4]
20000ba0:	2100      	movs	r1, #0
20000ba2:	b083      	sub	sp, #12
20000ba4:	4604      	mov	r4, r0
20000ba6:	681d      	ldr	r5, [r3, #0]
20000ba8:	f7ff fed8 	bl	2000095c <prepare_ep_buffer>
20000bac:	4b13      	ldr	r3, [pc, #76]	@ (20000bfc <hw_endpoint_start_next_buffer+0x60>)
20000bae:	f440 5280 	orr.w	r2, r0, #4096	@ 0x1000
20000bb2:	6c19      	ldr	r1, [r3, #64]	@ 0x40
20000bb4:	78a3      	ldrb	r3, [r4, #2]
20000bb6:	0789      	lsls	r1, r1, #30
20000bb8:	d50e      	bpl.n	20000bd8 <hw_endpoint_start_next_buffer+0x3c>
20000bba:	065b      	lsls	r3, r3, #25
20000bbc:	d00e      	beq.n	20000bdc <hw_endpoint_start_next_buffer+0x40>
20000bbe:	f025 45a0 	bic.w	r5, r5, #1342177280	@ 0x50000000
20000bc2:	f045 5500 	orr.w	r5, r5, #536870912	@ 0x20000000
20000bc6:	2100      	movs	r1, #0
20000bc8:	4620      	mov	r0, r4
20000bca:	6863      	ldr	r3, [r4, #4]
20000bcc:	601d      	str	r5, [r3, #0]
20000bce:	b003      	add	sp, #12
20000bd0:	e8bd 4030 	ldmia.w	sp!, {r4, r5, lr}
20000bd4:	f7ff bfc0 	b.w	20000b58 <_hw_endpoint_buffer_control_update32>
20000bd8:	09db      	lsrs	r3, r3, #7
20000bda:	d0f0      	beq.n	20000bbe <hw_endpoint_start_next_buffer+0x22>
20000bdc:	8aa3      	ldrh	r3, [r4, #20]
20000bde:	2b00      	cmp	r3, #0
20000be0:	d0ed      	beq.n	20000bbe <hw_endpoint_start_next_buffer+0x22>
20000be2:	2101      	movs	r1, #1
20000be4:	4620      	mov	r0, r4
20000be6:	9201      	str	r2, [sp, #4]
20000be8:	f7ff feb8 	bl	2000095c <prepare_ep_buffer>
20000bec:	9a01      	ldr	r2, [sp, #4]
20000bee:	f025 5500 	bic.w	r5, r5, #536870912	@ 0x20000000
20000bf2:	4302      	orrs	r2, r0
20000bf4:	f045 45a0 	orr.w	r5, r5, #1342177280	@ 0x50000000
20000bf8:	e7e5      	b.n	20000bc6 <hw_endpoint_start_next_buffer+0x2a>
20000bfa:	bf00      	nop
20000bfc:	50110000 	.word	0x50110000

20000c00 <hw_endpoint_xfer_continue>:
20000c00:	b538      	push	{r3, r4, r5, lr}
20000c02:	7e85      	ldrb	r5, [r0, #26]
20000c04:	4604      	mov	r4, r0
20000c06:	b195      	cbz	r5, 20000c2e <hw_endpoint_xfer_continue+0x2e>
20000c08:	f7ff ff62 	bl	20000ad0 <_hw_endpoint_xfer_sync>
20000c0c:	8aa3      	ldrh	r3, [r4, #20]
20000c0e:	b90b      	cbnz	r3, 20000c14 <hw_endpoint_xfer_continue+0x14>
20000c10:	4628      	mov	r0, r5
20000c12:	bd38      	pop	{r3, r4, r5, pc}
20000c14:	4620      	mov	r0, r4
20000c16:	f7ff ff85 	bl	20000b24 <e15_is_critical_frame_period>
20000c1a:	b120      	cbz	r0, 20000c26 <hw_endpoint_xfer_continue+0x26>
20000c1c:	2301      	movs	r3, #1
20000c1e:	7723      	strb	r3, [r4, #28]
20000c20:	2500      	movs	r5, #0
20000c22:	4628      	mov	r0, r5
20000c24:	bd38      	pop	{r3, r4, r5, pc}
20000c26:	4620      	mov	r0, r4
20000c28:	f7ff ffb8 	bl	20000b9c <hw_endpoint_start_next_buffer>
20000c2c:	e7f8      	b.n	20000c20 <hw_endpoint_xfer_continue+0x20>
20000c2e:	7881      	ldrb	r1, [r0, #2]
20000c30:	4801      	ldr	r0, [pc, #4]	@ (20000c38 <hw_endpoint_xfer_continue+0x38>)
20000c32:	f000 f9dd 	bl	20000ff0 <__panic_veneer>
20000c36:	bf00      	nop
20000c38:	10004ddc 	.word	0x10004ddc

20000c3c <dcd_event_handler>:
20000c3c:	e92d 43f0 	stmdb	sp!, {r4, r5, r6, r7, r8, r9, lr}
20000c40:	7843      	ldrb	r3, [r0, #1]
20000c42:	4604      	mov	r4, r0
20000c44:	3b02      	subs	r3, #2
20000c46:	460d      	mov	r5, r1
20000c48:	b085      	sub	sp, #20
20000c4a:	2b04      	cmp	r3, #4
20000c4c:	d813      	bhi.n	20000c76 <dcd_event_handler+0x3a>
20000c4e:	e8df f003 	tbb	[pc, r3]
20000c52:	4803      	.short	0x4803
20000c54:	7067      	.short	0x7067
20000c56:	42          	.byte	0x42
20000c57:	00          	.byte	0x00
20000c58:	2100      	movs	r1, #0
20000c5a:	4b78      	ldr	r3, [pc, #480]	@ (20000e3c <dcd_event_handler+0x200>)
20000c5c:	781a      	ldrb	r2, [r3, #0]
20000c5e:	f022 0201 	bic.w	r2, r2, #1
20000c62:	701a      	strb	r2, [r3, #0]
20000c64:	781a      	ldrb	r2, [r3, #0]
20000c66:	f022 0202 	bic.w	r2, r2, #2
20000c6a:	701a      	strb	r2, [r3, #0]
20000c6c:	7059      	strb	r1, [r3, #1]
20000c6e:	781a      	ldrb	r2, [r3, #0]
20000c70:	f361 0282 	bfi	r2, r1, #2, #1
20000c74:	701a      	strb	r2, [r3, #0]
20000c76:	4b72      	ldr	r3, [pc, #456]	@ (20000e40 <dcd_event_handler+0x204>)
20000c78:	681e      	ldr	r6, [r3, #0]
20000c7a:	6973      	ldr	r3, [r6, #20]
20000c7c:	f3ef 8210 	mrs	r2, PRIMASK
20000c80:	b672      	cpsid	i
20000c82:	e8d3 0fcf 	ldaexb	r0, [r3]
20000c86:	2101      	movs	r1, #1
20000c88:	2800      	cmp	r0, #0
20000c8a:	d1fa      	bne.n	20000c82 <dcd_event_handler+0x46>
20000c8c:	e8c3 1f40 	strexb	r0, r1, [r3]
20000c90:	2800      	cmp	r0, #0
20000c92:	d1f6      	bne.n	20000c82 <dcd_event_handler+0x46>
20000c94:	f3bf 8f5f 	dmb	sy
20000c98:	61b2      	str	r2, [r6, #24]
20000c9a:	4621      	mov	r1, r4
20000c9c:	4630      	mov	r0, r6
20000c9e:	f000 f9a3 	bl	20000fe8 <__tu_fifo_write_veneer>
20000ca2:	2300      	movs	r3, #0
20000ca4:	6972      	ldr	r2, [r6, #20]
20000ca6:	e8c2 3f8f 	stlb	r3, [r2]
20000caa:	69b3      	ldr	r3, [r6, #24]
20000cac:	f383 8810 	msr	PRIMASK, r3
20000cb0:	b948      	cbnz	r0, 20000cc6 <dcd_event_handler+0x8a>
20000cb2:	f04f 23e0 	mov.w	r3, #3758153728	@ 0xe000e000
20000cb6:	f8d3 3df0 	ldr.w	r3, [r3, #3568]	@ 0xdf0
20000cba:	07db      	lsls	r3, r3, #31
20000cbc:	d508      	bpl.n	20000cd0 <dcd_event_handler+0x94>
20000cbe:	be00      	bkpt	0x0000
20000cc0:	b005      	add	sp, #20
20000cc2:	e8bd 83f0 	ldmia.w	sp!, {r4, r5, r6, r7, r8, r9, pc}
20000cc6:	462a      	mov	r2, r5
20000cc8:	7861      	ldrb	r1, [r4, #1]
20000cca:	7820      	ldrb	r0, [r4, #0]
20000ccc:	f000 f998 	bl	20001000 <__tud_event_hook_cb_veneer>
20000cd0:	b005      	add	sp, #20
20000cd2:	e8bd 83f0 	ldmia.w	sp!, {r4, r5, r6, r7, r8, r9, pc}
20000cd6:	4a5b      	ldr	r2, [pc, #364]	@ (20000e44 <dcd_event_handler+0x208>)
20000cd8:	7813      	ldrb	r3, [r2, #0]
20000cda:	3301      	adds	r3, #1
20000cdc:	b2db      	uxtb	r3, r3
20000cde:	7013      	strb	r3, [r2, #0]
20000ce0:	e7c9      	b.n	20000c76 <dcd_event_handler+0x3a>
20000ce2:	f04f 0900 	mov.w	r9, #0
20000ce6:	4e58      	ldr	r6, [pc, #352]	@ (20000e48 <dcd_event_handler+0x20c>)
20000ce8:	464b      	mov	r3, r9
20000cea:	7831      	ldrb	r1, [r6, #0]
20000cec:	f8df 8160 	ldr.w	r8, [pc, #352]	@ 20000e50 <dcd_event_handler+0x214>
20000cf0:	4f56      	ldr	r7, [pc, #344]	@ (20000e4c <dcd_event_handler+0x210>)
20000cf2:	e00f      	b.n	20000d14 <dcd_event_handler+0xd8>
20000cf4:	683a      	ldr	r2, [r7, #0]
20000cf6:	eb12 1343 	adds.w	r3, r2, r3, lsl #5
20000cfa:	d005      	beq.n	20000d08 <dcd_event_handler+0xcc>
20000cfc:	69db      	ldr	r3, [r3, #28]
20000cfe:	b11b      	cbz	r3, 20000d08 <dcd_event_handler+0xcc>
20000d00:	6861      	ldr	r1, [r4, #4]
20000d02:	7820      	ldrb	r0, [r4, #0]
20000d04:	4798      	blx	r3
20000d06:	7831      	ldrb	r1, [r6, #0]
20000d08:	f109 0901 	add.w	r9, r9, #1
20000d0c:	fa5f f389 	uxtb.w	r3, r9
20000d10:	428b      	cmp	r3, r1
20000d12:	d817      	bhi.n	20000d44 <dcd_event_handler+0x108>
20000d14:	4299      	cmp	r1, r3
20000d16:	d8ed      	bhi.n	20000cf4 <dcd_event_handler+0xb8>
20000d18:	1a5b      	subs	r3, r3, r1
20000d1a:	eb08 1343 	add.w	r3, r8, r3, lsl #5
20000d1e:	e7ed      	b.n	20000cfc <dcd_event_handler+0xc0>
20000d20:	4b46      	ldr	r3, [pc, #280]	@ (20000e3c <dcd_event_handler+0x200>)
20000d22:	781a      	ldrb	r2, [r3, #0]
20000d24:	07d7      	lsls	r7, r2, #31
20000d26:	d5d3      	bpl.n	20000cd0 <dcd_event_handler+0x94>
20000d28:	781a      	ldrb	r2, [r3, #0]
20000d2a:	f042 0204 	orr.w	r2, r2, #4
20000d2e:	701a      	strb	r2, [r3, #0]
20000d30:	e7a1      	b.n	20000c76 <dcd_event_handler+0x3a>
20000d32:	4b42      	ldr	r3, [pc, #264]	@ (20000e3c <dcd_event_handler+0x200>)
20000d34:	781a      	ldrb	r2, [r3, #0]
20000d36:	07d6      	lsls	r6, r2, #31
20000d38:	d5ca      	bpl.n	20000cd0 <dcd_event_handler+0x94>
20000d3a:	781a      	ldrb	r2, [r3, #0]
20000d3c:	f022 0204 	bic.w	r2, r2, #4
20000d40:	701a      	strb	r2, [r3, #0]
20000d42:	e798      	b.n	20000c76 <dcd_event_handler+0x3a>
20000d44:	4e3d      	ldr	r6, [pc, #244]	@ (20000e3c <dcd_event_handler+0x200>)
20000d46:	7833      	ldrb	r3, [r6, #0]
20000d48:	0758      	lsls	r0, r3, #29
20000d4a:	d437      	bmi.n	20000dbc <dcd_event_handler+0x180>
20000d4c:	78f3      	ldrb	r3, [r6, #3]
20000d4e:	07da      	lsls	r2, r3, #31
20000d50:	d5be      	bpl.n	20000cd0 <dcd_event_handler+0x94>
20000d52:	2303      	movs	r3, #3
20000d54:	2700      	movs	r7, #0
20000d56:	4a3a      	ldr	r2, [pc, #232]	@ (20000e40 <dcd_event_handler+0x204>)
20000d58:	7821      	ldrb	r1, [r4, #0]
20000d5a:	6816      	ldr	r6, [r2, #0]
20000d5c:	6862      	ldr	r2, [r4, #4]
20000d5e:	f88d 1004 	strb.w	r1, [sp, #4]
20000d62:	f88d 3005 	strb.w	r3, [sp, #5]
20000d66:	6973      	ldr	r3, [r6, #20]
20000d68:	f8cd 7006 	str.w	r7, [sp, #6]
20000d6c:	f8cd 700a 	str.w	r7, [sp, #10]
20000d70:	f8ad 700e 	strh.w	r7, [sp, #14]
20000d74:	9202      	str	r2, [sp, #8]
20000d76:	f3ef 8210 	mrs	r2, PRIMASK
20000d7a:	b672      	cpsid	i
20000d7c:	e8d3 0fcf 	ldaexb	r0, [r3]
20000d80:	2101      	movs	r1, #1
20000d82:	2800      	cmp	r0, #0
20000d84:	d1fa      	bne.n	20000d7c <dcd_event_handler+0x140>
20000d86:	e8c3 1f40 	strexb	r0, r1, [r3]
20000d8a:	2800      	cmp	r0, #0
20000d8c:	d1f6      	bne.n	20000d7c <dcd_event_handler+0x140>
20000d8e:	f3bf 8f5f 	dmb	sy
20000d92:	4630      	mov	r0, r6
20000d94:	61b2      	str	r2, [r6, #24]
20000d96:	a901      	add	r1, sp, #4
20000d98:	f000 f926 	bl	20000fe8 <__tu_fifo_write_veneer>
20000d9c:	6973      	ldr	r3, [r6, #20]
20000d9e:	e8c3 7f8f 	stlb	r7, [r3]
20000da2:	69b3      	ldr	r3, [r6, #24]
20000da4:	f383 8810 	msr	PRIMASK, r3
20000da8:	2800      	cmp	r0, #0
20000daa:	d082      	beq.n	20000cb2 <dcd_event_handler+0x76>
20000dac:	462a      	mov	r2, r5
20000dae:	f89d 1005 	ldrb.w	r1, [sp, #5]
20000db2:	f89d 0004 	ldrb.w	r0, [sp, #4]
20000db6:	f000 f923 	bl	20001000 <__tud_event_hook_cb_veneer>
20000dba:	e789      	b.n	20000cd0 <dcd_event_handler+0x94>
20000dbc:	7833      	ldrb	r3, [r6, #0]
20000dbe:	f04f 0800 	mov.w	r8, #0
20000dc2:	f023 0304 	bic.w	r3, r3, #4
20000dc6:	7033      	strb	r3, [r6, #0]
20000dc8:	2305      	movs	r3, #5
20000dca:	4a1d      	ldr	r2, [pc, #116]	@ (20000e40 <dcd_event_handler+0x204>)
20000dcc:	f88d 3005 	strb.w	r3, [sp, #5]
20000dd0:	6817      	ldr	r7, [r2, #0]
20000dd2:	7822      	ldrb	r2, [r4, #0]
20000dd4:	f8ad 800e 	strh.w	r8, [sp, #14]
20000dd8:	f88d 2004 	strb.w	r2, [sp, #4]
20000ddc:	697b      	ldr	r3, [r7, #20]
20000dde:	f8cd 8006 	str.w	r8, [sp, #6]
20000de2:	f8cd 800a 	str.w	r8, [sp, #10]
20000de6:	f3ef 8210 	mrs	r2, PRIMASK
20000dea:	b672      	cpsid	i
20000dec:	e8d3 0fcf 	ldaexb	r0, [r3]
20000df0:	2101      	movs	r1, #1
20000df2:	2800      	cmp	r0, #0
20000df4:	d1fa      	bne.n	20000dec <dcd_event_handler+0x1b0>
20000df6:	e8c3 1f40 	strexb	r0, r1, [r3]
20000dfa:	2800      	cmp	r0, #0
20000dfc:	d1f6      	bne.n	20000dec <dcd_event_handler+0x1b0>
20000dfe:	f3bf 8f5f 	dmb	sy
20000e02:	4638      	mov	r0, r7
20000e04:	61ba      	str	r2, [r7, #24]
20000e06:	a901      	add	r1, sp, #4
20000e08:	f000 f8ee 	bl	20000fe8 <__tu_fifo_write_veneer>
20000e0c:	697b      	ldr	r3, [r7, #20]
20000e0e:	e8c3 8f8f 	stlb	r8, [r3]
20000e12:	69bb      	ldr	r3, [r7, #24]
20000e14:	f383 8810 	msr	PRIMASK, r3
20000e18:	b938      	cbnz	r0, 20000e2a <dcd_event_handler+0x1ee>
20000e1a:	f04f 23e0 	mov.w	r3, #3758153728	@ 0xe000e000
20000e1e:	f8d3 3df0 	ldr.w	r3, [r3, #3568]	@ 0xdf0
20000e22:	07d9      	lsls	r1, r3, #31
20000e24:	d592      	bpl.n	20000d4c <dcd_event_handler+0x110>
20000e26:	be00      	bkpt	0x0000
20000e28:	e790      	b.n	20000d4c <dcd_event_handler+0x110>
20000e2a:	462a      	mov	r2, r5
20000e2c:	f89d 1005 	ldrb.w	r1, [sp, #5]
20000e30:	f89d 0004 	ldrb.w	r0, [sp, #4]
20000e34:	f000 f8e4 	bl	20001000 <__tud_event_hook_cb_veneer>
20000e38:	e788      	b.n	20000d4c <dcd_event_handler+0x110>
20000e3a:	bf00      	nop
20000e3c:	20001b00 	.word	0x20001b00
20000e40:	20001b58 	.word	0x20001b58
20000e44:	2000210f 	.word	0x2000210f
20000e48:	2000210d 	.word	0x2000210d
20000e4c:	20001930 	.word	0x20001930
20000e50:	10004fd4 	.word	0x10004fd4

20000e54 <memset>:
20000e54:	0783      	lsls	r3, r0, #30
20000e56:	b530      	push	{r4, r5, lr}
20000e58:	d046      	beq.n	20000ee8 <memset+0x94>
20000e5a:	1884      	adds	r4, r0, r2
20000e5c:	4684      	mov	ip, r0
20000e5e:	e004      	b.n	20000e6a <memset+0x16>
20000e60:	f803 1b01 	strb.w	r1, [r3], #1
20000e64:	079d      	lsls	r5, r3, #30
20000e66:	d004      	beq.n	20000e72 <memset+0x1e>
20000e68:	469c      	mov	ip, r3
20000e6a:	45a4      	cmp	ip, r4
20000e6c:	4663      	mov	r3, ip
20000e6e:	d1f7      	bne.n	20000e60 <memset+0xc>
20000e70:	bd30      	pop	{r4, r5, pc}
20000e72:	3a01      	subs	r2, #1
20000e74:	4402      	add	r2, r0
20000e76:	eba2 020c 	sub.w	r2, r2, ip
20000e7a:	2a03      	cmp	r2, #3
20000e7c:	d929      	bls.n	20000ed2 <memset+0x7e>
20000e7e:	b2cc      	uxtb	r4, r1
20000e80:	2a0f      	cmp	r2, #15
20000e82:	eb04 2404 	add.w	r4, r4, r4, lsl #8
20000e86:	eb04 4404 	add.w	r4, r4, r4, lsl #16
20000e8a:	d92f      	bls.n	20000eec <memset+0x98>
20000e8c:	f1a2 0c10 	sub.w	ip, r2, #16
20000e90:	f103 0510 	add.w	r5, r3, #16
20000e94:	f02c 0c0f 	bic.w	ip, ip, #15
20000e98:	44ac      	add	ip, r5
20000e9a:	e9c3 4400 	strd	r4, r4, [r3]
20000e9e:	e9c3 4402 	strd	r4, r4, [r3, #8]
20000ea2:	3310      	adds	r3, #16
20000ea4:	4563      	cmp	r3, ip
20000ea6:	d1f8      	bne.n	20000e9a <memset+0x46>
20000ea8:	f012 0f0c 	tst.w	r2, #12
20000eac:	f002 0e0f 	and.w	lr, r2, #15
20000eb0:	d018      	beq.n	20000ee4 <memset+0x90>
20000eb2:	f02e 0c03 	bic.w	ip, lr, #3
20000eb6:	f1ae 0504 	sub.w	r5, lr, #4
20000eba:	461a      	mov	r2, r3
20000ebc:	449c      	add	ip, r3
20000ebe:	f842 4b04 	str.w	r4, [r2], #4
20000ec2:	4562      	cmp	r2, ip
20000ec4:	d1fb      	bne.n	20000ebe <memset+0x6a>
20000ec6:	f025 0403 	bic.w	r4, r5, #3
20000eca:	3304      	adds	r3, #4
20000ecc:	f00e 0203 	and.w	r2, lr, #3
20000ed0:	4423      	add	r3, r4
20000ed2:	2a00      	cmp	r2, #0
20000ed4:	d0cc      	beq.n	20000e70 <memset+0x1c>
20000ed6:	b2c9      	uxtb	r1, r1
20000ed8:	441a      	add	r2, r3
20000eda:	f803 1b01 	strb.w	r1, [r3], #1
20000ede:	4293      	cmp	r3, r2
20000ee0:	d1fb      	bne.n	20000eda <memset+0x86>
20000ee2:	bd30      	pop	{r4, r5, pc}
20000ee4:	4672      	mov	r2, lr
20000ee6:	e7f4      	b.n	20000ed2 <memset+0x7e>
20000ee8:	4603      	mov	r3, r0
20000eea:	e7c6      	b.n	20000e7a <memset+0x26>
20000eec:	4696      	mov	lr, r2
20000eee:	e7e0      	b.n	20000eb2 <memset+0x5e>

20000ef0 <memcpy>:
20000ef0:	4684      	mov	ip, r0
20000ef2:	ea41 0300 	orr.w	r3, r1, r0
20000ef6:	f013 0303 	ands.w	r3, r3, #3
20000efa:	d149      	bne.n	20000f90 <memcpy+0xa0>
20000efc:	3a40      	subs	r2, #64	@ 0x40
20000efe:	d323      	bcc.n	20000f48 <memcpy+0x58>
20000f00:	680b      	ldr	r3, [r1, #0]
20000f02:	6003      	str	r3, [r0, #0]
20000f04:	684b      	ldr	r3, [r1, #4]
20000f06:	6043      	str	r3, [r0, #4]
20000f08:	688b      	ldr	r3, [r1, #8]
20000f0a:	6083      	str	r3, [r0, #8]
20000f0c:	68cb      	ldr	r3, [r1, #12]
20000f0e:	60c3      	str	r3, [r0, #12]
20000f10:	690b      	ldr	r3, [r1, #16]
20000f12:	6103      	str	r3, [r0, #16]
20000f14:	694b      	ldr	r3, [r1, #20]
20000f16:	6143      	str	r3, [r0, #20]
20000f18:	698b      	ldr	r3, [r1, #24]
20000f1a:	6183      	str	r3, [r0, #24]
20000f1c:	69cb      	ldr	r3, [r1, #28]
20000f1e:	61c3      	str	r3, [r0, #28]
20000f20:	6a0b      	ldr	r3, [r1, #32]
20000f22:	6203      	str	r3, [r0, #32]
20000f24:	6a4b      	ldr	r3, [r1, #36]	@ 0x24
20000f26:	6243      	str	r3, [r0, #36]	@ 0x24
20000f28:	6a8b      	ldr	r3, [r1, #40]	@ 0x28
20000f2a:	6283      	str	r3, [r0, #40]	@ 0x28
20000f2c:	6acb      	ldr	r3, [r1, #44]	@ 0x2c
20000f2e:	62c3      	str	r3, [r0, #44]	@ 0x2c
20000f30:	6b0b      	ldr	r3, [r1, #48]	@ 0x30
20000f32:	6303      	str	r3, [r0, #48]	@ 0x30
20000f34:	6b4b      	ldr	r3, [r1, #52]	@ 0x34
20000f36:	6343      	str	r3, [r0, #52]	@ 0x34
20000f38:	6b8b      	ldr	r3, [r1, #56]	@ 0x38
20000f3a:	6383      	str	r3, [r0, #56]	@ 0x38
20000f3c:	6bcb      	ldr	r3, [r1, #60]	@ 0x3c
20000f3e:	63c3      	str	r3, [r0, #60]	@ 0x3c
20000f40:	3040      	adds	r0, #64	@ 0x40
20000f42:	3140      	adds	r1, #64	@ 0x40
20000f44:	3a40      	subs	r2, #64	@ 0x40
20000f46:	d2db      	bcs.n	20000f00 <memcpy+0x10>
20000f48:	3230      	adds	r2, #48	@ 0x30
20000f4a:	d30b      	bcc.n	20000f64 <memcpy+0x74>
20000f4c:	680b      	ldr	r3, [r1, #0]
20000f4e:	6003      	str	r3, [r0, #0]
20000f50:	684b      	ldr	r3, [r1, #4]
20000f52:	6043      	str	r3, [r0, #4]
20000f54:	688b      	ldr	r3, [r1, #8]
20000f56:	6083      	str	r3, [r0, #8]
20000f58:	68cb      	ldr	r3, [r1, #12]
20000f5a:	60c3      	str	r3, [r0, #12]
20000f5c:	3010      	adds	r0, #16
20000f5e:	3110      	adds	r1, #16
20000f60:	3a10      	subs	r2, #16
20000f62:	d2f3      	bcs.n	20000f4c <memcpy+0x5c>
20000f64:	320c      	adds	r2, #12
20000f66:	d305      	bcc.n	20000f74 <memcpy+0x84>
20000f68:	f851 3b04 	ldr.w	r3, [r1], #4
20000f6c:	f840 3b04 	str.w	r3, [r0], #4
20000f70:	3a04      	subs	r2, #4
20000f72:	d2f9      	bcs.n	20000f68 <memcpy+0x78>
20000f74:	3204      	adds	r2, #4
20000f76:	d008      	beq.n	20000f8a <memcpy+0x9a>
20000f78:	07d2      	lsls	r2, r2, #31
20000f7a:	bf1c      	itt	ne
20000f7c:	f811 3b01 	ldrbne.w	r3, [r1], #1
20000f80:	f800 3b01 	strbne.w	r3, [r0], #1
20000f84:	d301      	bcc.n	20000f8a <memcpy+0x9a>
20000f86:	880b      	ldrh	r3, [r1, #0]
20000f88:	8003      	strh	r3, [r0, #0]
20000f8a:	4660      	mov	r0, ip
20000f8c:	4770      	bx	lr
20000f8e:	bf00      	nop
20000f90:	2a08      	cmp	r2, #8
20000f92:	d313      	bcc.n	20000fbc <memcpy+0xcc>
20000f94:	078b      	lsls	r3, r1, #30
20000f96:	d0b1      	beq.n	20000efc <memcpy+0xc>
20000f98:	f010 0303 	ands.w	r3, r0, #3
20000f9c:	d0ae      	beq.n	20000efc <memcpy+0xc>
20000f9e:	f1c3 0304 	rsb	r3, r3, #4
20000fa2:	1ad2      	subs	r2, r2, r3
20000fa4:	07db      	lsls	r3, r3, #31
20000fa6:	bf1c      	itt	ne
20000fa8:	f811 3b01 	ldrbne.w	r3, [r1], #1
20000fac:	f800 3b01 	strbne.w	r3, [r0], #1
20000fb0:	d3a4      	bcc.n	20000efc <memcpy+0xc>
20000fb2:	f831 3b02 	ldrh.w	r3, [r1], #2
20000fb6:	f820 3b02 	strh.w	r3, [r0], #2
20000fba:	e79f      	b.n	20000efc <memcpy+0xc>
20000fbc:	3a04      	subs	r2, #4
20000fbe:	d3d9      	bcc.n	20000f74 <memcpy+0x84>
20000fc0:	3a01      	subs	r2, #1
20000fc2:	f811 3b01 	ldrb.w	r3, [r1], #1
20000fc6:	f800 3b01 	strb.w	r3, [r0], #1
20000fca:	d2f9      	bcs.n	20000fc0 <memcpy+0xd0>
20000fcc:	780b      	ldrb	r3, [r1, #0]
20000fce:	7003      	strb	r3, [r0, #0]
20000fd0:	784b      	ldrb	r3, [r1, #1]
20000fd2:	7043      	strb	r3, [r0, #1]
20000fd4:	788b      	ldrb	r3, [r1, #2]
20000fd6:	7083      	strb	r3, [r0, #2]
20000fd8:	4660      	mov	r0, ip
20000fda:	4770      	bx	lr
20000fdc:	0000      	movs	r0, r0
	...

20000fe0 <__time_us_64_veneer>:
20000fe0:	f85f f000 	ldr.w	pc, [pc]	@ 20000fe4 <__time_us_64_veneer+0x4>
20000fe4:	10001195 	.word	0x10001195

20000fe8 <__tu_fifo_write_veneer>:
20000fe8:	f85f f000 	ldr.w	pc, [pc]	@ 20000fec <__tu_fifo_write_veneer+0x4>
20000fec:	10003d2d 	.word	0x10003d2d

20000ff0 <__panic_veneer>:
20000ff0:	f85f f000 	ldr.w	pc, [pc]	@ 20000ff4 <__panic_veneer+0x4>
20000ff4:	100003f5 	.word	0x100003f5

20000ff8 <__best_effort_wfe_or_timeout_veneer>:
20000ff8:	f85f f000 	ldr.w	pc, [pc]	@ 20000ffc <__best_effort_wfe_or_timeout_veneer+0x4>
20000ffc:	10001079 	.word	0x10001079

20001000 <__tud_event_hook_cb_veneer>:
20001000:	f85f f000 	ldr.w	pc, [pc]	@ 20001004 <__tud_event_hook_cb_veneer+0x4>
20001004:	1000278d 	.word	0x1000278d

20001008 <striped_spin_lock_num>:
20001008:	00000010                                ....

2000100c <irq_handler_chain_slots>:
2000100c:	00000000 	.word	0x00000000
20001010:	00010000 	.word	0x00010000
	...
2000101c:	00020000 	.word	0x00020000
	...
20001028:	00030000 	.word	0x00030000
	...
20001034:	00040000 	.word	0x00040000
	...
20001040:	00050000 	.word	0x00050000
	...
2000104c:	00ff0000 	.word	0x00ff0000
20001050:	00000000 	.word	0x00000000

20001054 <irq_handler_chain_first_slot>:
20001054:	b501      	push	{r0, lr}
20001056:	6848      	ldr	r0, [r1, #4]
20001058:	3101      	adds	r1, #1
2000105a:	468e      	mov	lr, r1
2000105c:	4700      	bx	r0

2000105e <irq_handler_chain_remove_tail>:
2000105e:	4670      	mov	r0, lr
20001060:	3809      	subs	r0, #9
20001062:	4901      	ldr	r1, [pc, #4]	@ (20001068 <irq_handler_chain_remove_tail+0xa>)
20001064:	4788      	blx	r1
20001066:	bd01      	pop	{r0, pc}
20001068:	10000871 	.word	0x10000871
2000106c:	00000000 	.word	0x00000000

20001070 <last_added.0>:
20001070:	ffffffff 7fffffff                       ........

20001078 <default_alarm_pool>:
	...
2000108c:	20001630                                0.. 

20001090 <stdio_usb>:
20001090:	10001e61 10001e0d 10001d85 10001cf5     a...............
200010a0:	00000000 00000100                       ........

200010a8 <_usbd_qdef>:
200010a8:	20001b5c 000c0010 00000000 00000000     \.. ............
	...

200010c4 <_usbd_rhport>:
200010c4:	000000ff                                ....

200010c8 <__malloc_sbrk_base>:
200010c8:	ffffffff                                ....

200010cc <__malloc_trim_threshold>:
200010cc:	00020000                                ....

200010d0 <__malloc_av_>:
	...
200010d8:	200010d0 200010d0 200010d8 200010d8     ... ... ... ... 
200010e8:	200010e0 200010e0 200010e8 200010e8     ... ... ... ... 
200010f8:	200010f0 200010f0 200010f8 200010f8     ... ... ... ... 
20001108:	20001100 20001100 20001108 20001108     ... ... ... ... 
20001118:	20001110 20001110 20001118 20001118     ... ... ... ... 
20001128:	20001120 20001120 20001128 20001128      ..  .. (.. (.. 
20001138:	20001130 20001130 20001138 20001138     0.. 0.. 8.. 8.. 
20001148:	20001140 20001140 20001148 20001148     @.. @.. H.. H.. 
20001158:	20001150 20001150 20001158 20001158     P.. P.. X.. X.. 
20001168:	20001160 20001160 20001168 20001168     `.. `.. h.. h.. 
20001178:	20001170 20001170 20001178 20001178     p.. p.. x.. x.. 
20001188:	20001180 20001180 20001188 20001188     ... ... ... ... 
20001198:	20001190 20001190 20001198 20001198     ... ... ... ... 
200011a8:	200011a0 200011a0 200011a8 200011a8     ... ... ... ... 
200011b8:	200011b0 200011b0 200011b8 200011b8     ... ... ... ... 
200011c8:	200011c0 200011c0 200011c8 200011c8     ... ... ... ... 
200011d8:	200011d0 200011d0 200011d8 200011d8     ... ... ... ... 
200011e8:	200011e0 200011e0 200011e8 200011e8     ... ... ... ... 
200011f8:	200011f0 200011f0 200011f8 200011f8     ... ... ... ... 
20001208:	20001200 20001200 20001208 20001208     ... ... ... ... 
20001218:	20001210 20001210 20001218 20001218     ... ... ... ... 
20001228:	20001220 20001220 20001228 20001228      ..  .. (.. (.. 
20001238:	20001230 20001230 20001238 20001238     0.. 0.. 8.. 8.. 
20001248:	20001240 20001240 20001248 20001248     @.. @.. H.. H.. 
20001258:	20001250 20001250 20001258 20001258     P.. P.. X.. X.. 
20001268:	20001260 20001260 20001268 20001268     `.. `.. h.. h.. 
20001278:	20001270 20001270 20001278 20001278     p.. p.. x.. x.. 
20001288:	20001280 20001280 20001288 20001288     ... ... ... ... 
20001298:	20001290 20001290 20001298 20001298     ... ... ... ... 
200012a8:	200012a0 200012a0 200012a8 200012a8     ... ... ... ... 
200012b8:	200012b0 200012b0 200012b8 200012b8     ... ... ... ... 
200012c8:	200012c0 200012c0 200012c8 200012c8     ... ... ... ... 
200012d8:	200012d0 200012d0 200012d8 200012d8     ... ... ... ... 
200012e8:	200012e0 200012e0 200012e8 200012e8     ... ... ... ... 
200012f8:	200012f0 200012f0 200012f8 200012f8     ... ... ... ... 
20001308:	20001300 20001300 20001308 20001308     ... ... ... ... 
20001318:	20001310 20001310 20001318 20001318     ... ... ... ... 
20001328:	20001320 20001320 20001328 20001328      ..  .. (.. (.. 
20001338:	20001330 20001330 20001338 20001338     0.. 0.. 8.. 8.. 
20001348:	20001340 20001340 20001348 20001348     @.. @.. H.. H.. 
20001358:	20001350 20001350 20001358 20001358     P.. P.. X.. X.. 
20001368:	20001360 20001360 20001368 20001368     `.. `.. h.. h.. 
20001378:	20001370 20001370 20001378 20001378     p.. p.. x.. x.. 
20001388:	20001380 20001380 20001388 20001388     ... ... ... ... 
20001398:	20001390 20001390 20001398 20001398     ... ... ... ... 
200013a8:	200013a0 200013a0 200013a8 200013a8     ... ... ... ... 
200013b8:	200013b0 200013b0 200013b8 200013b8     ... ... ... ... 
200013c8:	200013c0 200013c0 200013c8 200013c8     ... ... ... ... 
200013d8:	200013d0 200013d0 200013d8 200013d8     ... ... ... ... 
200013e8:	200013e0 200013e0 200013e8 200013e8     ... ... ... ... 
200013f8:	200013f0 200013f0 200013f8 200013f8     ... ... ... ... 
20001408:	20001400 20001400 20001408 20001408     ... ... ... ... 
20001418:	20001410 20001410 20001418 20001418     ... ... ... ... 
20001428:	20001420 20001420 20001428 20001428      ..  .. (.. (.. 
20001438:	20001430 20001430 20001438 20001438     0.. 0.. 8.. 8.. 
20001448:	20001440 20001440 20001448 20001448     @.. @.. H.. H.. 
20001458:	20001450 20001450 20001458 20001458     P.. P.. X.. X.. 
20001468:	20001460 20001460 20001468 20001468     `.. `.. h.. h.. 
20001478:	20001470 20001470 20001478 20001478     p.. p.. x.. x.. 
20001488:	20001480 20001480 20001488 20001488     ... ... ... ... 
20001498:	20001490 20001490 20001498 20001498     ... ... ... ... 
200014a8:	200014a0 200014a0 200014a8 200014a8     ... ... ... ... 
200014b8:	200014b0 200014b0 200014b8 200014b8     ... ... ... ... 
200014c8:	200014c0 200014c0 200014c8 200014c8     ... ... ... ... 

200014d8 <_impure_ptr>:
200014d8:	200014e0 00000000                       ... ....

200014e0 <_impure_data>:
200014e0:	00000000 200017f0 20001858 200018c0     ....... X.. ... 
	...
20001578:	00000001 00000000 abcd330e e66d1234     .........3..4.m.
20001588:	0005deec 0000000b 00000000 00000000     ................
	...

20001620 <malloc_mutex>:
	...

20001628 <print_mutex>:
	...
