
C:/Users/peter/Documents/GitHub/LibreCom/build/raw_rx.elf:     file format elf32-littlearm

Sections:
Idx Name          Size      VMA       LMA       File off  Algn
  0 .text         00004c90  10000000  10000000  00001000  2**3
                  CONTENTS, ALLOC, LOAD, READONLY, CODE
  1 .rodata       0000036c  10004c90  10004c90  00005c90  2**2
                  CONTENTS, ALLOC, LOAD, READONLY, DATA
  2 .ARM.exidx    00000008  10004ffc  10004ffc  00005ffc  2**2
                  CONTENTS, ALLOC, LOAD, READONLY, DATA
  3 .binary_info  00000020  10005004  10005004  00006004  2**2
                  CONTENTS, ALLOC, LOAD, READONLY, DATA
  4 .psram_load   00000000  11000000  11000000  00008558  2**0
                  CONTENTS
  5 .psram_noload 00000000  11000000  11000000  00008558  2**0
                  CONTENTS
  6 .xip_ram      00000000  13ffc000  13ffc000  00008558  2**0
                  CONTENTS
  7 .ram_vector_table 00000110  20000000  20000000  00009000  2**2
                  ALLOC
  8 .uninitialized_data 00000000  20000110  20000110  00008558  2**0
                  CONTENTS
  9 .data         00001520  20000110  10005024  00006110  2**3
                  CONTENTS, ALLOC, LOAD, READONLY, CODE
 10 .tdata        00000000  20001630  20001630  00008558  2**0
                  CONTENTS, ALLOC, LOAD, DATA, THREAD_LOCAL
 11 .tbss         00000000  20001630  20001630  00000000  2**0
                  ALLOC, THREAD_LOCAL
 12 .tbss_space   00000000  20001630  20001630  00008558  2**0
                  CONTENTS
 13 .bss          00000ae8  20001630  10006544  00008630  2**3
                  ALLOC
 14 .tls0         00000000  20002118  20002118  00008558  2**0
                  CONTENTS
 15 .tls1         00000000  20002118  20002118  00008558  2**0
                  CONTENTS
 16 .persistent_data 00000000  20002118  20002118  00008558  2**0
                  CONTENTS
 17 .dummy_pre_heap 00000000  20002118  20002118  00008558  2**0
                  CONTENTS
 18 .heap         00000800  20002118  20002118  00009118  2**2
                  ALLOC, READONLY
 19 .scratch_x    00000000  20080000  20080000  00008558  2**0
                  CONTENTS
 20 .scratch_y    00000000  20081000  20081000  00008558  2**0
                  CONTENTS
 21 .stack1_dummy 00000800  20080000  20080000  00009000  2**2
                  ALLOC
 22 .stack_dummy  00000800  20081000  20081000  00009000  2**5
                  ALLOC, READONLY
 23 .flash_end    00000014  10006544  10006544  00008544  2**2
                  CONTENTS, ALLOC, LOAD, READONLY, DATA
 24 .debug_info   0003e157  00000000  00000000  00008558  2**0
                  CONTENTS, READONLY, DEBUGGING, OCTETS
 25 .debug_abbrev 0000a5f1  00000000  00000000  000466af  2**0
                  CONTENTS, READONLY, DEBUGGING, OCTETS
 26 .debug_loclists 0001d321  00000000  00000000  00050ca0  2**0
                  CONTENTS, READONLY, DEBUGGING, OCTETS
 27 .debug_aranges 00001438  00000000  00000000  0006dfc8  2**3
                  CONTENTS, READONLY, DEBUGGING, OCTETS
 28 .debug_rnglists 00005505  00000000  00000000  0006f400  2**0
                  CONTENTS, READONLY, DEBUGGING, OCTETS
 29 .debug_line   0002913a  00000000  00000000  00074905  2**0
                  CONTENTS, READONLY, DEBUGGING, OCTETS
 30 .debug_str    0000b3d3  00000000  00000000  0009da3f  2**0
                  CONTENTS, READONLY, DEBUGGING, OCTETS
 31 .comment      00000045  00000000  00000000  000a8e12  2**0
                  CONTENTS, READONLY
 32 .ARM.attributes 00000036  00000000  00000000  000a8e57  2**0
                  CONTENTS, READONLY
 33 .debug_frame  00003cbc  00000000  00000000  000a8e90  2**2
                  CONTENTS, READONLY, DEBUGGING, OCTETS
 34 .debug_line_str 0000017a  00000000  00000000  000acb4c  2**0
                  CONTENTS, READONLY, DEBUGGING, OCTETS

C:/Users/peter/Documents/GitHub/LibreCom/build/raw_rx.elf:     file format elf32-littlearm


Disassembly of section .text:

10000000 <__VECTOR_TABLE>:
10000000:	20082000 	.word	0x20082000
10000004:	1000015b 	.word	0x1000015b
10000008:	1000011b 	.word	0x1000011b
1000000c:	1000011d 	.word	0x1000011d
10000010:	10000111 	.word	0x10000111
10000014:	10000111 	.word	0x10000111
10000018:	10000111 	.word	0x10000111
1000001c:	10000111 	.word	0x10000111
10000020:	10000119 	.word	0x10000119
10000024:	10000119 	.word	0x10000119
10000028:	10000119 	.word	0x10000119
1000002c:	1000011f 	.word	0x1000011f
10000030:	10000111 	.word	0x10000111
10000034:	10000119 	.word	0x10000119
10000038:	10000121 	.word	0x10000121
1000003c:	10000123 	.word	0x10000123
10000040:	10000111 	.word	0x10000111
10000044:	10000111 	.word	0x10000111
10000048:	10000111 	.word	0x10000111
1000004c:	10000111 	.word	0x10000111
10000050:	10000111 	.word	0x10000111
10000054:	10000111 	.word	0x10000111
10000058:	10000111 	.word	0x10000111
1000005c:	10000111 	.word	0x10000111
10000060:	10000111 	.word	0x10000111
10000064:	10000111 	.word	0x10000111
10000068:	10000111 	.word	0x10000111
1000006c:	10000111 	.word	0x10000111
10000070:	10000111 	.word	0x10000111
10000074:	10000111 	.word	0x10000111
10000078:	10000111 	.word	0x10000111
1000007c:	10000111 	.word	0x10000111
10000080:	10000111 	.word	0x10000111
10000084:	10000111 	.word	0x10000111
10000088:	10000111 	.word	0x10000111
1000008c:	10000111 	.word	0x10000111
10000090:	10000111 	.word	0x10000111
10000094:	10000111 	.word	0x10000111
10000098:	10000111 	.word	0x10000111
1000009c:	10000111 	.word	0x10000111
100000a0:	10000111 	.word	0x10000111
100000a4:	10000111 	.word	0x10000111
100000a8:	10000111 	.word	0x10000111
100000ac:	10000111 	.word	0x10000111
100000b0:	10000111 	.word	0x10000111
100000b4:	10000111 	.word	0x10000111
100000b8:	10000111 	.word	0x10000111
100000bc:	10000111 	.word	0x10000111
100000c0:	10000111 	.word	0x10000111
100000c4:	10000111 	.word	0x10000111
100000c8:	10000111 	.word	0x10000111
100000cc:	10000111 	.word	0x10000111
100000d0:	10000111 	.word	0x10000111
100000d4:	10000111 	.word	0x10000111
100000d8:	10000111 	.word	0x10000111
100000dc:	10000111 	.word	0x10000111
100000e0:	10000111 	.word	0x10000111
100000e4:	10000111 	.word	0x10000111
100000e8:	10000111 	.word	0x10000111
100000ec:	10000111 	.word	0x10000111
100000f0:	10000111 	.word	0x10000111
100000f4:	10000111 	.word	0x10000111
100000f8:	10000111 	.word	0x10000111
100000fc:	10000111 	.word	0x10000111
10000100:	10000111 	.word	0x10000111
10000104:	10000111 	.word	0x10000111
10000108:	10000111 	.word	0x10000111
1000010c:	10000111 	.word	0x10000111

10000110 <__unhandled_user_irq>:
10000110:	f3ef 8005 	mrs	r0, IPSR
10000114:	3810      	subs	r0, #16

10000116 <unhandled_user_irq_num_in_r0>:
10000116:	be00      	bkpt	0x0000

10000118 <isr_invalid>:
10000118:	be00      	bkpt	0x0000

1000011a <isr_nmi>:
1000011a:	be00      	bkpt	0x0000

1000011c <isr_hardfault>:
1000011c:	be00      	bkpt	0x0000

1000011e <isr_svcall>:
1000011e:	be00      	bkpt	0x0000

10000120 <isr_pendsv>:
10000120:	be00      	bkpt	0x0000

10000122 <isr_systick>:
10000122:	be00      	bkpt	0x0000

10000124 <__default_isrs_end>:
10000124:	7188ebf2 	.word	0x7188ebf2
10000128:	10005004 	.word	0x10005004
1000012c:	10005024 	.word	0x10005024
10000130:	1000019c 	.word	0x1000019c
10000134:	e71aa390 	.word	0xe71aa390

10000138 <__binary_info_header_end>:
10000138:	ffffded3 	.word	0xffffded3
1000013c:	10210142 	.word	0x10210142
10000140:	000001ff 	.word	0x000001ff
10000144:	0000640c 	.word	0x0000640c
10000148:	ab123579 	.word	0xab123579

1000014c <_entry_point>:
1000014c:	2000      	movs	r0, #0

1000014e <_enter_vtable_in_r0>:
1000014e:	491e      	ldr	r1, [pc, #120]	@ (100001c8 <data_cpy_table+0x2c>)
10000150:	6008      	str	r0, [r1, #0]
10000152:	c806      	ldmia	r0!, {r1, r2}
10000154:	f381 8808 	msr	MSP, r1
10000158:	4710      	bx	r2

1000015a <_reset_handler>:
1000015a:	f04f 4050 	mov.w	r0, #3489660928	@ 0xd0000000
1000015e:	6800      	ldr	r0, [r0, #0]
10000160:	b108      	cbz	r0, 10000166 <hold_non_core0_in_bootrom+0x4>

10000162 <hold_non_core0_in_bootrom>:
10000162:	2000      	movs	r0, #0
10000164:	e7f3      	b.n	1000014e <_enter_vtable_in_r0>
10000166:	a40d      	add	r4, pc, #52	@ (adr r4, 1000019c <data_cpy_table>)
10000168:	cc0e      	ldmia	r4!, {r1, r2, r3}
1000016a:	2900      	cmp	r1, #0
1000016c:	d002      	beq.n	10000174 <hold_non_core0_in_bootrom+0x12>
1000016e:	f000 f812 	bl	10000196 <data_cpy>
10000172:	e7f9      	b.n	10000168 <hold_non_core0_in_bootrom+0x6>
10000174:	4915      	ldr	r1, [pc, #84]	@ (100001cc <data_cpy_table+0x30>)
10000176:	4a16      	ldr	r2, [pc, #88]	@ (100001d0 <data_cpy_table+0x34>)
10000178:	2000      	movs	r0, #0
1000017a:	e000      	b.n	1000017e <bss_fill_test>

1000017c <bss_fill_loop>:
1000017c:	c101      	stmia	r1!, {r0}

1000017e <bss_fill_test>:
1000017e:	4291      	cmp	r1, r2
10000180:	d1fc      	bne.n	1000017c <bss_fill_loop>

10000182 <platform_entry>:
10000182:	4914      	ldr	r1, [pc, #80]	@ (100001d4 <data_cpy_table+0x38>)
10000184:	4788      	blx	r1
10000186:	4914      	ldr	r1, [pc, #80]	@ (100001d8 <data_cpy_table+0x3c>)
10000188:	4788      	blx	r1
1000018a:	4914      	ldr	r1, [pc, #80]	@ (100001dc <data_cpy_table+0x40>)
1000018c:	4788      	blx	r1
1000018e:	be00      	bkpt	0x0000
10000190:	e7fd      	b.n	1000018e <platform_entry+0xc>

10000192 <data_cpy_loop>:
10000192:	c901      	ldmia	r1!, {r0}
10000194:	c201      	stmia	r2!, {r0}

10000196 <data_cpy>:
10000196:	429a      	cmp	r2, r3
10000198:	d3fb      	bcc.n	10000192 <data_cpy_loop>

1000019a <data_cpy_done>:
1000019a:	4770      	bx	lr

1000019c <data_cpy_table>:
1000019c:	10005024 	.word	0x10005024
100001a0:	20000110 	.word	0x20000110
100001a4:	20001630 	.word	0x20001630
100001a8:	10006544 	.word	0x10006544
100001ac:	20080000 	.word	0x20080000
100001b0:	20080000 	.word	0x20080000
100001b4:	10006544 	.word	0x10006544
100001b8:	20081000 	.word	0x20081000
100001bc:	20081000 	.word	0x20081000
100001c0:	00000000 	.word	0x00000000
100001c4:	4770      	bx	lr
100001c6:	0000      	.short	0x0000
100001c8:	e000ed08 	.word	0xe000ed08
100001cc:	20001630 	.word	0x20001630
100001d0:	20002118 	.word	0x20002118
100001d4:	10001a4d 	.word	0x10001a4d
100001d8:	10000219 	.word	0x10000219
100001dc:	10001a45 	.word	0x10001a45

100001e0 <core1_i2s_write_task>:
100001e0:	b530      	push	{r4, r5, lr}
100001e2:	2500      	movs	r5, #0
100001e4:	4c0a      	ldr	r4, [pc, #40]	@ (10000210 <core1_i2s_write_task+0x30>)
100001e6:	b083      	sub	sp, #12
100001e8:	480a      	ldr	r0, [pc, #40]	@ (10000214 <core1_i2s_write_task+0x34>)
100001ea:	f10d 0106 	add.w	r1, sp, #6
100001ee:	f8ad 5006 	strh.w	r5, [sp, #6]
100001f2:	f001 f81f 	bl	10001234 <queue_try_remove>
100001f6:	f8bd 2006 	ldrh.w	r2, [sp, #6]
100001fa:	0412      	lsls	r2, r2, #16
100001fc:	6863      	ldr	r3, [r4, #4]
100001fe:	03d9      	lsls	r1, r3, #15
10000200:	d4fc      	bmi.n	100001fc <core1_i2s_write_task+0x1c>
10000202:	6122      	str	r2, [r4, #16]
10000204:	6863      	ldr	r3, [r4, #4]
10000206:	03db      	lsls	r3, r3, #15
10000208:	d4fc      	bmi.n	10000204 <core1_i2s_write_task+0x24>
1000020a:	6122      	str	r2, [r4, #16]
1000020c:	e7ec      	b.n	100001e8 <core1_i2s_write_task+0x8>
1000020e:	bf00      	nop
10000210:	50200000 	.word	0x50200000
10000214:	200020dc 	.word	0x200020dc

10000218 <main>:
10000218:	b5f0      	push	{r4, r5, r6, r7, lr}
1000021a:	b087      	sub	sp, #28
1000021c:	f001 fd0e 	bl	10001c3c <stdio_init_all>
10000220:	2019      	movs	r0, #25
10000222:	f000 f8c5 	bl	100003b0 <gpio_init>
10000226:	2719      	movs	r7, #25
10000228:	f04f 0301 	mov.w	r3, #1
1000022c:	ec43 7044 	gpioc_bit_oe_put r7, r3
10000230:	2104      	movs	r1, #4
10000232:	200b      	movs	r0, #11
10000234:	f000 f89e 	bl	10000374 <gpio_set_function>
10000238:	2510      	movs	r5, #16
1000023a:	2324      	movs	r3, #36	@ 0x24
1000023c:	4a44      	ldr	r2, [pc, #272]	@ (10000350 <main+0x138>)
1000023e:	4c45      	ldr	r4, [pc, #276]	@ (10000354 <main+0x13c>)
10000240:	6695      	str	r5, [r2, #104]	@ 0x68
10000242:	6753      	str	r3, [r2, #116]	@ 0x74
10000244:	6f13      	ldr	r3, [r2, #112]	@ 0x70
10000246:	4944      	ldr	r1, [pc, #272]	@ (10000358 <main+0x140>)
10000248:	f483 1390 	eor.w	r3, r3, #1179648	@ 0x120000
1000024c:	f36f 030f 	bfc	r3, #0, #16
10000250:	6723      	str	r3, [r4, #112]	@ 0x70
10000252:	6e53      	ldr	r3, [r2, #100]	@ 0x64
10000254:	4841      	ldr	r0, [pc, #260]	@ (1000035c <main+0x144>)
10000256:	43db      	mvns	r3, r3
10000258:	f003 0301 	and.w	r3, r3, #1
1000025c:	6663      	str	r3, [r4, #100]	@ 0x64
1000025e:	f001 f879 	bl	10001354 <uart_init>
10000262:	2102      	movs	r1, #2
10000264:	2000      	movs	r0, #0
10000266:	f000 f885 	bl	10000374 <gpio_set_function>
1000026a:	2102      	movs	r1, #2
1000026c:	2001      	movs	r0, #1
1000026e:	f000 f881 	bl	10000374 <gpio_set_function>
10000272:	f000 f961 	bl	10000538 <next_striped_spin_lock_num>
10000276:	4c3a      	ldr	r4, [pc, #232]	@ (10000360 <main+0x148>)
10000278:	4603      	mov	r3, r0
1000027a:	2280      	movs	r2, #128	@ 0x80
1000027c:	2102      	movs	r1, #2
1000027e:	4839      	ldr	r0, [pc, #228]	@ (10000364 <main+0x14c>)
10000280:	f000 ffc4 	bl	1000120c <queue_init_with_spinlock>
10000284:	4620      	mov	r0, r4
10000286:	4938      	ldr	r1, [pc, #224]	@ (10000368 <main+0x150>)
10000288:	f003 fe96 	bl	10003fb8 <pio_add_program>
1000028c:	f44f 22c0 	mov.w	r2, #393216	@ 0x60000
10000290:	4605      	mov	r5, r0
10000292:	f44f 0314 	mov.w	r3, #9699328	@ 0x940000
10000296:	2008      	movs	r0, #8
10000298:	4934      	ldr	r1, [pc, #208]	@ (1000036c <main+0x154>)
1000029a:	9204      	str	r2, [sp, #16]
1000029c:	9302      	str	r3, [sp, #8]
1000029e:	182a      	adds	r2, r5, r0
100002a0:	01eb      	lsls	r3, r5, #7
100002a2:	ea43 3302 	orr.w	r3, r3, r2, lsl #12
100002a6:	f023 43c0 	bic.w	r3, r3, #1610612736	@ 0x60000000
100002aa:	9105      	str	r1, [sp, #20]
100002ac:	2106      	movs	r1, #6
100002ae:	9303      	str	r3, [sp, #12]
100002b0:	f000 f860 	bl	10000374 <gpio_set_function>
100002b4:	2106      	movs	r1, #6
100002b6:	2009      	movs	r0, #9
100002b8:	f000 f85c 	bl	10000374 <gpio_set_function>
100002bc:	2106      	movs	r1, #6
100002be:	200a      	movs	r0, #10
100002c0:	f000 f858 	bl	10000374 <gpio_set_function>
100002c4:	f44f 63e0 	mov.w	r3, #1792	@ 0x700
100002c8:	4620      	mov	r0, r4
100002ca:	461a      	mov	r2, r3
100002cc:	2100      	movs	r1, #0
100002ce:	f003 fedd 	bl	1000408c <pio_sm_set_pindirs_with_mask>
100002d2:	462a      	mov	r2, r5
100002d4:	2100      	movs	r1, #0
100002d6:	4620      	mov	r0, r4
100002d8:	ab02      	add	r3, sp, #8
100002da:	f003 ff0d 	bl	100040f8 <pio_sm_init>
100002de:	f44f 4360 	mov.w	r3, #57344	@ 0xe000
100002e2:	2600      	movs	r6, #0
100002e4:	f8c4 30d8 	str.w	r3, [r4, #216]	@ 0xd8
100002e8:	6823      	ldr	r3, [r4, #0]
100002ea:	4821      	ldr	r0, [pc, #132]	@ (10000370 <main+0x158>)
100002ec:	f043 0301 	orr.w	r3, r3, #1
100002f0:	6023      	str	r3, [r4, #0]
100002f2:	f003 ffa5 	bl	10004240 <multicore_launch_core1>
100002f6:	4635      	mov	r5, r6
100002f8:	4c18      	ldr	r4, [pc, #96]	@ (1000035c <main+0x144>)
100002fa:	69a3      	ldr	r3, [r4, #24]
100002fc:	06d9      	lsls	r1, r3, #27
100002fe:	d4fc      	bmi.n	100002fa <main+0xe2>
10000300:	6823      	ldr	r3, [r4, #0]
10000302:	b2db      	uxtb	r3, r3
10000304:	2baa      	cmp	r3, #170	@ 0xaa
10000306:	d1f8      	bne.n	100002fa <main+0xe2>
10000308:	69a3      	ldr	r3, [r4, #24]
1000030a:	06da      	lsls	r2, r3, #27
1000030c:	d4fc      	bmi.n	10000308 <main+0xf0>
1000030e:	6823      	ldr	r3, [r4, #0]
10000310:	b2db      	uxtb	r3, r3
10000312:	2b55      	cmp	r3, #85	@ 0x55
10000314:	d1f1      	bne.n	100002fa <main+0xe2>
10000316:	69a3      	ldr	r3, [r4, #24]
10000318:	06db      	lsls	r3, r3, #27
1000031a:	d4fc      	bmi.n	10000316 <main+0xfe>
1000031c:	6823      	ldr	r3, [r4, #0]
1000031e:	f88d 3008 	strb.w	r3, [sp, #8]
10000322:	69a3      	ldr	r3, [r4, #24]
10000324:	f013 0310 	ands.w	r3, r3, #16
10000328:	d1fb      	bne.n	10000322 <main+0x10a>
1000032a:	6822      	ldr	r2, [r4, #0]
1000032c:	480d      	ldr	r0, [pc, #52]	@ (10000364 <main+0x14c>)
1000032e:	a902      	add	r1, sp, #8
10000330:	3501      	adds	r5, #1
10000332:	9301      	str	r3, [sp, #4]
10000334:	f88d 2009 	strb.w	r2, [sp, #9]
10000338:	f000 ffc4 	bl	100012c4 <queue_add_blocking>
1000033c:	f5b5 5ffa 	cmp.w	r5, #8000	@ 0x1f40
10000340:	d3db      	bcc.n	100002fa <main+0xe2>
10000342:	f086 0601 	eor.w	r6, r6, #1
10000346:	ec46 7040 	gpioc_bit_out_put r7, r6
1000034a:	9b01      	ldr	r3, [sp, #4]
1000034c:	461d      	mov	r5, r3
1000034e:	e7d4      	b.n	100002fa <main+0xe2>
10000350:	400a8000 	.word	0x400a8000
10000354:	400a9000 	.word	0x400a9000
10000358:	000f4240 	.word	0x000f4240
1000035c:	40070000 	.word	0x40070000
10000360:	50200000 	.word	0x50200000
10000364:	200020dc 	.word	0x200020dc
10000368:	10004c90 	.word	0x10004c90
1000036c:	40102408 	.word	0x40102408
10000370:	100001e1 	.word	0x100001e1

10000374 <gpio_set_function>:
10000374:	b410      	push	{r4}
10000376:	f44f 7480 	mov.w	r4, #256	@ 0x100
1000037a:	4b0c      	ldr	r3, [pc, #48]	@ (100003ac <gpio_set_function+0x38>)
1000037c:	f853 2020 	ldr.w	r2, [r3, r0, lsl #2]
10000380:	eb03 0380 	add.w	r3, r3, r0, lsl #2
10000384:	00c0      	lsls	r0, r0, #3
10000386:	f082 0240 	eor.w	r2, r2, #64	@ 0x40
1000038a:	f100 4080 	add.w	r0, r0, #1073741824	@ 0x40000000
1000038e:	f503 5c80 	add.w	ip, r3, #4096	@ 0x1000
10000392:	f002 02c0 	and.w	r2, r2, #192	@ 0xc0
10000396:	f500 3020 	add.w	r0, r0, #163840	@ 0x28000
1000039a:	f503 5340 	add.w	r3, r3, #12288	@ 0x3000
1000039e:	f8cc 2000 	str.w	r2, [ip]
100003a2:	6041      	str	r1, [r0, #4]
100003a4:	601c      	str	r4, [r3, #0]
100003a6:	f85d 4b04 	ldr.w	r4, [sp], #4
100003aa:	4770      	bx	lr
100003ac:	40038004 	.word	0x40038004

100003b0 <gpio_init>:
100003b0:	b430      	push	{r4, r5}
100003b2:	f04f 0300 	mov.w	r3, #0
100003b6:	ec43 0044 	gpioc_bit_oe_put r0, r3
100003ba:	ec43 0040 	gpioc_bit_out_put r0, r3
100003be:	2505      	movs	r5, #5
100003c0:	f44f 7480 	mov.w	r4, #256	@ 0x100
100003c4:	4b0b      	ldr	r3, [pc, #44]	@ (100003f4 <gpio_init+0x44>)
100003c6:	00c2      	lsls	r2, r0, #3
100003c8:	f853 1020 	ldr.w	r1, [r3, r0, lsl #2]
100003cc:	eb03 0080 	add.w	r0, r3, r0, lsl #2
100003d0:	f081 0140 	eor.w	r1, r1, #64	@ 0x40
100003d4:	f102 4380 	add.w	r3, r2, #1073741824	@ 0x40000000
100003d8:	f503 3320 	add.w	r3, r3, #163840	@ 0x28000
100003dc:	f001 02c0 	and.w	r2, r1, #192	@ 0xc0
100003e0:	f500 5180 	add.w	r1, r0, #4096	@ 0x1000
100003e4:	f500 5040 	add.w	r0, r0, #12288	@ 0x3000
100003e8:	600a      	str	r2, [r1, #0]
100003ea:	605d      	str	r5, [r3, #4]
100003ec:	6004      	str	r4, [r0, #0]
100003ee:	bc30      	pop	{r4, r5}
100003f0:	4770      	bx	lr
100003f2:	bf00      	nop
100003f4:	40038004 	.word	0x40038004

100003f8 <panic>:
100003f8:	b40f      	push	{r0, r1, r2, r3}
100003fa:	b500      	push	{lr}
100003fc:	b083      	sub	sp, #12
100003fe:	9c04      	ldr	r4, [sp, #16]
10000400:	4807      	ldr	r0, [pc, #28]	@ (10000420 <panic+0x28>)
10000402:	f001 fc5f 	bl	10001cc4 <__wrap_puts>
10000406:	b13c      	cbz	r4, 10000418 <panic+0x20>
10000408:	a905      	add	r1, sp, #20
1000040a:	4620      	mov	r0, r4
1000040c:	9101      	str	r1, [sp, #4]
1000040e:	f001 fae7 	bl	100019e0 <weak_raw_vprintf>
10000412:	4804      	ldr	r0, [pc, #16]	@ (10000424 <panic+0x2c>)
10000414:	f001 fc56 	bl	10001cc4 <__wrap_puts>
10000418:	2001      	movs	r0, #1
1000041a:	f001 faf9 	bl	10001a10 <_exit>
1000041e:	bf00      	nop
10000420:	10004cac 	.word	0x10004cac
10000424:	10004d90 	.word	0x10004d90

10000428 <hw_claim_lock>:
10000428:	f3ef 8010 	mrs	r0, PRIMASK
1000042c:	b672      	cpsid	i
1000042e:	4b06      	ldr	r3, [pc, #24]	@ (10000448 <hw_claim_lock+0x20>)
10000430:	e8d3 1fcf 	ldaexb	r1, [r3]
10000434:	2201      	movs	r2, #1
10000436:	2900      	cmp	r1, #0
10000438:	d1fa      	bne.n	10000430 <hw_claim_lock+0x8>
1000043a:	e8c3 2f41 	strexb	r1, r2, [r3]
1000043e:	2900      	cmp	r1, #0
10000440:	d1f6      	bne.n	10000430 <hw_claim_lock+0x8>
10000442:	f3bf 8f5f 	dmb	sy
10000446:	4770      	bx	lr
10000448:	20001adf 	.word	0x20001adf

1000044c <hw_claim_unlock>:
1000044c:	2300      	movs	r3, #0
1000044e:	4a03      	ldr	r2, [pc, #12]	@ (1000045c <hw_claim_unlock+0x10>)
10000450:	e8c2 3f8f 	stlb	r3, [r2]
10000454:	f380 8810 	msr	PRIMASK, r0
10000458:	4770      	bx	lr
1000045a:	bf00      	nop
1000045c:	20001adf 	.word	0x20001adf

10000460 <hw_claim_or_assert>:
10000460:	b570      	push	{r4, r5, r6, lr}
10000462:	4686      	mov	lr, r0
10000464:	f3ef 8510 	mrs	r5, PRIMASK
10000468:	b672      	cpsid	i
1000046a:	4c12      	ldr	r4, [pc, #72]	@ (100004b4 <hw_claim_or_assert+0x54>)
1000046c:	e8d4 6fcf 	ldaexb	r6, [r4]
10000470:	2001      	movs	r0, #1
10000472:	2e00      	cmp	r6, #0
10000474:	d1fa      	bne.n	1000046c <hw_claim_or_assert+0xc>
10000476:	e8c4 0f46 	strexb	r6, r0, [r4]
1000047a:	2e00      	cmp	r6, #0
1000047c:	d1f6      	bne.n	1000046c <hw_claim_or_assert+0xc>
1000047e:	f3bf 8f5f 	dmb	sy
10000482:	f04f 0c01 	mov.w	ip, #1
10000486:	08c8      	lsrs	r0, r1, #3
10000488:	f001 0307 	and.w	r3, r1, #7
1000048c:	fa0c f303 	lsl.w	r3, ip, r3
10000490:	f81e c000 	ldrb.w	ip, [lr, r0]
10000494:	ea1c 0603 	ands.w	r6, ip, r3
10000498:	d108      	bne.n	100004ac <hw_claim_or_assert+0x4c>
1000049a:	ea4c 0c03 	orr.w	ip, ip, r3
1000049e:	f80e c000 	strb.w	ip, [lr, r0]
100004a2:	e8c4 6f8f 	stlb	r6, [r4]
100004a6:	f385 8810 	msr	PRIMASK, r5
100004aa:	bd70      	pop	{r4, r5, r6, pc}
100004ac:	4610      	mov	r0, r2
100004ae:	f7ff ffa3 	bl	100003f8 <panic>
100004b2:	bf00      	nop
100004b4:	20001adf 	.word	0x20001adf

100004b8 <hw_claim_unused_from_range>:
100004b8:	b5f8      	push	{r3, r4, r5, r6, r7, lr}
100004ba:	f3ef 8710 	mrs	r7, PRIMASK
100004be:	b672      	cpsid	i
100004c0:	4e1c      	ldr	r6, [pc, #112]	@ (10000534 <hw_claim_unused_from_range+0x7c>)
100004c2:	e8d6 5fcf 	ldaexb	r5, [r6]
100004c6:	2401      	movs	r4, #1
100004c8:	2d00      	cmp	r5, #0
100004ca:	d1fa      	bne.n	100004c2 <hw_claim_unused_from_range+0xa>
100004cc:	e8c6 4f45 	strexb	r5, r4, [r6]
100004d0:	2d00      	cmp	r5, #0
100004d2:	d1f6      	bne.n	100004c2 <hw_claim_unused_from_range+0xa>
100004d4:	f3bf 8f5f 	dmb	sy
100004d8:	429a      	cmp	r2, r3
100004da:	d81b      	bhi.n	10000514 <hw_claim_unused_from_range+0x5c>
100004dc:	2501      	movs	r5, #1
100004de:	e002      	b.n	100004e6 <hw_claim_unused_from_range+0x2e>
100004e0:	3201      	adds	r2, #1
100004e2:	4293      	cmp	r3, r2
100004e4:	d322      	bcc.n	1000052c <hw_claim_unused_from_range+0x74>
100004e6:	08d4      	lsrs	r4, r2, #3
100004e8:	f810 e004 	ldrb.w	lr, [r0, r4]
100004ec:	f002 0c07 	and.w	ip, r2, #7
100004f0:	fa05 fc0c 	lsl.w	ip, r5, ip
100004f4:	ea1e 0f0c 	tst.w	lr, ip
100004f8:	d1f2      	bne.n	100004e0 <hw_claim_unused_from_range+0x28>
100004fa:	ea4e 0e0c 	orr.w	lr, lr, ip
100004fe:	f800 e004 	strb.w	lr, [r0, r4]
10000502:	4610      	mov	r0, r2
10000504:	2300      	movs	r3, #0
10000506:	e8c6 3f8f 	stlb	r3, [r6]
1000050a:	f387 8810 	msr	PRIMASK, r7
1000050e:	4298      	cmp	r0, r3
10000510:	db07      	blt.n	10000522 <hw_claim_unused_from_range+0x6a>
10000512:	bdf8      	pop	{r3, r4, r5, r6, r7, pc}
10000514:	2300      	movs	r3, #0
10000516:	e8c6 3f8f 	stlb	r3, [r6]
1000051a:	f387 8810 	msr	PRIMASK, r7
1000051e:	f04f 30ff 	mov.w	r0, #4294967295
10000522:	2900      	cmp	r1, #0
10000524:	d0f5      	beq.n	10000512 <hw_claim_unused_from_range+0x5a>
10000526:	9806      	ldr	r0, [sp, #24]
10000528:	f7ff ff66 	bl	100003f8 <panic>
1000052c:	f04f 30ff 	mov.w	r0, #4294967295
10000530:	e7e8      	b.n	10000504 <hw_claim_unused_from_range+0x4c>
10000532:	bf00      	nop
10000534:	20001adf 	.word	0x20001adf

10000538 <next_striped_spin_lock_num>:
10000538:	4a04      	ldr	r2, [pc, #16]	@ (1000054c <next_striped_spin_lock_num+0x14>)
1000053a:	7810      	ldrb	r0, [r2, #0]
1000053c:	1c43      	adds	r3, r0, #1
1000053e:	b2db      	uxtb	r3, r3
10000540:	2b18      	cmp	r3, #24
10000542:	bf28      	it	cs
10000544:	2310      	movcs	r3, #16
10000546:	7013      	strb	r3, [r2, #0]
10000548:	4770      	bx	lr
1000054a:	bf00      	nop
1000054c:	20001008 	.word	0x20001008

10000550 <spin_lock_claim_unused>:
10000550:	b510      	push	{r4, lr}
10000552:	4c05      	ldr	r4, [pc, #20]	@ (10000568 <spin_lock_claim_unused+0x18>)
10000554:	b082      	sub	sp, #8
10000556:	4601      	mov	r1, r0
10000558:	231f      	movs	r3, #31
1000055a:	2218      	movs	r2, #24
1000055c:	9400      	str	r4, [sp, #0]
1000055e:	4803      	ldr	r0, [pc, #12]	@ (1000056c <spin_lock_claim_unused+0x1c>)
10000560:	f7ff ffaa 	bl	100004b8 <hw_claim_unused_from_range>
10000564:	b002      	add	sp, #8
10000566:	bd10      	pop	{r4, pc}
10000568:	10004cbc 	.word	0x10004cbc
1000056c:	20001c30 	.word	0x20001c30

10000570 <spinlock_set_extexclall>:
10000570:	f04f 22e0 	mov.w	r2, #3758153728	@ 0xe000e000
10000574:	6893      	ldr	r3, [r2, #8]
10000576:	f043 5300 	orr.w	r3, r3, #536870912	@ 0x20000000
1000057a:	6093      	str	r3, [r2, #8]
1000057c:	4770      	bx	lr
1000057e:	bf00      	nop

10000580 <spin_locks_reset>:
10000580:	2100      	movs	r1, #0
10000582:	4b04      	ldr	r3, [pc, #16]	@ (10000594 <spin_locks_reset+0x14>)
10000584:	f103 0220 	add.w	r2, r3, #32
10000588:	e8c3 1f8f 	stlb	r1, [r3]
1000058c:	3301      	adds	r3, #1
1000058e:	4293      	cmp	r3, r2
10000590:	d1fa      	bne.n	10000588 <spin_locks_reset+0x8>
10000592:	4770      	bx	lr
10000594:	20001ad4 	.word	0x20001ad4

10000598 <runtime_init_per_core_irq_priorities>:
10000598:	f04f 23e0 	mov.w	r3, #3758153728	@ 0xe000e000
1000059c:	f04f 3280 	mov.w	r2, #2155905152	@ 0x80808080
100005a0:	f8c3 2400 	str.w	r2, [r3, #1024]	@ 0x400
100005a4:	f8c3 2404 	str.w	r2, [r3, #1028]	@ 0x404
100005a8:	f8c3 2408 	str.w	r2, [r3, #1032]	@ 0x408
100005ac:	f8c3 240c 	str.w	r2, [r3, #1036]	@ 0x40c
100005b0:	f8c3 2410 	str.w	r2, [r3, #1040]	@ 0x410
100005b4:	f8c3 2414 	str.w	r2, [r3, #1044]	@ 0x414
100005b8:	f8c3 2418 	str.w	r2, [r3, #1048]	@ 0x418
100005bc:	f8c3 241c 	str.w	r2, [r3, #1052]	@ 0x41c
100005c0:	f8c3 2420 	str.w	r2, [r3, #1056]	@ 0x420
100005c4:	f8c3 2424 	str.w	r2, [r3, #1060]	@ 0x424
100005c8:	f8c3 2428 	str.w	r2, [r3, #1064]	@ 0x428
100005cc:	f8c3 242c 	str.w	r2, [r3, #1068]	@ 0x42c
100005d0:	f8c3 2430 	str.w	r2, [r3, #1072]	@ 0x430
100005d4:	b662      	cpsie	i
100005d6:	4770      	bx	lr

100005d8 <irq_set_enabled>:
100005d8:	2301      	movs	r3, #1
100005da:	f000 021f 	and.w	r2, r0, #31
100005de:	4093      	lsls	r3, r2
100005e0:	0940      	lsrs	r0, r0, #5
100005e2:	b141      	cbz	r1, 100005f6 <irq_set_enabled+0x1e>
100005e4:	0080      	lsls	r0, r0, #2
100005e6:	f100 4060 	add.w	r0, r0, #3758096384	@ 0xe0000000
100005ea:	f500 4061 	add.w	r0, r0, #57600	@ 0xe100
100005ee:	f8c0 3180 	str.w	r3, [r0, #384]	@ 0x180
100005f2:	6003      	str	r3, [r0, #0]
100005f4:	4770      	bx	lr
100005f6:	4a02      	ldr	r2, [pc, #8]	@ (10000600 <irq_set_enabled+0x28>)
100005f8:	3020      	adds	r0, #32
100005fa:	f842 3020 	str.w	r3, [r2, r0, lsl #2]
100005fe:	4770      	bx	lr
10000600:	e000e100 	.word	0xe000e100

10000604 <irq_is_enabled>:
10000604:	2301      	movs	r3, #1
10000606:	4a06      	ldr	r2, [pc, #24]	@ (10000620 <irq_is_enabled+0x1c>)
10000608:	0941      	lsrs	r1, r0, #5
1000060a:	f852 2021 	ldr.w	r2, [r2, r1, lsl #2]
1000060e:	f000 001f 	and.w	r0, r0, #31
10000612:	fa03 f000 	lsl.w	r0, r3, r0
10000616:	4010      	ands	r0, r2
10000618:	3800      	subs	r0, #0
1000061a:	bf18      	it	ne
1000061c:	2001      	movne	r0, #1
1000061e:	4770      	bx	lr
10000620:	e000e100 	.word	0xe000e100

10000624 <irq_set_pending>:
10000624:	2201      	movs	r2, #1
10000626:	0943      	lsrs	r3, r0, #5
10000628:	4903      	ldr	r1, [pc, #12]	@ (10000638 <irq_set_pending+0x14>)
1000062a:	f000 001f 	and.w	r0, r0, #31
1000062e:	4082      	lsls	r2, r0
10000630:	3340      	adds	r3, #64	@ 0x40
10000632:	f841 2023 	str.w	r2, [r1, r3, lsl #2]
10000636:	4770      	bx	lr
10000638:	e000e100 	.word	0xe000e100

1000063c <irq_has_shared_handler>:
1000063c:	4a05      	ldr	r2, [pc, #20]	@ (10000654 <irq_has_shared_handler+0x18>)
1000063e:	3010      	adds	r0, #16
10000640:	6892      	ldr	r2, [r2, #8]
10000642:	4b05      	ldr	r3, [pc, #20]	@ (10000658 <irq_has_shared_handler+0x1c>)
10000644:	f852 0020 	ldr.w	r0, [r2, r0, lsl #2]
10000648:	1ac0      	subs	r0, r0, r3
1000064a:	2847      	cmp	r0, #71	@ 0x47
1000064c:	bf8c      	ite	hi
1000064e:	2000      	movhi	r0, #0
10000650:	2001      	movls	r0, #1
10000652:	4770      	bx	lr
10000654:	e000ed00 	.word	0xe000ed00
10000658:	2000100c 	.word	0x2000100c

1000065c <irq_set_exclusive_handler>:
1000065c:	b510      	push	{r4, lr}
1000065e:	f3ef 8c10 	mrs	ip, PRIMASK
10000662:	b672      	cpsid	i
10000664:	4b11      	ldr	r3, [pc, #68]	@ (100006ac <irq_set_exclusive_handler+0x50>)
10000666:	e8d3 4fcf 	ldaexb	r4, [r3]
1000066a:	2201      	movs	r2, #1
1000066c:	2c00      	cmp	r4, #0
1000066e:	d1fa      	bne.n	10000666 <irq_set_exclusive_handler+0xa>
10000670:	e8c3 2f44 	strexb	r4, r2, [r3]
10000674:	2c00      	cmp	r4, #0
10000676:	d1f6      	bne.n	10000666 <irq_set_exclusive_handler+0xa>
10000678:	f3bf 8f5f 	dmb	sy
1000067c:	4a0c      	ldr	r2, [pc, #48]	@ (100006b0 <irq_set_exclusive_handler+0x54>)
1000067e:	3010      	adds	r0, #16
10000680:	6892      	ldr	r2, [r2, #8]
10000682:	4c0c      	ldr	r4, [pc, #48]	@ (100006b4 <irq_set_exclusive_handler+0x58>)
10000684:	f852 2020 	ldr.w	r2, [r2, r0, lsl #2]
10000688:	42a2      	cmp	r2, r4
1000068a:	d001      	beq.n	10000690 <irq_set_exclusive_handler+0x34>
1000068c:	4291      	cmp	r1, r2
1000068e:	d10b      	bne.n	100006a8 <irq_set_exclusive_handler+0x4c>
10000690:	4a07      	ldr	r2, [pc, #28]	@ (100006b0 <irq_set_exclusive_handler+0x54>)
10000692:	6892      	ldr	r2, [r2, #8]
10000694:	f842 1020 	str.w	r1, [r2, r0, lsl #2]
10000698:	f3bf 8f5f 	dmb	sy
1000069c:	2200      	movs	r2, #0
1000069e:	e8c3 2f8f 	stlb	r2, [r3]
100006a2:	f38c 8810 	msr	PRIMASK, ip
100006a6:	bd10      	pop	{r4, pc}
100006a8:	f001 f854 	bl	10001754 <hard_assertion_failure>
100006ac:	20001add 	.word	0x20001add
100006b0:	e000ed00 	.word	0xe000ed00
100006b4:	10000111 	.word	0x10000111

100006b8 <irq_add_shared_handler>:
100006b8:	e92d 4ff0 	stmdb	sp!, {r4, r5, r6, r7, r8, r9, sl, fp, lr}
100006bc:	460b      	mov	r3, r1
100006be:	b083      	sub	sp, #12
100006c0:	f3ef 8a10 	mrs	sl, PRIMASK
100006c4:	b672      	cpsid	i
100006c6:	f8df 91a8 	ldr.w	r9, [pc, #424]	@ 10000870 <irq_add_shared_handler+0x1b8>
100006ca:	e8d9 4fcf 	ldaexb	r4, [r9]
100006ce:	2101      	movs	r1, #1
100006d0:	2c00      	cmp	r4, #0
100006d2:	d1fa      	bne.n	100006ca <irq_add_shared_handler+0x12>
100006d4:	e8c9 1f44 	strexb	r4, r1, [r9]
100006d8:	2c00      	cmp	r4, #0
100006da:	d1f6      	bne.n	100006ca <irq_add_shared_handler+0x12>
100006dc:	f3bf 8f5f 	dmb	sy
100006e0:	495d      	ldr	r1, [pc, #372]	@ (10000858 <irq_add_shared_handler+0x1a0>)
100006e2:	f991 8000 	ldrsb.w	r8, [r1]
100006e6:	f1b8 0f00 	cmp.w	r8, #0
100006ea:	f2c0 80b3 	blt.w	10000854 <irq_add_shared_handler+0x19c>
100006ee:	4c5b      	ldr	r4, [pc, #364]	@ (1000085c <irq_add_shared_handler+0x1a4>)
100006f0:	eb08 0748 	add.w	r7, r8, r8, lsl #1
100006f4:	eb04 0587 	add.w	r5, r4, r7, lsl #2
100006f8:	79ae      	ldrb	r6, [r5, #6]
100006fa:	3010      	adds	r0, #16
100006fc:	700e      	strb	r6, [r1, #0]
100006fe:	4958      	ldr	r1, [pc, #352]	@ (10000860 <irq_add_shared_handler+0x1a8>)
10000700:	ea4f 0648 	mov.w	r6, r8, lsl #1
10000704:	6889      	ldr	r1, [r1, #8]
10000706:	9600      	str	r6, [sp, #0]
10000708:	f851 1020 	ldr.w	r1, [r1, r0, lsl #2]
1000070c:	00bf      	lsls	r7, r7, #2
1000070e:	1b0e      	subs	r6, r1, r4
10000710:	2e47      	cmp	r6, #71	@ 0x47
10000712:	d834      	bhi.n	1000077e <irq_add_shared_handler+0xc6>
10000714:	f021 0e01 	bic.w	lr, r1, #1
10000718:	f89e 6007 	ldrb.w	r6, [lr, #7]
1000071c:	4296      	cmp	r6, r2
1000071e:	d809      	bhi.n	10000734 <irq_add_shared_handler+0x7c>
10000720:	e071      	b.n	10000806 <irq_add_shared_handler+0x14e>
10000722:	eb0c 064c 	add.w	r6, ip, ip, lsl #1
10000726:	eb04 0686 	add.w	r6, r4, r6, lsl #2
1000072a:	f896 b007 	ldrb.w	fp, [r6, #7]
1000072e:	4593      	cmp	fp, r2
10000730:	d94e      	bls.n	100007d0 <irq_add_shared_handler+0x118>
10000732:	46b6      	mov	lr, r6
10000734:	f99e c006 	ldrsb.w	ip, [lr, #6]
10000738:	f1bc 0f00 	cmp.w	ip, #0
1000073c:	daf1      	bge.n	10000722 <irq_add_shared_handler+0x6a>
1000073e:	f64b 5601 	movw	r6, #48385	@ 0xbd01
10000742:	f10e 0b04 	add.w	fp, lr, #4
10000746:	3d04      	subs	r5, #4
10000748:	eba5 050b 	sub.w	r5, r5, fp
1000074c:	f3c5 054a 	ubfx	r5, r5, #1, #11
10000750:	ea6f 45c5 	mvn.w	r5, r5, lsl #19
10000754:	9f00      	ldr	r7, [sp, #0]
10000756:	ea6f 45d5 	mvn.w	r5, r5, lsr #19
1000075a:	4447      	add	r7, r8
1000075c:	46bb      	mov	fp, r7
1000075e:	f88e 8006 	strb.w	r8, [lr, #6]
10000762:	f8df 8108 	ldr.w	r8, [pc, #264]	@ 1000086c <irq_add_shared_handler+0x1b4>
10000766:	eb04 0787 	add.w	r7, r4, r7, lsl #2
1000076a:	f8ae 5004 	strh.w	r5, [lr, #4]
1000076e:	f844 802b 	str.w	r8, [r4, fp, lsl #2]
10000772:	80be      	strh	r6, [r7, #4]
10000774:	f887 c006 	strb.w	ip, [r7, #6]
10000778:	71fa      	strb	r2, [r7, #7]
1000077a:	60bb      	str	r3, [r7, #8]
1000077c:	e01a      	b.n	100007b4 <irq_add_shared_handler+0xfc>
1000077e:	4e39      	ldr	r6, [pc, #228]	@ (10000864 <irq_add_shared_handler+0x1ac>)
10000780:	42b1      	cmp	r1, r6
10000782:	d167      	bne.n	10000854 <irq_add_shared_handler+0x19c>
10000784:	60ab      	str	r3, [r5, #8]
10000786:	4b38      	ldr	r3, [pc, #224]	@ (10000868 <irq_add_shared_handler+0x1b0>)
10000788:	71ea      	strb	r2, [r5, #7]
1000078a:	1cba      	adds	r2, r7, #2
1000078c:	4422      	add	r2, r4
1000078e:	3b04      	subs	r3, #4
10000790:	1a9b      	subs	r3, r3, r2
10000792:	f3c3 034a 	ubfx	r3, r3, #1, #11
10000796:	ea6f 43c3 	mvn.w	r3, r3, lsl #19
1000079a:	f44f 4221 	mov.w	r2, #41216	@ 0xa100
1000079e:	ea6f 43d3 	mvn.w	r3, r3, lsr #19
100007a2:	53e2      	strh	r2, [r4, r7]
100007a4:	806b      	strh	r3, [r5, #2]
100007a6:	22ff      	movs	r2, #255	@ 0xff
100007a8:	f64b 5301 	movw	r3, #48385	@ 0xbd01
100007ac:	71aa      	strb	r2, [r5, #6]
100007ae:	80ab      	strh	r3, [r5, #4]
100007b0:	f045 0101 	orr.w	r1, r5, #1
100007b4:	4b2a      	ldr	r3, [pc, #168]	@ (10000860 <irq_add_shared_handler+0x1a8>)
100007b6:	689b      	ldr	r3, [r3, #8]
100007b8:	f843 1020 	str.w	r1, [r3, r0, lsl #2]
100007bc:	f3bf 8f5f 	dmb	sy
100007c0:	2300      	movs	r3, #0
100007c2:	e8c9 3f8f 	stlb	r3, [r9]
100007c6:	f38a 8810 	msr	PRIMASK, sl
100007ca:	b003      	add	sp, #12
100007cc:	e8bd 8ff0 	ldmia.w	sp!, {r4, r5, r6, r7, r8, r9, sl, fp, pc}
100007d0:	46f3      	mov	fp, lr
100007d2:	f83b 6f04 	ldrh.w	r6, [fp, #4]!
100007d6:	0576      	lsls	r6, r6, #21
100007d8:	d40f      	bmi.n	100007fa <irq_add_shared_handler+0x142>
100007da:	1576      	asrs	r6, r6, #21
100007dc:	3602      	adds	r6, #2
100007de:	eb0b 0646 	add.w	r6, fp, r6, lsl #1
100007e2:	9601      	str	r6, [sp, #4]
100007e4:	f06f 0607 	mvn.w	r6, #7
100007e8:	1bf6      	subs	r6, r6, r7
100007ea:	9f01      	ldr	r7, [sp, #4]
100007ec:	1b36      	subs	r6, r6, r4
100007ee:	443e      	add	r6, r7
100007f0:	f3c6 064a 	ubfx	r6, r6, #1, #11
100007f4:	f446 4660 	orr.w	r6, r6, #57344	@ 0xe000
100007f8:	e7a5      	b.n	10000746 <irq_add_shared_handler+0x8e>
100007fa:	f506 16ff 	add.w	r6, r6, #2088960	@ 0x1fe000
100007fe:	f506 56ff 	add.w	r6, r6, #8160	@ 0x1fe0
10000802:	361f      	adds	r6, #31
10000804:	e7e9      	b.n	100007da <irq_add_shared_handler+0x122>
10000806:	60ab      	str	r3, [r5, #8]
10000808:	f06f 0307 	mvn.w	r3, #7
1000080c:	71ea      	strb	r2, [r5, #7]
1000080e:	f44f 4221 	mov.w	r2, #41216	@ 0xa100
10000812:	1bdb      	subs	r3, r3, r7
10000814:	1b1b      	subs	r3, r3, r4
10000816:	4473      	add	r3, lr
10000818:	f3c3 064a 	ubfx	r6, r3, #1, #11
1000081c:	4b12      	ldr	r3, [pc, #72]	@ (10000868 <irq_add_shared_handler+0x1b0>)
1000081e:	53e2      	strh	r2, [r4, r7]
10000820:	3702      	adds	r7, #2
10000822:	4427      	add	r7, r4
10000824:	3b04      	subs	r3, #4
10000826:	1bdb      	subs	r3, r3, r7
10000828:	f5a2 4241 	sub.w	r2, r2, #49408	@ 0xc100
1000082c:	f3c3 034a 	ubfx	r3, r3, #1, #11
10000830:	4313      	orrs	r3, r2
10000832:	4332      	orrs	r2, r6
10000834:	80aa      	strh	r2, [r5, #4]
10000836:	4a0d      	ldr	r2, [pc, #52]	@ (1000086c <irq_add_shared_handler+0x1b4>)
10000838:	806b      	strh	r3, [r5, #2]
1000083a:	f64a 21aa 	movw	r1, #43690	@ 0xaaaa
1000083e:	4673      	mov	r3, lr
10000840:	1b1b      	subs	r3, r3, r4
10000842:	415b      	adcs	r3, r3
10000844:	4359      	muls	r1, r3
10000846:	0d09      	lsrs	r1, r1, #20
10000848:	71a9      	strb	r1, [r5, #6]
1000084a:	f8ce 2000 	str.w	r2, [lr]
1000084e:	f045 0101 	orr.w	r1, r5, #1
10000852:	e7af      	b.n	100007b4 <irq_add_shared_handler+0xfc>
10000854:	f000 ff7e 	bl	10001754 <hard_assertion_failure>
10000858:	20002110 	.word	0x20002110
1000085c:	2000100c 	.word	0x2000100c
10000860:	e000ed00 	.word	0xe000ed00
10000864:	10000111 	.word	0x10000111
10000868:	20001054 	.word	0x20001054
1000086c:	47804801 	.word	0x47804801
10000870:	20001add 	.word	0x20001add

10000874 <irq_add_tail_to_free_list>:
10000874:	b5f0      	push	{r4, r5, r6, r7, lr}
10000876:	f3ef 8505 	mrs	r5, IPSR
1000087a:	b2ed      	uxtb	r5, r5
1000087c:	f3ef 8c10 	mrs	ip, PRIMASK
10000880:	b672      	cpsid	i
10000882:	492c      	ldr	r1, [pc, #176]	@ (10000934 <irq_add_tail_to_free_list+0xc0>)
10000884:	e8d1 2fcf 	ldaexb	r2, [r1]
10000888:	2301      	movs	r3, #1
1000088a:	2a00      	cmp	r2, #0
1000088c:	d1fa      	bne.n	10000884 <irq_add_tail_to_free_list+0x10>
1000088e:	e8c1 3f42 	strexb	r2, r3, [r1]
10000892:	2a00      	cmp	r2, #0
10000894:	d1f6      	bne.n	10000884 <irq_add_tail_to_free_list+0x10>
10000896:	f3bf 8f5f 	dmb	sy
1000089a:	4e27      	ldr	r6, [pc, #156]	@ (10000938 <irq_add_tail_to_free_list+0xc4>)
1000089c:	f040 0e01 	orr.w	lr, r0, #1
100008a0:	68b4      	ldr	r4, [r6, #8]
100008a2:	f64a 23aa 	movw	r3, #43690	@ 0xaaaa
100008a6:	f854 7025 	ldr.w	r7, [r4, r5, lsl #2]
100008aa:	4a24      	ldr	r2, [pc, #144]	@ (1000093c <irq_add_tail_to_free_list+0xc8>)
100008ac:	4604      	mov	r4, r0
100008ae:	1aa4      	subs	r4, r4, r2
100008b0:	4164      	adcs	r4, r4
100008b2:	4363      	muls	r3, r4
100008b4:	0d1b      	lsrs	r3, r3, #20
100008b6:	4577      	cmp	r7, lr
100008b8:	b25b      	sxtb	r3, r3
100008ba:	d023      	beq.n	10000904 <irq_add_tail_to_free_list+0x90>
100008bc:	f992 4006 	ldrsb.w	r4, [r2, #6]
100008c0:	429c      	cmp	r4, r3
100008c2:	d024      	beq.n	1000090e <irq_add_tail_to_free_list+0x9a>
100008c4:	f992 4012 	ldrsb.w	r4, [r2, #18]
100008c8:	429c      	cmp	r4, r3
100008ca:	d02b      	beq.n	10000924 <irq_add_tail_to_free_list+0xb0>
100008cc:	f992 401e 	ldrsb.w	r4, [r2, #30]
100008d0:	429c      	cmp	r4, r3
100008d2:	d029      	beq.n	10000928 <irq_add_tail_to_free_list+0xb4>
100008d4:	f992 402a 	ldrsb.w	r4, [r2, #42]	@ 0x2a
100008d8:	429c      	cmp	r4, r3
100008da:	d027      	beq.n	1000092c <irq_add_tail_to_free_list+0xb8>
100008dc:	f992 4036 	ldrsb.w	r4, [r2, #54]	@ 0x36
100008e0:	429c      	cmp	r4, r3
100008e2:	d025      	beq.n	10000930 <irq_add_tail_to_free_list+0xbc>
100008e4:	f992 4042 	ldrsb.w	r4, [r2, #66]	@ 0x42
100008e8:	429c      	cmp	r4, r3
100008ea:	bf08      	it	eq
100008ec:	2405      	moveq	r4, #5
100008ee:	d00f      	beq.n	10000910 <irq_add_tail_to_free_list+0x9c>
100008f0:	4a13      	ldr	r2, [pc, #76]	@ (10000940 <irq_add_tail_to_free_list+0xcc>)
100008f2:	2400      	movs	r4, #0
100008f4:	7815      	ldrb	r5, [r2, #0]
100008f6:	7013      	strb	r3, [r2, #0]
100008f8:	7185      	strb	r5, [r0, #6]
100008fa:	e8c1 4f8f 	stlb	r4, [r1]
100008fe:	f38c 8810 	msr	PRIMASK, ip
10000902:	bdf0      	pop	{r4, r5, r6, r7, pc}
10000904:	68b2      	ldr	r2, [r6, #8]
10000906:	4c0f      	ldr	r4, [pc, #60]	@ (10000944 <irq_add_tail_to_free_list+0xd0>)
10000908:	f842 4025 	str.w	r4, [r2, r5, lsl #2]
1000090c:	e7f0      	b.n	100008f0 <irq_add_tail_to_free_list+0x7c>
1000090e:	2400      	movs	r4, #0
10000910:	eb04 0444 	add.w	r4, r4, r4, lsl #1
10000914:	eb02 0284 	add.w	r2, r2, r4, lsl #2
10000918:	24ff      	movs	r4, #255	@ 0xff
1000091a:	7194      	strb	r4, [r2, #6]
1000091c:	f64b 5401 	movw	r4, #48385	@ 0xbd01
10000920:	8094      	strh	r4, [r2, #4]
10000922:	e7e5      	b.n	100008f0 <irq_add_tail_to_free_list+0x7c>
10000924:	2401      	movs	r4, #1
10000926:	e7f3      	b.n	10000910 <irq_add_tail_to_free_list+0x9c>
10000928:	2402      	movs	r4, #2
1000092a:	e7f1      	b.n	10000910 <irq_add_tail_to_free_list+0x9c>
1000092c:	2403      	movs	r4, #3
1000092e:	e7ef      	b.n	10000910 <irq_add_tail_to_free_list+0x9c>
10000930:	2404      	movs	r4, #4
10000932:	e7ed      	b.n	10000910 <irq_add_tail_to_free_list+0x9c>
10000934:	20001add 	.word	0x20001add
10000938:	e000ed00 	.word	0xe000ed00
1000093c:	2000100c 	.word	0x2000100c
10000940:	20002110 	.word	0x20002110
10000944:	10000111 	.word	0x10000111

10000948 <user_irq_claim_unused>:
10000948:	b510      	push	{r4, lr}
1000094a:	4c07      	ldr	r4, [pc, #28]	@ (10000968 <user_irq_claim_unused+0x20>)
1000094c:	b082      	sub	sp, #8
1000094e:	4601      	mov	r1, r0
10000950:	2305      	movs	r3, #5
10000952:	2200      	movs	r2, #0
10000954:	9400      	str	r4, [sp, #0]
10000956:	4805      	ldr	r0, [pc, #20]	@ (1000096c <user_irq_claim_unused+0x24>)
10000958:	f7ff fdae 	bl	100004b8 <hw_claim_unused_from_range>
1000095c:	2800      	cmp	r0, #0
1000095e:	bfa8      	it	ge
10000960:	f1c0 0033 	rsbge	r0, r0, #51	@ 0x33
10000964:	b002      	add	sp, #8
10000966:	bd10      	pop	{r4, pc}
10000968:	10004cd8 	.word	0x10004cd8
1000096c:	20002115 	.word	0x20002115

10000970 <lock_init>:
10000970:	4b01      	ldr	r3, [pc, #4]	@ (10000978 <lock_init+0x8>)
10000972:	440b      	add	r3, r1
10000974:	6003      	str	r3, [r0, #0]
10000976:	4770      	bx	lr
10000978:	20001ad4 	.word	0x20001ad4

1000097c <runtime_init_mutex>:
1000097c:	b570      	push	{r4, r5, r6, lr}
1000097e:	4c10      	ldr	r4, [pc, #64]	@ (100009c0 <runtime_init_mutex+0x44>)
10000980:	4d10      	ldr	r5, [pc, #64]	@ (100009c4 <runtime_init_mutex+0x48>)
10000982:	42ac      	cmp	r4, r5
10000984:	d20e      	bcs.n	100009a4 <runtime_init_mutex+0x28>
10000986:	26ff      	movs	r6, #255	@ 0xff
10000988:	6823      	ldr	r3, [r4, #0]
1000098a:	b163      	cbz	r3, 100009a6 <runtime_init_mutex+0x2a>
1000098c:	f7ff fdd4 	bl	10000538 <next_striped_spin_lock_num>
10000990:	4601      	mov	r1, r0
10000992:	4620      	mov	r0, r4
10000994:	f7ff ffec 	bl	10000970 <lock_init>
10000998:	80a6      	strh	r6, [r4, #4]
1000099a:	f3bf 8f5f 	dmb	sy
1000099e:	3408      	adds	r4, #8
100009a0:	42ac      	cmp	r4, r5
100009a2:	d3f1      	bcc.n	10000988 <runtime_init_mutex+0xc>
100009a4:	bd70      	pop	{r4, r5, r6, pc}
100009a6:	f7ff fdc7 	bl	10000538 <next_striped_spin_lock_num>
100009aa:	4601      	mov	r1, r0
100009ac:	4620      	mov	r0, r4
100009ae:	f7ff ffdf 	bl	10000970 <lock_init>
100009b2:	7126      	strb	r6, [r4, #4]
100009b4:	f3bf 8f5f 	dmb	sy
100009b8:	3408      	adds	r4, #8
100009ba:	42ac      	cmp	r4, r5
100009bc:	d3e4      	bcc.n	10000988 <runtime_init_mutex+0xc>
100009be:	bd70      	pop	{r4, r5, r6, pc}
100009c0:	20001620 	.word	0x20001620
100009c4:	20001630 	.word	0x20001630

100009c8 <mutex_init>:
100009c8:	b510      	push	{r4, lr}
100009ca:	4604      	mov	r4, r0
100009cc:	f7ff fdb4 	bl	10000538 <next_striped_spin_lock_num>
100009d0:	4601      	mov	r1, r0
100009d2:	4620      	mov	r0, r4
100009d4:	f7ff ffcc 	bl	10000970 <lock_init>
100009d8:	23ff      	movs	r3, #255	@ 0xff
100009da:	7123      	strb	r3, [r4, #4]
100009dc:	f3bf 8f5f 	dmb	sy
100009e0:	bd10      	pop	{r4, pc}
100009e2:	bf00      	nop

100009e4 <critical_section_init>:
100009e4:	b510      	push	{r4, lr}
100009e6:	4604      	mov	r4, r0
100009e8:	2001      	movs	r0, #1
100009ea:	f7ff fdb1 	bl	10000550 <spin_lock_claim_unused>
100009ee:	4b03      	ldr	r3, [pc, #12]	@ (100009fc <critical_section_init+0x18>)
100009f0:	4403      	add	r3, r0
100009f2:	6023      	str	r3, [r4, #0]
100009f4:	f3bf 8f5f 	dmb	sy
100009f8:	bd10      	pop	{r4, pc}
100009fa:	bf00      	nop
100009fc:	20001ad4 	.word	0x20001ad4

10000a00 <critical_section_init_with_lock_num>:
10000a00:	4b02      	ldr	r3, [pc, #8]	@ (10000a0c <critical_section_init_with_lock_num+0xc>)
10000a02:	440b      	add	r3, r1
10000a04:	6003      	str	r3, [r0, #0]
10000a06:	f3bf 8f5f 	dmb	sy
10000a0a:	4770      	bx	lr
10000a0c:	20001ad4 	.word	0x20001ad4

10000a10 <sleep_until_callback>:
10000a10:	4910      	ldr	r1, [pc, #64]	@ (10000a54 <sleep_until_callback+0x44>)
10000a12:	680b      	ldr	r3, [r1, #0]
10000a14:	f3ef 8010 	mrs	r0, PRIMASK
10000a18:	b672      	cpsid	i
10000a1a:	e8d3 cfcf 	ldaexb	ip, [r3]
10000a1e:	2201      	movs	r2, #1
10000a20:	f1bc 0f00 	cmp.w	ip, #0
10000a24:	d1f9      	bne.n	10000a1a <sleep_until_callback+0xa>
10000a26:	e8c3 2f4c 	strexb	ip, r2, [r3]
10000a2a:	f1bc 0f00 	cmp.w	ip, #0
10000a2e:	d1f4      	bne.n	10000a1a <sleep_until_callback+0xa>
10000a30:	f3bf 8f5f 	dmb	sy
10000a34:	4a08      	ldr	r2, [pc, #32]	@ (10000a58 <sleep_until_callback+0x48>)
10000a36:	f04f 0c00 	mov.w	ip, #0
10000a3a:	7813      	ldrb	r3, [r2, #0]
10000a3c:	6809      	ldr	r1, [r1, #0]
10000a3e:	3301      	adds	r3, #1
10000a40:	b2db      	uxtb	r3, r3
10000a42:	7013      	strb	r3, [r2, #0]
10000a44:	e8c1 cf8f 	stlb	ip, [r1]
10000a48:	f380 8810 	msr	PRIMASK, r0
10000a4c:	bf40      	sev
10000a4e:	2000      	movs	r0, #0
10000a50:	2100      	movs	r1, #0
10000a52:	4770      	bx	lr
10000a54:	200020ec 	.word	0x200020ec
10000a58:	20002112 	.word	0x20002112
10000a5c:	00000000 	.word	0x00000000

10000a60 <alarm_pool_irq_handler>:
10000a60:	e92d 4ff0 	stmdb	sp!, {r4, r5, r6, r7, r8, r9, sl, fp, lr}
10000a64:	ed2d 8b02 	vpush	{d8}
10000a68:	b085      	sub	sp, #20
10000a6a:	f3ef 8305 	mrs	r3, IPSR
10000a6e:	b2db      	uxtb	r3, r3
10000a70:	3b10      	subs	r3, #16
10000a72:	089a      	lsrs	r2, r3, #2
10000a74:	bf18      	it	ne
10000a76:	2201      	movne	r2, #1
10000a78:	f04f 0101 	mov.w	r1, #1
10000a7c:	f003 0b03 	and.w	fp, r3, #3
10000a80:	bf18      	it	ne
10000a82:	4daf      	ldrne	r5, [pc, #700]	@ (10000d40 <alarm_pool_irq_handler+0x2e0>)
10000a84:	4baf      	ldr	r3, [pc, #700]	@ (10000d44 <alarm_pool_irq_handler+0x2e4>)
10000a86:	bf08      	it	eq
10000a88:	4daf      	ldreq	r5, [pc, #700]	@ (10000d48 <alarm_pool_irq_handler+0x2e8>)
10000a8a:	eb0b 0282 	add.w	r2, fp, r2, lsl #2
10000a8e:	f853 6022 	ldr.w	r6, [r3, r2, lsl #2]
10000a92:	fa01 f20b 	lsl.w	r2, r1, fp
10000a96:	f505 5341 	add.w	r3, r5, #12352	@ 0x3040
10000a9a:	ed9f 8ba7 	vldr	d8, [pc, #668]	@ 10000d38 <alarm_pool_irq_handler+0x2d8>
10000a9e:	9201      	str	r2, [sp, #4]
10000aa0:	605a      	str	r2, [r3, #4]
10000aa2:	e02f      	b.n	10000b04 <alarm_pool_irq_handler+0xa4>
10000aa4:	88b3      	ldrh	r3, [r6, #4]
10000aa6:	041c      	lsls	r4, r3, #16
10000aa8:	f140 8093 	bpl.w	10000bd2 <alarm_pool_irq_handler+0x172>
10000aac:	79b3      	ldrb	r3, [r6, #6]
10000aae:	2b00      	cmp	r3, #0
10000ab0:	f040 80dd 	bne.w	10000c6e <alarm_pool_irq_handler+0x20e>
10000ab4:	f9b6 2008 	ldrsh.w	r2, [r6, #8]
10000ab8:	2a00      	cmp	r2, #0
10000aba:	f2c0 811e 	blt.w	10000cfa <alarm_pool_irq_handler+0x29a>
10000abe:	6973      	ldr	r3, [r6, #20]
10000ac0:	eb02 0242 	add.w	r2, r2, r2, lsl #1
10000ac4:	eb03 03c2 	add.w	r3, r3, r2, lsl #3
10000ac8:	e9d3 4702 	ldrd	r4, r7, [r3, #8]
10000acc:	f1b7 3fff 	cmp.w	r7, #4294967295
10000ad0:	bf08      	it	eq
10000ad2:	f1b4 3fff 	cmpeq.w	r4, #4294967295
10000ad6:	d00e      	beq.n	10000af6 <alarm_pool_irq_handler+0x96>
10000ad8:	eb05 018b 	add.w	r1, r5, fp, lsl #2
10000adc:	6aab      	ldr	r3, [r5, #40]	@ 0x28
10000ade:	690a      	ldr	r2, [r1, #16]
10000ae0:	1ad2      	subs	r2, r2, r3
10000ae2:	1ae3      	subs	r3, r4, r3
10000ae4:	4293      	cmp	r3, r2
10000ae6:	d305      	bcc.n	10000af4 <alarm_pool_irq_handler+0x94>
10000ae8:	2301      	movs	r3, #1
10000aea:	6a2a      	ldr	r2, [r5, #32]
10000aec:	fa03 f30b 	lsl.w	r3, r3, fp
10000af0:	4213      	tst	r3, r2
10000af2:	d100      	bne.n	10000af6 <alarm_pool_irq_handler+0x96>
10000af4:	610c      	str	r4, [r1, #16]
10000af6:	4628      	mov	r0, r5
10000af8:	f000 fb48 	bl	1000118c <timer_time_us_64>
10000afc:	42a0      	cmp	r0, r4
10000afe:	41b9      	sbcs	r1, r7
10000b00:	f2c0 80fb 	blt.w	10000cfa <alarm_pool_irq_handler+0x29a>
10000b04:	f9b6 3008 	ldrsh.w	r3, [r6, #8]
10000b08:	9a01      	ldr	r2, [sp, #4]
10000b0a:	2b00      	cmp	r3, #0
10000b0c:	9300      	str	r3, [sp, #0]
10000b0e:	63ea      	str	r2, [r5, #60]	@ 0x3c
10000b10:	dbc8      	blt.n	10000aa4 <alarm_pool_irq_handler+0x44>
10000b12:	f8d6 8014 	ldr.w	r8, [r6, #20]
10000b16:	eb03 0943 	add.w	r9, r3, r3, lsl #1
10000b1a:	4628      	mov	r0, r5
10000b1c:	eb08 07c9 	add.w	r7, r8, r9, lsl #3
10000b20:	e9d7 4a02 	ldrd	r4, sl, [r7, #8]
10000b24:	f000 fb32 	bl	1000118c <timer_time_us_64>
10000b28:	42a0      	cmp	r0, r4
10000b2a:	eb71 010a 	sbcs.w	r1, r1, sl
10000b2e:	dbb9      	blt.n	10000aa4 <alarm_pool_irq_handler+0x44>
10000b30:	f1ba 0f00 	cmp.w	sl, #0
10000b34:	f2c0 80c3 	blt.w	10000cbe <alarm_pool_irq_handler+0x25e>
10000b38:	e9d7 3104 	ldrd	r3, r1, [r7, #16]
10000b3c:	4a83      	ldr	r2, [pc, #524]	@ (10000d4c <alarm_pool_irq_handler+0x2ec>)
10000b3e:	4293      	cmp	r3, r2
10000b40:	f000 80ed 	beq.w	10000d1e <alarm_pool_irq_handler+0x2be>
10000b44:	887a      	ldrh	r2, [r7, #2]
10000b46:	f9b6 0008 	ldrsh.w	r0, [r6, #8]
10000b4a:	b292      	uxth	r2, r2
10000b4c:	ea42 4000 	orr.w	r0, r2, r0, lsl #16
10000b50:	4798      	blx	r3
10000b52:	4602      	mov	r2, r0
10000b54:	460b      	mov	r3, r1
10000b56:	ea52 0103 	orrs.w	r1, r2, r3
10000b5a:	f000 80b0 	beq.w	10000cbe <alarm_pool_irq_handler+0x25e>
10000b5e:	2b00      	cmp	r3, #0
10000b60:	f280 80d1 	bge.w	10000d06 <alarm_pool_irq_handler+0x2a6>
10000b64:	ebb4 0e02 	subs.w	lr, r4, r2
10000b68:	eb6a 0a03 	sbc.w	sl, sl, r3
10000b6c:	f938 3039 	ldrsh.w	r3, [r8, r9, lsl #3]
10000b70:	e9c7 ea02 	strd	lr, sl, [r7, #8]
10000b74:	2b00      	cmp	r3, #0
10000b76:	db95      	blt.n	10000aa4 <alarm_pool_irq_handler+0x44>
10000b78:	6971      	ldr	r1, [r6, #20]
10000b7a:	eb03 0243 	add.w	r2, r3, r3, lsl #1
10000b7e:	eb01 02c2 	add.w	r2, r1, r2, lsl #3
10000b82:	e9d2 7002 	ldrd	r7, r0, [r2, #8]
10000b86:	45be      	cmp	lr, r7
10000b88:	eb7a 0c00 	sbcs.w	ip, sl, r0
10000b8c:	ea4f 0243 	mov.w	r2, r3, lsl #1
10000b90:	db88      	blt.n	10000aa4 <alarm_pool_irq_handler+0x44>
10000b92:	46b4      	mov	ip, r6
10000b94:	f82c 3f08 	strh.w	r3, [ip, #8]!
10000b98:	e006      	b.n	10000ba8 <alarm_pool_irq_handler+0x148>
10000b9a:	eb03 0043 	add.w	r0, r3, r3, lsl #1
10000b9e:	eb01 00c0 	add.w	r0, r1, r0, lsl #3
10000ba2:	005a      	lsls	r2, r3, #1
10000ba4:	e9d0 7002 	ldrd	r7, r0, [r0, #8]
10000ba8:	45be      	cmp	lr, r7
10000baa:	441a      	add	r2, r3
10000bac:	eb7a 0000 	sbcs.w	r0, sl, r0
10000bb0:	eb01 04c2 	add.w	r4, r1, r2, lsl #3
10000bb4:	db04      	blt.n	10000bc0 <alarm_pool_irq_handler+0x160>
10000bb6:	f931 3032 	ldrsh.w	r3, [r1, r2, lsl #3]
10000bba:	46a4      	mov	ip, r4
10000bbc:	2b00      	cmp	r3, #0
10000bbe:	daec      	bge.n	10000b9a <alarm_pool_irq_handler+0x13a>
10000bc0:	f828 3039 	strh.w	r3, [r8, r9, lsl #3]
10000bc4:	9b00      	ldr	r3, [sp, #0]
10000bc6:	f8ac 3000 	strh.w	r3, [ip]
10000bca:	88b3      	ldrh	r3, [r6, #4]
10000bcc:	041c      	lsls	r4, r3, #16
10000bce:	f53f af6d 	bmi.w	10000aac <alarm_pool_irq_handler+0x4c>
10000bd2:	6933      	ldr	r3, [r6, #16]
10000bd4:	f3ef 8210 	mrs	r2, PRIMASK
10000bd8:	b672      	cpsid	i
10000bda:	e8d3 0fcf 	ldaexb	r0, [r3]
10000bde:	2101      	movs	r1, #1
10000be0:	2800      	cmp	r0, #0
10000be2:	d1fa      	bne.n	10000bda <alarm_pool_irq_handler+0x17a>
10000be4:	e8c3 1f40 	strexb	r0, r1, [r3]
10000be8:	2800      	cmp	r0, #0
10000bea:	d1f6      	bne.n	10000bda <alarm_pool_irq_handler+0x17a>
10000bec:	f3bf 8f5f 	dmb	sy
10000bf0:	f64f 74ff 	movw	r4, #65535	@ 0xffff
10000bf4:	88b0      	ldrh	r0, [r6, #4]
10000bf6:	2300      	movs	r3, #0
10000bf8:	6931      	ldr	r1, [r6, #16]
10000bfa:	b200      	sxth	r0, r0
10000bfc:	80b4      	strh	r4, [r6, #4]
10000bfe:	e8c1 3f8f 	stlb	r3, [r1]
10000c02:	f382 8810 	msr	PRIMASK, r2
10000c06:	4298      	cmp	r0, r3
10000c08:	f6ff af50 	blt.w	10000aac <alarm_pool_irq_handler+0x4c>
10000c0c:	4607      	mov	r7, r0
10000c0e:	46a9      	mov	r9, r5
10000c10:	6974      	ldr	r4, [r6, #20]
10000c12:	f106 0808 	add.w	r8, r6, #8
10000c16:	eb07 0e47 	add.w	lr, r7, r7, lsl #1
10000c1a:	eb04 03ce 	add.w	r3, r4, lr, lsl #3
10000c1e:	e9d3 5002 	ldrd	r5, r0, [r3, #8]
10000c22:	f9b6 3008 	ldrsh.w	r3, [r6, #8]
10000c26:	46c4      	mov	ip, r8
10000c28:	2b00      	cmp	r3, #0
10000c2a:	db13      	blt.n	10000c54 <alarm_pool_irq_handler+0x1f4>
10000c2c:	46b2      	mov	sl, r6
10000c2e:	9700      	str	r7, [sp, #0]
10000c30:	e004      	b.n	10000c3c <alarm_pool_irq_handler+0x1dc>
10000c32:	f934 3036 	ldrsh.w	r3, [r4, r6, lsl #3]
10000c36:	4694      	mov	ip, r2
10000c38:	2b00      	cmp	r3, #0
10000c3a:	db09      	blt.n	10000c50 <alarm_pool_irq_handler+0x1f0>
10000c3c:	eb03 0643 	add.w	r6, r3, r3, lsl #1
10000c40:	eb04 02c6 	add.w	r2, r4, r6, lsl #3
10000c44:	e9d2 7102 	ldrd	r7, r1, [r2, #8]
10000c48:	42bd      	cmp	r5, r7
10000c4a:	eb70 0101 	sbcs.w	r1, r0, r1
10000c4e:	daf0      	bge.n	10000c32 <alarm_pool_irq_handler+0x1d2>
10000c50:	4656      	mov	r6, sl
10000c52:	9f00      	ldr	r7, [sp, #0]
10000c54:	f8ac 7000 	strh.w	r7, [ip]
10000c58:	f934 703e 	ldrsh.w	r7, [r4, lr, lsl #3]
10000c5c:	f824 303e 	strh.w	r3, [r4, lr, lsl #3]
10000c60:	2f00      	cmp	r7, #0
10000c62:	dad8      	bge.n	10000c16 <alarm_pool_irq_handler+0x1b6>
10000c64:	79b3      	ldrb	r3, [r6, #6]
10000c66:	464d      	mov	r5, r9
10000c68:	2b00      	cmp	r3, #0
10000c6a:	f43f af23 	beq.w	10000ab4 <alarm_pool_irq_handler+0x54>
10000c6e:	2300      	movs	r3, #0
10000c70:	71b3      	strb	r3, [r6, #6]
10000c72:	f9b6 3008 	ldrsh.w	r3, [r6, #8]
10000c76:	f106 0808 	add.w	r8, r6, #8
10000c7a:	1c58      	adds	r0, r3, #1
10000c7c:	d03d      	beq.n	10000cfa <alarm_pool_irq_handler+0x29a>
10000c7e:	461a      	mov	r2, r3
10000c80:	6977      	ldr	r7, [r6, #20]
10000c82:	e003      	b.n	10000c8c <alarm_pool_irq_handler+0x22c>
10000c84:	4680      	mov	r8, r0
10000c86:	1c59      	adds	r1, r3, #1
10000c88:	f43f af16 	beq.w	10000ab8 <alarm_pool_irq_handler+0x58>
10000c8c:	eb03 0143 	add.w	r1, r3, r3, lsl #1
10000c90:	eb07 00c1 	add.w	r0, r7, r1, lsl #3
10000c94:	f8b0 c002 	ldrh.w	ip, [r0, #2]
10000c98:	461c      	mov	r4, r3
10000c9a:	f41c 4f00 	tst.w	ip, #32768	@ 0x8000
10000c9e:	469e      	mov	lr, r3
10000ca0:	f937 3031 	ldrsh.w	r3, [r7, r1, lsl #3]
10000ca4:	d0ee      	beq.n	10000c84 <alarm_pool_irq_handler+0x224>
10000ca6:	4294      	cmp	r4, r2
10000ca8:	ed80 8b02 	vstr	d8, [r0, #8]
10000cac:	d005      	beq.n	10000cba <alarm_pool_irq_handler+0x25a>
10000cae:	f8a8 3000 	strh.w	r3, [r8]
10000cb2:	8932      	ldrh	r2, [r6, #8]
10000cb4:	f827 2031 	strh.w	r2, [r7, r1, lsl #3]
10000cb8:	8134      	strh	r4, [r6, #8]
10000cba:	4672      	mov	r2, lr
10000cbc:	e7e3      	b.n	10000c86 <alarm_pool_irq_handler+0x226>
10000cbe:	f838 3039 	ldrh.w	r3, [r8, r9, lsl #3]
10000cc2:	8133      	strh	r3, [r6, #8]
10000cc4:	6933      	ldr	r3, [r6, #16]
10000cc6:	f3ef 8210 	mrs	r2, PRIMASK
10000cca:	b672      	cpsid	i
10000ccc:	e8d3 0fcf 	ldaexb	r0, [r3]
10000cd0:	2101      	movs	r1, #1
10000cd2:	2800      	cmp	r0, #0
10000cd4:	d1fa      	bne.n	10000ccc <alarm_pool_irq_handler+0x26c>
10000cd6:	e8c3 1f40 	strexb	r0, r1, [r3]
10000cda:	2800      	cmp	r0, #0
10000cdc:	d1f6      	bne.n	10000ccc <alarm_pool_irq_handler+0x26c>
10000cde:	f3bf 8f5f 	dmb	sy
10000ce2:	8873      	ldrh	r3, [r6, #2]
10000ce4:	6931      	ldr	r1, [r6, #16]
10000ce6:	f828 3039 	strh.w	r3, [r8, r9, lsl #3]
10000cea:	9b00      	ldr	r3, [sp, #0]
10000cec:	8073      	strh	r3, [r6, #2]
10000cee:	2300      	movs	r3, #0
10000cf0:	e8c1 3f8f 	stlb	r3, [r1]
10000cf4:	f382 8810 	msr	PRIMASK, r2
10000cf8:	e6d4      	b.n	10000aa4 <alarm_pool_irq_handler+0x44>
10000cfa:	bf40      	sev
10000cfc:	b005      	add	sp, #20
10000cfe:	ecbd 8b02 	vpop	{d8}
10000d02:	e8bd 8ff0 	ldmia.w	sp!, {r4, r5, r6, r7, r8, r9, sl, fp, pc}
10000d06:	4628      	mov	r0, r5
10000d08:	e9cd 2302 	strd	r2, r3, [sp, #8]
10000d0c:	f000 fa3e 	bl	1000118c <timer_time_us_64>
10000d10:	9a02      	ldr	r2, [sp, #8]
10000d12:	9b03      	ldr	r3, [sp, #12]
10000d14:	eb10 0e02 	adds.w	lr, r0, r2
10000d18:	eb43 0a01 	adc.w	sl, r3, r1
10000d1c:	e726      	b.n	10000b6c <alarm_pool_irq_handler+0x10c>
10000d1e:	4608      	mov	r0, r1
10000d20:	690b      	ldr	r3, [r1, #16]
10000d22:	9102      	str	r1, [sp, #8]
10000d24:	4798      	blx	r3
10000d26:	2800      	cmp	r0, #0
10000d28:	d0c9      	beq.n	10000cbe <alarm_pool_irq_handler+0x25e>
10000d2a:	9902      	ldr	r1, [sp, #8]
10000d2c:	e9d1 2300 	ldrd	r2, r3, [r1]
10000d30:	e711      	b.n	10000b56 <alarm_pool_irq_handler+0xf6>
10000d32:	bf00      	nop
10000d34:	f3af 8000 	nop.w
10000d38:	ffffffff 	.word	0xffffffff
10000d3c:	ffffffff 	.word	0xffffffff
10000d40:	400b8000 	.word	0x400b8000
10000d44:	200020b4 	.word	0x200020b4
10000d48:	400b0000 	.word	0x400b0000
10000d4c:	10000a61 	.word	0x10000a61

10000d50 <runtime_init_default_alarm_pool>:
10000d50:	e92d 4ff8 	stmdb	sp!, {r3, r4, r5, r6, r7, r8, r9, sl, fp, lr}
10000d54:	4c36      	ldr	r4, [pc, #216]	@ (10000e30 <runtime_init_default_alarm_pool+0xe0>)
10000d56:	6925      	ldr	r5, [r4, #16]
10000d58:	b12d      	cbz	r5, 10000d66 <runtime_init_default_alarm_pool+0x16>
10000d5a:	e8bd 4ff8 	ldmia.w	sp!, {r3, r4, r5, r6, r7, r8, r9, sl, fp, lr}
10000d5e:	210a      	movs	r1, #10
10000d60:	4834      	ldr	r0, [pc, #208]	@ (10000e34 <runtime_init_default_alarm_pool+0xe4>)
10000d62:	f7ff be05 	b.w	10000970 <lock_init>
10000d66:	f8df 80e4 	ldr.w	r8, [pc, #228]	@ 10000e4c <runtime_init_default_alarm_pool+0xfc>
10000d6a:	2103      	movs	r1, #3
10000d6c:	4640      	mov	r0, r8
10000d6e:	f000 f9fb 	bl	10001168 <timer_hardware_alarm_claim>
10000d72:	2603      	movs	r6, #3
10000d74:	f8c4 800c 	str.w	r8, [r4, #12]
10000d78:	f7ff fbde 	bl	10000538 <next_striped_spin_lock_num>
10000d7c:	f04f 4c50 	mov.w	ip, #3489660928	@ 0xd0000000
10000d80:	4b2d      	ldr	r3, [pc, #180]	@ (10000e38 <runtime_init_default_alarm_pool+0xe8>)
10000d82:	7026      	strb	r6, [r4, #0]
10000d84:	4403      	add	r3, r0
10000d86:	6123      	str	r3, [r4, #16]
10000d88:	f8dc 3000 	ldr.w	r3, [ip]
10000d8c:	210f      	movs	r1, #15
10000d8e:	7063      	strb	r3, [r4, #1]
10000d90:	6963      	ldr	r3, [r4, #20]
10000d92:	8061      	strh	r1, [r4, #2]
10000d94:	831d      	strh	r5, [r3, #24]
10000d96:	f04f 0504 	mov.w	r5, #4
10000d9a:	f8a3 5078 	strh.w	r5, [r3, #120]	@ 0x78
10000d9e:	f04f 0505 	mov.w	r5, #5
10000da2:	f8a3 5090 	strh.w	r5, [r3, #144]	@ 0x90
10000da6:	f04f 0506 	mov.w	r5, #6
10000daa:	f8a3 50a8 	strh.w	r5, [r3, #168]	@ 0xa8
10000dae:	f04f 0507 	mov.w	r5, #7
10000db2:	210e      	movs	r1, #14
10000db4:	f64f 72ff 	movw	r2, #65535	@ 0xffff
10000db8:	2708      	movs	r7, #8
10000dba:	f04f 0e0a 	mov.w	lr, #10
10000dbe:	f8a3 50c0 	strh.w	r5, [r3, #192]	@ 0xc0
10000dc2:	f04f 0901 	mov.w	r9, #1
10000dc6:	f04f 0c0c 	mov.w	ip, #12
10000dca:	f04f 0b02 	mov.w	fp, #2
10000dce:	f04f 0a09 	mov.w	sl, #9
10000dd2:	200d      	movs	r0, #13
10000dd4:	f04f 050b 	mov.w	r5, #11
10000dd8:	f8a3 1168 	strh.w	r1, [r3, #360]	@ 0x168
10000ddc:	4917      	ldr	r1, [pc, #92]	@ (10000e3c <runtime_init_default_alarm_pool+0xec>)
10000dde:	80a2      	strh	r2, [r4, #4]
10000de0:	f8a3 e108 	strh.w	lr, [r3, #264]	@ 0x108
10000de4:	60a1      	str	r1, [r4, #8]
10000de6:	f8a3 b048 	strh.w	fp, [r3, #72]	@ 0x48
10000dea:	f8a3 a0f0 	strh.w	sl, [r3, #240]	@ 0xf0
10000dee:	f8a3 5120 	strh.w	r5, [r3, #288]	@ 0x120
10000df2:	f8a3 c138 	strh.w	ip, [r3, #312]	@ 0x138
10000df6:	f8a3 0150 	strh.w	r0, [r3, #336]	@ 0x150
10000dfa:	f8a3 9030 	strh.w	r9, [r3, #48]	@ 0x30
10000dfe:	f8a3 6060 	strh.w	r6, [r3, #96]	@ 0x60
10000e02:	f8a3 70d8 	strh.w	r7, [r3, #216]	@ 0xd8
10000e06:	801a      	strh	r2, [r3, #0]
10000e08:	4b0d      	ldr	r3, [pc, #52]	@ (10000e40 <runtime_init_default_alarm_pool+0xf0>)
10000e0a:	4630      	mov	r0, r6
10000e0c:	f8c8 7020 	str.w	r7, [r8, #32]
10000e10:	490c      	ldr	r1, [pc, #48]	@ (10000e44 <runtime_init_default_alarm_pool+0xf4>)
10000e12:	60dc      	str	r4, [r3, #12]
10000e14:	f7ff fc22 	bl	1000065c <irq_set_exclusive_handler>
10000e18:	4649      	mov	r1, r9
10000e1a:	4630      	mov	r0, r6
10000e1c:	f7ff fbdc 	bl	100005d8 <irq_set_enabled>
10000e20:	4b09      	ldr	r3, [pc, #36]	@ (10000e48 <runtime_init_default_alarm_pool+0xf8>)
10000e22:	210a      	movs	r1, #10
10000e24:	641f      	str	r7, [r3, #64]	@ 0x40
10000e26:	4803      	ldr	r0, [pc, #12]	@ (10000e34 <runtime_init_default_alarm_pool+0xe4>)
10000e28:	e8bd 4ff8 	ldmia.w	sp!, {r3, r4, r5, r6, r7, r8, r9, sl, fp, lr}
10000e2c:	f7ff bda0 	b.w	10000970 <lock_init>
10000e30:	20001078 	.word	0x20001078
10000e34:	200020ec 	.word	0x200020ec
10000e38:	20001ad4 	.word	0x20001ad4
10000e3c:	0010ffff 	.word	0x0010ffff
10000e40:	200020b4 	.word	0x200020b4
10000e44:	10000a61 	.word	0x10000a61
10000e48:	400b2000 	.word	0x400b2000
10000e4c:	400b0000 	.word	0x400b0000

10000e50 <alarm_pool_get_default>:
10000e50:	4800      	ldr	r0, [pc, #0]	@ (10000e54 <alarm_pool_get_default+0x4>)
10000e52:	4770      	bx	lr
10000e54:	20001078 	.word	0x20001078

10000e58 <alarm_pool_add_alarm_at>:
10000e58:	b5f8      	push	{r3, r4, r5, r6, r7, lr}
10000e5a:	f89d 5020 	ldrb.w	r5, [sp, #32]
10000e5e:	4604      	mov	r4, r0
10000e60:	4617      	mov	r7, r2
10000e62:	461e      	mov	r6, r3
10000e64:	b935      	cbnz	r5, 10000e74 <alarm_pool_add_alarm_at+0x1c>
10000e66:	f000 f999 	bl	1000119c <time_us_64>
10000e6a:	4287      	cmp	r7, r0
10000e6c:	eb66 0101 	sbc.w	r1, r6, r1
10000e70:	2900      	cmp	r1, #0
10000e72:	db5c      	blt.n	10000f2e <alarm_pool_add_alarm_at+0xd6>
10000e74:	6921      	ldr	r1, [r4, #16]
10000e76:	f3ef 8310 	mrs	r3, PRIMASK
10000e7a:	b672      	cpsid	i
10000e7c:	e8d1 0fcf 	ldaexb	r0, [r1]
10000e80:	2201      	movs	r2, #1
10000e82:	2800      	cmp	r0, #0
10000e84:	d1fa      	bne.n	10000e7c <alarm_pool_add_alarm_at+0x24>
10000e86:	e8c1 2f40 	strexb	r0, r2, [r1]
10000e8a:	2800      	cmp	r0, #0
10000e8c:	d1f6      	bne.n	10000e7c <alarm_pool_add_alarm_at+0x24>
10000e8e:	f3bf 8f5f 	dmb	sy
10000e92:	f9b4 2002 	ldrsh.w	r2, [r4, #2]
10000e96:	6965      	ldr	r5, [r4, #20]
10000e98:	eb02 0142 	add.w	r1, r2, r2, lsl #1
10000e9c:	2a00      	cmp	r2, #0
10000e9e:	ea4f 0cc1 	mov.w	ip, r1, lsl #3
10000ea2:	6920      	ldr	r0, [r4, #16]
10000ea4:	eb05 01c1 	add.w	r1, r5, r1, lsl #3
10000ea8:	db39      	blt.n	10000f1e <alarm_pool_add_alarm_at+0xc6>
10000eaa:	f835 e00c 	ldrh.w	lr, [r5, ip]
10000eae:	f8a4 e002 	strh.w	lr, [r4, #2]
10000eb2:	f04f 0e00 	mov.w	lr, #0
10000eb6:	e8c0 ef8f 	stlb	lr, [r0]
10000eba:	f383 8810 	msr	PRIMASK, r3
10000ebe:	8848      	ldrh	r0, [r1, #2]
10000ec0:	9b06      	ldr	r3, [sp, #24]
10000ec2:	3001      	adds	r0, #1
10000ec4:	f3c0 000e 	ubfx	r0, r0, #0, #15
10000ec8:	2801      	cmp	r0, #1
10000eca:	bf38      	it	cc
10000ecc:	2001      	movcc	r0, #1
10000ece:	610b      	str	r3, [r1, #16]
10000ed0:	9b07      	ldr	r3, [sp, #28]
10000ed2:	8048      	strh	r0, [r1, #2]
10000ed4:	614b      	str	r3, [r1, #20]
10000ed6:	e9c1 7602 	strd	r7, r6, [r1, #8]
10000eda:	ea40 4002 	orr.w	r0, r0, r2, lsl #16
10000ede:	6923      	ldr	r3, [r4, #16]
10000ee0:	f3ef 8110 	mrs	r1, PRIMASK
10000ee4:	b672      	cpsid	i
10000ee6:	e8d3 7fcf 	ldaexb	r7, [r3]
10000eea:	2601      	movs	r6, #1
10000eec:	2f00      	cmp	r7, #0
10000eee:	d1fa      	bne.n	10000ee6 <alarm_pool_add_alarm_at+0x8e>
10000ef0:	e8c3 6f47 	strexb	r7, r6, [r3]
10000ef4:	2f00      	cmp	r7, #0
10000ef6:	d1f6      	bne.n	10000ee6 <alarm_pool_add_alarm_at+0x8e>
10000ef8:	f3bf 8f5f 	dmb	sy
10000efc:	88a3      	ldrh	r3, [r4, #4]
10000efe:	f825 300c 	strh.w	r3, [r5, ip]
10000f02:	80a2      	strh	r2, [r4, #4]
10000f04:	6923      	ldr	r3, [r4, #16]
10000f06:	e8c3 ef8f 	stlb	lr, [r3]
10000f0a:	f381 8810 	msr	PRIMASK, r1
10000f0e:	2201      	movs	r2, #1
10000f10:	68e3      	ldr	r3, [r4, #12]
10000f12:	7821      	ldrb	r1, [r4, #0]
10000f14:	f503 5301 	add.w	r3, r3, #8256	@ 0x2040
10000f18:	408a      	lsls	r2, r1
10000f1a:	605a      	str	r2, [r3, #4]
10000f1c:	bdf8      	pop	{r3, r4, r5, r6, r7, pc}
10000f1e:	2200      	movs	r2, #0
10000f20:	e8c0 2f8f 	stlb	r2, [r0]
10000f24:	f383 8810 	msr	PRIMASK, r3
10000f28:	f04f 30ff 	mov.w	r0, #4294967295
10000f2c:	bdf8      	pop	{r3, r4, r5, r6, r7, pc}
10000f2e:	4628      	mov	r0, r5
10000f30:	bdf8      	pop	{r3, r4, r5, r6, r7, pc}
10000f32:	bf00      	nop

10000f34 <alarm_pool_add_alarm_at_force_in_context>:
10000f34:	4601      	mov	r1, r0
10000f36:	b5f0      	push	{r4, r5, r6, r7, lr}
10000f38:	6900      	ldr	r0, [r0, #16]
10000f3a:	f3ef 8710 	mrs	r7, PRIMASK
10000f3e:	b672      	cpsid	i
10000f40:	e8d0 5fcf 	ldaexb	r5, [r0]
10000f44:	2401      	movs	r4, #1
10000f46:	2d00      	cmp	r5, #0
10000f48:	d1fa      	bne.n	10000f40 <alarm_pool_add_alarm_at_force_in_context+0xc>
10000f4a:	e8c0 4f45 	strexb	r5, r4, [r0]
10000f4e:	2d00      	cmp	r5, #0
10000f50:	d1f6      	bne.n	10000f40 <alarm_pool_add_alarm_at_force_in_context+0xc>
10000f52:	f3bf 8f5f 	dmb	sy
10000f56:	f9b1 e002 	ldrsh.w	lr, [r1, #2]
10000f5a:	694c      	ldr	r4, [r1, #20]
10000f5c:	eb0e 0c4e 	add.w	ip, lr, lr, lsl #1
10000f60:	f1be 0f00 	cmp.w	lr, #0
10000f64:	ea4f 05cc 	mov.w	r5, ip, lsl #3
10000f68:	6908      	ldr	r0, [r1, #16]
10000f6a:	eb04 0ccc 	add.w	ip, r4, ip, lsl #3
10000f6e:	db3c      	blt.n	10000fea <alarm_pool_add_alarm_at_force_in_context+0xb6>
10000f70:	5b66      	ldrh	r6, [r4, r5]
10000f72:	804e      	strh	r6, [r1, #2]
10000f74:	2600      	movs	r6, #0
10000f76:	e8c0 6f8f 	stlb	r6, [r0]
10000f7a:	f387 8810 	msr	PRIMASK, r7
10000f7e:	f8bc 0002 	ldrh.w	r0, [ip, #2]
10000f82:	e9cc 2302 	strd	r2, r3, [ip, #8]
10000f86:	3001      	adds	r0, #1
10000f88:	f3c0 000e 	ubfx	r0, r0, #0, #15
10000f8c:	2801      	cmp	r0, #1
10000f8e:	bf38      	it	cc
10000f90:	2001      	movcc	r0, #1
10000f92:	9b05      	ldr	r3, [sp, #20]
10000f94:	f8ac 0002 	strh.w	r0, [ip, #2]
10000f98:	f8cc 3010 	str.w	r3, [ip, #16]
10000f9c:	9b06      	ldr	r3, [sp, #24]
10000f9e:	ea40 400e 	orr.w	r0, r0, lr, lsl #16
10000fa2:	f8cc 3014 	str.w	r3, [ip, #20]
10000fa6:	690b      	ldr	r3, [r1, #16]
10000fa8:	f3ef 8210 	mrs	r2, PRIMASK
10000fac:	b672      	cpsid	i
10000fae:	e8d3 cfcf 	ldaexb	ip, [r3]
10000fb2:	2701      	movs	r7, #1
10000fb4:	f1bc 0f00 	cmp.w	ip, #0
10000fb8:	d1f9      	bne.n	10000fae <alarm_pool_add_alarm_at_force_in_context+0x7a>
10000fba:	e8c3 7f4c 	strexb	ip, r7, [r3]
10000fbe:	f1bc 0f00 	cmp.w	ip, #0
10000fc2:	d1f4      	bne.n	10000fae <alarm_pool_add_alarm_at_force_in_context+0x7a>
10000fc4:	f3bf 8f5f 	dmb	sy
10000fc8:	888b      	ldrh	r3, [r1, #4]
10000fca:	5363      	strh	r3, [r4, r5]
10000fcc:	f8a1 e004 	strh.w	lr, [r1, #4]
10000fd0:	690b      	ldr	r3, [r1, #16]
10000fd2:	e8c3 6f8f 	stlb	r6, [r3]
10000fd6:	f382 8810 	msr	PRIMASK, r2
10000fda:	2201      	movs	r2, #1
10000fdc:	68cb      	ldr	r3, [r1, #12]
10000fde:	7809      	ldrb	r1, [r1, #0]
10000fe0:	f503 5301 	add.w	r3, r3, #8256	@ 0x2040
10000fe4:	408a      	lsls	r2, r1
10000fe6:	605a      	str	r2, [r3, #4]
10000fe8:	bdf0      	pop	{r4, r5, r6, r7, pc}
10000fea:	2300      	movs	r3, #0
10000fec:	e8c0 3f8f 	stlb	r3, [r0]
10000ff0:	f387 8810 	msr	PRIMASK, r7
10000ff4:	f04f 30ff 	mov.w	r0, #4294967295
10000ff8:	bdf0      	pop	{r4, r5, r6, r7, pc}
10000ffa:	bf00      	nop

10000ffc <alarm_pool_cancel_alarm>:
10000ffc:	4603      	mov	r3, r0
10000ffe:	8940      	ldrh	r0, [r0, #10]
10001000:	ebb0 4f21 	cmp.w	r0, r1, asr #16
10001004:	dd37      	ble.n	10001076 <alarm_pool_cancel_alarm+0x7a>
10001006:	6958      	ldr	r0, [r3, #20]
10001008:	140a      	asrs	r2, r1, #16
1000100a:	eb02 0242 	add.w	r2, r2, r2, lsl #1
1000100e:	b510      	push	{r4, lr}
10001010:	eb00 00c2 	add.w	r0, r0, r2, lsl #3
10001014:	691c      	ldr	r4, [r3, #16]
10001016:	f3ef 8c10 	mrs	ip, PRIMASK
1000101a:	b672      	cpsid	i
1000101c:	e8d4 efcf 	ldaexb	lr, [r4]
10001020:	2201      	movs	r2, #1
10001022:	f1be 0f00 	cmp.w	lr, #0
10001026:	d1f9      	bne.n	1000101c <alarm_pool_cancel_alarm+0x20>
10001028:	e8c4 2f4e 	strexb	lr, r2, [r4]
1000102c:	f1be 0f00 	cmp.w	lr, #0
10001030:	d1f4      	bne.n	1000101c <alarm_pool_cancel_alarm+0x20>
10001032:	f3bf 8f5f 	dmb	sy
10001036:	8842      	ldrh	r2, [r0, #2]
10001038:	b289      	uxth	r1, r1
1000103a:	b292      	uxth	r2, r2
1000103c:	428a      	cmp	r2, r1
1000103e:	d007      	beq.n	10001050 <alarm_pool_cancel_alarm+0x54>
10001040:	2200      	movs	r2, #0
10001042:	691b      	ldr	r3, [r3, #16]
10001044:	e8c3 2f8f 	stlb	r2, [r3]
10001048:	f38c 8810 	msr	PRIMASK, ip
1000104c:	2000      	movs	r0, #0
1000104e:	bd10      	pop	{r4, pc}
10001050:	f442 4200 	orr.w	r2, r2, #32768	@ 0x8000
10001054:	8042      	strh	r2, [r0, #2]
10001056:	2101      	movs	r1, #1
10001058:	2200      	movs	r2, #0
1000105a:	6918      	ldr	r0, [r3, #16]
1000105c:	7199      	strb	r1, [r3, #6]
1000105e:	e8c0 2f8f 	stlb	r2, [r0]
10001062:	f38c 8810 	msr	PRIMASK, ip
10001066:	781c      	ldrb	r4, [r3, #0]
10001068:	68da      	ldr	r2, [r3, #12]
1000106a:	4608      	mov	r0, r1
1000106c:	f502 5301 	add.w	r3, r2, #8256	@ 0x2040
10001070:	40a1      	lsls	r1, r4
10001072:	6059      	str	r1, [r3, #4]
10001074:	bd10      	pop	{r4, pc}
10001076:	2000      	movs	r0, #0
10001078:	4770      	bx	lr
1000107a:	bf00      	nop

1000107c <alarm_pool_core_num>:
1000107c:	7840      	ldrb	r0, [r0, #1]
1000107e:	4770      	bx	lr

10001080 <best_effort_wfe_or_timeout>:
10001080:	e92d 47f0 	stmdb	sp!, {r4, r5, r6, r7, r8, r9, sl, lr}
10001084:	4605      	mov	r5, r0
10001086:	460c      	mov	r4, r1
10001088:	b082      	sub	sp, #8
1000108a:	f3ef 8705 	mrs	r7, IPSR
1000108e:	b2ff      	uxtb	r7, r7
10001090:	2f00      	cmp	r7, #0
10001092:	d138      	bne.n	10001106 <best_effort_wfe_or_timeout+0x86>
10001094:	4e30      	ldr	r6, [pc, #192]	@ (10001158 <best_effort_wfe_or_timeout+0xd8>)
10001096:	e9d6 2300 	ldrd	r2, r3, [r6]
1000109a:	428b      	cmp	r3, r1
1000109c:	bf08      	it	eq
1000109e:	4282      	cmpeq	r2, r0
100010a0:	d039      	beq.n	10001116 <best_effort_wfe_or_timeout+0x96>
100010a2:	f8df 80c0 	ldr.w	r8, [pc, #192]	@ 10001164 <best_effort_wfe_or_timeout+0xe4>
100010a6:	f8d8 a00c 	ldr.w	sl, [r8, #12]
100010aa:	f898 9000 	ldrb.w	r9, [r8]
100010ae:	4650      	mov	r0, sl
100010b0:	f000 f86c 	bl	1000118c <timer_time_us_64>
100010b4:	f109 0904 	add.w	r9, r9, #4
100010b8:	f85a 3029 	ldr.w	r3, [sl, r9, lsl #2]
100010bc:	1a1b      	subs	r3, r3, r0
100010be:	1a28      	subs	r0, r5, r0
100010c0:	eb64 0101 	sbc.w	r1, r4, r1
100010c4:	4298      	cmp	r0, r3
100010c6:	f171 0100 	sbcs.w	r1, r1, #0
100010ca:	da24      	bge.n	10001116 <best_effort_wfe_or_timeout+0x96>
100010cc:	f000 f866 	bl	1000119c <time_us_64>
100010d0:	4285      	cmp	r5, r0
100010d2:	eb64 0101 	sbc.w	r1, r4, r1
100010d6:	2900      	cmp	r1, #0
100010d8:	db2d      	blt.n	10001136 <best_effort_wfe_or_timeout+0xb6>
100010da:	4b20      	ldr	r3, [pc, #128]	@ (1000115c <best_effort_wfe_or_timeout+0xdc>)
100010dc:	4640      	mov	r0, r8
100010de:	9300      	str	r3, [sp, #0]
100010e0:	462a      	mov	r2, r5
100010e2:	4623      	mov	r3, r4
100010e4:	9701      	str	r7, [sp, #4]
100010e6:	f7ff ff25 	bl	10000f34 <alarm_pool_add_alarm_at_force_in_context>
100010ea:	1e01      	subs	r1, r0, #0
100010ec:	dd23      	ble.n	10001136 <best_effort_wfe_or_timeout+0xb6>
100010ee:	4b1c      	ldr	r3, [pc, #112]	@ (10001160 <best_effort_wfe_or_timeout+0xe0>)
100010f0:	e9c6 5400 	strd	r5, r4, [r6]
100010f4:	6a5a      	ldr	r2, [r3, #36]	@ 0x24
100010f6:	42a2      	cmp	r2, r4
100010f8:	d32c      	bcc.n	10001154 <best_effort_wfe_or_timeout+0xd4>
100010fa:	6a9b      	ldr	r3, [r3, #40]	@ 0x28
100010fc:	42ab      	cmp	r3, r5
100010fe:	d327      	bcc.n	10001150 <best_effort_wfe_or_timeout+0xd0>
10001100:	4818      	ldr	r0, [pc, #96]	@ (10001164 <best_effort_wfe_or_timeout+0xe4>)
10001102:	f7ff ff7b 	bl	10000ffc <alarm_pool_cancel_alarm>
10001106:	4b16      	ldr	r3, [pc, #88]	@ (10001160 <best_effort_wfe_or_timeout+0xe0>)
10001108:	6a5a      	ldr	r2, [r3, #36]	@ 0x24
1000110a:	42a2      	cmp	r2, r4
1000110c:	d208      	bcs.n	10001120 <best_effort_wfe_or_timeout+0xa0>
1000110e:	2000      	movs	r0, #0
10001110:	b002      	add	sp, #8
10001112:	e8bd 87f0 	ldmia.w	sp!, {r4, r5, r6, r7, r8, r9, sl, pc}
10001116:	bf20      	wfe
10001118:	4b11      	ldr	r3, [pc, #68]	@ (10001160 <best_effort_wfe_or_timeout+0xe0>)
1000111a:	6a5a      	ldr	r2, [r3, #36]	@ 0x24
1000111c:	42a2      	cmp	r2, r4
1000111e:	d3f6      	bcc.n	1000110e <best_effort_wfe_or_timeout+0x8e>
10001120:	bf14      	ite	ne
10001122:	2001      	movne	r0, #1
10001124:	2000      	moveq	r0, #0
10001126:	6a9b      	ldr	r3, [r3, #40]	@ 0x28
10001128:	42ab      	cmp	r3, r5
1000112a:	bf28      	it	cs
1000112c:	f040 0001 	orrcs.w	r0, r0, #1
10001130:	b002      	add	sp, #8
10001132:	e8bd 87f0 	ldmia.w	sp!, {r4, r5, r6, r7, r8, r9, sl, pc}
10001136:	4b0a      	ldr	r3, [pc, #40]	@ (10001160 <best_effort_wfe_or_timeout+0xe0>)
10001138:	6a58      	ldr	r0, [r3, #36]	@ 0x24
1000113a:	42a0      	cmp	r0, r4
1000113c:	d3e7      	bcc.n	1000110e <best_effort_wfe_or_timeout+0x8e>
1000113e:	1b00      	subs	r0, r0, r4
10001140:	bf18      	it	ne
10001142:	2001      	movne	r0, #1
10001144:	6a9b      	ldr	r3, [r3, #40]	@ 0x28
10001146:	42ab      	cmp	r3, r5
10001148:	bf28      	it	cs
1000114a:	f040 0001 	orrcs.w	r0, r0, #1
1000114e:	e7ef      	b.n	10001130 <best_effort_wfe_or_timeout+0xb0>
10001150:	42a2      	cmp	r2, r4
10001152:	d1d5      	bne.n	10001100 <best_effort_wfe_or_timeout+0x80>
10001154:	bf20      	wfe
10001156:	e7d3      	b.n	10001100 <best_effort_wfe_or_timeout+0x80>
10001158:	20001070 	.word	0x20001070
1000115c:	10000a11 	.word	0x10000a11
10001160:	400b0000 	.word	0x400b0000
10001164:	20001078 	.word	0x20001078

10001168 <timer_hardware_alarm_claim>:
10001168:	b410      	push	{r4}
1000116a:	4b05      	ldr	r3, [pc, #20]	@ (10001180 <timer_hardware_alarm_claim+0x18>)
1000116c:	4c05      	ldr	r4, [pc, #20]	@ (10001184 <timer_hardware_alarm_claim+0x1c>)
1000116e:	4a06      	ldr	r2, [pc, #24]	@ (10001188 <timer_hardware_alarm_claim+0x20>)
10001170:	42a0      	cmp	r0, r4
10001172:	bf14      	ite	ne
10001174:	4618      	movne	r0, r3
10001176:	1c58      	addeq	r0, r3, #1
10001178:	f85d 4b04 	ldr.w	r4, [sp], #4
1000117c:	f7ff b970 	b.w	10000460 <hw_claim_or_assert>
10001180:	20001c34 	.word	0x20001c34
10001184:	400b8000 	.word	0x400b8000
10001188:	10004cf4 	.word	0x10004cf4

1000118c <timer_time_us_64>:
1000118c:	4603      	mov	r3, r0
1000118e:	6a41      	ldr	r1, [r0, #36]	@ 0x24
10001190:	460a      	mov	r2, r1
10001192:	6a98      	ldr	r0, [r3, #40]	@ 0x28
10001194:	6a59      	ldr	r1, [r3, #36]	@ 0x24
10001196:	428a      	cmp	r2, r1
10001198:	d1fa      	bne.n	10001190 <timer_time_us_64+0x4>
1000119a:	4770      	bx	lr

1000119c <time_us_64>:
1000119c:	4b03      	ldr	r3, [pc, #12]	@ (100011ac <time_us_64+0x10>)
1000119e:	6a59      	ldr	r1, [r3, #36]	@ 0x24
100011a0:	460a      	mov	r2, r1
100011a2:	6a98      	ldr	r0, [r3, #40]	@ 0x28
100011a4:	6a59      	ldr	r1, [r3, #36]	@ 0x24
100011a6:	4291      	cmp	r1, r2
100011a8:	d1fa      	bne.n	100011a0 <time_us_64+0x4>
100011aa:	4770      	bx	lr
100011ac:	400b0000 	.word	0x400b0000

100011b0 <busy_wait_us>:
100011b0:	b430      	push	{r4, r5}
100011b2:	4a15      	ldr	r2, [pc, #84]	@ (10001208 <busy_wait_us+0x58>)
100011b4:	6a53      	ldr	r3, [r2, #36]	@ 0x24
100011b6:	469c      	mov	ip, r3
100011b8:	6a94      	ldr	r4, [r2, #40]	@ 0x28
100011ba:	6a53      	ldr	r3, [r2, #36]	@ 0x24
100011bc:	4563      	cmp	r3, ip
100011be:	d1fa      	bne.n	100011b6 <busy_wait_us+0x6>
100011c0:	1902      	adds	r2, r0, r4
100011c2:	4159      	adcs	r1, r3
100011c4:	f04f 0500 	mov.w	r5, #0
100011c8:	bf28      	it	cs
100011ca:	2501      	movcs	r5, #1
100011cc:	4b0e      	ldr	r3, [pc, #56]	@ (10001208 <busy_wait_us+0x58>)
100011ce:	6a5b      	ldr	r3, [r3, #36]	@ 0x24
100011d0:	b1b5      	cbz	r5, 10001200 <busy_wait_us+0x50>
100011d2:	1c5a      	adds	r2, r3, #1
100011d4:	bf08      	it	eq
100011d6:	461a      	moveq	r2, r3
100011d8:	d008      	beq.n	100011ec <busy_wait_us+0x3c>
100011da:	f04f 31ff 	mov.w	r1, #4294967295
100011de:	460a      	mov	r2, r1
100011e0:	4809      	ldr	r0, [pc, #36]	@ (10001208 <busy_wait_us+0x58>)
100011e2:	6a43      	ldr	r3, [r0, #36]	@ 0x24
100011e4:	428b      	cmp	r3, r1
100011e6:	d3fc      	bcc.n	100011e2 <busy_wait_us+0x32>
100011e8:	428b      	cmp	r3, r1
100011ea:	d107      	bne.n	100011fc <busy_wait_us+0x4c>
100011ec:	4906      	ldr	r1, [pc, #24]	@ (10001208 <busy_wait_us+0x58>)
100011ee:	e002      	b.n	100011f6 <busy_wait_us+0x46>
100011f0:	6a48      	ldr	r0, [r1, #36]	@ 0x24
100011f2:	4298      	cmp	r0, r3
100011f4:	d102      	bne.n	100011fc <busy_wait_us+0x4c>
100011f6:	6a88      	ldr	r0, [r1, #40]	@ 0x28
100011f8:	4290      	cmp	r0, r2
100011fa:	d3f9      	bcc.n	100011f0 <busy_wait_us+0x40>
100011fc:	bc30      	pop	{r4, r5}
100011fe:	4770      	bx	lr
10001200:	4299      	cmp	r1, r3
10001202:	d8ed      	bhi.n	100011e0 <busy_wait_us+0x30>
10001204:	e7f0      	b.n	100011e8 <busy_wait_us+0x38>
10001206:	bf00      	nop
10001208:	400b0000 	.word	0x400b0000

1000120c <queue_init_with_spinlock>:
1000120c:	b570      	push	{r4, r5, r6, lr}
1000120e:	460e      	mov	r6, r1
10001210:	4619      	mov	r1, r3
10001212:	4604      	mov	r4, r0
10001214:	4615      	mov	r5, r2
10001216:	f7ff fbab 	bl	10000970 <lock_init>
1000121a:	2300      	movs	r3, #0
1000121c:	4631      	mov	r1, r6
1000121e:	81e5      	strh	r5, [r4, #14]
10001220:	81a6      	strh	r6, [r4, #12]
10001222:	60a3      	str	r3, [r4, #8]
10001224:	1c68      	adds	r0, r5, #1
10001226:	f000 fbb7 	bl	10001998 <__wrap_calloc>
1000122a:	6060      	str	r0, [r4, #4]
1000122c:	3800      	subs	r0, #0
1000122e:	bf18      	it	ne
10001230:	2001      	movne	r0, #1
10001232:	bd70      	pop	{r4, r5, r6, pc}

10001234 <queue_try_remove>:
10001234:	b538      	push	{r3, r4, r5, lr}
10001236:	4604      	mov	r4, r0
10001238:	6803      	ldr	r3, [r0, #0]
1000123a:	f3ef 8510 	mrs	r5, PRIMASK
1000123e:	b672      	cpsid	i
10001240:	e8d3 0fcf 	ldaexb	r0, [r3]
10001244:	2201      	movs	r2, #1
10001246:	2800      	cmp	r0, #0
10001248:	d1fa      	bne.n	10001240 <queue_try_remove+0xc>
1000124a:	e8c3 2f40 	strexb	r0, r2, [r3]
1000124e:	2800      	cmp	r0, #0
10001250:	d1f6      	bne.n	10001240 <queue_try_remove+0xc>
10001252:	f3bf 8f5f 	dmb	sy
10001256:	f8b4 c00a 	ldrh.w	ip, [r4, #10]
1000125a:	8923      	ldrh	r3, [r4, #8]
1000125c:	ebb3 000c 	subs.w	r0, r3, ip
10001260:	d406      	bmi.n	10001270 <queue_try_remove+0x3c>
10001262:	b948      	cbnz	r0, 10001278 <queue_try_remove+0x44>
10001264:	6823      	ldr	r3, [r4, #0]
10001266:	e8c3 0f8f 	stlb	r0, [r3]
1000126a:	f385 8810 	msr	PRIMASK, r5
1000126e:	bd38      	pop	{r3, r4, r5, pc}
10001270:	89e3      	ldrh	r3, [r4, #14]
10001272:	3301      	adds	r3, #1
10001274:	4418      	add	r0, r3
10001276:	e7f4      	b.n	10001262 <queue_try_remove+0x2e>
10001278:	b141      	cbz	r1, 1000128c <queue_try_remove+0x58>
1000127a:	4608      	mov	r0, r1
1000127c:	89a2      	ldrh	r2, [r4, #12]
1000127e:	6861      	ldr	r1, [r4, #4]
10001280:	fb02 110c 	mla	r1, r2, ip, r1
10001284:	f003 fcc8 	bl	10004c18 <__memcpy_veneer>
10001288:	f8b4 c00a 	ldrh.w	ip, [r4, #10]
1000128c:	89e3      	ldrh	r3, [r4, #14]
1000128e:	f10c 0c01 	add.w	ip, ip, #1
10001292:	fa1f fc8c 	uxth.w	ip, ip
10001296:	4563      	cmp	r3, ip
10001298:	bf38      	it	cc
1000129a:	f04f 0c00 	movcc.w	ip, #0
1000129e:	4a08      	ldr	r2, [pc, #32]	@ (100012c0 <queue_try_remove+0x8c>)
100012a0:	f8a4 c00a 	strh.w	ip, [r4, #10]
100012a4:	7813      	ldrb	r3, [r2, #0]
100012a6:	3301      	adds	r3, #1
100012a8:	b2db      	uxtb	r3, r3
100012aa:	7013      	strb	r3, [r2, #0]
100012ac:	2300      	movs	r3, #0
100012ae:	6822      	ldr	r2, [r4, #0]
100012b0:	e8c2 3f8f 	stlb	r3, [r2]
100012b4:	f385 8810 	msr	PRIMASK, r5
100012b8:	bf40      	sev
100012ba:	2001      	movs	r0, #1
100012bc:	bd38      	pop	{r3, r4, r5, pc}
100012be:	bf00      	nop
100012c0:	20002112 	.word	0x20002112

100012c4 <queue_add_blocking>:
100012c4:	b570      	push	{r4, r5, r6, lr}
100012c6:	f04f 0c00 	mov.w	ip, #0
100012ca:	4604      	mov	r4, r0
100012cc:	4d20      	ldr	r5, [pc, #128]	@ (10001350 <queue_add_blocking+0x8c>)
100012ce:	e00b      	b.n	100012e8 <queue_add_blocking+0x24>
100012d0:	782b      	ldrb	r3, [r5, #0]
100012d2:	6822      	ldr	r2, [r4, #0]
100012d4:	b2db      	uxtb	r3, r3
100012d6:	e8c2 cf8f 	stlb	ip, [r2]
100012da:	f386 8810 	msr	PRIMASK, r6
100012de:	782a      	ldrb	r2, [r5, #0]
100012e0:	4293      	cmp	r3, r2
100012e2:	d100      	bne.n	100012e6 <queue_add_blocking+0x22>
100012e4:	bf20      	wfe
100012e6:	bf20      	wfe
100012e8:	6823      	ldr	r3, [r4, #0]
100012ea:	f3ef 8610 	mrs	r6, PRIMASK
100012ee:	b672      	cpsid	i
100012f0:	e8d3 0fcf 	ldaexb	r0, [r3]
100012f4:	2201      	movs	r2, #1
100012f6:	2800      	cmp	r0, #0
100012f8:	d1fa      	bne.n	100012f0 <queue_add_blocking+0x2c>
100012fa:	e8c3 2f40 	strexb	r0, r2, [r3]
100012fe:	2800      	cmp	r0, #0
10001300:	d1f6      	bne.n	100012f0 <queue_add_blocking+0x2c>
10001302:	f3bf 8f5f 	dmb	sy
10001306:	8920      	ldrh	r0, [r4, #8]
10001308:	8963      	ldrh	r3, [r4, #10]
1000130a:	89e2      	ldrh	r2, [r4, #14]
1000130c:	1ac3      	subs	r3, r0, r3
1000130e:	bf44      	itt	mi
10001310:	f102 0e01 	addmi.w	lr, r2, #1
10001314:	4473      	addmi	r3, lr
10001316:	4293      	cmp	r3, r2
10001318:	d0da      	beq.n	100012d0 <queue_add_blocking+0xc>
1000131a:	89a2      	ldrh	r2, [r4, #12]
1000131c:	6863      	ldr	r3, [r4, #4]
1000131e:	fb02 3000 	mla	r0, r2, r0, r3
10001322:	f003 fc79 	bl	10004c18 <__memcpy_veneer>
10001326:	2100      	movs	r1, #0
10001328:	8923      	ldrh	r3, [r4, #8]
1000132a:	89e2      	ldrh	r2, [r4, #14]
1000132c:	3301      	adds	r3, #1
1000132e:	b29b      	uxth	r3, r3
10001330:	429a      	cmp	r2, r3
10001332:	bf38      	it	cc
10001334:	460b      	movcc	r3, r1
10001336:	782a      	ldrb	r2, [r5, #0]
10001338:	8123      	strh	r3, [r4, #8]
1000133a:	3201      	adds	r2, #1
1000133c:	b2d2      	uxtb	r2, r2
1000133e:	702a      	strb	r2, [r5, #0]
10001340:	6822      	ldr	r2, [r4, #0]
10001342:	e8c2 1f8f 	stlb	r1, [r2]
10001346:	f386 8810 	msr	PRIMASK, r6
1000134a:	bf40      	sev
1000134c:	bd70      	pop	{r4, r5, r6, pc}
1000134e:	bf00      	nop
10001350:	20002112 	.word	0x20002112

10001354 <uart_init>:
10001354:	b5f8      	push	{r3, r4, r5, r6, r7, lr}
10001356:	4605      	mov	r5, r0
10001358:	2006      	movs	r0, #6
1000135a:	460e      	mov	r6, r1
1000135c:	f000 f8e4 	bl	10001528 <clock_get_hz>
10001360:	2800      	cmp	r0, #0
10001362:	d042      	beq.n	100013ea <uart_init+0x96>
10001364:	4a35      	ldr	r2, [pc, #212]	@ (1000143c <uart_init+0xe8>)
10001366:	4836      	ldr	r0, [pc, #216]	@ (10001440 <uart_init+0xec>)
10001368:	4295      	cmp	r5, r2
1000136a:	bf14      	ite	ne
1000136c:	f04f 6280 	movne.w	r2, #67108864	@ 0x4000000
10001370:	f04f 6200 	moveq.w	r2, #134217728	@ 0x8000000
10001374:	4b33      	ldr	r3, [pc, #204]	@ (10001444 <uart_init+0xf0>)
10001376:	4934      	ldr	r1, [pc, #208]	@ (10001448 <uart_init+0xf4>)
10001378:	6002      	str	r2, [r0, #0]
1000137a:	601a      	str	r2, [r3, #0]
1000137c:	688c      	ldr	r4, [r1, #8]
1000137e:	ea32 0404 	bics.w	r4, r2, r4
10001382:	d1fb      	bne.n	1000137c <uart_init+0x28>
10001384:	4b2d      	ldr	r3, [pc, #180]	@ (1000143c <uart_init+0xe8>)
10001386:	f44f 7180 	mov.w	r1, #256	@ 0x100
1000138a:	1aeb      	subs	r3, r5, r3
1000138c:	fab3 f383 	clz	r3, r3
10001390:	4a2e      	ldr	r2, [pc, #184]	@ (1000144c <uart_init+0xf8>)
10001392:	095b      	lsrs	r3, r3, #5
10001394:	2006      	movs	r0, #6
10001396:	f822 1013 	strh.w	r1, [r2, r3, lsl #1]
1000139a:	f000 f8c5 	bl	10001528 <clock_get_hz>
1000139e:	00c3      	lsls	r3, r0, #3
100013a0:	fbb3 f3f6 	udiv	r3, r3, r6
100013a4:	3301      	adds	r3, #1
100013a6:	09da      	lsrs	r2, r3, #7
100013a8:	d120      	bne.n	100013ec <uart_init+0x98>
100013aa:	2640      	movs	r6, #64	@ 0x40
100013ac:	2101      	movs	r1, #1
100013ae:	6269      	str	r1, [r5, #36]	@ 0x24
100013b0:	62aa      	str	r2, [r5, #40]	@ 0x28
100013b2:	6b2f      	ldr	r7, [r5, #48]	@ 0x30
100013b4:	07fb      	lsls	r3, r7, #31
100013b6:	d422      	bmi.n	100013fe <uart_init+0xaa>
100013b8:	462b      	mov	r3, r5
100013ba:	2200      	movs	r2, #0
100013bc:	f853 1f2c 	ldr.w	r1, [r3, #44]!
100013c0:	2006      	movs	r0, #6
100013c2:	f503 5480 	add.w	r4, r3, #4096	@ 0x1000
100013c6:	6022      	str	r2, [r4, #0]
100013c8:	632f      	str	r7, [r5, #48]	@ 0x30
100013ca:	f000 f8ad 	bl	10001528 <clock_get_hz>
100013ce:	f240 3101 	movw	r1, #769	@ 0x301
100013d2:	2203      	movs	r2, #3
100013d4:	0080      	lsls	r0, r0, #2
100013d6:	fbb0 f0f6 	udiv	r0, r0, r6
100013da:	6aeb      	ldr	r3, [r5, #44]	@ 0x2c
100013dc:	f083 0370 	eor.w	r3, r3, #112	@ 0x70
100013e0:	f003 037e 	and.w	r3, r3, #126	@ 0x7e
100013e4:	6023      	str	r3, [r4, #0]
100013e6:	6329      	str	r1, [r5, #48]	@ 0x30
100013e8:	64aa      	str	r2, [r5, #72]	@ 0x48
100013ea:	bdf8      	pop	{r3, r4, r5, r6, r7, pc}
100013ec:	f64f 71fe 	movw	r1, #65534	@ 0xfffe
100013f0:	428a      	cmp	r2, r1
100013f2:	d91b      	bls.n	1000142c <uart_init+0xd8>
100013f4:	4622      	mov	r2, r4
100013f6:	f64f 71ff 	movw	r1, #65535	@ 0xffff
100013fa:	4e15      	ldr	r6, [pc, #84]	@ (10001450 <uart_init+0xfc>)
100013fc:	e7d7      	b.n	100013ae <uart_init+0x5a>
100013fe:	f240 3201 	movw	r2, #769	@ 0x301
10001402:	f505 5340 	add.w	r3, r5, #12288	@ 0x3000
10001406:	631a      	str	r2, [r3, #48]	@ 0x30
10001408:	6a6b      	ldr	r3, [r5, #36]	@ 0x24
1000140a:	6aac      	ldr	r4, [r5, #40]	@ 0x28
1000140c:	2006      	movs	r0, #6
1000140e:	eb04 1483 	add.w	r4, r4, r3, lsl #6
10001412:	f000 f889 	bl	10001528 <clock_get_hz>
10001416:	4b0f      	ldr	r3, [pc, #60]	@ (10001454 <uart_init+0x100>)
10001418:	02a4      	lsls	r4, r4, #10
1000141a:	fba3 2300 	umull	r2, r3, r3, r0
1000141e:	0adb      	lsrs	r3, r3, #11
10001420:	2100      	movs	r1, #0
10001422:	fbb4 f0f3 	udiv	r0, r4, r3
10001426:	f7ff fec3 	bl	100011b0 <busy_wait_us>
1000142a:	e7c5      	b.n	100013b8 <uart_init+0x64>
1000142c:	f3c3 0345 	ubfx	r3, r3, #1, #6
10001430:	4611      	mov	r1, r2
10001432:	eb03 1682 	add.w	r6, r3, r2, lsl #6
10001436:	461a      	mov	r2, r3
10001438:	e7b9      	b.n	100013ae <uart_init+0x5a>
1000143a:	bf00      	nop
1000143c:	40078000 	.word	0x40078000
10001440:	40022000 	.word	0x40022000
10001444:	40023000 	.word	0x40023000
10001448:	40020000 	.word	0x40020000
1000144c:	200020f8 	.word	0x200020f8
10001450:	003fffc0 	.word	0x003fffc0
10001454:	8f2b7b75 	.word	0x8f2b7b75

10001458 <clock_configure_undivided>:
10001458:	eb00 0c40 	add.w	ip, r0, r0, lsl #1
1000145c:	ea4f 0c8c 	mov.w	ip, ip, lsl #2
10001460:	f10c 4c80 	add.w	ip, ip, #1073741824	@ 0x40000000
10001464:	f50c 3c80 	add.w	ip, ip, #65536	@ 0x10000
10001468:	b5f0      	push	{r4, r5, r6, r7, lr}
1000146a:	4616      	mov	r6, r2
1000146c:	f8dc 2004 	ldr.w	r2, [ip, #4]
10001470:	1f05      	subs	r5, r0, #4
10001472:	f5b2 3f80 	cmp.w	r2, #65536	@ 0x10000
10001476:	bf38      	it	cc
10001478:	f44f 3280 	movcc.w	r2, #65536	@ 0x10000
1000147c:	b2ed      	uxtb	r5, r5
1000147e:	bf38      	it	cc
10001480:	f8cc 2004 	strcc.w	r2, [ip, #4]
10001484:	2d01      	cmp	r5, #1
10001486:	d92a      	bls.n	100014de <clock_configure_undivided+0x86>
10001488:	f44f 6700 	mov.w	r7, #2048	@ 0x800
1000148c:	4c25      	ldr	r4, [pc, #148]	@ (10001524 <clock_configure_undivided+0xcc>)
1000148e:	f50c 5240 	add.w	r2, ip, #12288	@ 0x3000
10001492:	6017      	str	r7, [r2, #0]
10001494:	f854 2020 	ldr.w	r2, [r4, r0, lsl #2]
10001498:	b9b2      	cbnz	r2, 100014c8 <clock_configure_undivided+0x70>
1000149a:	f8dc 2000 	ldr.w	r2, [ip]
1000149e:	2d01      	cmp	r5, #1
100014a0:	ea82 1246 	eor.w	r2, r2, r6, lsl #5
100014a4:	f002 02e0 	and.w	r2, r2, #224	@ 0xe0
100014a8:	f50c 5680 	add.w	r6, ip, #4096	@ 0x1000
100014ac:	6032      	str	r2, [r6, #0]
100014ae:	d92a      	bls.n	10001506 <clock_configure_undivided+0xae>
100014b0:	f44f 6100 	mov.w	r1, #2048	@ 0x800
100014b4:	f844 3020 	str.w	r3, [r4, r0, lsl #2]
100014b8:	f44f 3380 	mov.w	r3, #65536	@ 0x10000
100014bc:	f50c 5200 	add.w	r2, ip, #8192	@ 0x2000
100014c0:	6011      	str	r1, [r2, #0]
100014c2:	f8cc 3004 	str.w	r3, [ip, #4]
100014c6:	bdf0      	pop	{r4, r5, r6, r7, pc}
100014c8:	6967      	ldr	r7, [r4, #20]
100014ca:	fbb7 fef2 	udiv	lr, r7, r2
100014ce:	f10e 0e01 	add.w	lr, lr, #1
100014d2:	eb0e 0e4e 	add.w	lr, lr, lr, lsl #1
100014d6:	f1be 0e03 	subs.w	lr, lr, #3
100014da:	d2fc      	bcs.n	100014d6 <clock_configure_undivided+0x7e>
100014dc:	e7dd      	b.n	1000149a <clock_configure_undivided+0x42>
100014de:	2901      	cmp	r1, #1
100014e0:	d1d2      	bne.n	10001488 <clock_configure_undivided+0x30>
100014e2:	2403      	movs	r4, #3
100014e4:	f50c 5240 	add.w	r2, ip, #12288	@ 0x3000
100014e8:	6014      	str	r4, [r2, #0]
100014ea:	f8dc 2008 	ldr.w	r2, [ip, #8]
100014ee:	07d2      	lsls	r2, r2, #31
100014f0:	d5fb      	bpl.n	100014ea <clock_configure_undivided+0x92>
100014f2:	f8dc 2000 	ldr.w	r2, [ip]
100014f6:	4c0b      	ldr	r4, [pc, #44]	@ (10001524 <clock_configure_undivided+0xcc>)
100014f8:	ea82 1246 	eor.w	r2, r2, r6, lsl #5
100014fc:	f002 02e0 	and.w	r2, r2, #224	@ 0xe0
10001500:	f50c 5680 	add.w	r6, ip, #4096	@ 0x1000
10001504:	6032      	str	r2, [r6, #0]
10001506:	2201      	movs	r2, #1
10001508:	f8dc 5000 	ldr.w	r5, [ip]
1000150c:	404d      	eors	r5, r1
1000150e:	f005 0503 	and.w	r5, r5, #3
10001512:	6035      	str	r5, [r6, #0]
10001514:	fa02 f101 	lsl.w	r1, r2, r1
10001518:	f8dc 2008 	ldr.w	r2, [ip, #8]
1000151c:	420a      	tst	r2, r1
1000151e:	d0fb      	beq.n	10001518 <clock_configure_undivided+0xc0>
10001520:	e7c6      	b.n	100014b0 <clock_configure_undivided+0x58>
10001522:	bf00      	nop
10001524:	20001c38 	.word	0x20001c38

10001528 <clock_get_hz>:
10001528:	4b01      	ldr	r3, [pc, #4]	@ (10001530 <clock_get_hz+0x8>)
1000152a:	f853 0020 	ldr.w	r0, [r3, r0, lsl #2]
1000152e:	4770      	bx	lr
10001530:	20001c38 	.word	0x20001c38

10001534 <pll_init>:
10001534:	b470      	push	{r4, r5, r6}
10001536:	9d03      	ldr	r5, [sp, #12]
10001538:	6804      	ldr	r4, [r0, #0]
1000153a:	032d      	lsls	r5, r5, #12
1000153c:	ea45 4503 	orr.w	r5, r5, r3, lsl #16
10001540:	4b1b      	ldr	r3, [pc, #108]	@ (100015b0 <pll_init+0x7c>)
10001542:	2c00      	cmp	r4, #0
10001544:	fbb3 f3f1 	udiv	r3, r3, r1
10001548:	fbb2 f6f3 	udiv	r6, r2, r3
1000154c:	db1f      	blt.n	1000158e <pll_init+0x5a>
1000154e:	4a19      	ldr	r2, [pc, #100]	@ (100015b4 <pll_init+0x80>)
10001550:	4b19      	ldr	r3, [pc, #100]	@ (100015b8 <pll_init+0x84>)
10001552:	4290      	cmp	r0, r2
10001554:	bf14      	ite	ne
10001556:	f44f 4280 	movne.w	r2, #16384	@ 0x4000
1000155a:	f44f 4200 	moveq.w	r2, #32768	@ 0x8000
1000155e:	4c17      	ldr	r4, [pc, #92]	@ (100015bc <pll_init+0x88>)
10001560:	601a      	str	r2, [r3, #0]
10001562:	f503 5380 	add.w	r3, r3, #4096	@ 0x1000
10001566:	601a      	str	r2, [r3, #0]
10001568:	68a3      	ldr	r3, [r4, #8]
1000156a:	ea32 0303 	bics.w	r3, r2, r3
1000156e:	d1fb      	bne.n	10001568 <pll_init+0x34>
10001570:	2221      	movs	r2, #33	@ 0x21
10001572:	f500 5340 	add.w	r3, r0, #12288	@ 0x3000
10001576:	3304      	adds	r3, #4
10001578:	6001      	str	r1, [r0, #0]
1000157a:	6086      	str	r6, [r0, #8]
1000157c:	601a      	str	r2, [r3, #0]
1000157e:	6802      	ldr	r2, [r0, #0]
10001580:	2a00      	cmp	r2, #0
10001582:	dafc      	bge.n	1000157e <pll_init+0x4a>
10001584:	2208      	movs	r2, #8
10001586:	60c5      	str	r5, [r0, #12]
10001588:	601a      	str	r2, [r3, #0]
1000158a:	bc70      	pop	{r4, r5, r6}
1000158c:	4770      	bx	lr
1000158e:	6803      	ldr	r3, [r0, #0]
10001590:	f003 033f 	and.w	r3, r3, #63	@ 0x3f
10001594:	428b      	cmp	r3, r1
10001596:	d1da      	bne.n	1000154e <pll_init+0x1a>
10001598:	6883      	ldr	r3, [r0, #8]
1000159a:	f3c3 030b 	ubfx	r3, r3, #0, #12
1000159e:	42b3      	cmp	r3, r6
100015a0:	d1d5      	bne.n	1000154e <pll_init+0x1a>
100015a2:	68c3      	ldr	r3, [r0, #12]
100015a4:	f403 23ee 	and.w	r3, r3, #487424	@ 0x77000
100015a8:	42ab      	cmp	r3, r5
100015aa:	d1d0      	bne.n	1000154e <pll_init+0x1a>
100015ac:	e7ed      	b.n	1000158a <pll_init+0x56>
100015ae:	bf00      	nop
100015b0:	00b71b00 	.word	0x00b71b00
100015b4:	40058000 	.word	0x40058000
100015b8:	40022000 	.word	0x40022000
100015bc:	40020000 	.word	0x40020000

100015c0 <watchdog_reboot>:
100015c0:	b430      	push	{r4, r5}
100015c2:	f04f 4480 	mov.w	r4, #1073741824	@ 0x40000000
100015c6:	4b1c      	ldr	r3, [pc, #112]	@ (10001638 <watchdog_reboot+0x78>)
100015c8:	601c      	str	r4, [r3, #0]
100015ca:	b1e0      	cbz	r0, 10001606 <watchdog_reboot+0x46>
100015cc:	4c1b      	ldr	r4, [pc, #108]	@ (1000163c <watchdog_reboot+0x7c>)
100015ce:	f5a3 5340 	sub.w	r3, r3, #12288	@ 0x3000
100015d2:	61dc      	str	r4, [r3, #28]
100015d4:	4c1a      	ldr	r4, [pc, #104]	@ (10001640 <watchdog_reboot+0x80>)
100015d6:	f040 0001 	orr.w	r0, r0, #1
100015da:	4044      	eors	r4, r0
100015dc:	621c      	str	r4, [r3, #32]
100015de:	6259      	str	r1, [r3, #36]	@ 0x24
100015e0:	6298      	str	r0, [r3, #40]	@ 0x28
100015e2:	f04f 4580 	mov.w	r5, #1073741824	@ 0x40000000
100015e6:	f04f 61e0 	mov.w	r1, #117440512	@ 0x7000000
100015ea:	4b13      	ldr	r3, [pc, #76]	@ (10001638 <watchdog_reboot+0x78>)
100015ec:	4815      	ldr	r0, [pc, #84]	@ (10001644 <watchdog_reboot+0x84>)
100015ee:	4c16      	ldr	r4, [pc, #88]	@ (10001648 <watchdog_reboot+0x88>)
100015f0:	601d      	str	r5, [r3, #0]
100015f2:	6084      	str	r4, [r0, #8]
100015f4:	6019      	str	r1, [r3, #0]
100015f6:	b94a      	cbnz	r2, 1000160c <watchdog_reboot+0x4c>
100015f8:	bc30      	pop	{r4, r5}
100015fa:	f04f 4200 	mov.w	r2, #2147483648	@ 0x80000000
100015fe:	f5a3 5380 	sub.w	r3, r3, #4096	@ 0x1000
10001602:	601a      	str	r2, [r3, #0]
10001604:	4770      	bx	lr
10001606:	4b11      	ldr	r3, [pc, #68]	@ (1000164c <watchdog_reboot+0x8c>)
10001608:	61d8      	str	r0, [r3, #28]
1000160a:	e7ea      	b.n	100015e2 <watchdog_reboot+0x22>
1000160c:	f44f 737a 	mov.w	r3, #1000	@ 0x3e8
10001610:	fb03 f202 	mul.w	r2, r3, r2
10001614:	f1b2 7f80 	cmp.w	r2, #16777216	@ 0x1000000
10001618:	bf2a      	itet	cs
1000161a:	f06f 437f 	mvncs.w	r3, #4278190080	@ 0xff000000
1000161e:	4613      	movcc	r3, r2
10001620:	461a      	movcs	r2, r3
10001622:	f04f 4180 	mov.w	r1, #1073741824	@ 0x40000000
10001626:	4c0a      	ldr	r4, [pc, #40]	@ (10001650 <watchdog_reboot+0x90>)
10001628:	4808      	ldr	r0, [pc, #32]	@ (1000164c <watchdog_reboot+0x8c>)
1000162a:	6023      	str	r3, [r4, #0]
1000162c:	4b09      	ldr	r3, [pc, #36]	@ (10001654 <watchdog_reboot+0x94>)
1000162e:	6042      	str	r2, [r0, #4]
10001630:	bc30      	pop	{r4, r5}
10001632:	6019      	str	r1, [r3, #0]
10001634:	4770      	bx	lr
10001636:	bf00      	nop
10001638:	400db000 	.word	0x400db000
1000163c:	b007c0d3 	.word	0xb007c0d3
10001640:	4ff83f2d 	.word	0x4ff83f2d
10001644:	4001a000 	.word	0x4001a000
10001648:	01fffff3 	.word	0x01fffff3
1000164c:	400d8000 	.word	0x400d8000
10001650:	200020a4 	.word	0x200020a4
10001654:	400da000 	.word	0x400da000

10001658 <tick_start>:
10001658:	2301      	movs	r3, #1
1000165a:	eb00 0040 	add.w	r0, r0, r0, lsl #1
1000165e:	0080      	lsls	r0, r0, #2
10001660:	f100 4080 	add.w	r0, r0, #1073741824	@ 0x40000000
10001664:	f500 1084 	add.w	r0, r0, #1081344	@ 0x108000
10001668:	6041      	str	r1, [r0, #4]
1000166a:	6003      	str	r3, [r0, #0]
1000166c:	4770      	bx	lr
1000166e:	bf00      	nop

10001670 <rom_reboot.constprop.0.isra.0>:
10001670:	2300      	movs	r3, #0
10001672:	b570      	push	{r4, r5, r6, lr}
10001674:	8adb      	ldrh	r3, [r3, #22]
10001676:	4604      	mov	r4, r0
10001678:	460d      	mov	r5, r1
1000167a:	4616      	mov	r6, r2
1000167c:	2200      	movs	r2, #0
1000167e:	e842 f200 	tt	r2, r2
10001682:	0252      	lsls	r2, r2, #9
10001684:	bf54      	ite	pl
10001686:	2110      	movpl	r1, #16
10001688:	2104      	movmi	r1, #4
1000168a:	f244 2052 	movw	r0, #16978	@ 0x4252
1000168e:	4798      	blx	r3
10001690:	4686      	mov	lr, r0
10001692:	4633      	mov	r3, r6
10001694:	462a      	mov	r2, r5
10001696:	4620      	mov	r0, r4
10001698:	46f4      	mov	ip, lr
1000169a:	e8bd 4070 	ldmia.w	sp!, {r4, r5, r6, lr}
1000169e:	210a      	movs	r1, #10
100016a0:	4760      	bx	ip
100016a2:	bf00      	nop

100016a4 <rom_func_lookup>:
100016a4:	2300      	movs	r3, #0
100016a6:	8adb      	ldrh	r3, [r3, #22]
100016a8:	2200      	movs	r2, #0
100016aa:	e842 f200 	tt	r2, r2
100016ae:	0252      	lsls	r2, r2, #9
100016b0:	d401      	bmi.n	100016b6 <rom_func_lookup+0x12>
100016b2:	2110      	movs	r1, #16
100016b4:	4718      	bx	r3
100016b6:	2104      	movs	r1, #4
100016b8:	4718      	bx	r3
100016ba:	bf00      	nop

100016bc <rom_reset_usb_boot_extra>:
100016bc:	b508      	push	{r3, lr}
100016be:	4613      	mov	r3, r2
100016c0:	1e02      	subs	r2, r0, #0
100016c2:	db0d      	blt.n	100016e0 <rom_reset_usb_boot_extra+0x24>
100016c4:	b94b      	cbnz	r3, 100016da <rom_reset_usb_boot_extra+0x1e>
100016c6:	f041 0120 	orr.w	r1, r1, #32
100016ca:	2300      	movs	r3, #0
100016cc:	7cdb      	ldrb	r3, [r3, #19]
100016ce:	2b02      	cmp	r3, #2
100016d0:	d009      	beq.n	100016e6 <rom_reset_usb_boot_extra+0x2a>
100016d2:	f44f 7081 	mov.w	r0, #258	@ 0x102
100016d6:	f7ff ffcb 	bl	10001670 <rom_reboot.constprop.0.isra.0>
100016da:	f041 0130 	orr.w	r1, r1, #48	@ 0x30
100016de:	e7f4      	b.n	100016ca <rom_reset_usb_boot_extra+0xe>
100016e0:	068b      	lsls	r3, r1, #26
100016e2:	d5f6      	bpl.n	100016d2 <rom_reset_usb_boot_extra+0x16>
100016e4:	e7f1      	b.n	100016ca <rom_reset_usb_boot_extra+0xe>
100016e6:	f44f 7091 	mov.w	r0, #290	@ 0x122
100016ea:	f7ff ffc1 	bl	10001670 <rom_reboot.constprop.0.isra.0>
100016ee:	bf00      	nop

100016f0 <runtime_init_bootrom_locking_enable>:
100016f0:	4a03      	ldr	r2, [pc, #12]	@ (10001700 <runtime_init_bootrom_locking_enable+0x10>)
100016f2:	f8d2 3828 	ldr.w	r3, [r2, #2088]	@ 0x828
100016f6:	2b00      	cmp	r3, #0
100016f8:	d0fb      	beq.n	100016f2 <runtime_init_bootrom_locking_enable+0x2>
100016fa:	f3bf 8f5f 	dmb	sy
100016fe:	4770      	bx	lr
10001700:	400e0000 	.word	0x400e0000

10001704 <runtime_init_boot_locks_reset>:
10001704:	2100      	movs	r1, #0
10001706:	4b04      	ldr	r3, [pc, #16]	@ (10001718 <runtime_init_boot_locks_reset+0x14>)
10001708:	4a04      	ldr	r2, [pc, #16]	@ (1000171c <runtime_init_boot_locks_reset+0x18>)
1000170a:	f3bf 8f5f 	dmb	sy
1000170e:	f843 1b04 	str.w	r1, [r3], #4
10001712:	4293      	cmp	r3, r2
10001714:	d1f9      	bne.n	1000170a <runtime_init_boot_locks_reset+0x6>
10001716:	4770      	bx	lr
10001718:	400e080c 	.word	0x400e080c
1000171c:	400e082c 	.word	0x400e082c

10001720 <xosc_init>:
10001720:	b410      	push	{r4}
10001722:	f44f 708d 	mov.w	r0, #282	@ 0x11a
10001726:	f44f 642a 	mov.w	r4, #2720	@ 0xaa0
1000172a:	4a06      	ldr	r2, [pc, #24]	@ (10001744 <xosc_init+0x24>)
1000172c:	4b06      	ldr	r3, [pc, #24]	@ (10001748 <xosc_init+0x28>)
1000172e:	4907      	ldr	r1, [pc, #28]	@ (1000174c <xosc_init+0x2c>)
10001730:	6014      	str	r4, [r2, #0]
10001732:	60d0      	str	r0, [r2, #12]
10001734:	6019      	str	r1, [r3, #0]
10001736:	6853      	ldr	r3, [r2, #4]
10001738:	2b00      	cmp	r3, #0
1000173a:	dafc      	bge.n	10001736 <xosc_init+0x16>
1000173c:	f85d 4b04 	ldr.w	r4, [sp], #4
10001740:	4770      	bx	lr
10001742:	bf00      	nop
10001744:	40048000 	.word	0x40048000
10001748:	4004a000 	.word	0x4004a000
1000174c:	00fab000 	.word	0x00fab000

10001750 <first_per_core_initializer>:
10001750:	4770      	bx	lr
10001752:	bf00      	nop

10001754 <hard_assertion_failure>:
10001754:	b508      	push	{r3, lr}
10001756:	4801      	ldr	r0, [pc, #4]	@ (1000175c <hard_assertion_failure+0x8>)
10001758:	f7fe fe4e 	bl	100003f8 <panic>
1000175c:	10004d18 	.word	0x10004d18

10001760 <runtime_run_initializers>:
10001760:	b538      	push	{r3, r4, r5, lr}
10001762:	4c05      	ldr	r4, [pc, #20]	@ (10001778 <runtime_run_initializers+0x18>)
10001764:	4d05      	ldr	r5, [pc, #20]	@ (1000177c <runtime_run_initializers+0x1c>)
10001766:	42ac      	cmp	r4, r5
10001768:	d204      	bcs.n	10001774 <runtime_run_initializers+0x14>
1000176a:	f854 3b04 	ldr.w	r3, [r4], #4
1000176e:	4798      	blx	r3
10001770:	42ac      	cmp	r4, r5
10001772:	d3fa      	bcc.n	1000176a <runtime_run_initializers+0xa>
10001774:	bd38      	pop	{r3, r4, r5, pc}
10001776:	bf00      	nop
10001778:	10004c48 	.word	0x10004c48
1000177c:	10004c8c 	.word	0x10004c8c

10001780 <runtime_run_per_core_initializers>:
10001780:	b538      	push	{r3, r4, r5, lr}
10001782:	4c05      	ldr	r4, [pc, #20]	@ (10001798 <runtime_run_per_core_initializers+0x18>)
10001784:	4d05      	ldr	r5, [pc, #20]	@ (1000179c <runtime_run_per_core_initializers+0x1c>)
10001786:	42ac      	cmp	r4, r5
10001788:	d204      	bcs.n	10001794 <runtime_run_per_core_initializers+0x14>
1000178a:	f854 3b04 	ldr.w	r3, [r4], #4
1000178e:	4798      	blx	r3
10001790:	42ac      	cmp	r4, r5
10001792:	d3fa      	bcc.n	1000178a <runtime_run_per_core_initializers+0xa>
10001794:	bd38      	pop	{r3, r4, r5, pc}
10001796:	bf00      	nop
10001798:	10004c74 	.word	0x10004c74
1000179c:	10004c8c 	.word	0x10004c8c

100017a0 <runtime_init_early_resets>:
100017a0:	b410      	push	{r4}
100017a2:	4807      	ldr	r0, [pc, #28]	@ (100017c0 <runtime_init_early_resets+0x20>)
100017a4:	4c07      	ldr	r4, [pc, #28]	@ (100017c4 <runtime_init_early_resets+0x24>)
100017a6:	4b08      	ldr	r3, [pc, #32]	@ (100017c8 <runtime_init_early_resets+0x28>)
100017a8:	4a08      	ldr	r2, [pc, #32]	@ (100017cc <runtime_init_early_resets+0x2c>)
100017aa:	4909      	ldr	r1, [pc, #36]	@ (100017d0 <runtime_init_early_resets+0x30>)
100017ac:	6004      	str	r4, [r0, #0]
100017ae:	601a      	str	r2, [r3, #0]
100017b0:	688b      	ldr	r3, [r1, #8]
100017b2:	ea32 0303 	bics.w	r3, r2, r3
100017b6:	d1fb      	bne.n	100017b0 <runtime_init_early_resets+0x10>
100017b8:	f85d 4b04 	ldr.w	r4, [sp], #4
100017bc:	4770      	bx	lr
100017be:	bf00      	nop
100017c0:	40022000 	.word	0x40022000
100017c4:	efef3b7f 	.word	0xefef3b7f
100017c8:	40023000 	.word	0x40023000
100017cc:	03f3fff6 	.word	0x03f3fff6
100017d0:	40020000 	.word	0x40020000

100017d4 <runtime_init_usb_power_down>:
100017d4:	4b04      	ldr	r3, [pc, #16]	@ (100017e8 <runtime_init_usb_power_down+0x14>)
100017d6:	6cdb      	ldr	r3, [r3, #76]	@ 0x4c
100017d8:	f5b3 4f00 	cmp.w	r3, #32768	@ 0x8000
100017dc:	d103      	bne.n	100017e6 <runtime_init_usb_power_down+0x12>
100017de:	f44f 2280 	mov.w	r2, #262144	@ 0x40000
100017e2:	4b02      	ldr	r3, [pc, #8]	@ (100017ec <runtime_init_usb_power_down+0x18>)
100017e4:	64da      	str	r2, [r3, #76]	@ 0x4c
100017e6:	4770      	bx	lr
100017e8:	50110000 	.word	0x50110000
100017ec:	50112000 	.word	0x50112000

100017f0 <runtime_init_per_core_enable_coprocessors>:
100017f0:	f04f 22e0 	mov.w	r2, #3758153728	@ 0xe000e000
100017f4:	4b04      	ldr	r3, [pc, #16]	@ (10001808 <runtime_init_per_core_enable_coprocessors+0x18>)
100017f6:	f8d2 1d88 	ldr.w	r1, [r2, #3464]	@ 0xd88
100017fa:	430b      	orrs	r3, r1
100017fc:	f8c2 3d88 	str.w	r3, [r2, #3464]	@ 0xd88
10001800:	ee10 0430 			dcp_rcmp r0
10001804:	4770      	bx	lr
10001806:	bf00      	nop
10001808:	00300303 	.word	0x00300303

1000180c <runtime_init_post_clock_resets>:
1000180c:	f06f 4160 	mvn.w	r1, #3758096384	@ 0xe0000000
10001810:	4b04      	ldr	r3, [pc, #16]	@ (10001824 <runtime_init_post_clock_resets+0x18>)
10001812:	4a05      	ldr	r2, [pc, #20]	@ (10001828 <runtime_init_post_clock_resets+0x1c>)
10001814:	6019      	str	r1, [r3, #0]
10001816:	6893      	ldr	r3, [r2, #8]
10001818:	43db      	mvns	r3, r3
1000181a:	f033 4360 	bics.w	r3, r3, #3758096384	@ 0xe0000000
1000181e:	d1fa      	bne.n	10001816 <runtime_init_post_clock_resets+0xa>
10001820:	4770      	bx	lr
10001822:	bf00      	nop
10001824:	40023000 	.word	0x40023000
10001828:	40020000 	.word	0x40020000

1000182c <runtime_init_bootrom_reset>:
1000182c:	b510      	push	{r4, lr}
1000182e:	f245 2053 	movw	r0, #21075	@ 0x5253
10001832:	f7ff ff37 	bl	100016a4 <rom_func_lookup>
10001836:	e8bd 4010 	ldmia.w	sp!, {r4, lr}
1000183a:	4603      	mov	r3, r0
1000183c:	2004      	movs	r0, #4
1000183e:	4718      	bx	r3

10001840 <runtime_init_per_core_bootrom_reset>:
10001840:	b510      	push	{r4, lr}
10001842:	f245 2053 	movw	r0, #21075	@ 0x5253
10001846:	f7ff ff2d 	bl	100016a4 <rom_func_lookup>
1000184a:	e8bd 4010 	ldmia.w	sp!, {r4, lr}
1000184e:	4603      	mov	r3, r0
10001850:	2001      	movs	r0, #1
10001852:	4718      	bx	r3

10001854 <runtime_init_spin_locks_reset>:
10001854:	f7fe be94 	b.w	10000580 <spin_locks_reset>

10001858 <runtime_init_install_ram_vector_table>:
10001858:	b538      	push	{r3, r4, r5, lr}
1000185a:	4913      	ldr	r1, [pc, #76]	@ (100018a8 <runtime_init_install_ram_vector_table+0x50>)
1000185c:	4c13      	ldr	r4, [pc, #76]	@ (100018ac <runtime_init_install_ram_vector_table+0x54>)
1000185e:	4d14      	ldr	r5, [pc, #80]	@ (100018b0 <runtime_init_install_ram_vector_table+0x58>)
10001860:	1a64      	subs	r4, r4, r1
10001862:	08a4      	lsrs	r4, r4, #2
10001864:	2c44      	cmp	r4, #68	@ 0x44
10001866:	4622      	mov	r2, r4
10001868:	bf28      	it	cs
1000186a:	2244      	movcs	r2, #68	@ 0x44
1000186c:	4628      	mov	r0, r5
1000186e:	0092      	lsls	r2, r2, #2
10001870:	f003 f9d2 	bl	10004c18 <__memcpy_veneer>
10001874:	2c43      	cmp	r4, #67	@ 0x43
10001876:	d814      	bhi.n	100018a2 <runtime_init_install_ram_vector_table+0x4a>
10001878:	4a0e      	ldr	r2, [pc, #56]	@ (100018b4 <runtime_init_install_ram_vector_table+0x5c>)
1000187a:	f1c4 0044 	rsb	r0, r4, #68	@ 0x44
1000187e:	d00e      	beq.n	1000189e <runtime_init_install_ram_vector_table+0x46>
10001880:	eb05 0384 	add.w	r3, r5, r4, lsl #2
10001884:	0841      	lsrs	r1, r0, #1
10001886:	eb03 01c1 	add.w	r1, r3, r1, lsl #3
1000188a:	e9c3 2200 	strd	r2, r2, [r3]
1000188e:	3308      	adds	r3, #8
10001890:	428b      	cmp	r3, r1
10001892:	d1fa      	bne.n	1000188a <runtime_init_install_ram_vector_table+0x32>
10001894:	07c3      	lsls	r3, r0, #31
10001896:	d504      	bpl.n	100018a2 <runtime_init_install_ram_vector_table+0x4a>
10001898:	f020 0001 	bic.w	r0, r0, #1
1000189c:	4404      	add	r4, r0
1000189e:	f845 2024 	str.w	r2, [r5, r4, lsl #2]
100018a2:	4b05      	ldr	r3, [pc, #20]	@ (100018b8 <runtime_init_install_ram_vector_table+0x60>)
100018a4:	609d      	str	r5, [r3, #8]
100018a6:	bd38      	pop	{r3, r4, r5, pc}
100018a8:	10000000 	.word	0x10000000
100018ac:	10000110 	.word	0x10000110
100018b0:	20000000 	.word	0x20000000
100018b4:	10000111 	.word	0x10000111
100018b8:	e000ed00 	.word	0xe000ed00

100018bc <runtime_init_clocks>:
100018bc:	2300      	movs	r3, #0
100018be:	b570      	push	{r4, r5, r6, lr}
100018c0:	4c2b      	ldr	r4, [pc, #172]	@ (10001970 <runtime_init_clocks+0xb4>)
100018c2:	b082      	sub	sp, #8
100018c4:	f8c4 3084 	str.w	r3, [r4, #132]	@ 0x84
100018c8:	f7ff ff2a 	bl	10001720 <xosc_init>
100018cc:	2201      	movs	r2, #1
100018ce:	4b29      	ldr	r3, [pc, #164]	@ (10001974 <runtime_init_clocks+0xb8>)
100018d0:	63da      	str	r2, [r3, #60]	@ 0x3c
100018d2:	6c63      	ldr	r3, [r4, #68]	@ 0x44
100018d4:	2b01      	cmp	r3, #1
100018d6:	d1fc      	bne.n	100018d2 <runtime_init_clocks+0x16>
100018d8:	2103      	movs	r1, #3
100018da:	4a26      	ldr	r2, [pc, #152]	@ (10001974 <runtime_init_clocks+0xb8>)
100018dc:	4b24      	ldr	r3, [pc, #144]	@ (10001970 <runtime_init_clocks+0xb4>)
100018de:	6311      	str	r1, [r2, #48]	@ 0x30
100018e0:	6b9c      	ldr	r4, [r3, #56]	@ 0x38
100018e2:	2c01      	cmp	r4, #1
100018e4:	d1fc      	bne.n	100018e0 <runtime_init_clocks+0x24>
100018e6:	2602      	movs	r6, #2
100018e8:	2505      	movs	r5, #5
100018ea:	4621      	mov	r1, r4
100018ec:	2305      	movs	r3, #5
100018ee:	4a22      	ldr	r2, [pc, #136]	@ (10001978 <runtime_init_clocks+0xbc>)
100018f0:	4822      	ldr	r0, [pc, #136]	@ (1000197c <runtime_init_clocks+0xc0>)
100018f2:	9600      	str	r6, [sp, #0]
100018f4:	f7ff fe1e 	bl	10001534 <pll_init>
100018f8:	4621      	mov	r1, r4
100018fa:	462b      	mov	r3, r5
100018fc:	4a20      	ldr	r2, [pc, #128]	@ (10001980 <runtime_init_clocks+0xc4>)
100018fe:	4821      	ldr	r0, [pc, #132]	@ (10001984 <runtime_init_clocks+0xc8>)
10001900:	9500      	str	r5, [sp, #0]
10001902:	f7ff fe17 	bl	10001534 <pll_init>
10001906:	2200      	movs	r2, #0
10001908:	2004      	movs	r0, #4
1000190a:	4631      	mov	r1, r6
1000190c:	4b1e      	ldr	r3, [pc, #120]	@ (10001988 <runtime_init_clocks+0xcc>)
1000190e:	f7ff fda3 	bl	10001458 <clock_configure_undivided>
10001912:	4621      	mov	r1, r4
10001914:	4628      	mov	r0, r5
10001916:	2200      	movs	r2, #0
10001918:	4b1c      	ldr	r3, [pc, #112]	@ (1000198c <runtime_init_clocks+0xd0>)
1000191a:	f7ff fd9d 	bl	10001458 <clock_configure_undivided>
1000191e:	2200      	movs	r2, #0
10001920:	2008      	movs	r0, #8
10001922:	4611      	mov	r1, r2
10001924:	4b1a      	ldr	r3, [pc, #104]	@ (10001990 <runtime_init_clocks+0xd4>)
10001926:	f7ff fd97 	bl	10001458 <clock_configure_undivided>
1000192a:	2200      	movs	r2, #0
1000192c:	2009      	movs	r0, #9
1000192e:	4611      	mov	r1, r2
10001930:	4b17      	ldr	r3, [pc, #92]	@ (10001990 <runtime_init_clocks+0xd4>)
10001932:	f7ff fd91 	bl	10001458 <clock_configure_undivided>
10001936:	2200      	movs	r2, #0
10001938:	2006      	movs	r0, #6
1000193a:	4611      	mov	r1, r2
1000193c:	4b13      	ldr	r3, [pc, #76]	@ (1000198c <runtime_init_clocks+0xd0>)
1000193e:	f7ff fd8b 	bl	10001458 <clock_configure_undivided>
10001942:	2200      	movs	r2, #0
10001944:	4b11      	ldr	r3, [pc, #68]	@ (1000198c <runtime_init_clocks+0xd0>)
10001946:	2007      	movs	r0, #7
10001948:	4611      	mov	r1, r2
1000194a:	f7ff fd85 	bl	10001458 <clock_configure_undivided>
1000194e:	2004      	movs	r0, #4
10001950:	f7ff fdea 	bl	10001528 <clock_get_hz>
10001954:	2400      	movs	r4, #0
10001956:	4b0f      	ldr	r3, [pc, #60]	@ (10001994 <runtime_init_clocks+0xd8>)
10001958:	fba3 3500 	umull	r3, r5, r3, r0
1000195c:	0cad      	lsrs	r5, r5, #18
1000195e:	b2e0      	uxtb	r0, r4
10001960:	4629      	mov	r1, r5
10001962:	3401      	adds	r4, #1
10001964:	f7ff fe78 	bl	10001658 <tick_start>
10001968:	2c06      	cmp	r4, #6
1000196a:	d1f8      	bne.n	1000195e <runtime_init_clocks+0xa2>
1000196c:	b002      	add	sp, #8
1000196e:	bd70      	pop	{r4, r5, r6, pc}
10001970:	40010000 	.word	0x40010000
10001974:	40013000 	.word	0x40013000
10001978:	59682f00 	.word	0x59682f00
1000197c:	40050000 	.word	0x40050000
10001980:	47868c00 	.word	0x47868c00
10001984:	40058000 	.word	0x40058000
10001988:	00b71b00 	.word	0x00b71b00
1000198c:	08f0d180 	.word	0x08f0d180
10001990:	02dc6c00 	.word	0x02dc6c00
10001994:	431bde83 	.word	0x431bde83

10001998 <__wrap_calloc>:
10001998:	b570      	push	{r4, r5, r6, lr}
1000199a:	4604      	mov	r4, r0
1000199c:	460e      	mov	r6, r1
1000199e:	480b      	ldr	r0, [pc, #44]	@ (100019cc <__wrap_calloc+0x34>)
100019a0:	f003 f946 	bl	10004c30 <__mutex_enter_blocking_veneer>
100019a4:	4631      	mov	r1, r6
100019a6:	4620      	mov	r0, r4
100019a8:	f002 fc6e 	bl	10004288 <calloc>
100019ac:	4605      	mov	r5, r0
100019ae:	4807      	ldr	r0, [pc, #28]	@ (100019cc <__wrap_calloc+0x34>)
100019b0:	f003 f91e 	bl	10004bf0 <__mutex_exit_veneer>
100019b4:	fb06 f404 	mul.w	r4, r6, r4
100019b8:	b12d      	cbz	r5, 100019c6 <__wrap_calloc+0x2e>
100019ba:	4b05      	ldr	r3, [pc, #20]	@ (100019d0 <__wrap_calloc+0x38>)
100019bc:	442c      	add	r4, r5
100019be:	429c      	cmp	r4, r3
100019c0:	d801      	bhi.n	100019c6 <__wrap_calloc+0x2e>
100019c2:	4628      	mov	r0, r5
100019c4:	bd70      	pop	{r4, r5, r6, pc}
100019c6:	4803      	ldr	r0, [pc, #12]	@ (100019d4 <__wrap_calloc+0x3c>)
100019c8:	f7fe fd16 	bl	100003f8 <panic>
100019cc:	20001620 	.word	0x20001620
100019d0:	20080000 	.word	0x20080000
100019d4:	10004d24 	.word	0x10004d24

100019d8 <_out_char>:
100019d8:	b900      	cbnz	r0, 100019dc <_out_char+0x4>
100019da:	4770      	bx	lr
100019dc:	f000 b930 	b.w	10001c40 <__wrap_putchar>

100019e0 <weak_raw_vprintf>:
100019e0:	b510      	push	{r4, lr}
100019e2:	4b09      	ldr	r3, [pc, #36]	@ (10001a08 <weak_raw_vprintf+0x28>)
100019e4:	b084      	sub	sp, #16
100019e6:	681c      	ldr	r4, [r3, #0]
100019e8:	b14c      	cbz	r4, 100019fe <weak_raw_vprintf+0x1e>
100019ea:	4603      	mov	r3, r0
100019ec:	9100      	str	r1, [sp, #0]
100019ee:	f04f 32ff 	mov.w	r2, #4294967295
100019f2:	a903      	add	r1, sp, #12
100019f4:	4805      	ldr	r0, [pc, #20]	@ (10001a0c <weak_raw_vprintf+0x2c>)
100019f6:	47a0      	blx	r4
100019f8:	2001      	movs	r0, #1
100019fa:	b004      	add	sp, #16
100019fc:	bd10      	pop	{r4, pc}
100019fe:	f000 f961 	bl	10001cc4 <__wrap_puts>
10001a02:	4620      	mov	r0, r4
10001a04:	b004      	add	sp, #16
10001a06:	bd10      	pop	{r4, pc}
10001a08:	200020a0 	.word	0x200020a0
10001a0c:	100019d9 	.word	0x100019d9

10001a10 <_exit>:
10001a10:	be00      	bkpt	0x0000
10001a12:	e7fd      	b.n	10001a10 <_exit>

10001a14 <_fini>:
10001a14:	4770      	bx	lr
10001a16:	bf00      	nop

10001a18 <_sbrk>:
10001a18:	4a07      	ldr	r2, [pc, #28]	@ (10001a38 <_sbrk+0x20>)
10001a1a:	4603      	mov	r3, r0
10001a1c:	6810      	ldr	r0, [r2, #0]
10001a1e:	b138      	cbz	r0, 10001a30 <_sbrk+0x18>
10001a20:	4906      	ldr	r1, [pc, #24]	@ (10001a3c <_sbrk+0x24>)
10001a22:	4403      	add	r3, r0
10001a24:	428b      	cmp	r3, r1
10001a26:	bf8c      	ite	hi
10001a28:	f04f 30ff 	movhi.w	r0, #4294967295
10001a2c:	6013      	strls	r3, [r2, #0]
10001a2e:	4770      	bx	lr
10001a30:	4903      	ldr	r1, [pc, #12]	@ (10001a40 <_sbrk+0x28>)
10001a32:	4608      	mov	r0, r1
10001a34:	6011      	str	r1, [r2, #0]
10001a36:	e7f3      	b.n	10001a20 <_sbrk+0x8>
10001a38:	20001c9c 	.word	0x20001c9c
10001a3c:	20080000 	.word	0x20080000
10001a40:	20002118 	.word	0x20002118

10001a44 <exit>:
10001a44:	b508      	push	{r3, lr}
10001a46:	f7ff ffe3 	bl	10001a10 <_exit>
10001a4a:	bf00      	nop

10001a4c <runtime_init>:
10001a4c:	b538      	push	{r3, r4, r5, lr}
10001a4e:	4c06      	ldr	r4, [pc, #24]	@ (10001a68 <runtime_init+0x1c>)
10001a50:	4d06      	ldr	r5, [pc, #24]	@ (10001a6c <runtime_init+0x20>)
10001a52:	f7ff fe85 	bl	10001760 <runtime_run_initializers>
10001a56:	42ac      	cmp	r4, r5
10001a58:	d204      	bcs.n	10001a64 <runtime_init+0x18>
10001a5a:	f854 3b04 	ldr.w	r3, [r4], #4
10001a5e:	4798      	blx	r3
10001a60:	42ac      	cmp	r4, r5
10001a62:	d3fa      	bcc.n	10001a5a <runtime_init+0xe>
10001a64:	bd38      	pop	{r3, r4, r5, pc}
10001a66:	bf00      	nop
10001a68:	10004c8c 	.word	0x10004c8c
10001a6c:	10004c90 	.word	0x10004c90

10001a70 <stdio_out_chars_no_crlf>:
10001a70:	6803      	ldr	r3, [r0, #0]
10001a72:	4608      	mov	r0, r1
10001a74:	4611      	mov	r1, r2
10001a76:	4718      	bx	r3

10001a78 <stdio_out_chars_crlf>:
10001a78:	e92d 41f0 	stmdb	sp!, {r4, r5, r6, r7, r8, lr}
10001a7c:	4615      	mov	r5, r2
10001a7e:	7d42      	ldrb	r2, [r0, #21]
10001a80:	4607      	mov	r7, r0
10001a82:	4688      	mov	r8, r1
10001a84:	2a00      	cmp	r2, #0
10001a86:	d046      	beq.n	10001b16 <stdio_out_chars_crlf+0x9e>
10001a88:	2d00      	cmp	r5, #0
10001a8a:	dd1d      	ble.n	10001ac8 <stdio_out_chars_crlf+0x50>
10001a8c:	780b      	ldrb	r3, [r1, #0]
10001a8e:	2b0a      	cmp	r3, #10
10001a90:	d023      	beq.n	10001ada <stdio_out_chars_crlf+0x62>
10001a92:	2d01      	cmp	r5, #1
10001a94:	f04f 0c00 	mov.w	ip, #0
10001a98:	d018      	beq.n	10001acc <stdio_out_chars_crlf+0x54>
10001a9a:	4646      	mov	r6, r8
10001a9c:	2401      	movs	r4, #1
10001a9e:	f816 2f01 	ldrb.w	r2, [r6, #1]!
10001aa2:	4621      	mov	r1, r4
10001aa4:	2a0a      	cmp	r2, #10
10001aa6:	f104 0401 	add.w	r4, r4, #1
10001aaa:	d022      	beq.n	10001af2 <stdio_out_chars_crlf+0x7a>
10001aac:	42a5      	cmp	r5, r4
10001aae:	d1f6      	bne.n	10001a9e <stdio_out_chars_crlf+0x26>
10001ab0:	4565      	cmp	r5, ip
10001ab2:	dc0b      	bgt.n	10001acc <stdio_out_chars_crlf+0x54>
10001ab4:	eb08 0305 	add.w	r3, r8, r5
10001ab8:	f813 3c01 	ldrb.w	r3, [r3, #-1]
10001abc:	f1a3 030d 	sub.w	r3, r3, #13
10001ac0:	fab3 f383 	clz	r3, r3
10001ac4:	095b      	lsrs	r3, r3, #5
10001ac6:	753b      	strb	r3, [r7, #20]
10001ac8:	e8bd 81f0 	ldmia.w	sp!, {r4, r5, r6, r7, r8, pc}
10001acc:	683b      	ldr	r3, [r7, #0]
10001ace:	eba5 010c 	sub.w	r1, r5, ip
10001ad2:	eb08 000c 	add.w	r0, r8, ip
10001ad6:	4798      	blx	r3
10001ad8:	e7ec      	b.n	10001ab4 <stdio_out_chars_crlf+0x3c>
10001ada:	7d03      	ldrb	r3, [r0, #20]
10001adc:	2b00      	cmp	r3, #0
10001ade:	d1d8      	bne.n	10001a92 <stdio_out_chars_crlf+0x1a>
10001ae0:	6803      	ldr	r3, [r0, #0]
10001ae2:	2102      	movs	r1, #2
10001ae4:	480f      	ldr	r0, [pc, #60]	@ (10001b24 <stdio_out_chars_crlf+0xac>)
10001ae6:	4798      	blx	r3
10001ae8:	2d01      	cmp	r5, #1
10001aea:	d0e3      	beq.n	10001ab4 <stdio_out_chars_crlf+0x3c>
10001aec:	f04f 0c01 	mov.w	ip, #1
10001af0:	e7d3      	b.n	10001a9a <stdio_out_chars_crlf+0x22>
10001af2:	f816 3c01 	ldrb.w	r3, [r6, #-1]
10001af6:	2b0d      	cmp	r3, #13
10001af8:	d0d8      	beq.n	10001aac <stdio_out_chars_crlf+0x34>
10001afa:	458c      	cmp	ip, r1
10001afc:	eb08 000c 	add.w	r0, r8, ip
10001b00:	eba1 010c 	sub.w	r1, r1, ip
10001b04:	da01      	bge.n	10001b0a <stdio_out_chars_crlf+0x92>
10001b06:	683b      	ldr	r3, [r7, #0]
10001b08:	4798      	blx	r3
10001b0a:	2102      	movs	r1, #2
10001b0c:	4805      	ldr	r0, [pc, #20]	@ (10001b24 <stdio_out_chars_crlf+0xac>)
10001b0e:	683b      	ldr	r3, [r7, #0]
10001b10:	4798      	blx	r3
10001b12:	46a4      	mov	ip, r4
10001b14:	e7ca      	b.n	10001aac <stdio_out_chars_crlf+0x34>
10001b16:	4629      	mov	r1, r5
10001b18:	4640      	mov	r0, r8
10001b1a:	683b      	ldr	r3, [r7, #0]
10001b1c:	e8bd 41f0 	ldmia.w	sp!, {r4, r5, r6, r7, r8, lr}
10001b20:	4718      	bx	r3
10001b22:	bf00      	nop
10001b24:	10004e60 	.word	0x10004e60

10001b28 <stdio_put_string>:
10001b28:	e92d 47f0 	stmdb	sp!, {r4, r5, r6, r7, r8, r9, sl, lr}
10001b2c:	b082      	sub	sp, #8
10001b2e:	460d      	mov	r5, r1
10001b30:	4691      	mov	r9, r2
10001b32:	461c      	mov	r4, r3
10001b34:	4606      	mov	r6, r0
10001b36:	f7ff fb31 	bl	1000119c <time_us_64>
10001b3a:	f04f 3cff 	mov.w	ip, #4294967295
10001b3e:	f06f 4700 	mvn.w	r7, #2147483648	@ 0x80000000
10001b42:	4a2e      	ldr	r2, [pc, #184]	@ (10001bfc <stdio_put_string+0xd4>)
10001b44:	1882      	adds	r2, r0, r2
10001b46:	f141 0300 	adc.w	r3, r1, #0
10001b4a:	4594      	cmp	ip, r2
10001b4c:	eb77 0103 	sbcs.w	r1, r7, r3
10001b50:	bf3c      	itt	cc
10001b52:	4662      	movcc	r2, ip
10001b54:	463b      	movcc	r3, r7
10001b56:	482a      	ldr	r0, [pc, #168]	@ (10001c00 <stdio_put_string+0xd8>)
10001b58:	f003 f86e 	bl	10004c38 <__mutex_try_enter_block_until_veneer>
10001b5c:	1c6b      	adds	r3, r5, #1
10001b5e:	4680      	mov	r8, r0
10001b60:	d040      	beq.n	10001be4 <stdio_put_string+0xbc>
10001b62:	b30c      	cbz	r4, 10001ba8 <stdio_put_string+0x80>
10001b64:	4f27      	ldr	r7, [pc, #156]	@ (10001c04 <stdio_put_string+0xdc>)
10001b66:	4b28      	ldr	r3, [pc, #160]	@ (10001c08 <stdio_put_string+0xe0>)
10001b68:	681c      	ldr	r4, [r3, #0]
10001b6a:	b1b4      	cbz	r4, 10001b9a <stdio_put_string+0x72>
10001b6c:	f1b9 0f00 	cmp.w	r9, #0
10001b70:	d11c      	bne.n	10001bac <stdio_put_string+0x84>
10001b72:	f8df 909c 	ldr.w	r9, [pc, #156]	@ 10001c10 <stdio_put_string+0xe8>
10001b76:	e001      	b.n	10001b7c <stdio_put_string+0x54>
10001b78:	6924      	ldr	r4, [r4, #16]
10001b7a:	b174      	cbz	r4, 10001b9a <stdio_put_string+0x72>
10001b7c:	6823      	ldr	r3, [r4, #0]
10001b7e:	2b00      	cmp	r3, #0
10001b80:	d0fa      	beq.n	10001b78 <stdio_put_string+0x50>
10001b82:	f8d9 3000 	ldr.w	r3, [r9]
10001b86:	b10b      	cbz	r3, 10001b8c <stdio_put_string+0x64>
10001b88:	429c      	cmp	r4, r3
10001b8a:	d1f5      	bne.n	10001b78 <stdio_put_string+0x50>
10001b8c:	4620      	mov	r0, r4
10001b8e:	462a      	mov	r2, r5
10001b90:	4631      	mov	r1, r6
10001b92:	47b8      	blx	r7
10001b94:	6924      	ldr	r4, [r4, #16]
10001b96:	2c00      	cmp	r4, #0
10001b98:	d1f0      	bne.n	10001b7c <stdio_put_string+0x54>
10001b9a:	f1b8 0f00 	cmp.w	r8, #0
10001b9e:	d126      	bne.n	10001bee <stdio_put_string+0xc6>
10001ba0:	4628      	mov	r0, r5
10001ba2:	b002      	add	sp, #8
10001ba4:	e8bd 87f0 	ldmia.w	sp!, {r4, r5, r6, r7, r8, r9, sl, pc}
10001ba8:	4f18      	ldr	r7, [pc, #96]	@ (10001c0c <stdio_put_string+0xe4>)
10001baa:	e7dc      	b.n	10001b66 <stdio_put_string+0x3e>
10001bac:	f04f 0a0a 	mov.w	sl, #10
10001bb0:	f8df 905c 	ldr.w	r9, [pc, #92]	@ 10001c10 <stdio_put_string+0xe8>
10001bb4:	e002      	b.n	10001bbc <stdio_put_string+0x94>
10001bb6:	6924      	ldr	r4, [r4, #16]
10001bb8:	2c00      	cmp	r4, #0
10001bba:	d0ee      	beq.n	10001b9a <stdio_put_string+0x72>
10001bbc:	6823      	ldr	r3, [r4, #0]
10001bbe:	2b00      	cmp	r3, #0
10001bc0:	d0f9      	beq.n	10001bb6 <stdio_put_string+0x8e>
10001bc2:	f8d9 3000 	ldr.w	r3, [r9]
10001bc6:	b10b      	cbz	r3, 10001bcc <stdio_put_string+0xa4>
10001bc8:	42a3      	cmp	r3, r4
10001bca:	d1f4      	bne.n	10001bb6 <stdio_put_string+0x8e>
10001bcc:	462a      	mov	r2, r5
10001bce:	4631      	mov	r1, r6
10001bd0:	4620      	mov	r0, r4
10001bd2:	47b8      	blx	r7
10001bd4:	2201      	movs	r2, #1
10001bd6:	4620      	mov	r0, r4
10001bd8:	f10d 0107 	add.w	r1, sp, #7
10001bdc:	f88d a007 	strb.w	sl, [sp, #7]
10001be0:	47b8      	blx	r7
10001be2:	e7e8      	b.n	10001bb6 <stdio_put_string+0x8e>
10001be4:	4630      	mov	r0, r6
10001be6:	f002 fe81 	bl	100048ec <strlen>
10001bea:	4605      	mov	r5, r0
10001bec:	e7b9      	b.n	10001b62 <stdio_put_string+0x3a>
10001bee:	4804      	ldr	r0, [pc, #16]	@ (10001c00 <stdio_put_string+0xd8>)
10001bf0:	f002 fffe 	bl	10004bf0 <__mutex_exit_veneer>
10001bf4:	4628      	mov	r0, r5
10001bf6:	b002      	add	sp, #8
10001bf8:	e8bd 87f0 	ldmia.w	sp!, {r4, r5, r6, r7, r8, r9, sl, pc}
10001bfc:	000f4240 	.word	0x000f4240
10001c00:	20001628 	.word	0x20001628
10001c04:	10001a79 	.word	0x10001a79
10001c08:	20001c8c 	.word	0x20001c8c
10001c0c:	10001a71 	.word	0x10001a71
10001c10:	20001c98 	.word	0x20001c98

10001c14 <stdio_set_driver_enabled>:
10001c14:	4a08      	ldr	r2, [pc, #32]	@ (10001c38 <stdio_set_driver_enabled+0x24>)
10001c16:	6813      	ldr	r3, [r2, #0]
10001c18:	b923      	cbnz	r3, 10001c24 <stdio_set_driver_enabled+0x10>
10001c1a:	e00a      	b.n	10001c32 <stdio_set_driver_enabled+0x1e>
10001c1c:	f103 0210 	add.w	r2, r3, #16
10001c20:	691b      	ldr	r3, [r3, #16]
10001c22:	b133      	cbz	r3, 10001c32 <stdio_set_driver_enabled+0x1e>
10001c24:	4283      	cmp	r3, r0
10001c26:	d1f9      	bne.n	10001c1c <stdio_set_driver_enabled+0x8>
10001c28:	b929      	cbnz	r1, 10001c36 <stdio_set_driver_enabled+0x22>
10001c2a:	6918      	ldr	r0, [r3, #16]
10001c2c:	6010      	str	r0, [r2, #0]
10001c2e:	6119      	str	r1, [r3, #16]
10001c30:	4770      	bx	lr
10001c32:	b101      	cbz	r1, 10001c36 <stdio_set_driver_enabled+0x22>
10001c34:	6010      	str	r0, [r2, #0]
10001c36:	4770      	bx	lr
10001c38:	20001c8c 	.word	0x20001c8c

10001c3c <stdio_init_all>:
10001c3c:	f000 b9fc 	b.w	10002038 <stdio_usb_init>

10001c40 <__wrap_putchar>:
10001c40:	b5f0      	push	{r4, r5, r6, r7, lr}
10001c42:	b083      	sub	sp, #12
10001c44:	4606      	mov	r6, r0
10001c46:	f88d 0007 	strb.w	r0, [sp, #7]
10001c4a:	f7ff faa7 	bl	1000119c <time_us_64>
10001c4e:	f04f 35ff 	mov.w	r5, #4294967295
10001c52:	f06f 4400 	mvn.w	r4, #2147483648	@ 0x80000000
10001c56:	4a17      	ldr	r2, [pc, #92]	@ (10001cb4 <__wrap_putchar+0x74>)
10001c58:	1882      	adds	r2, r0, r2
10001c5a:	f141 0300 	adc.w	r3, r1, #0
10001c5e:	4295      	cmp	r5, r2
10001c60:	eb74 0103 	sbcs.w	r1, r4, r3
10001c64:	bf3c      	itt	cc
10001c66:	4623      	movcc	r3, r4
10001c68:	462a      	movcc	r2, r5
10001c6a:	4813      	ldr	r0, [pc, #76]	@ (10001cb8 <__wrap_putchar+0x78>)
10001c6c:	f002 ffe4 	bl	10004c38 <__mutex_try_enter_block_until_veneer>
10001c70:	4b12      	ldr	r3, [pc, #72]	@ (10001cbc <__wrap_putchar+0x7c>)
10001c72:	4607      	mov	r7, r0
10001c74:	681c      	ldr	r4, [r3, #0]
10001c76:	b19c      	cbz	r4, 10001ca0 <__wrap_putchar+0x60>
10001c78:	4d11      	ldr	r5, [pc, #68]	@ (10001cc0 <__wrap_putchar+0x80>)
10001c7a:	e001      	b.n	10001c80 <__wrap_putchar+0x40>
10001c7c:	6924      	ldr	r4, [r4, #16]
10001c7e:	b17c      	cbz	r4, 10001ca0 <__wrap_putchar+0x60>
10001c80:	6823      	ldr	r3, [r4, #0]
10001c82:	2b00      	cmp	r3, #0
10001c84:	d0fa      	beq.n	10001c7c <__wrap_putchar+0x3c>
10001c86:	682b      	ldr	r3, [r5, #0]
10001c88:	b10b      	cbz	r3, 10001c8e <__wrap_putchar+0x4e>
10001c8a:	429c      	cmp	r4, r3
10001c8c:	d1f6      	bne.n	10001c7c <__wrap_putchar+0x3c>
10001c8e:	4620      	mov	r0, r4
10001c90:	2201      	movs	r2, #1
10001c92:	f10d 0107 	add.w	r1, sp, #7
10001c96:	f7ff feef 	bl	10001a78 <stdio_out_chars_crlf>
10001c9a:	6924      	ldr	r4, [r4, #16]
10001c9c:	2c00      	cmp	r4, #0
10001c9e:	d1ef      	bne.n	10001c80 <__wrap_putchar+0x40>
10001ca0:	b917      	cbnz	r7, 10001ca8 <__wrap_putchar+0x68>
10001ca2:	4630      	mov	r0, r6
10001ca4:	b003      	add	sp, #12
10001ca6:	bdf0      	pop	{r4, r5, r6, r7, pc}
10001ca8:	4803      	ldr	r0, [pc, #12]	@ (10001cb8 <__wrap_putchar+0x78>)
10001caa:	f002 ffa1 	bl	10004bf0 <__mutex_exit_veneer>
10001cae:	4630      	mov	r0, r6
10001cb0:	b003      	add	sp, #12
10001cb2:	bdf0      	pop	{r4, r5, r6, r7, pc}
10001cb4:	000f4240 	.word	0x000f4240
10001cb8:	20001628 	.word	0x20001628
10001cbc:	20001c8c 	.word	0x20001c8c
10001cc0:	20001c98 	.word	0x20001c98

10001cc4 <__wrap_puts>:
10001cc4:	b538      	push	{r3, r4, r5, lr}
10001cc6:	4604      	mov	r4, r0
10001cc8:	f002 fe10 	bl	100048ec <strlen>
10001ccc:	2301      	movs	r3, #1
10001cce:	4605      	mov	r5, r0
10001cd0:	461a      	mov	r2, r3
10001cd2:	4620      	mov	r0, r4
10001cd4:	4629      	mov	r1, r5
10001cd6:	f7ff ff27 	bl	10001b28 <stdio_put_string>
10001cda:	4b08      	ldr	r3, [pc, #32]	@ (10001cfc <__wrap_puts+0x38>)
10001cdc:	681c      	ldr	r4, [r3, #0]
10001cde:	b12c      	cbz	r4, 10001cec <__wrap_puts+0x28>
10001ce0:	6863      	ldr	r3, [r4, #4]
10001ce2:	b12b      	cbz	r3, 10001cf0 <__wrap_puts+0x2c>
10001ce4:	4798      	blx	r3
10001ce6:	6924      	ldr	r4, [r4, #16]
10001ce8:	2c00      	cmp	r4, #0
10001cea:	d1f9      	bne.n	10001ce0 <__wrap_puts+0x1c>
10001cec:	4628      	mov	r0, r5
10001cee:	bd38      	pop	{r3, r4, r5, pc}
10001cf0:	6924      	ldr	r4, [r4, #16]
10001cf2:	2c00      	cmp	r4, #0
10001cf4:	d1f4      	bne.n	10001ce0 <__wrap_puts+0x1c>
10001cf6:	4628      	mov	r0, r5
10001cf8:	bd38      	pop	{r3, r4, r5, pc}
10001cfa:	bf00      	nop
10001cfc:	20001c8c 	.word	0x20001c8c

10001d00 <stdio_usb_set_chars_available_callback>:
10001d00:	4a02      	ldr	r2, [pc, #8]	@ (10001d0c <stdio_usb_set_chars_available_callback+0xc>)
10001d02:	4b03      	ldr	r3, [pc, #12]	@ (10001d10 <stdio_usb_set_chars_available_callback+0x10>)
10001d04:	6010      	str	r0, [r2, #0]
10001d06:	6019      	str	r1, [r3, #0]
10001d08:	4770      	bx	lr
10001d0a:	bf00      	nop
10001d0c:	20001c28 	.word	0x20001c28
10001d10:	20001c2c 	.word	0x20001c2c

10001d14 <timer_task>:
10001d14:	4b18      	ldr	r3, [pc, #96]	@ (10001d78 <timer_task+0x64>)
10001d16:	b570      	push	{r4, r5, r6, lr}
10001d18:	681a      	ldr	r2, [r3, #0]
10001d1a:	2a00      	cmp	r2, #0
10001d1c:	d028      	beq.n	10001d70 <timer_task+0x5c>
10001d1e:	f3ef 8110 	mrs	r1, PRIMASK
10001d22:	b672      	cpsid	i
10001d24:	e8d2 4fcf 	ldaexb	r4, [r2]
10001d28:	2001      	movs	r0, #1
10001d2a:	2c00      	cmp	r4, #0
10001d2c:	d1fa      	bne.n	10001d24 <timer_task+0x10>
10001d2e:	e8c2 0f44 	strexb	r4, r0, [r2]
10001d32:	2c00      	cmp	r4, #0
10001d34:	d1f6      	bne.n	10001d24 <timer_task+0x10>
10001d36:	f3bf 8f5f 	dmb	sy
10001d3a:	2200      	movs	r2, #0
10001d3c:	4c0f      	ldr	r4, [pc, #60]	@ (10001d7c <timer_task+0x68>)
10001d3e:	6818      	ldr	r0, [r3, #0]
10001d40:	6059      	str	r1, [r3, #4]
10001d42:	7022      	strb	r2, [r4, #0]
10001d44:	e8c0 2f8f 	stlb	r2, [r0]
10001d48:	f381 8810 	msr	PRIMASK, r1
10001d4c:	2400      	movs	r4, #0
10001d4e:	2500      	movs	r5, #0
10001d50:	4e0b      	ldr	r6, [pc, #44]	@ (10001d80 <timer_task+0x6c>)
10001d52:	7830      	ldrb	r0, [r6, #0]
10001d54:	f7fe fc56 	bl	10000604 <irq_is_enabled>
10001d58:	b920      	cbnz	r0, 10001d64 <timer_task+0x50>
10001d5a:	2400      	movs	r4, #0
10001d5c:	2500      	movs	r5, #0
10001d5e:	4620      	mov	r0, r4
10001d60:	4629      	mov	r1, r5
10001d62:	bd70      	pop	{r4, r5, r6, pc}
10001d64:	7830      	ldrb	r0, [r6, #0]
10001d66:	f7fe fc5d 	bl	10000624 <irq_set_pending>
10001d6a:	4620      	mov	r0, r4
10001d6c:	4629      	mov	r1, r5
10001d6e:	bd70      	pop	{r4, r5, r6, pc}
10001d70:	f44f 747a 	mov.w	r4, #1000	@ 0x3e8
10001d74:	2500      	movs	r5, #0
10001d76:	e7eb      	b.n	10001d50 <timer_task+0x3c>
10001d78:	200020ac 	.word	0x200020ac
10001d7c:	20002114 	.word	0x20002114
10001d80:	20002113 	.word	0x20002113

10001d84 <usb_irq>:
10001d84:	4b01      	ldr	r3, [pc, #4]	@ (10001d8c <usb_irq+0x8>)
10001d86:	7818      	ldrb	r0, [r3, #0]
10001d88:	f7fe bc4c 	b.w	10000624 <irq_set_pending>
10001d8c:	20002113 	.word	0x20002113

10001d90 <stdio_usb_in_chars>:
10001d90:	b538      	push	{r3, r4, r5, lr}
10001d92:	4604      	mov	r4, r0
10001d94:	2000      	movs	r0, #0
10001d96:	460d      	mov	r5, r1
10001d98:	f001 fb5e 	bl	10003458 <tud_cdc_n_connected>
10001d9c:	b3a8      	cbz	r0, 10001e0a <stdio_usb_in_chars+0x7a>
10001d9e:	2000      	movs	r0, #0
10001da0:	f001 fb70 	bl	10003484 <tud_cdc_n_available>
10001da4:	b388      	cbz	r0, 10001e0a <stdio_usb_in_chars+0x7a>
10001da6:	f7ff f9f9 	bl	1000119c <time_us_64>
10001daa:	f04f 3eff 	mov.w	lr, #4294967295
10001dae:	f06f 4c00 	mvn.w	ip, #2147483648	@ 0x80000000
10001db2:	4a17      	ldr	r2, [pc, #92]	@ (10001e10 <stdio_usb_in_chars+0x80>)
10001db4:	1882      	adds	r2, r0, r2
10001db6:	f141 0300 	adc.w	r3, r1, #0
10001dba:	4596      	cmp	lr, r2
10001dbc:	eb7c 0103 	sbcs.w	r1, ip, r3
10001dc0:	bf3c      	itt	cc
10001dc2:	4672      	movcc	r2, lr
10001dc4:	4663      	movcc	r3, ip
10001dc6:	4813      	ldr	r0, [pc, #76]	@ (10001e14 <stdio_usb_in_chars+0x84>)
10001dc8:	f002 ff36 	bl	10004c38 <__mutex_try_enter_block_until_veneer>
10001dcc:	b1e8      	cbz	r0, 10001e0a <stdio_usb_in_chars+0x7a>
10001dce:	2000      	movs	r0, #0
10001dd0:	f001 fb42 	bl	10003458 <tud_cdc_n_connected>
10001dd4:	b958      	cbnz	r0, 10001dee <stdio_usb_in_chars+0x5e>
10001dd6:	2100      	movs	r1, #0
10001dd8:	f04f 30ff 	mov.w	r0, #4294967295
10001ddc:	f000 fd76 	bl	100028cc <tud_task_ext>
10001de0:	f06f 0402 	mvn.w	r4, #2
10001de4:	480b      	ldr	r0, [pc, #44]	@ (10001e14 <stdio_usb_in_chars+0x84>)
10001de6:	f002 ff03 	bl	10004bf0 <__mutex_exit_veneer>
10001dea:	4620      	mov	r0, r4
10001dec:	bd38      	pop	{r3, r4, r5, pc}
10001dee:	2000      	movs	r0, #0
10001df0:	f001 fb48 	bl	10003484 <tud_cdc_n_available>
10001df4:	2800      	cmp	r0, #0
10001df6:	d0ee      	beq.n	10001dd6 <stdio_usb_in_chars+0x46>
10001df8:	4621      	mov	r1, r4
10001dfa:	462a      	mov	r2, r5
10001dfc:	2000      	movs	r0, #0
10001dfe:	f001 fb4b 	bl	10003498 <tud_cdc_n_read>
10001e02:	4604      	mov	r4, r0
10001e04:	2800      	cmp	r0, #0
10001e06:	d1ed      	bne.n	10001de4 <stdio_usb_in_chars+0x54>
10001e08:	e7ea      	b.n	10001de0 <stdio_usb_in_chars+0x50>
10001e0a:	f06f 0402 	mvn.w	r4, #2
10001e0e:	e7ec      	b.n	10001dea <stdio_usb_in_chars+0x5a>
10001e10:	000f4240 	.word	0x000f4240
10001e14:	200020f0 	.word	0x200020f0

10001e18 <stdio_usb_out_flush>:
10001e18:	b508      	push	{r3, lr}
10001e1a:	f7ff f9bf 	bl	1000119c <time_us_64>
10001e1e:	f04f 3eff 	mov.w	lr, #4294967295
10001e22:	f06f 4c00 	mvn.w	ip, #2147483648	@ 0x80000000
10001e26:	4a0f      	ldr	r2, [pc, #60]	@ (10001e64 <stdio_usb_out_flush+0x4c>)
10001e28:	1882      	adds	r2, r0, r2
10001e2a:	f141 0300 	adc.w	r3, r1, #0
10001e2e:	4596      	cmp	lr, r2
10001e30:	eb7c 0103 	sbcs.w	r1, ip, r3
10001e34:	bf3c      	itt	cc
10001e36:	4672      	movcc	r2, lr
10001e38:	4663      	movcc	r3, ip
10001e3a:	480b      	ldr	r0, [pc, #44]	@ (10001e68 <stdio_usb_out_flush+0x50>)
10001e3c:	f002 fefc 	bl	10004c38 <__mutex_try_enter_block_until_veneer>
10001e40:	b170      	cbz	r0, 10001e60 <stdio_usb_out_flush+0x48>
10001e42:	f04f 30ff 	mov.w	r0, #4294967295
10001e46:	2100      	movs	r1, #0
10001e48:	f000 fd40 	bl	100028cc <tud_task_ext>
10001e4c:	2000      	movs	r0, #0
10001e4e:	f001 fb6b 	bl	10003528 <tud_cdc_n_write_flush>
10001e52:	2800      	cmp	r0, #0
10001e54:	d1f5      	bne.n	10001e42 <stdio_usb_out_flush+0x2a>
10001e56:	e8bd 4008 	ldmia.w	sp!, {r3, lr}
10001e5a:	4803      	ldr	r0, [pc, #12]	@ (10001e68 <stdio_usb_out_flush+0x50>)
10001e5c:	f002 bec8 	b.w	10004bf0 <__mutex_exit_veneer>
10001e60:	bd08      	pop	{r3, pc}
10001e62:	bf00      	nop
10001e64:	000f4240 	.word	0x000f4240
10001e68:	200020f0 	.word	0x200020f0

10001e6c <stdio_usb_out_chars>:
10001e6c:	e92d 43f8 	stmdb	sp!, {r3, r4, r5, r6, r7, r8, r9, lr}
10001e70:	4680      	mov	r8, r0
10001e72:	460f      	mov	r7, r1
10001e74:	f7ff f992 	bl	1000119c <time_us_64>
10001e78:	f04f 35ff 	mov.w	r5, #4294967295
10001e7c:	f06f 4400 	mvn.w	r4, #2147483648	@ 0x80000000
10001e80:	4a33      	ldr	r2, [pc, #204]	@ (10001f50 <stdio_usb_out_chars+0xe4>)
10001e82:	1882      	adds	r2, r0, r2
10001e84:	f141 0300 	adc.w	r3, r1, #0
10001e88:	4295      	cmp	r5, r2
10001e8a:	eb74 0103 	sbcs.w	r1, r4, r3
10001e8e:	bf3c      	itt	cc
10001e90:	462a      	movcc	r2, r5
10001e92:	4623      	movcc	r3, r4
10001e94:	482f      	ldr	r0, [pc, #188]	@ (10001f54 <stdio_usb_out_chars+0xe8>)
10001e96:	f002 fecf 	bl	10004c38 <__mutex_try_enter_block_until_veneer>
10001e9a:	b908      	cbnz	r0, 10001ea0 <stdio_usb_out_chars+0x34>
10001e9c:	e8bd 83f8 	ldmia.w	sp!, {r3, r4, r5, r6, r7, r8, r9, pc}
10001ea0:	2000      	movs	r0, #0
10001ea2:	f001 fad9 	bl	10003458 <tud_cdc_n_connected>
10001ea6:	2800      	cmp	r0, #0
10001ea8:	d047      	beq.n	10001f3a <stdio_usb_out_chars+0xce>
10001eaa:	2f00      	cmp	r7, #0
10001eac:	dd40      	ble.n	10001f30 <stdio_usb_out_chars+0xc4>
10001eae:	2500      	movs	r5, #0
10001eb0:	f8df 90a8 	ldr.w	r9, [pc, #168]	@ 10001f5c <stdio_usb_out_chars+0xf0>
10001eb4:	4e28      	ldr	r6, [pc, #160]	@ (10001f58 <stdio_usb_out_chars+0xec>)
10001eb6:	e013      	b.n	10001ee0 <stdio_usb_out_chars+0x74>
10001eb8:	4622      	mov	r2, r4
10001eba:	2000      	movs	r0, #0
10001ebc:	f001 fb7a 	bl	100035b4 <tud_cdc_n_write>
10001ec0:	2100      	movs	r1, #0
10001ec2:	4604      	mov	r4, r0
10001ec4:	f04f 30ff 	mov.w	r0, #4294967295
10001ec8:	f000 fd00 	bl	100028cc <tud_task_ext>
10001ecc:	2000      	movs	r0, #0
10001ece:	f001 fb2b 	bl	10003528 <tud_cdc_n_write_flush>
10001ed2:	f7ff f963 	bl	1000119c <time_us_64>
10001ed6:	e9c9 0100 	strd	r0, r1, [r9]
10001eda:	4425      	add	r5, r4
10001edc:	42af      	cmp	r7, r5
10001ede:	dd27      	ble.n	10001f30 <stdio_usb_out_chars+0xc4>
10001ee0:	2000      	movs	r0, #0
10001ee2:	f001 fb87 	bl	100035f4 <tud_cdc_n_write_available>
10001ee6:	1b7c      	subs	r4, r7, r5
10001ee8:	4284      	cmp	r4, r0
10001eea:	bfa8      	it	ge
10001eec:	4604      	movge	r4, r0
10001eee:	eb08 0105 	add.w	r1, r8, r5
10001ef2:	2c00      	cmp	r4, #0
10001ef4:	d1e0      	bne.n	10001eb8 <stdio_usb_out_chars+0x4c>
10001ef6:	4621      	mov	r1, r4
10001ef8:	f04f 30ff 	mov.w	r0, #4294967295
10001efc:	f000 fce6 	bl	100028cc <tud_task_ext>
10001f00:	4620      	mov	r0, r4
10001f02:	f001 fb11 	bl	10003528 <tud_cdc_n_write_flush>
10001f06:	4620      	mov	r0, r4
10001f08:	f001 faa6 	bl	10003458 <tud_cdc_n_connected>
10001f0c:	b180      	cbz	r0, 10001f30 <stdio_usb_out_chars+0xc4>
10001f0e:	4620      	mov	r0, r4
10001f10:	f001 fb70 	bl	100035f4 <tud_cdc_n_write_available>
10001f14:	2800      	cmp	r0, #0
10001f16:	d1e1      	bne.n	10001edc <stdio_usb_out_chars+0x70>
10001f18:	f7ff f940 	bl	1000119c <time_us_64>
10001f1c:	f8d9 3000 	ldr.w	r3, [r9]
10001f20:	f8d9 2004 	ldr.w	r2, [r9, #4]
10001f24:	199b      	adds	r3, r3, r6
10001f26:	f142 0200 	adc.w	r2, r2, #0
10001f2a:	4283      	cmp	r3, r0
10001f2c:	418a      	sbcs	r2, r1
10001f2e:	d2d5      	bcs.n	10001edc <stdio_usb_out_chars+0x70>
10001f30:	4808      	ldr	r0, [pc, #32]	@ (10001f54 <stdio_usb_out_chars+0xe8>)
10001f32:	e8bd 43f8 	ldmia.w	sp!, {r3, r4, r5, r6, r7, r8, r9, lr}
10001f36:	f002 be5b 	b.w	10004bf0 <__mutex_exit_veneer>
10001f3a:	2000      	movs	r0, #0
10001f3c:	2100      	movs	r1, #0
10001f3e:	4b07      	ldr	r3, [pc, #28]	@ (10001f5c <stdio_usb_out_chars+0xf0>)
10001f40:	e9c3 0100 	strd	r0, r1, [r3]
10001f44:	e8bd 43f8 	ldmia.w	sp!, {r3, r4, r5, r6, r7, r8, r9, lr}
10001f48:	4802      	ldr	r0, [pc, #8]	@ (10001f54 <stdio_usb_out_chars+0xe8>)
10001f4a:	f002 be51 	b.w	10004bf0 <__mutex_exit_veneer>
10001f4e:	bf00      	nop
10001f50:	000f4240 	.word	0x000f4240
10001f54:	200020f0 	.word	0x200020f0
10001f58:	0007a120 	.word	0x0007a120
10001f5c:	200017b0 	.word	0x200017b0

10001f60 <low_priority_worker_irq>:
10001f60:	b530      	push	{r4, r5, lr}
10001f62:	2100      	movs	r1, #0
10001f64:	b085      	sub	sp, #20
10001f66:	482e      	ldr	r0, [pc, #184]	@ (10002020 <low_priority_worker_irq+0xc0>)
10001f68:	f002 fe5a 	bl	10004c20 <__mutex_try_enter_veneer>
10001f6c:	b9f0      	cbnz	r0, 10001fac <low_priority_worker_irq+0x4c>
10001f6e:	4b2d      	ldr	r3, [pc, #180]	@ (10002024 <low_priority_worker_irq+0xc4>)
10001f70:	681a      	ldr	r2, [r3, #0]
10001f72:	b1ca      	cbz	r2, 10001fa8 <low_priority_worker_irq+0x48>
10001f74:	f3ef 8110 	mrs	r1, PRIMASK
10001f78:	b672      	cpsid	i
10001f7a:	e8d2 5fcf 	ldaexb	r5, [r2]
10001f7e:	2401      	movs	r4, #1
10001f80:	2d00      	cmp	r5, #0
10001f82:	d1fa      	bne.n	10001f7a <low_priority_worker_irq+0x1a>
10001f84:	e8c2 4f45 	strexb	r5, r4, [r2]
10001f88:	2d00      	cmp	r5, #0
10001f8a:	d1f6      	bne.n	10001f7a <low_priority_worker_irq+0x1a>
10001f8c:	f3bf 8f5f 	dmb	sy
10001f90:	4c25      	ldr	r4, [pc, #148]	@ (10002028 <low_priority_worker_irq+0xc8>)
10001f92:	681d      	ldr	r5, [r3, #0]
10001f94:	7822      	ldrb	r2, [r4, #0]
10001f96:	6059      	str	r1, [r3, #4]
10001f98:	b2d3      	uxtb	r3, r2
10001f9a:	2201      	movs	r2, #1
10001f9c:	7022      	strb	r2, [r4, #0]
10001f9e:	e8c5 0f8f 	stlb	r0, [r5]
10001fa2:	f381 8810 	msr	PRIMASK, r1
10001fa6:	b1cb      	cbz	r3, 10001fdc <low_priority_worker_irq+0x7c>
10001fa8:	b005      	add	sp, #20
10001faa:	bd30      	pop	{r4, r5, pc}
10001fac:	2100      	movs	r1, #0
10001fae:	f04f 30ff 	mov.w	r0, #4294967295
10001fb2:	f000 fc8b 	bl	100028cc <tud_task_ext>
10001fb6:	2000      	movs	r0, #0
10001fb8:	f001 fa64 	bl	10003484 <tud_cdc_n_available>
10001fbc:	4604      	mov	r4, r0
10001fbe:	4818      	ldr	r0, [pc, #96]	@ (10002020 <low_priority_worker_irq+0xc0>)
10001fc0:	f002 fe16 	bl	10004bf0 <__mutex_exit_veneer>
10001fc4:	2c00      	cmp	r4, #0
10001fc6:	d0ef      	beq.n	10001fa8 <low_priority_worker_irq+0x48>
10001fc8:	4b18      	ldr	r3, [pc, #96]	@ (1000202c <low_priority_worker_irq+0xcc>)
10001fca:	681b      	ldr	r3, [r3, #0]
10001fcc:	2b00      	cmp	r3, #0
10001fce:	d0eb      	beq.n	10001fa8 <low_priority_worker_irq+0x48>
10001fd0:	4a17      	ldr	r2, [pc, #92]	@ (10002030 <low_priority_worker_irq+0xd0>)
10001fd2:	6810      	ldr	r0, [r2, #0]
10001fd4:	b005      	add	sp, #20
10001fd6:	e8bd 4030 	ldmia.w	sp!, {r4, r5, lr}
10001fda:	4718      	bx	r3
10001fdc:	f7fe ff38 	bl	10000e50 <alarm_pool_get_default>
10001fe0:	4604      	mov	r4, r0
10001fe2:	f7ff f8db 	bl	1000119c <time_us_64>
10001fe6:	f04f 3cff 	mov.w	ip, #4294967295
10001fea:	f06f 4500 	mvn.w	r5, #2147483648	@ 0x80000000
10001fee:	f510 727a 	adds.w	r2, r0, #1000	@ 0x3e8
10001ff2:	f141 0300 	adc.w	r3, r1, #0
10001ff6:	4594      	cmp	ip, r2
10001ff8:	eb75 0103 	sbcs.w	r1, r5, r3
10001ffc:	bf38      	it	cc
10001ffe:	462b      	movcc	r3, r5
10002000:	f04f 0100 	mov.w	r1, #0
10002004:	f04f 0501 	mov.w	r5, #1
10002008:	4620      	mov	r0, r4
1000200a:	4c0a      	ldr	r4, [pc, #40]	@ (10002034 <low_priority_worker_irq+0xd4>)
1000200c:	bf38      	it	cc
1000200e:	4662      	movcc	r2, ip
10002010:	e9cd 1501 	strd	r1, r5, [sp, #4]
10002014:	9400      	str	r4, [sp, #0]
10002016:	f7fe ff1f 	bl	10000e58 <alarm_pool_add_alarm_at>
1000201a:	b005      	add	sp, #20
1000201c:	bd30      	pop	{r4, r5, pc}
1000201e:	bf00      	nop
10002020:	200020f0 	.word	0x200020f0
10002024:	200020ac 	.word	0x200020ac
10002028:	20002114 	.word	0x20002114
1000202c:	20001c28 	.word	0x20001c28
10002030:	20001c2c 	.word	0x20001c2c
10002034:	10001d15 	.word	0x10001d15

10002038 <stdio_usb_init>:
10002038:	f04f 4350 	mov.w	r3, #3489660928	@ 0xd0000000
1000203c:	b530      	push	{r4, r5, lr}
1000203e:	b085      	sub	sp, #20
10002040:	681c      	ldr	r4, [r3, #0]
10002042:	f7fe ff05 	bl	10000e50 <alarm_pool_get_default>
10002046:	f7ff f819 	bl	1000107c <alarm_pool_core_num>
1000204a:	42a0      	cmp	r0, r4
1000204c:	d002      	beq.n	10002054 <stdio_usb_init+0x1c>
1000204e:	2000      	movs	r0, #0
10002050:	b005      	add	sp, #20
10002052:	bd30      	pop	{r4, r5, pc}
10002054:	2100      	movs	r1, #0
10002056:	4b2a      	ldr	r3, [pc, #168]	@ (10002100 <stdio_usb_init+0xc8>)
10002058:	4608      	mov	r0, r1
1000205a:	781b      	ldrb	r3, [r3, #0]
1000205c:	f001 fc86 	bl	1000396c <tusb_rhport_init>
10002060:	4828      	ldr	r0, [pc, #160]	@ (10002104 <stdio_usb_init+0xcc>)
10002062:	6803      	ldr	r3, [r0, #0]
10002064:	2b00      	cmp	r3, #0
10002066:	d047      	beq.n	100020f8 <stdio_usb_init+0xc0>
10002068:	2001      	movs	r0, #1
1000206a:	f7fe fc6d 	bl	10000948 <user_irq_claim_unused>
1000206e:	4603      	mov	r3, r0
10002070:	4c25      	ldr	r4, [pc, #148]	@ (10002108 <stdio_usb_init+0xd0>)
10002072:	4926      	ldr	r1, [pc, #152]	@ (1000210c <stdio_usb_init+0xd4>)
10002074:	b2c0      	uxtb	r0, r0
10002076:	7023      	strb	r3, [r4, #0]
10002078:	f7fe faf0 	bl	1000065c <irq_set_exclusive_handler>
1000207c:	7820      	ldrb	r0, [r4, #0]
1000207e:	2101      	movs	r1, #1
10002080:	f7fe faaa 	bl	100005d8 <irq_set_enabled>
10002084:	200e      	movs	r0, #14
10002086:	f7fe fad9 	bl	1000063c <irq_has_shared_handler>
1000208a:	bb40      	cbnz	r0, 100020de <stdio_usb_init+0xa6>
1000208c:	4b20      	ldr	r3, [pc, #128]	@ (10002110 <stdio_usb_init+0xd8>)
1000208e:	2501      	movs	r5, #1
10002090:	e9c3 0000 	strd	r0, r0, [r3]
10002094:	f7fe fedc 	bl	10000e50 <alarm_pool_get_default>
10002098:	4604      	mov	r4, r0
1000209a:	f7ff f87f 	bl	1000119c <time_us_64>
1000209e:	f04f 3eff 	mov.w	lr, #4294967295
100020a2:	f06f 4c00 	mvn.w	ip, #2147483648	@ 0x80000000
100020a6:	f510 727a 	adds.w	r2, r0, #1000	@ 0x3e8
100020aa:	f141 0300 	adc.w	r3, r1, #0
100020ae:	4596      	cmp	lr, r2
100020b0:	eb7c 0103 	sbcs.w	r1, ip, r3
100020b4:	f04f 0100 	mov.w	r1, #0
100020b8:	4620      	mov	r0, r4
100020ba:	4c16      	ldr	r4, [pc, #88]	@ (10002114 <stdio_usb_init+0xdc>)
100020bc:	bf3c      	itt	cc
100020be:	4672      	movcc	r2, lr
100020c0:	4663      	movcc	r3, ip
100020c2:	e9cd 1501 	strd	r1, r5, [sp, #4]
100020c6:	9400      	str	r4, [sp, #0]
100020c8:	f7fe fec6 	bl	10000e58 <alarm_pool_add_alarm_at>
100020cc:	2800      	cmp	r0, #0
100020ce:	dbbe      	blt.n	1000204e <stdio_usb_init+0x16>
100020d0:	2101      	movs	r1, #1
100020d2:	4811      	ldr	r0, [pc, #68]	@ (10002118 <stdio_usb_init+0xe0>)
100020d4:	f7ff fd9e 	bl	10001c14 <stdio_set_driver_enabled>
100020d8:	2001      	movs	r0, #1
100020da:	b005      	add	sp, #20
100020dc:	bd30      	pop	{r4, r5, pc}
100020de:	2001      	movs	r0, #1
100020e0:	f7fe fa36 	bl	10000550 <spin_lock_claim_unused>
100020e4:	4601      	mov	r1, r0
100020e6:	480a      	ldr	r0, [pc, #40]	@ (10002110 <stdio_usb_init+0xd8>)
100020e8:	f7fe fc8a 	bl	10000a00 <critical_section_init_with_lock_num>
100020ec:	2200      	movs	r2, #0
100020ee:	200e      	movs	r0, #14
100020f0:	490a      	ldr	r1, [pc, #40]	@ (1000211c <stdio_usb_init+0xe4>)
100020f2:	f7fe fae1 	bl	100006b8 <irq_add_shared_handler>
100020f6:	e7eb      	b.n	100020d0 <stdio_usb_init+0x98>
100020f8:	f7fe fc66 	bl	100009c8 <mutex_init>
100020fc:	e7b4      	b.n	10002068 <stdio_usb_init+0x30>
100020fe:	bf00      	nop
10002100:	10005020 	.word	0x10005020
10002104:	200020f0 	.word	0x200020f0
10002108:	20002113 	.word	0x20002113
1000210c:	10001f61 	.word	0x10001f61
10002110:	200020ac 	.word	0x200020ac
10002114:	10001d15 	.word	0x10001d15
10002118:	20001090 	.word	0x20001090
1000211c:	10001d85 	.word	0x10001d85

10002120 <tud_descriptor_device_cb>:
10002120:	4800      	ldr	r0, [pc, #0]	@ (10002124 <tud_descriptor_device_cb+0x4>)
10002122:	4770      	bx	lr
10002124:	10004edc 	.word	0x10004edc

10002128 <tud_descriptor_configuration_cb>:
10002128:	4800      	ldr	r0, [pc, #0]	@ (1000212c <tud_descriptor_configuration_cb+0x4>)
1000212a:	4770      	bx	lr
1000212c:	10004e88 	.word	0x10004e88

10002130 <tud_descriptor_string_cb>:
10002130:	b538      	push	{r3, r4, r5, lr}
10002132:	4b18      	ldr	r3, [pc, #96]	@ (10002194 <tud_descriptor_string_cb+0x64>)
10002134:	4604      	mov	r4, r0
10002136:	781a      	ldrb	r2, [r3, #0]
10002138:	b30a      	cbz	r2, 1000217e <tud_descriptor_string_cb+0x4e>
1000213a:	b944      	cbnz	r4, 1000214e <tud_descriptor_string_cb+0x1e>
1000213c:	f240 4209 	movw	r2, #1033	@ 0x409
10002140:	f44f 7341 	mov.w	r3, #772	@ 0x304
10002144:	4d14      	ldr	r5, [pc, #80]	@ (10002198 <tud_descriptor_string_cb+0x68>)
10002146:	806a      	strh	r2, [r5, #2]
10002148:	4813      	ldr	r0, [pc, #76]	@ (10002198 <tud_descriptor_string_cb+0x68>)
1000214a:	802b      	strh	r3, [r5, #0]
1000214c:	bd38      	pop	{r3, r4, r5, pc}
1000214e:	2c05      	cmp	r4, #5
10002150:	d81d      	bhi.n	1000218e <tud_descriptor_string_cb+0x5e>
10002152:	4b12      	ldr	r3, [pc, #72]	@ (1000219c <tud_descriptor_string_cb+0x6c>)
10002154:	4d10      	ldr	r5, [pc, #64]	@ (10002198 <tud_descriptor_string_cb+0x68>)
10002156:	f853 1024 	ldr.w	r1, [r3, r4, lsl #2]
1000215a:	4628      	mov	r0, r5
1000215c:	2300      	movs	r3, #0
1000215e:	3901      	subs	r1, #1
10002160:	e003      	b.n	1000216a <tud_descriptor_string_cb+0x3a>
10002162:	2b13      	cmp	r3, #19
10002164:	f820 2f02 	strh.w	r2, [r0, #2]!
10002168:	d00e      	beq.n	10002188 <tud_descriptor_string_cb+0x58>
1000216a:	f811 2f01 	ldrb.w	r2, [r1, #1]!
1000216e:	3301      	adds	r3, #1
10002170:	b2db      	uxtb	r3, r3
10002172:	2a00      	cmp	r2, #0
10002174:	d1f5      	bne.n	10002162 <tud_descriptor_string_cb+0x32>
10002176:	005b      	lsls	r3, r3, #1
10002178:	f443 7340 	orr.w	r3, r3, #768	@ 0x300
1000217c:	e7e4      	b.n	10002148 <tud_descriptor_string_cb+0x18>
1000217e:	2111      	movs	r1, #17
10002180:	4618      	mov	r0, r3
10002182:	f000 f825 	bl	100021d0 <pico_get_unique_board_id_string>
10002186:	e7d8      	b.n	1000213a <tud_descriptor_string_cb+0xa>
10002188:	f44f 734a 	mov.w	r3, #808	@ 0x328
1000218c:	e7dc      	b.n	10002148 <tud_descriptor_string_cb+0x18>
1000218e:	2000      	movs	r0, #0
10002190:	bd38      	pop	{r3, r4, r5, pc}
10002192:	bf00      	nop
10002194:	200020fc 	.word	0x200020fc
10002198:	20001c64 	.word	0x20001c64
1000219c:	10004e70 	.word	0x10004e70

100021a0 <_retrieve_unique_id_on_boot>:
100021a0:	b500      	push	{lr}
100021a2:	f245 3047 	movw	r0, #21319	@ 0x5347
100021a6:	b08b      	sub	sp, #44	@ 0x2c
100021a8:	f7ff fa7c 	bl	100016a4 <rom_func_lookup>
100021ac:	2201      	movs	r2, #1
100021ae:	4603      	mov	r3, r0
100021b0:	2109      	movs	r1, #9
100021b2:	a801      	add	r0, sp, #4
100021b4:	4798      	blx	r3
100021b6:	e9dd 3203 	ldrd	r3, r2, [sp, #12]
100021ba:	4904      	ldr	r1, [pc, #16]	@ (100021cc <_retrieve_unique_id_on_boot+0x2c>)
100021bc:	ba12      	rev	r2, r2
100021be:	ba1b      	rev	r3, r3
100021c0:	e9c1 2300 	strd	r2, r3, [r1]
100021c4:	b00b      	add	sp, #44	@ 0x2c
100021c6:	f85d fb04 	ldr.w	pc, [sp], #4
100021ca:	bf00      	nop
100021cc:	200020d4 	.word	0x200020d4

100021d0 <pico_get_unique_board_id_string>:
100021d0:	2901      	cmp	r1, #1
100021d2:	f101 33ff 	add.w	r3, r1, #4294967295
100021d6:	f000 80b3 	beq.w	10002340 <pico_get_unique_board_id_string+0x170>
100021da:	495d      	ldr	r1, [pc, #372]	@ (10002350 <pico_get_unique_board_id_string+0x180>)
100021dc:	780a      	ldrb	r2, [r1, #0]
100021de:	ea4f 1c12 	mov.w	ip, r2, lsr #4
100021e2:	2a9f      	cmp	r2, #159	@ 0x9f
100021e4:	bf8c      	ite	hi
100021e6:	f10c 0c37 	addhi.w	ip, ip, #55	@ 0x37
100021ea:	f10c 0c30 	addls.w	ip, ip, #48	@ 0x30
100021ee:	2b01      	cmp	r3, #1
100021f0:	f880 c000 	strb.w	ip, [r0]
100021f4:	f000 80a7 	beq.w	10002346 <pico_get_unique_board_id_string+0x176>
100021f8:	f002 020f 	and.w	r2, r2, #15
100021fc:	2a09      	cmp	r2, #9
100021fe:	bf8c      	ite	hi
10002200:	3237      	addhi	r2, #55	@ 0x37
10002202:	3230      	addls	r2, #48	@ 0x30
10002204:	2b02      	cmp	r3, #2
10002206:	7042      	strb	r2, [r0, #1]
10002208:	f000 809d 	beq.w	10002346 <pico_get_unique_board_id_string+0x176>
1000220c:	784a      	ldrb	r2, [r1, #1]
1000220e:	ea4f 1c12 	mov.w	ip, r2, lsr #4
10002212:	2a9f      	cmp	r2, #159	@ 0x9f
10002214:	bf8c      	ite	hi
10002216:	f10c 0c37 	addhi.w	ip, ip, #55	@ 0x37
1000221a:	f10c 0c30 	addls.w	ip, ip, #48	@ 0x30
1000221e:	2b03      	cmp	r3, #3
10002220:	f880 c002 	strb.w	ip, [r0, #2]
10002224:	f000 808f 	beq.w	10002346 <pico_get_unique_board_id_string+0x176>
10002228:	f002 020f 	and.w	r2, r2, #15
1000222c:	2a09      	cmp	r2, #9
1000222e:	bf8c      	ite	hi
10002230:	3237      	addhi	r2, #55	@ 0x37
10002232:	3230      	addls	r2, #48	@ 0x30
10002234:	2b04      	cmp	r3, #4
10002236:	70c2      	strb	r2, [r0, #3]
10002238:	f000 8085 	beq.w	10002346 <pico_get_unique_board_id_string+0x176>
1000223c:	788a      	ldrb	r2, [r1, #2]
1000223e:	ea4f 1c12 	mov.w	ip, r2, lsr #4
10002242:	2a9f      	cmp	r2, #159	@ 0x9f
10002244:	bf8c      	ite	hi
10002246:	f10c 0c37 	addhi.w	ip, ip, #55	@ 0x37
1000224a:	f10c 0c30 	addls.w	ip, ip, #48	@ 0x30
1000224e:	2b05      	cmp	r3, #5
10002250:	f880 c004 	strb.w	ip, [r0, #4]
10002254:	d077      	beq.n	10002346 <pico_get_unique_board_id_string+0x176>
10002256:	f002 020f 	and.w	r2, r2, #15
1000225a:	2a09      	cmp	r2, #9
1000225c:	bf8c      	ite	hi
1000225e:	3237      	addhi	r2, #55	@ 0x37
10002260:	3230      	addls	r2, #48	@ 0x30
10002262:	2b06      	cmp	r3, #6
10002264:	7142      	strb	r2, [r0, #5]
10002266:	d06e      	beq.n	10002346 <pico_get_unique_board_id_string+0x176>
10002268:	78ca      	ldrb	r2, [r1, #3]
1000226a:	ea4f 1c12 	mov.w	ip, r2, lsr #4
1000226e:	2a9f      	cmp	r2, #159	@ 0x9f
10002270:	bf8c      	ite	hi
10002272:	f10c 0c37 	addhi.w	ip, ip, #55	@ 0x37
10002276:	f10c 0c30 	addls.w	ip, ip, #48	@ 0x30
1000227a:	2b07      	cmp	r3, #7
1000227c:	f880 c006 	strb.w	ip, [r0, #6]
10002280:	d061      	beq.n	10002346 <pico_get_unique_board_id_string+0x176>
10002282:	f002 020f 	and.w	r2, r2, #15
10002286:	2a09      	cmp	r2, #9
10002288:	bf8c      	ite	hi
1000228a:	3237      	addhi	r2, #55	@ 0x37
1000228c:	3230      	addls	r2, #48	@ 0x30
1000228e:	2b08      	cmp	r3, #8
10002290:	71c2      	strb	r2, [r0, #7]
10002292:	d058      	beq.n	10002346 <pico_get_unique_board_id_string+0x176>
10002294:	790a      	ldrb	r2, [r1, #4]
10002296:	ea4f 1c12 	mov.w	ip, r2, lsr #4
1000229a:	2a9f      	cmp	r2, #159	@ 0x9f
1000229c:	bf8c      	ite	hi
1000229e:	f10c 0c37 	addhi.w	ip, ip, #55	@ 0x37
100022a2:	f10c 0c30 	addls.w	ip, ip, #48	@ 0x30
100022a6:	2b09      	cmp	r3, #9
100022a8:	f880 c008 	strb.w	ip, [r0, #8]
100022ac:	d04b      	beq.n	10002346 <pico_get_unique_board_id_string+0x176>
100022ae:	f002 020f 	and.w	r2, r2, #15
100022b2:	2a09      	cmp	r2, #9
100022b4:	bf8c      	ite	hi
100022b6:	3237      	addhi	r2, #55	@ 0x37
100022b8:	3230      	addls	r2, #48	@ 0x30
100022ba:	2b0a      	cmp	r3, #10
100022bc:	7242      	strb	r2, [r0, #9]
100022be:	d042      	beq.n	10002346 <pico_get_unique_board_id_string+0x176>
100022c0:	794a      	ldrb	r2, [r1, #5]
100022c2:	ea4f 1c12 	mov.w	ip, r2, lsr #4
100022c6:	2a9f      	cmp	r2, #159	@ 0x9f
100022c8:	bf8c      	ite	hi
100022ca:	f10c 0c37 	addhi.w	ip, ip, #55	@ 0x37
100022ce:	f10c 0c30 	addls.w	ip, ip, #48	@ 0x30
100022d2:	2b0b      	cmp	r3, #11
100022d4:	f880 c00a 	strb.w	ip, [r0, #10]
100022d8:	d035      	beq.n	10002346 <pico_get_unique_board_id_string+0x176>
100022da:	f002 020f 	and.w	r2, r2, #15
100022de:	2a09      	cmp	r2, #9
100022e0:	bf8c      	ite	hi
100022e2:	3237      	addhi	r2, #55	@ 0x37
100022e4:	3230      	addls	r2, #48	@ 0x30
100022e6:	2b0c      	cmp	r3, #12
100022e8:	72c2      	strb	r2, [r0, #11]
100022ea:	d02c      	beq.n	10002346 <pico_get_unique_board_id_string+0x176>
100022ec:	798a      	ldrb	r2, [r1, #6]
100022ee:	ea4f 1c12 	mov.w	ip, r2, lsr #4
100022f2:	2a9f      	cmp	r2, #159	@ 0x9f
100022f4:	bf8c      	ite	hi
100022f6:	f10c 0c37 	addhi.w	ip, ip, #55	@ 0x37
100022fa:	f10c 0c30 	addls.w	ip, ip, #48	@ 0x30
100022fe:	2b0d      	cmp	r3, #13
10002300:	f880 c00c 	strb.w	ip, [r0, #12]
10002304:	d01f      	beq.n	10002346 <pico_get_unique_board_id_string+0x176>
10002306:	f002 020f 	and.w	r2, r2, #15
1000230a:	2a09      	cmp	r2, #9
1000230c:	bf8c      	ite	hi
1000230e:	3237      	addhi	r2, #55	@ 0x37
10002310:	3230      	addls	r2, #48	@ 0x30
10002312:	2b0e      	cmp	r3, #14
10002314:	7342      	strb	r2, [r0, #13]
10002316:	d016      	beq.n	10002346 <pico_get_unique_board_id_string+0x176>
10002318:	79ca      	ldrb	r2, [r1, #7]
1000231a:	0911      	lsrs	r1, r2, #4
1000231c:	2a9f      	cmp	r2, #159	@ 0x9f
1000231e:	bf8c      	ite	hi
10002320:	3137      	addhi	r1, #55	@ 0x37
10002322:	3130      	addls	r1, #48	@ 0x30
10002324:	2b0f      	cmp	r3, #15
10002326:	7381      	strb	r1, [r0, #14]
10002328:	d00d      	beq.n	10002346 <pico_get_unique_board_id_string+0x176>
1000232a:	f002 020f 	and.w	r2, r2, #15
1000232e:	2a09      	cmp	r2, #9
10002330:	bf94      	ite	ls
10002332:	3230      	addls	r2, #48	@ 0x30
10002334:	3237      	addhi	r2, #55	@ 0x37
10002336:	2b10      	cmp	r3, #16
10002338:	73c2      	strb	r2, [r0, #15]
1000233a:	bf18      	it	ne
1000233c:	3010      	addne	r0, #16
1000233e:	d002      	beq.n	10002346 <pico_get_unique_board_id_string+0x176>
10002340:	2300      	movs	r3, #0
10002342:	7003      	strb	r3, [r0, #0]
10002344:	4770      	bx	lr
10002346:	4418      	add	r0, r3
10002348:	2300      	movs	r3, #0
1000234a:	7003      	strb	r3, [r0, #0]
1000234c:	4770      	bx	lr
1000234e:	bf00      	nop
10002350:	200020d4 	.word	0x200020d4

10002354 <usb_reset_interface_init>:
10002354:	4770      	bx	lr
10002356:	bf00      	nop

10002358 <usb_reset_interface_reset>:
10002358:	2200      	movs	r2, #0
1000235a:	4b01      	ldr	r3, [pc, #4]	@ (10002360 <usb_reset_interface_reset+0x8>)
1000235c:	701a      	strb	r2, [r3, #0]
1000235e:	4770      	bx	lr
10002360:	20002111 	.word	0x20002111

10002364 <usb_reset_interface_open>:
10002364:	794b      	ldrb	r3, [r1, #5]
10002366:	2bff      	cmp	r3, #255	@ 0xff
10002368:	d10b      	bne.n	10002382 <usb_reset_interface_open+0x1e>
1000236a:	7988      	ldrb	r0, [r1, #6]
1000236c:	b948      	cbnz	r0, 10002382 <usb_reset_interface_open+0x1e>
1000236e:	79cb      	ldrb	r3, [r1, #7]
10002370:	2b01      	cmp	r3, #1
10002372:	d107      	bne.n	10002384 <usb_reset_interface_open+0x20>
10002374:	2a08      	cmp	r2, #8
10002376:	d905      	bls.n	10002384 <usb_reset_interface_open+0x20>
10002378:	4b03      	ldr	r3, [pc, #12]	@ (10002388 <usb_reset_interface_open+0x24>)
1000237a:	788a      	ldrb	r2, [r1, #2]
1000237c:	2009      	movs	r0, #9
1000237e:	701a      	strb	r2, [r3, #0]
10002380:	4770      	bx	lr
10002382:	2000      	movs	r0, #0
10002384:	4770      	bx	lr
10002386:	bf00      	nop
10002388:	20002111 	.word	0x20002111

1000238c <usb_reset_interface_xfer_cb>:
1000238c:	2001      	movs	r0, #1
1000238e:	4770      	bx	lr

10002390 <usb_reset_interface_control_xfer_cb>:
10002390:	2901      	cmp	r1, #1
10002392:	d001      	beq.n	10002398 <usb_reset_interface_control_xfer_cb+0x8>
10002394:	2001      	movs	r0, #1
10002396:	4770      	bx	lr
10002398:	b508      	push	{r3, lr}
1000239a:	4b10      	ldr	r3, [pc, #64]	@ (100023dc <usb_reset_interface_control_xfer_cb+0x4c>)
1000239c:	8891      	ldrh	r1, [r2, #4]
1000239e:	781b      	ldrb	r3, [r3, #0]
100023a0:	4299      	cmp	r1, r3
100023a2:	d001      	beq.n	100023a8 <usb_reset_interface_control_xfer_cb+0x18>
100023a4:	2000      	movs	r0, #0
100023a6:	bd08      	pop	{r3, pc}
100023a8:	7853      	ldrb	r3, [r2, #1]
100023aa:	2b01      	cmp	r3, #1
100023ac:	d008      	beq.n	100023c0 <usb_reset_interface_control_xfer_cb+0x30>
100023ae:	2b02      	cmp	r3, #2
100023b0:	d1f8      	bne.n	100023a4 <usb_reset_interface_control_xfer_cb+0x14>
100023b2:	2100      	movs	r1, #0
100023b4:	2264      	movs	r2, #100	@ 0x64
100023b6:	4608      	mov	r0, r1
100023b8:	f7ff f902 	bl	100015c0 <watchdog_reboot>
100023bc:	2001      	movs	r0, #1
100023be:	bd08      	pop	{r3, pc}
100023c0:	8851      	ldrh	r1, [r2, #2]
100023c2:	f411 7280 	ands.w	r2, r1, #256	@ 0x100
100023c6:	bf1a      	itte	ne
100023c8:	f3c1 12c0 	ubfxne	r2, r1, #7, #1
100023cc:	0a48      	lsrne	r0, r1, #9
100023ce:	f04f 30ff 	moveq.w	r0, #4294967295
100023d2:	f001 0103 	and.w	r1, r1, #3
100023d6:	f7ff f971 	bl	100016bc <rom_reset_usb_boot_extra>
100023da:	bf00      	nop
100023dc:	20002111 	.word	0x20002111

100023e0 <tud_descriptor_bos_cb>:
100023e0:	4800      	ldr	r0, [pc, #0]	@ (100023e4 <tud_descriptor_bos_cb+0x4>)
100023e2:	4770      	bx	lr
100023e4:	10004f98 	.word	0x10004f98

100023e8 <tud_vendor_control_xfer_cb>:
100023e8:	2901      	cmp	r1, #1
100023ea:	d107      	bne.n	100023fc <tud_vendor_control_xfer_cb+0x14>
100023ec:	7853      	ldrb	r3, [r2, #1]
100023ee:	2b01      	cmp	r3, #1
100023f0:	d102      	bne.n	100023f8 <tud_vendor_control_xfer_cb+0x10>
100023f2:	8893      	ldrh	r3, [r2, #4]
100023f4:	2b07      	cmp	r3, #7
100023f6:	d003      	beq.n	10002400 <tud_vendor_control_xfer_cb+0x18>
100023f8:	2000      	movs	r0, #0
100023fa:	4770      	bx	lr
100023fc:	2001      	movs	r0, #1
100023fe:	4770      	bx	lr
10002400:	4611      	mov	r1, r2
10002402:	23a6      	movs	r3, #166	@ 0xa6
10002404:	4a01      	ldr	r2, [pc, #4]	@ (1000240c <tud_vendor_control_xfer_cb+0x24>)
10002406:	f000 bef7 	b.w	100031f8 <tud_control_xfer>
1000240a:	bf00      	nop
1000240c:	10004ef0 	.word	0x10004ef0

10002410 <usbd_app_driver_get_cb>:
10002410:	4603      	mov	r3, r0
10002412:	2201      	movs	r2, #1
10002414:	4801      	ldr	r0, [pc, #4]	@ (1000241c <usbd_app_driver_get_cb+0xc>)
10002416:	701a      	strb	r2, [r3, #0]
10002418:	4770      	bx	lr
1000241a:	bf00      	nop
1000241c:	10004fbc 	.word	0x10004fbc

10002420 <tud_cdc_line_coding_cb>:
10002420:	b508      	push	{r3, lr}
10002422:	680b      	ldr	r3, [r1, #0]
10002424:	f5b3 6f96 	cmp.w	r3, #1200	@ 0x4b0
10002428:	d000      	beq.n	1000242c <tud_cdc_line_coding_cb+0xc>
1000242a:	bd08      	pop	{r3, pc}
1000242c:	2200      	movs	r2, #0
1000242e:	f04f 30ff 	mov.w	r0, #4294967295
10002432:	4611      	mov	r1, r2
10002434:	f7ff f942 	bl	100016bc <rom_reset_usb_boot_extra>

10002438 <dcd_init>:
10002438:	b570      	push	{r4, r5, r6, lr}
1000243a:	f000 f927 	bl	1000268c <rp2040_usb_init>
1000243e:	230c      	movs	r3, #12
10002440:	2640      	movs	r6, #64	@ 0x40
10002442:	4c19      	ldr	r4, [pc, #100]	@ (100024a8 <dcd_init+0x70>)
10002444:	22ff      	movs	r2, #255	@ 0xff
10002446:	67a3      	str	r3, [r4, #120]	@ 0x78
10002448:	200e      	movs	r0, #14
1000244a:	4918      	ldr	r1, [pc, #96]	@ (100024ac <dcd_init+0x74>)
1000244c:	f7fe f934 	bl	100006b8 <irq_add_shared_handler>
10002450:	4632      	mov	r2, r6
10002452:	2100      	movs	r1, #0
10002454:	4816      	ldr	r0, [pc, #88]	@ (100024b0 <dcd_init+0x78>)
10002456:	f002 fbc7 	bl	10004be8 <__memset_veneer>
1000245a:	2501      	movs	r5, #1
1000245c:	2300      	movs	r3, #0
1000245e:	2180      	movs	r1, #128	@ 0x80
10002460:	4813      	ldr	r0, [pc, #76]	@ (100024b0 <dcd_init+0x78>)
10002462:	4a14      	ldr	r2, [pc, #80]	@ (100024b4 <dcd_init+0x7c>)
10002464:	8441      	strh	r1, [r0, #34]	@ 0x22
10002466:	7045      	strb	r5, [r0, #1]
10002468:	8306      	strh	r6, [r0, #24]
1000246a:	8706      	strh	r6, [r0, #56]	@ 0x38
1000246c:	6082      	str	r2, [r0, #8]
1000246e:	6043      	str	r3, [r0, #4]
10002470:	6013      	str	r3, [r2, #0]
10002472:	f842 3c04 	str.w	r3, [r2, #-4]
10002476:	f880 3021 	strb.w	r3, [r0, #33]	@ 0x21
1000247a:	f880 303b 	strb.w	r3, [r0, #59]	@ 0x3b
1000247e:	6243      	str	r3, [r0, #36]	@ 0x24
10002480:	4b0d      	ldr	r3, [pc, #52]	@ (100024b8 <dcd_init+0x80>)
10002482:	f04f 5600 	mov.w	r6, #536870912	@ 0x20000000
10002486:	60c3      	str	r3, [r0, #12]
10002488:	62c3      	str	r3, [r0, #44]	@ 0x2c
1000248a:	3b80      	subs	r3, #128	@ 0x80
1000248c:	6283      	str	r3, [r0, #40]	@ 0x28
1000248e:	f002 fbbb 	bl	10004c08 <__reset_non_control_endpoints_veneer>
10002492:	f44f 3280 	mov.w	r2, #65536	@ 0x10000
10002496:	4909      	ldr	r1, [pc, #36]	@ (100024bc <dcd_init+0x84>)
10002498:	4b09      	ldr	r3, [pc, #36]	@ (100024c0 <dcd_init+0x88>)
1000249a:	6425      	str	r5, [r4, #64]	@ 0x40
1000249c:	4628      	mov	r0, r5
1000249e:	64e6      	str	r6, [r4, #76]	@ 0x4c
100024a0:	f8c4 1090 	str.w	r1, [r4, #144]	@ 0x90
100024a4:	64da      	str	r2, [r3, #76]	@ 0x4c
100024a6:	bd70      	pop	{r4, r5, r6, pc}
100024a8:	50110000 	.word	0x50110000
100024ac:	2000042d 	.word	0x2000042d
100024b0:	20001ca0 	.word	0x20001ca0
100024b4:	50100084 	.word	0x50100084
100024b8:	50100100 	.word	0x50100100
100024bc:	0001d010 	.word	0x0001d010
100024c0:	50112000 	.word	0x50112000

100024c4 <dcd_int_enable>:
100024c4:	2101      	movs	r1, #1
100024c6:	200e      	movs	r0, #14
100024c8:	f7fe b886 	b.w	100005d8 <irq_set_enabled>

100024cc <dcd_set_address>:
100024cc:	2200      	movs	r2, #0
100024ce:	4802      	ldr	r0, [pc, #8]	@ (100024d8 <dcd_set_address+0xc>)
100024d0:	4611      	mov	r1, r2
100024d2:	f000 b8fb 	b.w	100026cc <hw_endpoint_xfer_start>
100024d6:	bf00      	nop
100024d8:	20001cc0 	.word	0x20001cc0

100024dc <dcd_sof_enable>:
100024dc:	4b04      	ldr	r3, [pc, #16]	@ (100024f0 <dcd_sof_enable+0x14>)
100024de:	7019      	strb	r1, [r3, #0]
100024e0:	b121      	cbz	r1, 100024ec <dcd_sof_enable+0x10>
100024e2:	f44f 3200 	mov.w	r2, #131072	@ 0x20000
100024e6:	4b03      	ldr	r3, [pc, #12]	@ (100024f4 <dcd_sof_enable+0x18>)
100024e8:	f8c3 2090 	str.w	r2, [r3, #144]	@ 0x90
100024ec:	4770      	bx	lr
100024ee:	bf00      	nop
100024f0:	2000210e 	.word	0x2000210e
100024f4:	50112000 	.word	0x50112000

100024f8 <dcd_edpt0_status_complete>:
100024f8:	780b      	ldrb	r3, [r1, #0]
100024fa:	065b      	lsls	r3, r3, #25
100024fc:	d102      	bne.n	10002504 <dcd_edpt0_status_complete+0xc>
100024fe:	784b      	ldrb	r3, [r1, #1]
10002500:	2b05      	cmp	r3, #5
10002502:	d000      	beq.n	10002506 <dcd_edpt0_status_complete+0xe>
10002504:	4770      	bx	lr
10002506:	884b      	ldrh	r3, [r1, #2]
10002508:	4a01      	ldr	r2, [pc, #4]	@ (10002510 <dcd_edpt0_status_complete+0x18>)
1000250a:	b2db      	uxtb	r3, r3
1000250c:	6013      	str	r3, [r2, #0]
1000250e:	4770      	bx	lr
10002510:	50110000 	.word	0x50110000

10002514 <dcd_edpt_open>:
10002514:	78cb      	ldrb	r3, [r1, #3]
10002516:	e92d 41f0 	stmdb	sp!, {r4, r5, r6, r7, r8, lr}
1000251a:	f003 0e03 	and.w	lr, r3, #3
1000251e:	f1be 0f01 	cmp.w	lr, #1
10002522:	f3c3 0001 	ubfx	r0, r3, #0, #2
10002526:	d057      	beq.n	100025d8 <dcd_edpt_open+0xc4>
10002528:	2700      	movs	r7, #0
1000252a:	f891 c002 	ldrb.w	ip, [r1, #2]
1000252e:	4c31      	ldr	r4, [pc, #196]	@ (100025f4 <dcd_edpt_open+0xe0>)
10002530:	f00c 027f 	and.w	r2, ip, #127	@ 0x7f
10002534:	0056      	lsls	r6, r2, #1
10002536:	8889      	ldrh	r1, [r1, #4]
10002538:	eb06 13dc 	add.w	r3, r6, ip, lsr #7
1000253c:	eb04 1343 	add.w	r3, r4, r3, lsl #5
10002540:	ea4f 15dc 	mov.w	r5, ip, lsr #7
10002544:	76d8      	strb	r0, [r3, #27]
10002546:	f3c1 010a 	ubfx	r1, r1, #0, #11
1000254a:	f085 0001 	eor.w	r0, r5, #1
1000254e:	f883 c002 	strb.w	ip, [r3, #2]
10002552:	8319      	strh	r1, [r3, #24]
10002554:	7058      	strb	r0, [r3, #1]
10002556:	70df      	strb	r7, [r3, #3]
10002558:	00d3      	lsls	r3, r2, #3
1000255a:	bb6d      	cbnz	r5, 100025b8 <dcd_edpt_open+0xa4>
1000255c:	4826      	ldr	r0, [pc, #152]	@ (100025f8 <dcd_edpt_open+0xe4>)
1000255e:	3304      	adds	r3, #4
10002560:	eb04 1c82 	add.w	ip, r4, r2, lsl #6
10002564:	eb03 0800 	add.w	r8, r3, r0
10002568:	f8cc 8008 	str.w	r8, [ip, #8]
1000256c:	501f      	str	r7, [r3, r0]
1000256e:	b362      	cbz	r2, 100025ca <dcd_edpt_open+0xb6>
10002570:	4b22      	ldr	r3, [pc, #136]	@ (100025fc <dcd_edpt_open+0xe8>)
10002572:	00d2      	lsls	r2, r2, #3
10002574:	4413      	add	r3, r2
10002576:	f8cc 3004 	str.w	r3, [ip, #4]
1000257a:	4a21      	ldr	r2, [pc, #132]	@ (10002600 <dcd_edpt_open+0xec>)
1000257c:	313f      	adds	r1, #63	@ 0x3f
1000257e:	6813      	ldr	r3, [r2, #0]
10002580:	f021 013f 	bic.w	r1, r1, #63	@ 0x3f
10002584:	f1be 0f02 	cmp.w	lr, #2
10002588:	bf08      	it	eq
1000258a:	0049      	lsleq	r1, r1, #1
1000258c:	481d      	ldr	r0, [pc, #116]	@ (10002604 <dcd_edpt_open+0xf0>)
1000258e:	4419      	add	r1, r3
10002590:	442e      	add	r6, r5
10002592:	eb04 1446 	add.w	r4, r4, r6, lsl #5
10002596:	4281      	cmp	r1, r0
10002598:	6011      	str	r1, [r2, #0]
1000259a:	60e3      	str	r3, [r4, #12]
1000259c:	d827      	bhi.n	100025ee <dcd_edpt_open+0xda>
1000259e:	f083 43a0 	eor.w	r3, r3, #1342177280	@ 0x50000000
100025a2:	f483 1380 	eor.w	r3, r3, #1048576	@ 0x100000
100025a6:	6862      	ldr	r2, [r4, #4]
100025a8:	ea43 638e 	orr.w	r3, r3, lr, lsl #26
100025ac:	f043 4300 	orr.w	r3, r3, #2147483648	@ 0x80000000
100025b0:	6013      	str	r3, [r2, #0]
100025b2:	2001      	movs	r0, #1
100025b4:	e8bd 81f0 	ldmia.w	sp!, {r4, r5, r6, r7, r8, pc}
100025b8:	480f      	ldr	r0, [pc, #60]	@ (100025f8 <dcd_edpt_open+0xe4>)
100025ba:	eb04 1c82 	add.w	ip, r4, r2, lsl #6
100025be:	4403      	add	r3, r0
100025c0:	f8cc 3028 	str.w	r3, [ip, #40]	@ 0x28
100025c4:	f840 7032 	str.w	r7, [r0, r2, lsl #3]
100025c8:	b94a      	cbnz	r2, 100025de <dcd_edpt_open+0xca>
100025ca:	2300      	movs	r3, #0
100025cc:	4a0e      	ldr	r2, [pc, #56]	@ (10002608 <dcd_edpt_open+0xf4>)
100025ce:	eb04 1445 	add.w	r4, r4, r5, lsl #5
100025d2:	60e2      	str	r2, [r4, #12]
100025d4:	6063      	str	r3, [r4, #4]
100025d6:	e7ec      	b.n	100025b2 <dcd_edpt_open+0x9e>
100025d8:	2000      	movs	r0, #0
100025da:	e8bd 81f0 	ldmia.w	sp!, {r4, r5, r6, r7, r8, pc}
100025de:	00d2      	lsls	r2, r2, #3
100025e0:	f102 42a0 	add.w	r2, r2, #1342177280	@ 0x50000000
100025e4:	f502 1280 	add.w	r2, r2, #1048576	@ 0x100000
100025e8:	f8cc 2024 	str.w	r2, [ip, #36]	@ 0x24
100025ec:	e7c5      	b.n	1000257a <dcd_edpt_open+0x66>
100025ee:	f7ff f8b1 	bl	10001754 <hard_assertion_failure>
100025f2:	bf00      	nop
100025f4:	20001ca0 	.word	0x20001ca0
100025f8:	50100080 	.word	0x50100080
100025fc:	50100004 	.word	0x50100004
10002600:	200020a8 	.word	0x200020a8
10002604:	50100fff 	.word	0x50100fff
10002608:	50100100 	.word	0x50100100

1000260c <dcd_edpt_close_all>:
1000260c:	f002 bafc 	b.w	10004c08 <__reset_non_control_endpoints_veneer>

10002610 <dcd_edpt_xfer>:
10002610:	468c      	mov	ip, r1
10002612:	b508      	push	{r3, lr}
10002614:	4611      	mov	r1, r2
10002616:	4807      	ldr	r0, [pc, #28]	@ (10002634 <dcd_edpt_xfer+0x24>)
10002618:	461a      	mov	r2, r3
1000261a:	f00c 037f 	and.w	r3, ip, #127	@ 0x7f
1000261e:	ea4f 1cdc 	mov.w	ip, ip, lsr #7
10002622:	eb0c 0c43 	add.w	ip, ip, r3, lsl #1
10002626:	eb00 104c 	add.w	r0, r0, ip, lsl #5
1000262a:	f000 f84f 	bl	100026cc <hw_endpoint_xfer_start>
1000262e:	2001      	movs	r0, #1
10002630:	bd08      	pop	{r3, pc}
10002632:	bf00      	nop
10002634:	20001ca0 	.word	0x20001ca0

10002638 <dcd_edpt_stall>:
10002638:	f011 027f 	ands.w	r2, r1, #127	@ 0x7f
1000263c:	d105      	bne.n	1000264a <dcd_edpt_stall+0x12>
1000263e:	2900      	cmp	r1, #0
10002640:	bf0c      	ite	eq
10002642:	2002      	moveq	r0, #2
10002644:	2001      	movne	r0, #1
10002646:	4b06      	ldr	r3, [pc, #24]	@ (10002660 <dcd_edpt_stall+0x28>)
10002648:	6698      	str	r0, [r3, #104]	@ 0x68
1000264a:	09c9      	lsrs	r1, r1, #7
1000264c:	4b05      	ldr	r3, [pc, #20]	@ (10002664 <dcd_edpt_stall+0x2c>)
1000264e:	eb01 0042 	add.w	r0, r1, r2, lsl #1
10002652:	eb03 1040 	add.w	r0, r3, r0, lsl #5
10002656:	f44f 6200 	mov.w	r2, #2048	@ 0x800
1000265a:	2100      	movs	r1, #0
1000265c:	f002 bad8 	b.w	10004c10 <___hw_endpoint_buffer_control_update32_veneer>
10002660:	50112000 	.word	0x50112000
10002664:	20001ca0 	.word	0x20001ca0

10002668 <dcd_edpt_clear_stall>:
10002668:	f011 037f 	ands.w	r3, r1, #127	@ 0x7f
1000266c:	d100      	bne.n	10002670 <dcd_edpt_clear_stall+0x8>
1000266e:	4770      	bx	lr
10002670:	2200      	movs	r2, #0
10002672:	4805      	ldr	r0, [pc, #20]	@ (10002688 <dcd_edpt_clear_stall+0x20>)
10002674:	005b      	lsls	r3, r3, #1
10002676:	eb03 13d1 	add.w	r3, r3, r1, lsr #7
1000267a:	eb00 1043 	add.w	r0, r0, r3, lsl #5
1000267e:	f46f 6100 	mvn.w	r1, #2048	@ 0x800
10002682:	70c2      	strb	r2, [r0, #3]
10002684:	f002 bac4 	b.w	10004c10 <___hw_endpoint_buffer_control_update32_veneer>
10002688:	20001ca0 	.word	0x20001ca0

1000268c <rp2040_usb_init>:
1000268c:	f04f 5280 	mov.w	r2, #268435456	@ 0x10000000
10002690:	4809      	ldr	r0, [pc, #36]	@ (100026b8 <rp2040_usb_init+0x2c>)
10002692:	490a      	ldr	r1, [pc, #40]	@ (100026bc <rp2040_usb_init+0x30>)
10002694:	b508      	push	{r3, lr}
10002696:	4b0a      	ldr	r3, [pc, #40]	@ (100026c0 <rp2040_usb_init+0x34>)
10002698:	6002      	str	r2, [r0, #0]
1000269a:	600a      	str	r2, [r1, #0]
1000269c:	6899      	ldr	r1, [r3, #8]
1000269e:	43c9      	mvns	r1, r1
100026a0:	f011 5180 	ands.w	r1, r1, #268435456	@ 0x10000000
100026a4:	d1fa      	bne.n	1000269c <rp2040_usb_init+0x10>
100026a6:	f44f 5280 	mov.w	r2, #4096	@ 0x1000
100026aa:	4806      	ldr	r0, [pc, #24]	@ (100026c4 <rp2040_usb_init+0x38>)
100026ac:	f002 fa9c 	bl	10004be8 <__memset_veneer>
100026b0:	2209      	movs	r2, #9
100026b2:	4b05      	ldr	r3, [pc, #20]	@ (100026c8 <rp2040_usb_init+0x3c>)
100026b4:	675a      	str	r2, [r3, #116]	@ 0x74
100026b6:	bd08      	pop	{r3, pc}
100026b8:	40022000 	.word	0x40022000
100026bc:	40023000 	.word	0x40023000
100026c0:	40020000 	.word	0x40020000
100026c4:	50100000 	.word	0x50100000
100026c8:	50110000 	.word	0x50110000

100026cc <hw_endpoint_xfer_start>:
100026cc:	2300      	movs	r3, #0
100026ce:	f04f 0c01 	mov.w	ip, #1
100026d2:	b510      	push	{r4, lr}
100026d4:	f880 c01a 	strb.w	ip, [r0, #26]
100026d8:	8282      	strh	r2, [r0, #20]
100026da:	82c3      	strh	r3, [r0, #22]
100026dc:	6101      	str	r1, [r0, #16]
100026de:	4604      	mov	r4, r0
100026e0:	f002 fa8a 	bl	10004bf8 <__e15_is_bulkin_ep_veneer>
100026e4:	b120      	cbz	r0, 100026f0 <hw_endpoint_xfer_start+0x24>
100026e6:	f44f 3200 	mov.w	r2, #131072	@ 0x20000
100026ea:	4b07      	ldr	r3, [pc, #28]	@ (10002708 <hw_endpoint_xfer_start+0x3c>)
100026ec:	f8c3 2090 	str.w	r2, [r3, #144]	@ 0x90
100026f0:	4620      	mov	r0, r4
100026f2:	f002 fa85 	bl	10004c00 <__e15_is_critical_frame_period_veneer>
100026f6:	b110      	cbz	r0, 100026fe <hw_endpoint_xfer_start+0x32>
100026f8:	2301      	movs	r3, #1
100026fa:	7723      	strb	r3, [r4, #28]
100026fc:	bd10      	pop	{r4, pc}
100026fe:	4620      	mov	r0, r4
10002700:	e8bd 4010 	ldmia.w	sp!, {r4, lr}
10002704:	f002 ba90 	b.w	10004c28 <__hw_endpoint_start_next_buffer_veneer>
10002708:	50112000 	.word	0x50112000

1000270c <configuration_reset>:
1000270c:	e92d 41f0 	stmdb	sp!, {r4, r5, r6, r7, r8, lr}
10002710:	f04f 0800 	mov.w	r8, #0
10002714:	4d1c      	ldr	r5, [pc, #112]	@ (10002788 <configuration_reset+0x7c>)
10002716:	4604      	mov	r4, r0
10002718:	4642      	mov	r2, r8
1000271a:	782b      	ldrb	r3, [r5, #0]
1000271c:	4f1b      	ldr	r7, [pc, #108]	@ (1000278c <configuration_reset+0x80>)
1000271e:	4e1c      	ldr	r6, [pc, #112]	@ (10002790 <configuration_reset+0x84>)
10002720:	e00d      	b.n	1000273e <configuration_reset+0x32>
10002722:	6833      	ldr	r3, [r6, #0]
10002724:	eb13 1342 	adds.w	r3, r3, r2, lsl #5
10002728:	d024      	beq.n	10002774 <configuration_reset+0x68>
1000272a:	68db      	ldr	r3, [r3, #12]
1000272c:	4620      	mov	r0, r4
1000272e:	4798      	blx	r3
10002730:	f108 0801 	add.w	r8, r8, #1
10002734:	782b      	ldrb	r3, [r5, #0]
10002736:	fa5f f288 	uxtb.w	r2, r8
1000273a:	4293      	cmp	r3, r2
1000273c:	d306      	bcc.n	1000274c <configuration_reset+0x40>
1000273e:	4293      	cmp	r3, r2
10002740:	eba2 0303 	sub.w	r3, r2, r3
10002744:	d8ed      	bhi.n	10002722 <configuration_reset+0x16>
10002746:	eb07 1343 	add.w	r3, r7, r3, lsl #5
1000274a:	e7ee      	b.n	1000272a <configuration_reset+0x1e>
1000274c:	2254      	movs	r2, #84	@ 0x54
1000274e:	2100      	movs	r1, #0
10002750:	4810      	ldr	r0, [pc, #64]	@ (10002794 <configuration_reset+0x88>)
10002752:	f002 fa49 	bl	10004be8 <__memset_veneer>
10002756:	f04f 33ff 	mov.w	r3, #4294967295
1000275a:	480e      	ldr	r0, [pc, #56]	@ (10002794 <configuration_reset+0x88>)
1000275c:	2220      	movs	r2, #32
1000275e:	1d04      	adds	r4, r0, #4
10002760:	6043      	str	r3, [r0, #4]
10002762:	e9c4 3301 	strd	r3, r3, [r4, #4]
10002766:	60e3      	str	r3, [r4, #12]
10002768:	21ff      	movs	r1, #255	@ 0xff
1000276a:	e8bd 41f0 	ldmia.w	sp!, {r4, r5, r6, r7, r8, lr}
1000276e:	3014      	adds	r0, #20
10002770:	f002 ba3a 	b.w	10004be8 <__memset_veneer>
10002774:	f04f 23e0 	mov.w	r3, #3758153728	@ 0xe000e000
10002778:	f8d3 3df0 	ldr.w	r3, [r3, #3568]	@ 0xdf0
1000277c:	07db      	lsls	r3, r3, #31
1000277e:	d500      	bpl.n	10002782 <configuration_reset+0x76>
10002780:	be00      	bkpt	0x0000
10002782:	e8bd 81f0 	ldmia.w	sp!, {r4, r5, r6, r7, r8, pc}
10002786:	bf00      	nop
10002788:	2000210d 	.word	0x2000210d
1000278c:	10004fdc 	.word	0x10004fdc
10002790:	20001930 	.word	0x20001930
10002794:	20001b00 	.word	0x20001b00

10002798 <tud_event_hook_cb>:
10002798:	4770      	bx	lr
1000279a:	bf00      	nop

1000279c <tud_sof_cb>:
1000279c:	4770      	bx	lr
1000279e:	bf00      	nop

100027a0 <tud_descriptor_device_qualifier_cb>:
100027a0:	2000      	movs	r0, #0
100027a2:	4770      	bx	lr

100027a4 <tud_descriptor_other_speed_configuration_cb>:
100027a4:	2000      	movs	r0, #0
100027a6:	4770      	bx	lr

100027a8 <tud_mount_cb>:
100027a8:	4770      	bx	lr
100027aa:	bf00      	nop

100027ac <tud_umount_cb>:
100027ac:	4770      	bx	lr
100027ae:	bf00      	nop

100027b0 <tud_suspend_cb>:
100027b0:	4770      	bx	lr
100027b2:	bf00      	nop

100027b4 <tud_resume_cb>:
100027b4:	4770      	bx	lr
100027b6:	bf00      	nop

100027b8 <tud_mounted>:
100027b8:	4b02      	ldr	r3, [pc, #8]	@ (100027c4 <tud_mounted+0xc>)
100027ba:	7858      	ldrb	r0, [r3, #1]
100027bc:	3800      	subs	r0, #0
100027be:	bf18      	it	ne
100027c0:	2001      	movne	r0, #1
100027c2:	4770      	bx	lr
100027c4:	20001b00 	.word	0x20001b00

100027c8 <tud_suspended>:
100027c8:	4b02      	ldr	r3, [pc, #8]	@ (100027d4 <tud_suspended+0xc>)
100027ca:	7818      	ldrb	r0, [r3, #0]
100027cc:	f3c0 0080 	ubfx	r0, r0, #2, #1
100027d0:	4770      	bx	lr
100027d2:	bf00      	nop
100027d4:	20001b00 	.word	0x20001b00

100027d8 <tud_rhport_init>:
100027d8:	e92d 47f0 	stmdb	sp!, {r4, r5, r6, r7, r8, r9, sl, lr}
100027dc:	f8df 90e4 	ldr.w	r9, [pc, #228]	@ 100028c4 <tud_rhport_init+0xec>
100027e0:	f899 3000 	ldrb.w	r3, [r9]
100027e4:	2bff      	cmp	r3, #255	@ 0xff
100027e6:	d155      	bne.n	10002894 <tud_rhport_init+0xbc>
100027e8:	460d      	mov	r5, r1
100027ea:	2900      	cmp	r1, #0
100027ec:	d03d      	beq.n	1000286a <tud_rhport_init+0x92>
100027ee:	2100      	movs	r1, #0
100027f0:	2254      	movs	r2, #84	@ 0x54
100027f2:	4606      	mov	r6, r0
100027f4:	4829      	ldr	r0, [pc, #164]	@ (1000289c <tud_rhport_init+0xc4>)
100027f6:	f002 f9f7 	bl	10004be8 <__memset_veneer>
100027fa:	2200      	movs	r2, #0
100027fc:	4c28      	ldr	r4, [pc, #160]	@ (100028a0 <tud_rhport_init+0xc8>)
100027fe:	4b29      	ldr	r3, [pc, #164]	@ (100028a4 <tud_rhport_init+0xcc>)
10002800:	4620      	mov	r0, r4
10002802:	701a      	strb	r2, [r3, #0]
10002804:	f7fe f8e0 	bl	100009c8 <mutex_init>
10002808:	4b27      	ldr	r3, [pc, #156]	@ (100028a8 <tud_rhport_init+0xd0>)
1000280a:	4828      	ldr	r0, [pc, #160]	@ (100028ac <tud_rhport_init+0xd4>)
1000280c:	601c      	str	r4, [r3, #0]
1000280e:	4c28      	ldr	r4, [pc, #160]	@ (100028b0 <tud_rhport_init+0xd8>)
10002810:	f7fe f8e8 	bl	100009e4 <critical_section_init>
10002814:	4620      	mov	r0, r4
10002816:	f001 fb8f 	bl	10003f38 <tu_fifo_clear>
1000281a:	4a26      	ldr	r2, [pc, #152]	@ (100028b4 <tud_rhport_init+0xdc>)
1000281c:	4b26      	ldr	r3, [pc, #152]	@ (100028b8 <tud_rhport_init+0xe0>)
1000281e:	6014      	str	r4, [r2, #0]
10002820:	b123      	cbz	r3, 1000282c <tud_rhport_init+0x54>
10002822:	4826      	ldr	r0, [pc, #152]	@ (100028bc <tud_rhport_init+0xe4>)
10002824:	f7ff fdf4 	bl	10002410 <usbd_app_driver_get_cb>
10002828:	4b25      	ldr	r3, [pc, #148]	@ (100028c0 <tud_rhport_init+0xe8>)
1000282a:	6018      	str	r0, [r3, #0]
1000282c:	f04f 0a00 	mov.w	sl, #0
10002830:	4c22      	ldr	r4, [pc, #136]	@ (100028bc <tud_rhport_init+0xe4>)
10002832:	4653      	mov	r3, sl
10002834:	7822      	ldrb	r2, [r4, #0]
10002836:	f8df 8090 	ldr.w	r8, [pc, #144]	@ 100028c8 <tud_rhport_init+0xf0>
1000283a:	4f21      	ldr	r7, [pc, #132]	@ (100028c0 <tud_rhport_init+0xe8>)
1000283c:	e00d      	b.n	1000285a <tud_rhport_init+0x82>
1000283e:	683a      	ldr	r2, [r7, #0]
10002840:	eb12 1343 	adds.w	r3, r2, r3, lsl #5
10002844:	d011      	beq.n	1000286a <tud_rhport_init+0x92>
10002846:	685b      	ldr	r3, [r3, #4]
10002848:	b17b      	cbz	r3, 1000286a <tud_rhport_init+0x92>
1000284a:	4798      	blx	r3
1000284c:	f10a 0a01 	add.w	sl, sl, #1
10002850:	7822      	ldrb	r2, [r4, #0]
10002852:	fa5f f38a 	uxtb.w	r3, sl
10002856:	4293      	cmp	r3, r2
10002858:	d811      	bhi.n	1000287e <tud_rhport_init+0xa6>
1000285a:	4293      	cmp	r3, r2
1000285c:	d3ef      	bcc.n	1000283e <tud_rhport_init+0x66>
1000285e:	1a9b      	subs	r3, r3, r2
10002860:	eb08 1343 	add.w	r3, r8, r3, lsl #5
10002864:	685b      	ldr	r3, [r3, #4]
10002866:	2b00      	cmp	r3, #0
10002868:	d1ef      	bne.n	1000284a <tud_rhport_init+0x72>
1000286a:	f04f 23e0 	mov.w	r3, #3758153728	@ 0xe000e000
1000286e:	f8d3 3df0 	ldr.w	r3, [r3, #3568]	@ 0xdf0
10002872:	07db      	lsls	r3, r3, #31
10002874:	d500      	bpl.n	10002878 <tud_rhport_init+0xa0>
10002876:	be00      	bkpt	0x0000
10002878:	2000      	movs	r0, #0
1000287a:	e8bd 87f0 	ldmia.w	sp!, {r4, r5, r6, r7, r8, r9, sl, pc}
1000287e:	4629      	mov	r1, r5
10002880:	4630      	mov	r0, r6
10002882:	f889 6000 	strb.w	r6, [r9]
10002886:	f7ff fdd7 	bl	10002438 <dcd_init>
1000288a:	2800      	cmp	r0, #0
1000288c:	d0ed      	beq.n	1000286a <tud_rhport_init+0x92>
1000288e:	4630      	mov	r0, r6
10002890:	f7ff fe18 	bl	100024c4 <dcd_int_enable>
10002894:	2001      	movs	r0, #1
10002896:	e8bd 87f0 	ldmia.w	sp!, {r4, r5, r6, r7, r8, r9, sl, pc}
1000289a:	bf00      	nop
1000289c:	20001b00 	.word	0x20001b00
100028a0:	20001af8 	.word	0x20001af8
100028a4:	2000210f 	.word	0x2000210f
100028a8:	20001b54 	.word	0x20001b54
100028ac:	200010bc 	.word	0x200010bc
100028b0:	200010a8 	.word	0x200010a8
100028b4:	20001b58 	.word	0x20001b58
100028b8:	10002411 	.word	0x10002411
100028bc:	2000210d 	.word	0x2000210d
100028c0:	20001930 	.word	0x20001930
100028c4:	200010c4 	.word	0x200010c4
100028c8:	10004fdc 	.word	0x10004fdc

100028cc <tud_task_ext>:
100028cc:	e92d 4ff0 	stmdb	sp!, {r4, r5, r6, r7, r8, r9, sl, fp, lr}
100028d0:	f8df 92b0 	ldr.w	r9, [pc, #688]	@ 10002b84 <tud_task_ext+0x2b8>
100028d4:	b08b      	sub	sp, #44	@ 0x2c
100028d6:	f899 3000 	ldrb.w	r3, [r9]
100028da:	2bff      	cmp	r3, #255	@ 0xff
100028dc:	f000 80ed 	beq.w	10002aba <tud_task_ext+0x1ee>
100028e0:	4ca2      	ldr	r4, [pc, #648]	@ (10002b6c <tud_task_ext+0x2a0>)
100028e2:	4da3      	ldr	r5, [pc, #652]	@ (10002b70 <tud_task_ext+0x2a4>)
100028e4:	f8df a298 	ldr.w	sl, [pc, #664]	@ 10002b80 <tud_task_ext+0x2b4>
100028e8:	f8df b29c 	ldr.w	fp, [pc, #668]	@ 10002b88 <tud_task_ext+0x2bc>
100028ec:	6826      	ldr	r6, [r4, #0]
100028ee:	6973      	ldr	r3, [r6, #20]
100028f0:	f3ef 8210 	mrs	r2, PRIMASK
100028f4:	b672      	cpsid	i
100028f6:	e8d3 0fcf 	ldaexb	r0, [r3]
100028fa:	2101      	movs	r1, #1
100028fc:	2800      	cmp	r0, #0
100028fe:	d1fa      	bne.n	100028f6 <tud_task_ext+0x2a>
10002900:	e8c3 1f40 	strexb	r0, r1, [r3]
10002904:	2800      	cmp	r0, #0
10002906:	d1f6      	bne.n	100028f6 <tud_task_ext+0x2a>
10002908:	f3bf 8f5f 	dmb	sy
1000290c:	61b2      	str	r2, [r6, #24]
1000290e:	4630      	mov	r0, r6
10002910:	a907      	add	r1, sp, #28
10002912:	f001 f95b 	bl	10003bcc <tu_fifo_read>
10002916:	2300      	movs	r3, #0
10002918:	6972      	ldr	r2, [r6, #20]
1000291a:	e8c2 3f8f 	stlb	r3, [r2]
1000291e:	69b3      	ldr	r3, [r6, #24]
10002920:	f383 8810 	msr	PRIMASK, r3
10002924:	2800      	cmp	r0, #0
10002926:	f000 80c8 	beq.w	10002aba <tud_task_ext+0x1ee>
1000292a:	f89d 301d 	ldrb.w	r3, [sp, #29]
1000292e:	3b01      	subs	r3, #1
10002930:	2b07      	cmp	r3, #7
10002932:	f200 836b 	bhi.w	1000300c <tud_task_ext+0x740>
10002936:	e8df f003 	tbb	[pc, r3]
1000293a:	afa5      	.short	0xafa5
1000293c:	358c9b93 	.word	0x358c9b93
10002940:	040a      	.short	0x040a
10002942:	9b08      	ldr	r3, [sp, #32]
10002944:	2b00      	cmp	r3, #0
10002946:	d0d1      	beq.n	100028ec <tud_task_ext+0x20>
10002948:	9809      	ldr	r0, [sp, #36]	@ 0x24
1000294a:	4798      	blx	r3
1000294c:	e7ce      	b.n	100028ec <tud_task_ext+0x20>
1000294e:	f89d 1020 	ldrb.w	r1, [sp, #32]
10002952:	f001 067f 	and.w	r6, r1, #127	@ 0x7f
10002956:	eb05 0046 	add.w	r0, r5, r6, lsl #1
1000295a:	eb00 10d1 	add.w	r0, r0, r1, lsr #7
1000295e:	f890 3034 	ldrb.w	r3, [r0, #52]	@ 0x34
10002962:	f023 0301 	bic.w	r3, r3, #1
10002966:	f880 3034 	strb.w	r3, [r0, #52]	@ 0x34
1000296a:	f890 3034 	ldrb.w	r3, [r0, #52]	@ 0x34
1000296e:	f023 0304 	bic.w	r3, r3, #4
10002972:	f880 3034 	strb.w	r3, [r0, #52]	@ 0x34
10002976:	2e00      	cmp	r6, #0
10002978:	f000 80a2 	beq.w	10002ac0 <tud_task_ext+0x1f4>
1000297c:	7d02      	ldrb	r2, [r0, #20]
1000297e:	f89a 3000 	ldrb.w	r3, [sl]
10002982:	429a      	cmp	r2, r3
10002984:	f080 8091 	bcs.w	10002aaa <tud_task_ext+0x1de>
10002988:	4b7a      	ldr	r3, [pc, #488]	@ (10002b74 <tud_task_ext+0x2a8>)
1000298a:	681b      	ldr	r3, [r3, #0]
1000298c:	eb13 1342 	adds.w	r3, r3, r2, lsl #5
10002990:	f000 808c 	beq.w	10002aac <tud_task_ext+0x1e0>
10002994:	699e      	ldr	r6, [r3, #24]
10002996:	f89d 2021 	ldrb.w	r2, [sp, #33]	@ 0x21
1000299a:	9b09      	ldr	r3, [sp, #36]	@ 0x24
1000299c:	f89d 001c 	ldrb.w	r0, [sp, #28]
100029a0:	47b0      	blx	r6
100029a2:	e7a3      	b.n	100028ec <tud_task_ext+0x20>
100029a4:	f89b 3000 	ldrb.w	r3, [fp]
100029a8:	2b00      	cmp	r3, #0
100029aa:	d07f      	beq.n	10002aac <tud_task_ext+0x1e0>
100029ac:	f89b 3000 	ldrb.w	r3, [fp]
100029b0:	3b01      	subs	r3, #1
100029b2:	b2db      	uxtb	r3, r3
100029b4:	f88b 3000 	strb.w	r3, [fp]
100029b8:	f89b 3000 	ldrb.w	r3, [fp]
100029bc:	f003 00ff 	and.w	r0, r3, #255	@ 0xff
100029c0:	2b00      	cmp	r3, #0
100029c2:	d193      	bne.n	100028ec <tud_task_ext+0x20>
100029c4:	4f6a      	ldr	r7, [pc, #424]	@ (10002b70 <tud_task_ext+0x2a4>)
100029c6:	f89d 801c 	ldrb.w	r8, [sp, #28]
100029ca:	783b      	ldrb	r3, [r7, #0]
100029cc:	f043 0301 	orr.w	r3, r3, #1
100029d0:	703b      	strb	r3, [r7, #0]
100029d2:	f897 3034 	ldrb.w	r3, [r7, #52]	@ 0x34
100029d6:	f360 0300 	bfi	r3, r0, #0, #1
100029da:	f887 3034 	strb.w	r3, [r7, #52]	@ 0x34
100029de:	f897 3034 	ldrb.w	r3, [r7, #52]	@ 0x34
100029e2:	f360 0382 	bfi	r3, r0, #2, #1
100029e6:	f887 3034 	strb.w	r3, [r7, #52]	@ 0x34
100029ea:	f897 3035 	ldrb.w	r3, [r7, #53]	@ 0x35
100029ee:	f360 0300 	bfi	r3, r0, #0, #1
100029f2:	f887 3035 	strb.w	r3, [r7, #53]	@ 0x35
100029f6:	f897 3035 	ldrb.w	r3, [r7, #53]	@ 0x35
100029fa:	f360 0382 	bfi	r3, r0, #2, #1
100029fe:	f887 3035 	strb.w	r3, [r7, #53]	@ 0x35
10002a02:	f000 fc5b 	bl	100032bc <usbd_control_set_complete_callback>
10002a06:	f89d 3020 	ldrb.w	r3, [sp, #32]
10002a0a:	f003 0260 	and.w	r2, r3, #96	@ 0x60
10002a0e:	2a60      	cmp	r2, #96	@ 0x60
10002a10:	d066      	beq.n	10002ae0 <tud_task_ext+0x214>
10002a12:	2a40      	cmp	r2, #64	@ 0x40
10002a14:	d076      	beq.n	10002b04 <tud_task_ext+0x238>
10002a16:	f003 031f 	and.w	r3, r3, #31
10002a1a:	2b01      	cmp	r3, #1
10002a1c:	f000 80b6 	beq.w	10002b8c <tud_task_ext+0x2c0>
10002a20:	2b02      	cmp	r3, #2
10002a22:	d07b      	beq.n	10002b1c <tud_task_ext+0x250>
10002a24:	2b00      	cmp	r3, #0
10002a26:	d15b      	bne.n	10002ae0 <tud_task_ext+0x214>
10002a28:	2a20      	cmp	r2, #32
10002a2a:	f000 81db 	beq.w	10002de4 <tud_task_ext+0x518>
10002a2e:	2a00      	cmp	r2, #0
10002a30:	d156      	bne.n	10002ae0 <tud_task_ext+0x214>
10002a32:	f89d 3021 	ldrb.w	r3, [sp, #33]	@ 0x21
10002a36:	2b09      	cmp	r3, #9
10002a38:	d852      	bhi.n	10002ae0 <tud_task_ext+0x214>
10002a3a:	e8df f013 	tbh	[pc, r3, lsl #1]
10002a3e:	01a2      	.short	0x01a2
10002a40:	00510194 	.word	0x00510194
10002a44:	005101b3 	.word	0x005101b3
10002a48:	015d0187 	.word	0x015d0187
10002a4c:	01520051 	.word	0x01520051
10002a50:	00e5      	.short	0x00e5
10002a52:	782b      	ldrb	r3, [r5, #0]
10002a54:	07d9      	lsls	r1, r3, #31
10002a56:	f57f af49 	bpl.w	100028ec <tud_task_ext+0x20>
10002a5a:	f7ff feab 	bl	100027b4 <tud_resume_cb>
10002a5e:	e745      	b.n	100028ec <tud_task_ext+0x20>
10002a60:	78eb      	ldrb	r3, [r5, #3]
10002a62:	07da      	lsls	r2, r3, #31
10002a64:	f57f af42 	bpl.w	100028ec <tud_task_ext+0x20>
10002a68:	9808      	ldr	r0, [sp, #32]
10002a6a:	f7ff fe97 	bl	1000279c <tud_sof_cb>
10002a6e:	e73d      	b.n	100028ec <tud_task_ext+0x20>
10002a70:	782b      	ldrb	r3, [r5, #0]
10002a72:	07d8      	lsls	r0, r3, #31
10002a74:	f57f af3a 	bpl.w	100028ec <tud_task_ext+0x20>
10002a78:	7828      	ldrb	r0, [r5, #0]
10002a7a:	f3c0 00c0 	ubfx	r0, r0, #3, #1
10002a7e:	f7ff fe97 	bl	100027b0 <tud_suspend_cb>
10002a82:	e733      	b.n	100028ec <tud_task_ext+0x20>
10002a84:	f89d 001c 	ldrb.w	r0, [sp, #28]
10002a88:	f7ff fe40 	bl	1000270c <configuration_reset>
10002a8c:	f000 fc0c 	bl	100032a8 <usbd_control_reset>
10002a90:	f89d 3020 	ldrb.w	r3, [sp, #32]
10002a94:	70ab      	strb	r3, [r5, #2]
10002a96:	e729      	b.n	100028ec <tud_task_ext+0x20>
10002a98:	f89d 001c 	ldrb.w	r0, [sp, #28]
10002a9c:	f7ff fe36 	bl	1000270c <configuration_reset>
10002aa0:	f000 fc02 	bl	100032a8 <usbd_control_reset>
10002aa4:	f7ff fe82 	bl	100027ac <tud_umount_cb>
10002aa8:	e720      	b.n	100028ec <tud_task_ext+0x20>
10002aaa:	d011      	beq.n	10002ad0 <tud_task_ext+0x204>
10002aac:	f04f 23e0 	mov.w	r3, #3758153728	@ 0xe000e000
10002ab0:	f8d3 3df0 	ldr.w	r3, [r3, #3568]	@ 0xdf0
10002ab4:	07dc      	lsls	r4, r3, #31
10002ab6:	d500      	bpl.n	10002aba <tud_task_ext+0x1ee>
10002ab8:	be00      	bkpt	0x0000
10002aba:	b00b      	add	sp, #44	@ 0x2c
10002abc:	e8bd 8ff0 	ldmia.w	sp!, {r4, r5, r6, r7, r8, r9, sl, fp, pc}
10002ac0:	9b09      	ldr	r3, [sp, #36]	@ 0x24
10002ac2:	f89d 2021 	ldrb.w	r2, [sp, #33]	@ 0x21
10002ac6:	f89d 001c 	ldrb.w	r0, [sp, #28]
10002aca:	f000 fc0b 	bl	100032e4 <usbd_control_xfer_cb>
10002ace:	e70d      	b.n	100028ec <tud_task_ext+0x20>
10002ad0:	4b29      	ldr	r3, [pc, #164]	@ (10002b78 <tud_task_ext+0x2ac>)
10002ad2:	e75f      	b.n	10002994 <tud_task_ext+0xc8>
10002ad4:	f7ff fb28 	bl	10002128 <tud_descriptor_configuration_cb>
10002ad8:	4602      	mov	r2, r0
10002ada:	2800      	cmp	r0, #0
10002adc:	f040 8179 	bne.w	10002dd2 <tud_task_ext+0x506>
10002ae0:	f04f 23e0 	mov.w	r3, #3758153728	@ 0xe000e000
10002ae4:	f8d3 3df0 	ldr.w	r3, [r3, #3568]	@ 0xdf0
10002ae8:	07de      	lsls	r6, r3, #31
10002aea:	d500      	bpl.n	10002aee <tud_task_ext+0x222>
10002aec:	be00      	bkpt	0x0000
10002aee:	f89d 001c 	ldrb.w	r0, [sp, #28]
10002af2:	2100      	movs	r1, #0
10002af4:	f7ff fda0 	bl	10002638 <dcd_edpt_stall>
10002af8:	2180      	movs	r1, #128	@ 0x80
10002afa:	f89d 001c 	ldrb.w	r0, [sp, #28]
10002afe:	f7ff fd9b 	bl	10002638 <dcd_edpt_stall>
10002b02:	e6f3      	b.n	100028ec <tud_task_ext+0x20>
10002b04:	481d      	ldr	r0, [pc, #116]	@ (10002b7c <tud_task_ext+0x2b0>)
10002b06:	f000 fbd9 	bl	100032bc <usbd_control_set_complete_callback>
10002b0a:	2101      	movs	r1, #1
10002b0c:	4640      	mov	r0, r8
10002b0e:	aa08      	add	r2, sp, #32
10002b10:	f7ff fc6a 	bl	100023e8 <tud_vendor_control_xfer_cb>
10002b14:	2800      	cmp	r0, #0
10002b16:	f47f aee9 	bne.w	100028ec <tud_task_ext+0x20>
10002b1a:	e7e8      	b.n	10002aee <tud_task_ext+0x222>
10002b1c:	f89d 1024 	ldrb.w	r1, [sp, #36]	@ 0x24
10002b20:	f011 0f70 	tst.w	r1, #112	@ 0x70
10002b24:	d1dc      	bne.n	10002ae0 <tud_task_ext+0x214>
10002b26:	f001 067f 	and.w	r6, r1, #127	@ 0x7f
10002b2a:	eb07 0046 	add.w	r0, r7, r6, lsl #1
10002b2e:	4b14      	ldr	r3, [pc, #80]	@ (10002b80 <tud_task_ext+0x2b4>)
10002b30:	eb00 10d1 	add.w	r0, r0, r1, lsr #7
10002b34:	781b      	ldrb	r3, [r3, #0]
10002b36:	7d00      	ldrb	r0, [r0, #20]
10002b38:	0076      	lsls	r6, r6, #1
10002b3a:	9601      	str	r6, [sp, #4]
10002b3c:	4298      	cmp	r0, r3
10002b3e:	ea4f 16d1 	mov.w	r6, r1, lsr #7
10002b42:	9600      	str	r6, [sp, #0]
10002b44:	d34f      	bcc.n	10002be6 <tud_task_ext+0x31a>
10002b46:	f040 815f 	bne.w	10002e08 <tud_task_ext+0x53c>
10002b4a:	4e0b      	ldr	r6, [pc, #44]	@ (10002b78 <tud_task_ext+0x2ac>)
10002b4c:	2a00      	cmp	r2, #0
10002b4e:	f000 815f 	beq.w	10002e10 <tud_task_ext+0x544>
10002b52:	6970      	ldr	r0, [r6, #20]
10002b54:	f000 fbb2 	bl	100032bc <usbd_control_set_complete_callback>
10002b58:	2101      	movs	r1, #1
10002b5a:	4640      	mov	r0, r8
10002b5c:	6973      	ldr	r3, [r6, #20]
10002b5e:	aa08      	add	r2, sp, #32
10002b60:	4798      	blx	r3
10002b62:	2800      	cmp	r0, #0
10002b64:	f47f aec2 	bne.w	100028ec <tud_task_ext+0x20>
10002b68:	e7c1      	b.n	10002aee <tud_task_ext+0x222>
10002b6a:	bf00      	nop
10002b6c:	20001b58 	.word	0x20001b58
10002b70:	20001b00 	.word	0x20001b00
10002b74:	20001930 	.word	0x20001930
10002b78:	10004fdc 	.word	0x10004fdc
10002b7c:	100023e9 	.word	0x100023e9
10002b80:	2000210d 	.word	0x2000210d
10002b84:	200010c4 	.word	0x200010c4
10002b88:	2000210f 	.word	0x2000210f
10002b8c:	f89d 3024 	ldrb.w	r3, [sp, #36]	@ 0x24
10002b90:	2b0f      	cmp	r3, #15
10002b92:	d8ac      	bhi.n	10002aee <tud_task_ext+0x222>
10002b94:	4aaa      	ldr	r2, [pc, #680]	@ (10002e40 <tud_task_ext+0x574>)
10002b96:	443b      	add	r3, r7
10002b98:	791b      	ldrb	r3, [r3, #4]
10002b9a:	7812      	ldrb	r2, [r2, #0]
10002b9c:	4293      	cmp	r3, r2
10002b9e:	d32d      	bcc.n	10002bfc <tud_task_ext+0x330>
10002ba0:	d1a5      	bne.n	10002aee <tud_task_ext+0x222>
10002ba2:	4ea8      	ldr	r6, [pc, #672]	@ (10002e44 <tud_task_ext+0x578>)
10002ba4:	6970      	ldr	r0, [r6, #20]
10002ba6:	f000 fb89 	bl	100032bc <usbd_control_set_complete_callback>
10002baa:	2101      	movs	r1, #1
10002bac:	4640      	mov	r0, r8
10002bae:	6973      	ldr	r3, [r6, #20]
10002bb0:	aa08      	add	r2, sp, #32
10002bb2:	4798      	blx	r3
10002bb4:	2800      	cmp	r0, #0
10002bb6:	f47f ae99 	bne.w	100028ec <tud_task_ext+0x20>
10002bba:	f89d 3020 	ldrb.w	r3, [sp, #32]
10002bbe:	f013 0660 	ands.w	r6, r3, #96	@ 0x60
10002bc2:	d194      	bne.n	10002aee <tud_task_ext+0x222>
10002bc4:	f89d 3021 	ldrb.w	r3, [sp, #33]	@ 0x21
10002bc8:	3b0a      	subs	r3, #10
10002bca:	2b01      	cmp	r3, #1
10002bcc:	d88f      	bhi.n	10002aee <tud_task_ext+0x222>
10002bce:	f000 fb75 	bl	100032bc <usbd_control_set_complete_callback>
10002bd2:	f89d 3021 	ldrb.w	r3, [sp, #33]	@ 0x21
10002bd6:	2b0a      	cmp	r3, #10
10002bd8:	f000 81f1 	beq.w	10002fbe <tud_task_ext+0x6f2>
10002bdc:	4640      	mov	r0, r8
10002bde:	a908      	add	r1, sp, #32
10002be0:	f000 faf0 	bl	100031c4 <tud_control_status>
10002be4:	e682      	b.n	100028ec <tud_task_ext+0x20>
10002be6:	4b98      	ldr	r3, [pc, #608]	@ (10002e48 <tud_task_ext+0x57c>)
10002be8:	681b      	ldr	r3, [r3, #0]
10002bea:	eb03 1640 	add.w	r6, r3, r0, lsl #5
10002bee:	2a00      	cmp	r2, #0
10002bf0:	f000 810e 	beq.w	10002e10 <tud_task_ext+0x544>
10002bf4:	2e00      	cmp	r6, #0
10002bf6:	f43f af7a 	beq.w	10002aee <tud_task_ext+0x222>
10002bfa:	e7aa      	b.n	10002b52 <tud_task_ext+0x286>
10002bfc:	4a92      	ldr	r2, [pc, #584]	@ (10002e48 <tud_task_ext+0x57c>)
10002bfe:	6816      	ldr	r6, [r2, #0]
10002c00:	eb16 1643 	adds.w	r6, r6, r3, lsl #5
10002c04:	d1ce      	bne.n	10002ba4 <tud_task_ext+0x2d8>
10002c06:	e772      	b.n	10002aee <tud_task_ext+0x222>
10002c08:	787b      	ldrb	r3, [r7, #1]
10002c0a:	f89d 6022 	ldrb.w	r6, [sp, #34]	@ 0x22
10002c0e:	429e      	cmp	r6, r3
10002c10:	f000 814c 	beq.w	10002eac <tud_task_ext+0x5e0>
10002c14:	787b      	ldrb	r3, [r7, #1]
10002c16:	2b00      	cmp	r3, #0
10002c18:	f040 81bd 	bne.w	10002f96 <tud_task_ext+0x6ca>
10002c1c:	707e      	strb	r6, [r7, #1]
10002c1e:	2e00      	cmp	r6, #0
10002c20:	f000 8142 	beq.w	10002ea8 <tud_task_ext+0x5dc>
10002c24:	1e70      	subs	r0, r6, #1
10002c26:	b2c0      	uxtb	r0, r0
10002c28:	f7ff fa7e 	bl	10002128 <tud_descriptor_configuration_cb>
10002c2c:	4603      	mov	r3, r0
10002c2e:	2800      	cmp	r0, #0
10002c30:	f000 815e 	beq.w	10002ef0 <tud_task_ext+0x624>
10002c34:	7842      	ldrb	r2, [r0, #1]
10002c36:	2a02      	cmp	r2, #2
10002c38:	f040 815a 	bne.w	10002ef0 <tud_task_ext+0x624>
10002c3c:	79c1      	ldrb	r1, [r0, #7]
10002c3e:	f103 0609 	add.w	r6, r3, #9
10002c42:	f3c1 1240 	ubfx	r2, r1, #5, #1
10002c46:	0112      	lsls	r2, r2, #4
10002c48:	f3c1 1180 	ubfx	r1, r1, #6, #1
10002c4c:	ea42 1241 	orr.w	r2, r2, r1, lsl #5
10002c50:	4631      	mov	r1, r6
10002c52:	7838      	ldrb	r0, [r7, #0]
10002c54:	f020 0030 	bic.w	r0, r0, #48	@ 0x30
10002c58:	4302      	orrs	r2, r0
10002c5a:	703a      	strb	r2, [r7, #0]
10002c5c:	885a      	ldrh	r2, [r3, #2]
10002c5e:	f8cd 8008 	str.w	r8, [sp, #8]
10002c62:	189a      	adds	r2, r3, r2
10002c64:	9200      	str	r2, [sp, #0]
10002c66:	9b00      	ldr	r3, [sp, #0]
10002c68:	428b      	cmp	r3, r1
10002c6a:	f240 81a3 	bls.w	10002fb4 <tud_task_ext+0x6e8>
10002c6e:	784b      	ldrb	r3, [r1, #1]
10002c70:	2b0b      	cmp	r3, #11
10002c72:	f000 81ae 	beq.w	10002fd2 <tud_task_ext+0x706>
10002c76:	f04f 0c01 	mov.w	ip, #1
10002c7a:	2b04      	cmp	r3, #4
10002c7c:	f040 8138 	bne.w	10002ef0 <tud_task_ext+0x624>
10002c80:	2300      	movs	r3, #0
10002c82:	9a00      	ldr	r2, [sp, #0]
10002c84:	461e      	mov	r6, r3
10002c86:	1a52      	subs	r2, r2, r1
10002c88:	b292      	uxth	r2, r2
10002c8a:	9201      	str	r2, [sp, #4]
10002c8c:	4a6c      	ldr	r2, [pc, #432]	@ (10002e40 <tud_task_ext+0x574>)
10002c8e:	f8cd c00c 	str.w	ip, [sp, #12]
10002c92:	7812      	ldrb	r2, [r2, #0]
10002c94:	e01d      	b.n	10002cd2 <tud_task_ext+0x406>
10002c96:	4a6c      	ldr	r2, [pc, #432]	@ (10002e48 <tud_task_ext+0x57c>)
10002c98:	6812      	ldr	r2, [r2, #0]
10002c9a:	eb12 1846 	adds.w	r8, r2, r6, lsl #5
10002c9e:	f000 8127 	beq.w	10002ef0 <tud_task_ext+0x624>
10002ca2:	9a01      	ldr	r2, [sp, #4]
10002ca4:	9305      	str	r3, [sp, #20]
10002ca6:	9802      	ldr	r0, [sp, #8]
10002ca8:	f8d8 3010 	ldr.w	r3, [r8, #16]
10002cac:	9104      	str	r1, [sp, #16]
10002cae:	4798      	blx	r3
10002cb0:	9b05      	ldr	r3, [sp, #20]
10002cb2:	2808      	cmp	r0, #8
10002cb4:	4602      	mov	r2, r0
10002cb6:	9904      	ldr	r1, [sp, #16]
10002cb8:	f103 0301 	add.w	r3, r3, #1
10002cbc:	d903      	bls.n	10002cc6 <tud_task_ext+0x3fa>
10002cbe:	9801      	ldr	r0, [sp, #4]
10002cc0:	4290      	cmp	r0, r2
10002cc2:	f080 80f8 	bcs.w	10002eb6 <tud_task_ext+0x5ea>
10002cc6:	4a5e      	ldr	r2, [pc, #376]	@ (10002e40 <tud_task_ext+0x574>)
10002cc8:	b2de      	uxtb	r6, r3
10002cca:	7812      	ldrb	r2, [r2, #0]
10002ccc:	42b2      	cmp	r2, r6
10002cce:	f0c0 810f 	bcc.w	10002ef0 <tud_task_ext+0x624>
10002cd2:	42b2      	cmp	r2, r6
10002cd4:	eba6 0202 	sub.w	r2, r6, r2
10002cd8:	d8dd      	bhi.n	10002c96 <tud_task_ext+0x3ca>
10002cda:	485a      	ldr	r0, [pc, #360]	@ (10002e44 <tud_task_ext+0x578>)
10002cdc:	eb00 1842 	add.w	r8, r0, r2, lsl #5
10002ce0:	e7df      	b.n	10002ca2 <tud_task_ext+0x3d6>
10002ce2:	787b      	ldrb	r3, [r7, #1]
10002ce4:	4640      	mov	r0, r8
10002ce6:	f88d 301a 	strb.w	r3, [sp, #26]
10002cea:	f10d 021a 	add.w	r2, sp, #26
10002cee:	2301      	movs	r3, #1
10002cf0:	a908      	add	r1, sp, #32
10002cf2:	f000 fa81 	bl	100031f8 <tud_control_xfer>
10002cf6:	e5f9      	b.n	100028ec <tud_task_ext+0x20>
10002cf8:	f8bd 0022 	ldrh.w	r0, [sp, #34]	@ 0x22
10002cfc:	0a03      	lsrs	r3, r0, #8
10002cfe:	3b01      	subs	r3, #1
10002d00:	0a02      	lsrs	r2, r0, #8
10002d02:	b2c0      	uxtb	r0, r0
10002d04:	2b0e      	cmp	r3, #14
10002d06:	f63f aef2 	bhi.w	10002aee <tud_task_ext+0x222>
10002d0a:	a101      	add	r1, pc, #4	@ (adr r1, 10002d10 <tud_task_ext+0x444>)
10002d0c:	f851 f023 	ldr.w	pc, [r1, r3, lsl #2]
10002d10:	10002f21 	.word	0x10002f21
10002d14:	10002dc1 	.word	0x10002dc1
10002d18:	10002f5d 	.word	0x10002f5d
10002d1c:	10002aef 	.word	0x10002aef
10002d20:	10002aef 	.word	0x10002aef
10002d24:	10002f3f 	.word	0x10002f3f
10002d28:	10002dc1 	.word	0x10002dc1
10002d2c:	10002aef 	.word	0x10002aef
10002d30:	10002aef 	.word	0x10002aef
10002d34:	10002aef 	.word	0x10002aef
10002d38:	10002aef 	.word	0x10002aef
10002d3c:	10002aef 	.word	0x10002aef
10002d40:	10002aef 	.word	0x10002aef
10002d44:	10002aef 	.word	0x10002aef
10002d48:	10002f13 	.word	0x10002f13
10002d4c:	a808      	add	r0, sp, #32
10002d4e:	f000 fabb 	bl	100032c8 <usbd_control_set_request>
10002d52:	4640      	mov	r0, r8
10002d54:	f89d 1022 	ldrb.w	r1, [sp, #34]	@ 0x22
10002d58:	f7ff fbb8 	bl	100024cc <dcd_set_address>
10002d5c:	783b      	ldrb	r3, [r7, #0]
10002d5e:	f043 0302 	orr.w	r3, r3, #2
10002d62:	703b      	strb	r3, [r7, #0]
10002d64:	e5c2      	b.n	100028ec <tud_task_ext+0x20>
10002d66:	f8bd 3022 	ldrh.w	r3, [sp, #34]	@ 0x22
10002d6a:	2b01      	cmp	r3, #1
10002d6c:	f47f aebf 	bne.w	10002aee <tud_task_ext+0x222>
10002d70:	783b      	ldrb	r3, [r7, #0]
10002d72:	4640      	mov	r0, r8
10002d74:	f023 0308 	bic.w	r3, r3, #8
10002d78:	a908      	add	r1, sp, #32
10002d7a:	703b      	strb	r3, [r7, #0]
10002d7c:	f000 fa22 	bl	100031c4 <tud_control_status>
10002d80:	e5b4      	b.n	100028ec <tud_task_ext+0x20>
10002d82:	4640      	mov	r0, r8
10002d84:	783b      	ldrb	r3, [r7, #0]
10002d86:	089a      	lsrs	r2, r3, #2
10002d88:	f002 0202 	and.w	r2, r2, #2
10002d8c:	f3c3 1340 	ubfx	r3, r3, #5, #1
10002d90:	4313      	orrs	r3, r2
10002d92:	f8ad 301a 	strh.w	r3, [sp, #26]
10002d96:	f10d 021a 	add.w	r2, sp, #26
10002d9a:	2302      	movs	r3, #2
10002d9c:	a908      	add	r1, sp, #32
10002d9e:	f000 fa2b 	bl	100031f8 <tud_control_xfer>
10002da2:	e5a3      	b.n	100028ec <tud_task_ext+0x20>
10002da4:	f8bd 3022 	ldrh.w	r3, [sp, #34]	@ 0x22
10002da8:	2b01      	cmp	r3, #1
10002daa:	f47f aea0 	bne.w	10002aee <tud_task_ext+0x222>
10002dae:	783b      	ldrb	r3, [r7, #0]
10002db0:	4640      	mov	r0, r8
10002db2:	f043 0308 	orr.w	r3, r3, #8
10002db6:	a908      	add	r1, sp, #32
10002db8:	703b      	strb	r3, [r7, #0]
10002dba:	f000 fa03 	bl	100031c4 <tud_control_status>
10002dbe:	e595      	b.n	100028ec <tud_task_ext+0x20>
10002dc0:	2a02      	cmp	r2, #2
10002dc2:	f43f ae87 	beq.w	10002ad4 <tud_task_ext+0x208>
10002dc6:	f7ff fced 	bl	100027a4 <tud_descriptor_other_speed_configuration_cb>
10002dca:	4602      	mov	r2, r0
10002dcc:	2800      	cmp	r0, #0
10002dce:	f43f ae8e 	beq.w	10002aee <tud_task_ext+0x222>
10002dd2:	4640      	mov	r0, r8
10002dd4:	8853      	ldrh	r3, [r2, #2]
10002dd6:	a908      	add	r1, sp, #32
10002dd8:	f000 fa0e 	bl	100031f8 <tud_control_xfer>
10002ddc:	2800      	cmp	r0, #0
10002dde:	f47f ad85 	bne.w	100028ec <tud_task_ext+0x20>
10002de2:	e684      	b.n	10002aee <tud_task_ext+0x222>
10002de4:	f89d 3024 	ldrb.w	r3, [sp, #36]	@ 0x24
10002de8:	2b0f      	cmp	r3, #15
10002dea:	f63f ae80 	bhi.w	10002aee <tud_task_ext+0x222>
10002dee:	4a14      	ldr	r2, [pc, #80]	@ (10002e40 <tud_task_ext+0x574>)
10002df0:	443b      	add	r3, r7
10002df2:	791b      	ldrb	r3, [r3, #4]
10002df4:	7812      	ldrb	r2, [r2, #0]
10002df6:	4293      	cmp	r3, r2
10002df8:	d21d      	bcs.n	10002e36 <tud_task_ext+0x56a>
10002dfa:	4a13      	ldr	r2, [pc, #76]	@ (10002e48 <tud_task_ext+0x57c>)
10002dfc:	6816      	ldr	r6, [r2, #0]
10002dfe:	eb16 1643 	adds.w	r6, r6, r3, lsl #5
10002e02:	f47f aea6 	bne.w	10002b52 <tud_task_ext+0x286>
10002e06:	e672      	b.n	10002aee <tud_task_ext+0x222>
10002e08:	2a00      	cmp	r2, #0
10002e0a:	f47f ae70 	bne.w	10002aee <tud_task_ext+0x222>
10002e0e:	2600      	movs	r6, #0
10002e10:	f89d 2021 	ldrb.w	r2, [sp, #33]	@ 0x21
10002e14:	f002 03fd 	and.w	r3, r2, #253	@ 0xfd
10002e18:	2b01      	cmp	r3, #1
10002e1a:	d017      	beq.n	10002e4c <tud_task_ext+0x580>
10002e1c:	2a00      	cmp	r2, #0
10002e1e:	f47f ae5f 	bne.w	10002ae0 <tud_task_ext+0x214>
10002e22:	9b01      	ldr	r3, [sp, #4]
10002e24:	9a00      	ldr	r2, [sp, #0]
10002e26:	443b      	add	r3, r7
10002e28:	4413      	add	r3, r2
10002e2a:	f893 3034 	ldrb.w	r3, [r3, #52]	@ 0x34
10002e2e:	4640      	mov	r0, r8
10002e30:	f3c3 0340 	ubfx	r3, r3, #1, #1
10002e34:	e7ad      	b.n	10002d92 <tud_task_ext+0x4c6>
10002e36:	f47f ae5a 	bne.w	10002aee <tud_task_ext+0x222>
10002e3a:	4e02      	ldr	r6, [pc, #8]	@ (10002e44 <tud_task_ext+0x578>)
10002e3c:	e689      	b.n	10002b52 <tud_task_ext+0x286>
10002e3e:	bf00      	nop
10002e40:	2000210d 	.word	0x2000210d
10002e44:	10004fdc 	.word	0x10004fdc
10002e48:	20001930 	.word	0x20001930
10002e4c:	f8bd 3022 	ldrh.w	r3, [sp, #34]	@ 0x22
10002e50:	b9b3      	cbnz	r3, 10002e80 <tud_task_ext+0x5b4>
10002e52:	2a01      	cmp	r2, #1
10002e54:	f899 0000 	ldrb.w	r0, [r9]
10002e58:	f000 8088 	beq.w	10002f6c <tud_task_ext+0x6a0>
10002e5c:	f7ff fbec 	bl	10002638 <dcd_edpt_stall>
10002e60:	9b01      	ldr	r3, [sp, #4]
10002e62:	9a00      	ldr	r2, [sp, #0]
10002e64:	443b      	add	r3, r7
10002e66:	4413      	add	r3, r2
10002e68:	f893 2034 	ldrb.w	r2, [r3, #52]	@ 0x34
10002e6c:	f042 0202 	orr.w	r2, r2, #2
10002e70:	f883 2034 	strb.w	r2, [r3, #52]	@ 0x34
10002e74:	f893 2034 	ldrb.w	r2, [r3, #52]	@ 0x34
10002e78:	f042 0201 	orr.w	r2, r2, #1
10002e7c:	f883 2034 	strb.w	r2, [r3, #52]	@ 0x34
10002e80:	2e00      	cmp	r6, #0
10002e82:	f43f ad33 	beq.w	100028ec <tud_task_ext+0x20>
10002e86:	6970      	ldr	r0, [r6, #20]
10002e88:	f000 fa18 	bl	100032bc <usbd_control_set_complete_callback>
10002e8c:	6973      	ldr	r3, [r6, #20]
10002e8e:	2101      	movs	r1, #1
10002e90:	aa08      	add	r2, sp, #32
10002e92:	4640      	mov	r0, r8
10002e94:	4798      	blx	r3
10002e96:	2000      	movs	r0, #0
10002e98:	f000 fa10 	bl	100032bc <usbd_control_set_complete_callback>
10002e9c:	f897 3035 	ldrb.w	r3, [r7, #53]	@ 0x35
10002ea0:	07df      	lsls	r7, r3, #31
10002ea2:	f53f ad23 	bmi.w	100028ec <tud_task_ext+0x20>
10002ea6:	e699      	b.n	10002bdc <tud_task_ext+0x310>
10002ea8:	f7ff fc80 	bl	100027ac <tud_umount_cb>
10002eac:	4640      	mov	r0, r8
10002eae:	a908      	add	r1, sp, #32
10002eb0:	f000 f988 	bl	100031c4 <tud_control_status>
10002eb4:	e51a      	b.n	100028ec <tud_task_ext+0x20>
10002eb6:	f8dd c00c 	ldr.w	ip, [sp, #12]
10002eba:	f1bc 0f01 	cmp.w	ip, #1
10002ebe:	f000 809d 	beq.w	10002ffc <tud_task_ext+0x730>
10002ec2:	f1bc 0f00 	cmp.w	ip, #0
10002ec6:	f000 808a 	beq.w	10002fde <tud_task_ext+0x712>
10002eca:	2300      	movs	r3, #0
10002ecc:	f891 8002 	ldrb.w	r8, [r1, #2]
10002ed0:	e004      	b.n	10002edc <tud_task_ext+0x610>
10002ed2:	7106      	strb	r6, [r0, #4]
10002ed4:	b2d8      	uxtb	r0, r3
10002ed6:	4584      	cmp	ip, r0
10002ed8:	f240 8081 	bls.w	10002fde <tud_task_ext+0x712>
10002edc:	eb08 0003 	add.w	r0, r8, r3
10002ee0:	fa57 f080 	uxtab	r0, r7, r0
10002ee4:	f890 e004 	ldrb.w	lr, [r0, #4]
10002ee8:	3301      	adds	r3, #1
10002eea:	f1be 0fff 	cmp.w	lr, #255	@ 0xff
10002eee:	d0f0      	beq.n	10002ed2 <tud_task_ext+0x606>
10002ef0:	f04f 23e0 	mov.w	r3, #3758153728	@ 0xe000e000
10002ef4:	f8d3 3df0 	ldr.w	r3, [r3, #3568]	@ 0xdf0
10002ef8:	07da      	lsls	r2, r3, #31
10002efa:	d500      	bpl.n	10002efe <tud_task_ext+0x632>
10002efc:	be00      	bkpt	0x0000
10002efe:	f04f 23e0 	mov.w	r3, #3758153728	@ 0xe000e000
10002f02:	f8d3 3df0 	ldr.w	r3, [r3, #3568]	@ 0xdf0
10002f06:	07db      	lsls	r3, r3, #31
10002f08:	d500      	bpl.n	10002f0c <tud_task_ext+0x640>
10002f0a:	be00      	bkpt	0x0000
10002f0c:	2300      	movs	r3, #0
10002f0e:	707b      	strb	r3, [r7, #1]
10002f10:	e5ed      	b.n	10002aee <tud_task_ext+0x222>
10002f12:	f7ff fa65 	bl	100023e0 <tud_descriptor_bos_cb>
10002f16:	4602      	mov	r2, r0
10002f18:	2800      	cmp	r0, #0
10002f1a:	f47f af5a 	bne.w	10002dd2 <tud_task_ext+0x506>
10002f1e:	e5e6      	b.n	10002aee <tud_task_ext+0x222>
10002f20:	f7ff f8fe 	bl	10002120 <tud_descriptor_device_cb>
10002f24:	4602      	mov	r2, r0
10002f26:	2800      	cmp	r0, #0
10002f28:	f43f adda 	beq.w	10002ae0 <tud_task_ext+0x214>
10002f2c:	4640      	mov	r0, r8
10002f2e:	2312      	movs	r3, #18
10002f30:	a908      	add	r1, sp, #32
10002f32:	f000 f961 	bl	100031f8 <tud_control_xfer>
10002f36:	2800      	cmp	r0, #0
10002f38:	f47f acd8 	bne.w	100028ec <tud_task_ext+0x20>
10002f3c:	e5d7      	b.n	10002aee <tud_task_ext+0x222>
10002f3e:	f7ff fc2f 	bl	100027a0 <tud_descriptor_device_qualifier_cb>
10002f42:	4602      	mov	r2, r0
10002f44:	2800      	cmp	r0, #0
10002f46:	f43f add2 	beq.w	10002aee <tud_task_ext+0x222>
10002f4a:	4640      	mov	r0, r8
10002f4c:	7813      	ldrb	r3, [r2, #0]
10002f4e:	a908      	add	r1, sp, #32
10002f50:	f000 f952 	bl	100031f8 <tud_control_xfer>
10002f54:	2800      	cmp	r0, #0
10002f56:	f47f acc9 	bne.w	100028ec <tud_task_ext+0x20>
10002f5a:	e5c8      	b.n	10002aee <tud_task_ext+0x222>
10002f5c:	f8bd 1024 	ldrh.w	r1, [sp, #36]	@ 0x24
10002f60:	f7ff f8e6 	bl	10002130 <tud_descriptor_string_cb>
10002f64:	4602      	mov	r2, r0
10002f66:	2800      	cmp	r0, #0
10002f68:	d1ef      	bne.n	10002f4a <tud_task_ext+0x67e>
10002f6a:	e5c0      	b.n	10002aee <tud_task_ext+0x222>
10002f6c:	9302      	str	r3, [sp, #8]
10002f6e:	f7ff fb7b 	bl	10002668 <dcd_edpt_clear_stall>
10002f72:	9a01      	ldr	r2, [sp, #4]
10002f74:	9b00      	ldr	r3, [sp, #0]
10002f76:	443a      	add	r2, r7
10002f78:	441a      	add	r2, r3
10002f7a:	f892 1034 	ldrb.w	r1, [r2, #52]	@ 0x34
10002f7e:	9b02      	ldr	r3, [sp, #8]
10002f80:	f363 0141 	bfi	r1, r3, #1, #1
10002f84:	f882 1034 	strb.w	r1, [r2, #52]	@ 0x34
10002f88:	f892 1034 	ldrb.w	r1, [r2, #52]	@ 0x34
10002f8c:	f363 0100 	bfi	r1, r3, #0, #1
10002f90:	f882 1034 	strb.w	r1, [r2, #52]	@ 0x34
10002f94:	e774      	b.n	10002e80 <tud_task_ext+0x5b4>
10002f96:	2100      	movs	r1, #0
10002f98:	4640      	mov	r0, r8
10002f9a:	f7ff fa9f 	bl	100024dc <dcd_sof_enable>
10002f9e:	4640      	mov	r0, r8
10002fa0:	f7ff fb34 	bl	1000260c <dcd_edpt_close_all>
10002fa4:	78bb      	ldrb	r3, [r7, #2]
10002fa6:	4640      	mov	r0, r8
10002fa8:	9300      	str	r3, [sp, #0]
10002faa:	f7ff fbaf 	bl	1000270c <configuration_reset>
10002fae:	9b00      	ldr	r3, [sp, #0]
10002fb0:	70bb      	strb	r3, [r7, #2]
10002fb2:	e633      	b.n	10002c1c <tud_task_ext+0x350>
10002fb4:	f8dd 8008 	ldr.w	r8, [sp, #8]
10002fb8:	f7ff fbf6 	bl	100027a8 <tud_mount_cb>
10002fbc:	e776      	b.n	10002eac <tud_task_ext+0x5e0>
10002fbe:	4640      	mov	r0, r8
10002fc0:	2301      	movs	r3, #1
10002fc2:	a908      	add	r1, sp, #32
10002fc4:	f10d 021a 	add.w	r2, sp, #26
10002fc8:	f88d 601a 	strb.w	r6, [sp, #26]
10002fcc:	f000 f914 	bl	100031f8 <tud_control_xfer>
10002fd0:	e48c      	b.n	100028ec <tud_task_ext+0x20>
10002fd2:	780b      	ldrb	r3, [r1, #0]
10002fd4:	f891 c003 	ldrb.w	ip, [r1, #3]
10002fd8:	4419      	add	r1, r3
10002fda:	784b      	ldrb	r3, [r1, #1]
10002fdc:	e64d      	b.n	10002c7a <tud_task_ext+0x3ae>
10002fde:	4633      	mov	r3, r6
10002fe0:	480f      	ldr	r0, [pc, #60]	@ (10003020 <tud_task_ext+0x754>)
10002fe2:	9203      	str	r2, [sp, #12]
10002fe4:	9101      	str	r1, [sp, #4]
10002fe6:	f000 fd69 	bl	10003abc <tu_edpt_bind_driver>
10002fea:	4b0e      	ldr	r3, [pc, #56]	@ (10003024 <tud_task_ext+0x758>)
10002fec:	9901      	ldr	r1, [sp, #4]
10002fee:	781b      	ldrb	r3, [r3, #0]
10002ff0:	9a03      	ldr	r2, [sp, #12]
10002ff2:	42b3      	cmp	r3, r6
10002ff4:	4411      	add	r1, r2
10002ff6:	f4bf ae36 	bcs.w	10002c66 <tud_task_ext+0x39a>
10002ffa:	e779      	b.n	10002ef0 <tud_task_ext+0x624>
10002ffc:	f8d8 0010 	ldr.w	r0, [r8, #16]
10003000:	4b09      	ldr	r3, [pc, #36]	@ (10003028 <tud_task_ext+0x75c>)
10003002:	4298      	cmp	r0, r3
10003004:	bf08      	it	eq
10003006:	f04f 0c02 	moveq.w	ip, #2
1000300a:	e75e      	b.n	10002eca <tud_task_ext+0x5fe>
1000300c:	f04f 23e0 	mov.w	r3, #3758153728	@ 0xe000e000
10003010:	f8d3 3df0 	ldr.w	r3, [r3, #3568]	@ 0xdf0
10003014:	07db      	lsls	r3, r3, #31
10003016:	f57f ac69 	bpl.w	100028ec <tud_task_ext+0x20>
1000301a:	be00      	bkpt	0x0000
1000301c:	e466      	b.n	100028ec <tud_task_ext+0x20>
1000301e:	bf00      	nop
10003020:	20001b14 	.word	0x20001b14
10003024:	2000210d 	.word	0x2000210d
10003028:	100036f5 	.word	0x100036f5

1000302c <usbd_open_edpt_pair>:
1000302c:	e92d 4ff8 	stmdb	sp!, {r3, r4, r5, r6, r7, r8, r9, sl, fp, lr}
10003030:	9f0a      	ldr	r7, [sp, #40]	@ 0x28
10003032:	2a00      	cmp	r2, #0
10003034:	d040      	beq.n	100030b8 <usbd_open_edpt_pair+0x8c>
10003036:	460c      	mov	r4, r1
10003038:	461e      	mov	r6, r3
1000303a:	4615      	mov	r5, r2
1000303c:	f04f 0a00 	mov.w	sl, #0
10003040:	f8df 907c 	ldr.w	r9, [pc, #124]	@ 100030c0 <usbd_open_edpt_pair+0x94>
10003044:	f8df 807c 	ldr.w	r8, [pc, #124]	@ 100030c4 <usbd_open_edpt_pair+0x98>
10003048:	e018      	b.n	1000307c <usbd_open_edpt_pair+0x50>
1000304a:	4620      	mov	r0, r4
1000304c:	f898 1002 	ldrb.w	r1, [r8, #2]
10003050:	f899 b000 	ldrb.w	fp, [r9]
10003054:	f000 fd02 	bl	10003a5c <tu_edpt_validate>
10003058:	b1e0      	cbz	r0, 10003094 <usbd_open_edpt_pair+0x68>
1000305a:	4621      	mov	r1, r4
1000305c:	4658      	mov	r0, fp
1000305e:	f7ff fa59 	bl	10002514 <dcd_edpt_open>
10003062:	b1f0      	cbz	r0, 100030a2 <usbd_open_edpt_pair+0x76>
10003064:	78a2      	ldrb	r2, [r4, #2]
10003066:	f10a 0a01 	add.w	sl, sl, #1
1000306a:	09d1      	lsrs	r1, r2, #7
1000306c:	bf16      	itet	ne
1000306e:	9b0b      	ldrne	r3, [sp, #44]	@ 0x2c
10003070:	703a      	strbeq	r2, [r7, #0]
10003072:	701a      	strbne	r2, [r3, #0]
10003074:	7822      	ldrb	r2, [r4, #0]
10003076:	45aa      	cmp	sl, r5
10003078:	4414      	add	r4, r2
1000307a:	d01d      	beq.n	100030b8 <usbd_open_edpt_pair+0x8c>
1000307c:	7862      	ldrb	r2, [r4, #1]
1000307e:	2a05      	cmp	r2, #5
10003080:	d10f      	bne.n	100030a2 <usbd_open_edpt_pair+0x76>
10003082:	78e1      	ldrb	r1, [r4, #3]
10003084:	f001 0103 	and.w	r1, r1, #3
10003088:	42b1      	cmp	r1, r6
1000308a:	d10a      	bne.n	100030a2 <usbd_open_edpt_pair+0x76>
1000308c:	78a2      	ldrb	r2, [r4, #2]
1000308e:	f012 0f70 	tst.w	r2, #112	@ 0x70
10003092:	d0da      	beq.n	1000304a <usbd_open_edpt_pair+0x1e>
10003094:	f04f 23e0 	mov.w	r3, #3758153728	@ 0xe000e000
10003098:	f8d3 3df0 	ldr.w	r3, [r3, #3568]	@ 0xdf0
1000309c:	07da      	lsls	r2, r3, #31
1000309e:	d500      	bpl.n	100030a2 <usbd_open_edpt_pair+0x76>
100030a0:	be00      	bkpt	0x0000
100030a2:	f04f 23e0 	mov.w	r3, #3758153728	@ 0xe000e000
100030a6:	f8d3 3df0 	ldr.w	r3, [r3, #3568]	@ 0xdf0
100030aa:	07db      	lsls	r3, r3, #31
100030ac:	d402      	bmi.n	100030b4 <usbd_open_edpt_pair+0x88>
100030ae:	2000      	movs	r0, #0
100030b0:	e8bd 8ff8 	ldmia.w	sp!, {r3, r4, r5, r6, r7, r8, r9, sl, fp, pc}
100030b4:	be00      	bkpt	0x0000
100030b6:	e7fa      	b.n	100030ae <usbd_open_edpt_pair+0x82>
100030b8:	2001      	movs	r0, #1
100030ba:	e8bd 8ff8 	ldmia.w	sp!, {r3, r4, r5, r6, r7, r8, r9, sl, fp, pc}
100030be:	bf00      	nop
100030c0:	200010c4 	.word	0x200010c4
100030c4:	20001b00 	.word	0x20001b00

100030c8 <usbd_edpt_open>:
100030c8:	b538      	push	{r3, r4, r5, lr}
100030ca:	788b      	ldrb	r3, [r1, #2]
100030cc:	f013 0f70 	tst.w	r3, #112	@ 0x70
100030d0:	d008      	beq.n	100030e4 <usbd_edpt_open+0x1c>
100030d2:	f04f 23e0 	mov.w	r3, #3758153728	@ 0xe000e000
100030d6:	f8d3 3df0 	ldr.w	r3, [r3, #3568]	@ 0xdf0
100030da:	07db      	lsls	r3, r3, #31
100030dc:	d500      	bpl.n	100030e0 <usbd_edpt_open+0x18>
100030de:	be00      	bkpt	0x0000
100030e0:	2000      	movs	r0, #0
100030e2:	bd38      	pop	{r3, r4, r5, pc}
100030e4:	4a07      	ldr	r2, [pc, #28]	@ (10003104 <usbd_edpt_open+0x3c>)
100030e6:	4b08      	ldr	r3, [pc, #32]	@ (10003108 <usbd_edpt_open+0x40>)
100030e8:	460c      	mov	r4, r1
100030ea:	4608      	mov	r0, r1
100030ec:	7891      	ldrb	r1, [r2, #2]
100030ee:	781d      	ldrb	r5, [r3, #0]
100030f0:	f000 fcb4 	bl	10003a5c <tu_edpt_validate>
100030f4:	2800      	cmp	r0, #0
100030f6:	d0ec      	beq.n	100030d2 <usbd_edpt_open+0xa>
100030f8:	4621      	mov	r1, r4
100030fa:	4628      	mov	r0, r5
100030fc:	e8bd 4038 	ldmia.w	sp!, {r3, r4, r5, lr}
10003100:	f7ff ba08 	b.w	10002514 <dcd_edpt_open>
10003104:	20001b00 	.word	0x20001b00
10003108:	200010c4 	.word	0x200010c4

1000310c <usbd_edpt_claim>:
1000310c:	460b      	mov	r3, r1
1000310e:	4a06      	ldr	r2, [pc, #24]	@ (10003128 <usbd_edpt_claim+0x1c>)
10003110:	4806      	ldr	r0, [pc, #24]	@ (1000312c <usbd_edpt_claim+0x20>)
10003112:	6811      	ldr	r1, [r2, #0]
10003114:	09da      	lsrs	r2, r3, #7
10003116:	3234      	adds	r2, #52	@ 0x34
10003118:	f003 037f 	and.w	r3, r3, #127	@ 0x7f
1000311c:	eb02 0343 	add.w	r3, r2, r3, lsl #1
10003120:	4418      	add	r0, r3
10003122:	f000 bc55 	b.w	100039d0 <tu_edpt_claim>
10003126:	bf00      	nop
10003128:	20001b54 	.word	0x20001b54
1000312c:	20001b00 	.word	0x20001b00

10003130 <usbd_edpt_release>:
10003130:	460b      	mov	r3, r1
10003132:	4a06      	ldr	r2, [pc, #24]	@ (1000314c <usbd_edpt_release+0x1c>)
10003134:	4806      	ldr	r0, [pc, #24]	@ (10003150 <usbd_edpt_release+0x20>)
10003136:	6811      	ldr	r1, [r2, #0]
10003138:	09da      	lsrs	r2, r3, #7
1000313a:	3234      	adds	r2, #52	@ 0x34
1000313c:	f003 037f 	and.w	r3, r3, #127	@ 0x7f
10003140:	eb02 0343 	add.w	r3, r2, r3, lsl #1
10003144:	4418      	add	r0, r3
10003146:	f000 bc6d 	b.w	10003a24 <tu_edpt_release>
1000314a:	bf00      	nop
1000314c:	20001b54 	.word	0x20001b54
10003150:	20001b00 	.word	0x20001b00

10003154 <usbd_edpt_xfer>:
10003154:	b510      	push	{r4, lr}
10003156:	4819      	ldr	r0, [pc, #100]	@ (100031bc <usbd_edpt_xfer+0x68>)
10003158:	f001 0c7f 	and.w	ip, r1, #127	@ 0x7f
1000315c:	eb00 004c 	add.w	r0, r0, ip, lsl #1
10003160:	eb00 10d1 	add.w	r0, r0, r1, lsr #7
10003164:	f890 c034 	ldrb.w	ip, [r0, #52]	@ 0x34
10003168:	f01c 0f01 	tst.w	ip, #1
1000316c:	d008      	beq.n	10003180 <usbd_edpt_xfer+0x2c>
1000316e:	f04f 23e0 	mov.w	r3, #3758153728	@ 0xe000e000
10003172:	f8d3 3df0 	ldr.w	r3, [r3, #3568]	@ 0xdf0
10003176:	07da      	lsls	r2, r3, #31
10003178:	d500      	bpl.n	1000317c <usbd_edpt_xfer+0x28>
1000317a:	be00      	bkpt	0x0000
1000317c:	2000      	movs	r0, #0
1000317e:	bd10      	pop	{r4, pc}
10003180:	f100 0430 	add.w	r4, r0, #48	@ 0x30
10003184:	f894 c004 	ldrb.w	ip, [r4, #4]
10003188:	480d      	ldr	r0, [pc, #52]	@ (100031c0 <usbd_edpt_xfer+0x6c>)
1000318a:	f04c 0c01 	orr.w	ip, ip, #1
1000318e:	7800      	ldrb	r0, [r0, #0]
10003190:	f884 c004 	strb.w	ip, [r4, #4]
10003194:	f7ff fa3c 	bl	10002610 <dcd_edpt_xfer>
10003198:	2800      	cmp	r0, #0
1000319a:	d1f0      	bne.n	1000317e <usbd_edpt_xfer+0x2a>
1000319c:	f04f 21e0 	mov.w	r1, #3758153728	@ 0xe000e000
100031a0:	7922      	ldrb	r2, [r4, #4]
100031a2:	f360 0200 	bfi	r2, r0, #0, #1
100031a6:	7122      	strb	r2, [r4, #4]
100031a8:	7922      	ldrb	r2, [r4, #4]
100031aa:	f360 0282 	bfi	r2, r0, #2, #1
100031ae:	7122      	strb	r2, [r4, #4]
100031b0:	f8d1 3df0 	ldr.w	r3, [r1, #3568]	@ 0xdf0
100031b4:	07db      	lsls	r3, r3, #31
100031b6:	d5e1      	bpl.n	1000317c <usbd_edpt_xfer+0x28>
100031b8:	be00      	bkpt	0x0000
100031ba:	e7df      	b.n	1000317c <usbd_edpt_xfer+0x28>
100031bc:	20001b00 	.word	0x20001b00
100031c0:	200010c4 	.word	0x200010c4

100031c4 <tud_control_status>:
100031c4:	b530      	push	{r4, r5, lr}
100031c6:	4c0b      	ldr	r4, [pc, #44]	@ (100031f4 <tud_control_status+0x30>)
100031c8:	468c      	mov	ip, r1
100031ca:	46a6      	mov	lr, r4
100031cc:	4605      	mov	r5, r0
100031ce:	6808      	ldr	r0, [r1, #0]
100031d0:	6849      	ldr	r1, [r1, #4]
100031d2:	2300      	movs	r3, #0
100031d4:	e8ae 0003 	stmia.w	lr!, {r0, r1}
100031d8:	f89c 1000 	ldrb.w	r1, [ip]
100031dc:	4628      	mov	r0, r5
100031de:	43c9      	mvns	r1, r1
100031e0:	e9c4 3302 	strd	r3, r3, [r4, #8]
100031e4:	e8bd 4030 	ldmia.w	sp!, {r4, r5, lr}
100031e8:	461a      	mov	r2, r3
100031ea:	f001 0180 	and.w	r1, r1, #128	@ 0x80
100031ee:	f7ff bfb1 	b.w	10003154 <usbd_edpt_xfer>
100031f2:	bf00      	nop
100031f4:	20001ac0 	.word	0x20001ac0

100031f8 <tud_control_xfer>:
100031f8:	e92d 41f0 	stmdb	sp!, {r4, r5, r6, r7, r8, lr}
100031fc:	4f28      	ldr	r7, [pc, #160]	@ (100032a0 <tud_control_xfer+0xa8>)
100031fe:	f04f 0800 	mov.w	r8, #0
10003202:	46be      	mov	lr, r7
10003204:	468c      	mov	ip, r1
10003206:	4606      	mov	r6, r0
10003208:	6808      	ldr	r0, [r1, #0]
1000320a:	6849      	ldr	r1, [r1, #4]
1000320c:	60ba      	str	r2, [r7, #8]
1000320e:	e8ae 0003 	stmia.w	lr!, {r0, r1}
10003212:	f8a7 800e 	strh.w	r8, [r7, #14]
10003216:	4615      	mov	r5, r2
10003218:	f8bc 2006 	ldrh.w	r2, [ip, #6]
1000321c:	4293      	cmp	r3, r2
1000321e:	bf28      	it	cs
10003220:	4613      	movcs	r3, r2
10003222:	81bb      	strh	r3, [r7, #12]
10003224:	b19a      	cbz	r2, 1000324e <tud_control_xfer+0x56>
10003226:	461c      	mov	r4, r3
10003228:	b333      	cbz	r3, 10003278 <tud_control_xfer+0x80>
1000322a:	b1dd      	cbz	r5, 10003264 <tud_control_xfer+0x6c>
1000322c:	f997 3000 	ldrsb.w	r3, [r7]
10003230:	2c40      	cmp	r4, #64	@ 0x40
10003232:	bf28      	it	cs
10003234:	2440      	movcs	r4, #64	@ 0x40
10003236:	2b00      	cmp	r3, #0
10003238:	db29      	blt.n	1000328e <tud_control_xfer+0x96>
1000323a:	4641      	mov	r1, r8
1000323c:	4623      	mov	r3, r4
1000323e:	4630      	mov	r0, r6
10003240:	4a18      	ldr	r2, [pc, #96]	@ (100032a4 <tud_control_xfer+0xac>)
10003242:	f7ff ff87 	bl	10003154 <usbd_edpt_xfer>
10003246:	b168      	cbz	r0, 10003264 <tud_control_xfer+0x6c>
10003248:	2001      	movs	r0, #1
1000324a:	e8bd 81f0 	ldmia.w	sp!, {r4, r5, r6, r7, r8, pc}
1000324e:	f89c 1000 	ldrb.w	r1, [ip]
10003252:	4613      	mov	r3, r2
10003254:	43c9      	mvns	r1, r1
10003256:	4630      	mov	r0, r6
10003258:	f001 0180 	and.w	r1, r1, #128	@ 0x80
1000325c:	f7ff ff7a 	bl	10003154 <usbd_edpt_xfer>
10003260:	2800      	cmp	r0, #0
10003262:	d1f1      	bne.n	10003248 <tud_control_xfer+0x50>
10003264:	f04f 23e0 	mov.w	r3, #3758153728	@ 0xe000e000
10003268:	f8d3 3df0 	ldr.w	r3, [r3, #3568]	@ 0xdf0
1000326c:	07db      	lsls	r3, r3, #31
1000326e:	d500      	bpl.n	10003272 <tud_control_xfer+0x7a>
10003270:	be00      	bkpt	0x0000
10003272:	2000      	movs	r0, #0
10003274:	e8bd 81f0 	ldmia.w	sp!, {r4, r5, r6, r7, r8, pc}
10003278:	461a      	mov	r2, r3
1000327a:	7839      	ldrb	r1, [r7, #0]
1000327c:	f001 0180 	and.w	r1, r1, #128	@ 0x80
10003280:	4623      	mov	r3, r4
10003282:	4630      	mov	r0, r6
10003284:	f7ff ff66 	bl	10003154 <usbd_edpt_xfer>
10003288:	2800      	cmp	r0, #0
1000328a:	d1dd      	bne.n	10003248 <tud_control_xfer+0x50>
1000328c:	e7ea      	b.n	10003264 <tud_control_xfer+0x6c>
1000328e:	4622      	mov	r2, r4
10003290:	4629      	mov	r1, r5
10003292:	4804      	ldr	r0, [pc, #16]	@ (100032a4 <tud_control_xfer+0xac>)
10003294:	f001 fcc0 	bl	10004c18 <__memcpy_veneer>
10003298:	2180      	movs	r1, #128	@ 0x80
1000329a:	4a02      	ldr	r2, [pc, #8]	@ (100032a4 <tud_control_xfer+0xac>)
1000329c:	e7f0      	b.n	10003280 <tud_control_xfer+0x88>
1000329e:	bf00      	nop
100032a0:	20001ac0 	.word	0x20001ac0
100032a4:	20001a80 	.word	0x20001a80

100032a8 <usbd_control_reset>:
100032a8:	2200      	movs	r2, #0
100032aa:	4b03      	ldr	r3, [pc, #12]	@ (100032b8 <usbd_control_reset+0x10>)
100032ac:	e9c3 2200 	strd	r2, r2, [r3]
100032b0:	e9c3 2202 	strd	r2, r2, [r3, #8]
100032b4:	611a      	str	r2, [r3, #16]
100032b6:	4770      	bx	lr
100032b8:	20001ac0 	.word	0x20001ac0

100032bc <usbd_control_set_complete_callback>:
100032bc:	4b01      	ldr	r3, [pc, #4]	@ (100032c4 <usbd_control_set_complete_callback+0x8>)
100032be:	6118      	str	r0, [r3, #16]
100032c0:	4770      	bx	lr
100032c2:	bf00      	nop
100032c4:	20001ac0 	.word	0x20001ac0

100032c8 <usbd_control_set_request>:
100032c8:	b430      	push	{r4, r5}
100032ca:	4602      	mov	r2, r0
100032cc:	4c04      	ldr	r4, [pc, #16]	@ (100032e0 <usbd_control_set_request+0x18>)
100032ce:	2500      	movs	r5, #0
100032d0:	4623      	mov	r3, r4
100032d2:	6800      	ldr	r0, [r0, #0]
100032d4:	6851      	ldr	r1, [r2, #4]
100032d6:	e9c4 5502 	strd	r5, r5, [r4, #8]
100032da:	bc30      	pop	{r4, r5}
100032dc:	c303      	stmia	r3!, {r0, r1}
100032de:	4770      	bx	lr
100032e0:	20001ac0 	.word	0x20001ac0

100032e4 <usbd_control_xfer_cb>:
100032e4:	b570      	push	{r4, r5, r6, lr}
100032e6:	4c3d      	ldr	r4, [pc, #244]	@ (100033dc <usbd_control_xfer_cb+0xf8>)
100032e8:	09c9      	lsrs	r1, r1, #7
100032ea:	7822      	ldrb	r2, [r4, #0]
100032ec:	4606      	mov	r6, r0
100032ee:	ebb1 1fd2 	cmp.w	r1, r2, lsr #7
100032f2:	461d      	mov	r5, r3
100032f4:	b082      	sub	sp, #8
100032f6:	d017      	beq.n	10003328 <usbd_control_xfer_cb+0x44>
100032f8:	b153      	cbz	r3, 10003310 <usbd_control_xfer_cb+0x2c>
100032fa:	f04f 23e0 	mov.w	r3, #3758153728	@ 0xe000e000
100032fe:	f8d3 3df0 	ldr.w	r3, [r3, #3568]	@ 0xdf0
10003302:	07db      	lsls	r3, r3, #31
10003304:	d402      	bmi.n	1000330c <usbd_control_xfer_cb+0x28>
10003306:	2000      	movs	r0, #0
10003308:	b002      	add	sp, #8
1000330a:	bd70      	pop	{r4, r5, r6, pc}
1000330c:	be00      	bkpt	0x0000
1000330e:	e7fa      	b.n	10003306 <usbd_control_xfer_cb+0x22>
10003310:	4621      	mov	r1, r4
10003312:	f7ff f8f1 	bl	100024f8 <dcd_edpt0_status_complete>
10003316:	6923      	ldr	r3, [r4, #16]
10003318:	b11b      	cbz	r3, 10003322 <usbd_control_xfer_cb+0x3e>
1000331a:	4622      	mov	r2, r4
1000331c:	2103      	movs	r1, #3
1000331e:	4630      	mov	r0, r6
10003320:	4798      	blx	r3
10003322:	2001      	movs	r0, #1
10003324:	b002      	add	sp, #8
10003326:	bd70      	pop	{r4, r5, r6, pc}
10003328:	f994 3000 	ldrsb.w	r3, [r4]
1000332c:	2b00      	cmp	r3, #0
1000332e:	db06      	blt.n	1000333e <usbd_control_xfer_cb+0x5a>
10003330:	68a0      	ldr	r0, [r4, #8]
10003332:	2800      	cmp	r0, #0
10003334:	d0e7      	beq.n	10003306 <usbd_control_xfer_cb+0x22>
10003336:	462a      	mov	r2, r5
10003338:	4929      	ldr	r1, [pc, #164]	@ (100033e0 <usbd_control_xfer_cb+0xfc>)
1000333a:	f001 fc6d 	bl	10004c18 <__memcpy_veneer>
1000333e:	89e0      	ldrh	r0, [r4, #14]
10003340:	68a1      	ldr	r1, [r4, #8]
10003342:	88e3      	ldrh	r3, [r4, #6]
10003344:	4428      	add	r0, r5
10003346:	b280      	uxth	r0, r0
10003348:	4429      	add	r1, r5
1000334a:	4283      	cmp	r3, r0
1000334c:	81e0      	strh	r0, [r4, #14]
1000334e:	60a1      	str	r1, [r4, #8]
10003350:	d016      	beq.n	10003380 <usbd_control_xfer_cb+0x9c>
10003352:	2d3f      	cmp	r5, #63	@ 0x3f
10003354:	d914      	bls.n	10003380 <usbd_control_xfer_cb+0x9c>
10003356:	89a2      	ldrh	r2, [r4, #12]
10003358:	f994 4000 	ldrsb.w	r4, [r4]
1000335c:	1a13      	subs	r3, r2, r0
1000335e:	b29b      	uxth	r3, r3
10003360:	2b40      	cmp	r3, #64	@ 0x40
10003362:	bf28      	it	cs
10003364:	2340      	movcs	r3, #64	@ 0x40
10003366:	2c00      	cmp	r4, #0
10003368:	db27      	blt.n	100033ba <usbd_control_xfer_cb+0xd6>
1000336a:	4290      	cmp	r0, r2
1000336c:	f04f 0100 	mov.w	r1, #0
10003370:	d031      	beq.n	100033d6 <usbd_control_xfer_cb+0xf2>
10003372:	4a1b      	ldr	r2, [pc, #108]	@ (100033e0 <usbd_control_xfer_cb+0xfc>)
10003374:	4630      	mov	r0, r6
10003376:	f7ff feed 	bl	10003154 <usbd_edpt_xfer>
1000337a:	2800      	cmp	r0, #0
1000337c:	d1d1      	bne.n	10003322 <usbd_control_xfer_cb+0x3e>
1000337e:	e7bc      	b.n	100032fa <usbd_control_xfer_cb+0x16>
10003380:	6923      	ldr	r3, [r4, #16]
10003382:	b123      	cbz	r3, 1000338e <usbd_control_xfer_cb+0xaa>
10003384:	2102      	movs	r1, #2
10003386:	4630      	mov	r0, r6
10003388:	4a14      	ldr	r2, [pc, #80]	@ (100033dc <usbd_control_xfer_cb+0xf8>)
1000338a:	4798      	blx	r3
1000338c:	b160      	cbz	r0, 100033a8 <usbd_control_xfer_cb+0xc4>
1000338e:	7821      	ldrb	r1, [r4, #0]
10003390:	2300      	movs	r3, #0
10003392:	43c9      	mvns	r1, r1
10003394:	4630      	mov	r0, r6
10003396:	461a      	mov	r2, r3
10003398:	f001 0180 	and.w	r1, r1, #128	@ 0x80
1000339c:	f7ff feda 	bl	10003154 <usbd_edpt_xfer>
100033a0:	2800      	cmp	r0, #0
100033a2:	d0aa      	beq.n	100032fa <usbd_control_xfer_cb+0x16>
100033a4:	2001      	movs	r0, #1
100033a6:	e7bd      	b.n	10003324 <usbd_control_xfer_cb+0x40>
100033a8:	4601      	mov	r1, r0
100033aa:	4630      	mov	r0, r6
100033ac:	f7ff f944 	bl	10002638 <dcd_edpt_stall>
100033b0:	2180      	movs	r1, #128	@ 0x80
100033b2:	4630      	mov	r0, r6
100033b4:	f7ff f940 	bl	10002638 <dcd_edpt_stall>
100033b8:	e7b3      	b.n	10003322 <usbd_control_xfer_cb+0x3e>
100033ba:	4290      	cmp	r0, r2
100033bc:	d008      	beq.n	100033d0 <usbd_control_xfer_cb+0xec>
100033be:	461a      	mov	r2, r3
100033c0:	4807      	ldr	r0, [pc, #28]	@ (100033e0 <usbd_control_xfer_cb+0xfc>)
100033c2:	9301      	str	r3, [sp, #4]
100033c4:	f001 fc28 	bl	10004c18 <__memcpy_veneer>
100033c8:	2180      	movs	r1, #128	@ 0x80
100033ca:	4a05      	ldr	r2, [pc, #20]	@ (100033e0 <usbd_control_xfer_cb+0xfc>)
100033cc:	9b01      	ldr	r3, [sp, #4]
100033ce:	e7d1      	b.n	10003374 <usbd_control_xfer_cb+0x90>
100033d0:	2180      	movs	r1, #128	@ 0x80
100033d2:	2200      	movs	r2, #0
100033d4:	e7ce      	b.n	10003374 <usbd_control_xfer_cb+0x90>
100033d6:	460a      	mov	r2, r1
100033d8:	e7cc      	b.n	10003374 <usbd_control_xfer_cb+0x90>
100033da:	bf00      	nop
100033dc:	20001ac0 	.word	0x20001ac0
100033e0:	20001a80 	.word	0x20001a80

100033e4 <_prep_out_transaction.isra.0>:
100033e4:	e92d 41f0 	stmdb	sp!, {r4, r5, r6, r7, r8, lr}
100033e8:	4604      	mov	r4, r0
100033ea:	f7ff f9e5 	bl	100027b8 <tud_mounted>
100033ee:	b908      	cbnz	r0, 100033f4 <_prep_out_transaction.isra.0+0x10>
100033f0:	e8bd 81f0 	ldmia.w	sp!, {r4, r5, r6, r7, r8, pc}
100033f4:	f7ff f9e8 	bl	100027c8 <tud_suspended>
100033f8:	4605      	mov	r5, r0
100033fa:	2800      	cmp	r0, #0
100033fc:	d1f8      	bne.n	100033f0 <_prep_out_transaction.isra.0+0xc>
100033fe:	23c8      	movs	r3, #200	@ 0xc8
10003400:	fb04 f303 	mul.w	r3, r4, r3
10003404:	4e12      	ldr	r6, [pc, #72]	@ (10003450 <_prep_out_transaction.isra.0+0x6c>)
10003406:	18f7      	adds	r7, r6, r3
10003408:	78f9      	ldrb	r1, [r7, #3]
1000340a:	2900      	cmp	r1, #0
1000340c:	d0f0      	beq.n	100033f0 <_prep_out_transaction.isra.0+0xc>
1000340e:	3310      	adds	r3, #16
10003410:	441e      	add	r6, r3
10003412:	4630      	mov	r0, r6
10003414:	f000 fbc8 	bl	10003ba8 <tu_fifo_remaining>
10003418:	283f      	cmp	r0, #63	@ 0x3f
1000341a:	d9e9      	bls.n	100033f0 <_prep_out_transaction.isra.0+0xc>
1000341c:	4628      	mov	r0, r5
1000341e:	78f9      	ldrb	r1, [r7, #3]
10003420:	f7ff fe74 	bl	1000310c <usbd_edpt_claim>
10003424:	2800      	cmp	r0, #0
10003426:	d0e3      	beq.n	100033f0 <_prep_out_transaction.isra.0+0xc>
10003428:	4630      	mov	r0, r6
1000342a:	f000 fbbd 	bl	10003ba8 <tu_fifo_remaining>
1000342e:	283f      	cmp	r0, #63	@ 0x3f
10003430:	78f9      	ldrb	r1, [r7, #3]
10003432:	d908      	bls.n	10003446 <_prep_out_transaction.isra.0+0x62>
10003434:	4a07      	ldr	r2, [pc, #28]	@ (10003454 <_prep_out_transaction.isra.0+0x70>)
10003436:	4628      	mov	r0, r5
10003438:	eb02 12c4 	add.w	r2, r2, r4, lsl #7
1000343c:	2340      	movs	r3, #64	@ 0x40
1000343e:	e8bd 41f0 	ldmia.w	sp!, {r4, r5, r6, r7, r8, lr}
10003442:	f7ff be87 	b.w	10003154 <usbd_edpt_xfer>
10003446:	4628      	mov	r0, r5
10003448:	e8bd 41f0 	ldmia.w	sp!, {r4, r5, r6, r7, r8, lr}
1000344c:	f7ff be70 	b.w	10003130 <usbd_edpt_release>
10003450:	200019b8 	.word	0x200019b8
10003454:	20001934 	.word	0x20001934

10003458 <tud_cdc_n_connected>:
10003458:	b510      	push	{r4, lr}
1000345a:	4604      	mov	r4, r0
1000345c:	f7ff f9ac 	bl	100027b8 <tud_mounted>
10003460:	b908      	cbnz	r0, 10003466 <tud_cdc_n_connected+0xe>
10003462:	2000      	movs	r0, #0
10003464:	bd10      	pop	{r4, pc}
10003466:	f7ff f9af 	bl	100027c8 <tud_suspended>
1000346a:	2800      	cmp	r0, #0
1000346c:	d1f9      	bne.n	10003462 <tud_cdc_n_connected+0xa>
1000346e:	22c8      	movs	r2, #200	@ 0xc8
10003470:	4b03      	ldr	r3, [pc, #12]	@ (10003480 <tud_cdc_n_connected+0x28>)
10003472:	fb02 3304 	mla	r3, r2, r4, r3
10003476:	7918      	ldrb	r0, [r3, #4]
10003478:	f000 0001 	and.w	r0, r0, #1
1000347c:	bd10      	pop	{r4, pc}
1000347e:	bf00      	nop
10003480:	200019b8 	.word	0x200019b8

10003484 <tud_cdc_n_available>:
10003484:	22c8      	movs	r2, #200	@ 0xc8
10003486:	b508      	push	{r3, lr}
10003488:	4b02      	ldr	r3, [pc, #8]	@ (10003494 <tud_cdc_n_available+0x10>)
1000348a:	fb02 3000 	mla	r0, r2, r0, r3
1000348e:	f000 fb71 	bl	10003b74 <tu_fifo_count>
10003492:	bd08      	pop	{r3, pc}
10003494:	200019c8 	.word	0x200019c8

10003498 <tud_cdc_n_read>:
10003498:	e92d 43f8 	stmdb	sp!, {r3, r4, r5, r6, r7, r8, r9, lr}
1000349c:	f64f 73ff 	movw	r3, #65535	@ 0xffff
100034a0:	24c8      	movs	r4, #200	@ 0xc8
100034a2:	429a      	cmp	r2, r3
100034a4:	bf28      	it	cs
100034a6:	461a      	movcs	r2, r3
100034a8:	fb00 f404 	mul.w	r4, r0, r4
100034ac:	f8df 8074 	ldr.w	r8, [pc, #116]	@ 10003524 <tud_cdc_n_read+0x8c>
100034b0:	f104 0510 	add.w	r5, r4, #16
100034b4:	4445      	add	r5, r8
100034b6:	4606      	mov	r6, r0
100034b8:	b292      	uxth	r2, r2
100034ba:	4628      	mov	r0, r5
100034bc:	f000 fbd0 	bl	10003c60 <tu_fifo_read_n>
100034c0:	4607      	mov	r7, r0
100034c2:	f7ff f979 	bl	100027b8 <tud_mounted>
100034c6:	b910      	cbnz	r0, 100034ce <tud_cdc_n_read+0x36>
100034c8:	4638      	mov	r0, r7
100034ca:	e8bd 83f8 	ldmia.w	sp!, {r3, r4, r5, r6, r7, r8, r9, pc}
100034ce:	f7ff f97b 	bl	100027c8 <tud_suspended>
100034d2:	4681      	mov	r9, r0
100034d4:	2800      	cmp	r0, #0
100034d6:	d1f7      	bne.n	100034c8 <tud_cdc_n_read+0x30>
100034d8:	44a0      	add	r8, r4
100034da:	f898 3003 	ldrb.w	r3, [r8, #3]
100034de:	2b00      	cmp	r3, #0
100034e0:	d0f2      	beq.n	100034c8 <tud_cdc_n_read+0x30>
100034e2:	4628      	mov	r0, r5
100034e4:	f000 fb60 	bl	10003ba8 <tu_fifo_remaining>
100034e8:	283f      	cmp	r0, #63	@ 0x3f
100034ea:	d9ed      	bls.n	100034c8 <tud_cdc_n_read+0x30>
100034ec:	4648      	mov	r0, r9
100034ee:	f898 1003 	ldrb.w	r1, [r8, #3]
100034f2:	f7ff fe0b 	bl	1000310c <usbd_edpt_claim>
100034f6:	2800      	cmp	r0, #0
100034f8:	d0e6      	beq.n	100034c8 <tud_cdc_n_read+0x30>
100034fa:	4628      	mov	r0, r5
100034fc:	f000 fb54 	bl	10003ba8 <tu_fifo_remaining>
10003500:	283f      	cmp	r0, #63	@ 0x3f
10003502:	f898 1003 	ldrb.w	r1, [r8, #3]
10003506:	d907      	bls.n	10003518 <tud_cdc_n_read+0x80>
10003508:	4a05      	ldr	r2, [pc, #20]	@ (10003520 <tud_cdc_n_read+0x88>)
1000350a:	4648      	mov	r0, r9
1000350c:	2340      	movs	r3, #64	@ 0x40
1000350e:	eb02 12c6 	add.w	r2, r2, r6, lsl #7
10003512:	f7ff fe1f 	bl	10003154 <usbd_edpt_xfer>
10003516:	e7d7      	b.n	100034c8 <tud_cdc_n_read+0x30>
10003518:	4648      	mov	r0, r9
1000351a:	f7ff fe09 	bl	10003130 <usbd_edpt_release>
1000351e:	e7d3      	b.n	100034c8 <tud_cdc_n_read+0x30>
10003520:	20001934 	.word	0x20001934
10003524:	200019b8 	.word	0x200019b8

10003528 <tud_cdc_n_write_flush>:
10003528:	e92d 41f0 	stmdb	sp!, {r4, r5, r6, r7, r8, lr}
1000352c:	4604      	mov	r4, r0
1000352e:	f7ff f943 	bl	100027b8 <tud_mounted>
10003532:	b910      	cbnz	r0, 1000353a <tud_cdc_n_write_flush+0x12>
10003534:	2000      	movs	r0, #0
10003536:	e8bd 81f0 	ldmia.w	sp!, {r4, r5, r6, r7, r8, pc}
1000353a:	f7ff f945 	bl	100027c8 <tud_suspended>
1000353e:	4605      	mov	r5, r0
10003540:	2800      	cmp	r0, #0
10003542:	d1f7      	bne.n	10003534 <tud_cdc_n_write_flush+0xc>
10003544:	26c8      	movs	r6, #200	@ 0xc8
10003546:	fb04 f606 	mul.w	r6, r4, r6
1000354a:	f8df 8064 	ldr.w	r8, [pc, #100]	@ 100035b0 <tud_cdc_n_write_flush+0x88>
1000354e:	f106 0724 	add.w	r7, r6, #36	@ 0x24
10003552:	4447      	add	r7, r8
10003554:	4638      	mov	r0, r7
10003556:	f000 fb0d 	bl	10003b74 <tu_fifo_count>
1000355a:	2800      	cmp	r0, #0
1000355c:	d0ea      	beq.n	10003534 <tud_cdc_n_write_flush+0xc>
1000355e:	44b0      	add	r8, r6
10003560:	4628      	mov	r0, r5
10003562:	f898 1002 	ldrb.w	r1, [r8, #2]
10003566:	f7ff fdd1 	bl	1000310c <usbd_edpt_claim>
1000356a:	2800      	cmp	r0, #0
1000356c:	d0e2      	beq.n	10003534 <tud_cdc_n_write_flush+0xc>
1000356e:	4e0f      	ldr	r6, [pc, #60]	@ (100035ac <tud_cdc_n_write_flush+0x84>)
10003570:	4638      	mov	r0, r7
10003572:	eb06 16c4 	add.w	r6, r6, r4, lsl #7
10003576:	4631      	mov	r1, r6
10003578:	2240      	movs	r2, #64	@ 0x40
1000357a:	f000 fb71 	bl	10003c60 <tu_fifo_read_n>
1000357e:	f898 1002 	ldrb.w	r1, [r8, #2]
10003582:	4604      	mov	r4, r0
10003584:	b168      	cbz	r0, 100035a2 <tud_cdc_n_write_flush+0x7a>
10003586:	4603      	mov	r3, r0
10003588:	4632      	mov	r2, r6
1000358a:	4628      	mov	r0, r5
1000358c:	f7ff fde2 	bl	10003154 <usbd_edpt_xfer>
10003590:	b950      	cbnz	r0, 100035a8 <tud_cdc_n_write_flush+0x80>
10003592:	f04f 23e0 	mov.w	r3, #3758153728	@ 0xe000e000
10003596:	f8d3 3df0 	ldr.w	r3, [r3, #3568]	@ 0xdf0
1000359a:	07db      	lsls	r3, r3, #31
1000359c:	d5ca      	bpl.n	10003534 <tud_cdc_n_write_flush+0xc>
1000359e:	be00      	bkpt	0x0000
100035a0:	e7c8      	b.n	10003534 <tud_cdc_n_write_flush+0xc>
100035a2:	f7ff fdc5 	bl	10003130 <usbd_edpt_release>
100035a6:	e7c5      	b.n	10003534 <tud_cdc_n_write_flush+0xc>
100035a8:	4620      	mov	r0, r4
100035aa:	e7c4      	b.n	10003536 <tud_cdc_n_write_flush+0xe>
100035ac:	20001974 	.word	0x20001974
100035b0:	200019b8 	.word	0x200019b8

100035b4 <tud_cdc_n_write>:
100035b4:	b538      	push	{r3, r4, r5, lr}
100035b6:	f64f 75ff 	movw	r5, #65535	@ 0xffff
100035ba:	23c8      	movs	r3, #200	@ 0xc8
100035bc:	42aa      	cmp	r2, r5
100035be:	bf28      	it	cs
100035c0:	462a      	movcs	r2, r5
100035c2:	4c0b      	ldr	r4, [pc, #44]	@ (100035f0 <tud_cdc_n_write+0x3c>)
100035c4:	b292      	uxth	r2, r2
100035c6:	fb03 4400 	mla	r4, r3, r0, r4
100035ca:	4605      	mov	r5, r0
100035cc:	4620      	mov	r0, r4
100035ce:	f000 fc05 	bl	10003ddc <tu_fifo_write_n>
100035d2:	4603      	mov	r3, r0
100035d4:	4620      	mov	r0, r4
100035d6:	461c      	mov	r4, r3
100035d8:	f000 facc 	bl	10003b74 <tu_fifo_count>
100035dc:	283f      	cmp	r0, #63	@ 0x3f
100035de:	d801      	bhi.n	100035e4 <tud_cdc_n_write+0x30>
100035e0:	4620      	mov	r0, r4
100035e2:	bd38      	pop	{r3, r4, r5, pc}
100035e4:	4628      	mov	r0, r5
100035e6:	f7ff ff9f 	bl	10003528 <tud_cdc_n_write_flush>
100035ea:	4620      	mov	r0, r4
100035ec:	bd38      	pop	{r3, r4, r5, pc}
100035ee:	bf00      	nop
100035f0:	200019dc 	.word	0x200019dc

100035f4 <tud_cdc_n_write_available>:
100035f4:	22c8      	movs	r2, #200	@ 0xc8
100035f6:	b508      	push	{r3, lr}
100035f8:	4b02      	ldr	r3, [pc, #8]	@ (10003604 <tud_cdc_n_write_available+0x10>)
100035fa:	fb02 3000 	mla	r0, r2, r0, r3
100035fe:	f000 fad3 	bl	10003ba8 <tu_fifo_remaining>
10003602:	bd08      	pop	{r3, pc}
10003604:	200019dc 	.word	0x200019dc

10003608 <cdcd_init>:
10003608:	b5f0      	push	{r4, r5, r6, r7, lr}
1000360a:	2400      	movs	r4, #0
1000360c:	b083      	sub	sp, #12
1000360e:	22c8      	movs	r2, #200	@ 0xc8
10003610:	2100      	movs	r1, #0
10003612:	4817      	ldr	r0, [pc, #92]	@ (10003670 <cdcd_init+0x68>)
10003614:	f001 fae8 	bl	10004be8 <__memset_veneer>
10003618:	23ff      	movs	r3, #255	@ 0xff
1000361a:	f44f 31e1 	mov.w	r1, #115200	@ 0x1c200
1000361e:	2208      	movs	r2, #8
10003620:	4814      	ldr	r0, [pc, #80]	@ (10003674 <cdcd_init+0x6c>)
10003622:	7004      	strb	r4, [r0, #0]
10003624:	4812      	ldr	r0, [pc, #72]	@ (10003670 <cdcd_init+0x68>)
10003626:	9400      	str	r4, [sp, #0]
10003628:	4607      	mov	r7, r0
1000362a:	7143      	strb	r3, [r0, #5]
1000362c:	6081      	str	r1, [r0, #8]
1000362e:	7382      	strb	r2, [r0, #14]
10003630:	f100 0138 	add.w	r1, r0, #56	@ 0x38
10003634:	2301      	movs	r3, #1
10003636:	2240      	movs	r2, #64	@ 0x40
10003638:	3010      	adds	r0, #16
1000363a:	f000 fa6b 	bl	10003b14 <tu_fifo_config>
1000363e:	2301      	movs	r3, #1
10003640:	2240      	movs	r2, #64	@ 0x40
10003642:	f107 0178 	add.w	r1, r7, #120	@ 0x78
10003646:	9300      	str	r3, [sp, #0]
10003648:	f107 06b8 	add.w	r6, r7, #184	@ 0xb8
1000364c:	f107 0024 	add.w	r0, r7, #36	@ 0x24
10003650:	f000 fa60 	bl	10003b14 <tu_fifo_config>
10003654:	f107 05c0 	add.w	r5, r7, #192	@ 0xc0
10003658:	4630      	mov	r0, r6
1000365a:	f7fd f9b5 	bl	100009c8 <mutex_init>
1000365e:	4628      	mov	r0, r5
10003660:	f7fd f9b2 	bl	100009c8 <mutex_init>
10003664:	e9c7 4607 	strd	r4, r6, [r7, #28]
10003668:	e9c7 540c 	strd	r5, r4, [r7, #48]	@ 0x30
1000366c:	b003      	add	sp, #12
1000366e:	bdf0      	pop	{r4, r5, r6, r7, pc}
10003670:	200019b8 	.word	0x200019b8
10003674:	200019b4 	.word	0x200019b4

10003678 <cdcd_deinit>:
10003678:	4a0a      	ldr	r2, [pc, #40]	@ (100036a4 <cdcd_deinit+0x2c>)
1000367a:	6b11      	ldr	r1, [r2, #48]	@ 0x30
1000367c:	6a13      	ldr	r3, [r2, #32]
1000367e:	b161      	cbz	r1, 1000369a <cdcd_deinit+0x22>
10003680:	b13b      	cbz	r3, 10003692 <cdcd_deinit+0x1a>
10003682:	2300      	movs	r3, #0
10003684:	e9c2 330c 	strd	r3, r3, [r2, #48]	@ 0x30
10003688:	61d3      	str	r3, [r2, #28]
1000368a:	2300      	movs	r3, #0
1000368c:	6213      	str	r3, [r2, #32]
1000368e:	2001      	movs	r0, #1
10003690:	4770      	bx	lr
10003692:	2001      	movs	r0, #1
10003694:	e9c2 330c 	strd	r3, r3, [r2, #48]	@ 0x30
10003698:	4770      	bx	lr
1000369a:	2b00      	cmp	r3, #0
1000369c:	d0f7      	beq.n	1000368e <cdcd_deinit+0x16>
1000369e:	61d1      	str	r1, [r2, #28]
100036a0:	e7f3      	b.n	1000368a <cdcd_deinit+0x12>
100036a2:	bf00      	nop
100036a4:	200019b8 	.word	0x200019b8

100036a8 <cdcd_reset>:
100036a8:	2200      	movs	r2, #0
100036aa:	b510      	push	{r4, lr}
100036ac:	4c0e      	ldr	r4, [pc, #56]	@ (100036e8 <cdcd_reset+0x40>)
100036ae:	480f      	ldr	r0, [pc, #60]	@ (100036ec <cdcd_reset+0x44>)
100036b0:	7823      	ldrb	r3, [r4, #0]
100036b2:	6002      	str	r2, [r0, #0]
100036b4:	7102      	strb	r2, [r0, #4]
100036b6:	07da      	lsls	r2, r3, #31
100036b8:	d507      	bpl.n	100036ca <cdcd_reset+0x22>
100036ba:	079b      	lsls	r3, r3, #30
100036bc:	d50b      	bpl.n	100036d6 <cdcd_reset+0x2e>
100036be:	e8bd 4010 	ldmia.w	sp!, {r4, lr}
100036c2:	2101      	movs	r1, #1
100036c4:	480a      	ldr	r0, [pc, #40]	@ (100036f0 <cdcd_reset+0x48>)
100036c6:	f000 bc53 	b.w	10003f70 <tu_fifo_set_overwritable>
100036ca:	3010      	adds	r0, #16
100036cc:	f000 fc34 	bl	10003f38 <tu_fifo_clear>
100036d0:	7823      	ldrb	r3, [r4, #0]
100036d2:	079b      	lsls	r3, r3, #30
100036d4:	d4f3      	bmi.n	100036be <cdcd_reset+0x16>
100036d6:	4806      	ldr	r0, [pc, #24]	@ (100036f0 <cdcd_reset+0x48>)
100036d8:	f000 fc2e 	bl	10003f38 <tu_fifo_clear>
100036dc:	e8bd 4010 	ldmia.w	sp!, {r4, lr}
100036e0:	2101      	movs	r1, #1
100036e2:	4803      	ldr	r0, [pc, #12]	@ (100036f0 <cdcd_reset+0x48>)
100036e4:	f000 bc44 	b.w	10003f70 <tu_fifo_set_overwritable>
100036e8:	200019b4 	.word	0x200019b4
100036ec:	200019b8 	.word	0x200019b8
100036f0:	200019dc 	.word	0x200019dc

100036f4 <cdcd_open>:
100036f4:	b5f0      	push	{r4, r5, r6, r7, lr}
100036f6:	794b      	ldrb	r3, [r1, #5]
100036f8:	b083      	sub	sp, #12
100036fa:	2b02      	cmp	r3, #2
100036fc:	d102      	bne.n	10003704 <cdcd_open+0x10>
100036fe:	798b      	ldrb	r3, [r1, #6]
10003700:	2b02      	cmp	r3, #2
10003702:	d003      	beq.n	1000370c <cdcd_open+0x18>
10003704:	2500      	movs	r5, #0
10003706:	4628      	mov	r0, r5
10003708:	b003      	add	sp, #12
1000370a:	bdf0      	pop	{r4, r5, r6, r7, pc}
1000370c:	4f27      	ldr	r7, [pc, #156]	@ (100037ac <cdcd_open+0xb8>)
1000370e:	78bb      	ldrb	r3, [r7, #2]
10003710:	b13b      	cbz	r3, 10003722 <cdcd_open+0x2e>
10003712:	f04f 23e0 	mov.w	r3, #3758153728	@ 0xe000e000
10003716:	f8d3 3df0 	ldr.w	r3, [r3, #3568]	@ 0xdf0
1000371a:	07db      	lsls	r3, r3, #31
1000371c:	d5f2      	bpl.n	10003704 <cdcd_open+0x10>
1000371e:	be00      	bkpt	0x0000
10003720:	e7f0      	b.n	10003704 <cdcd_open+0x10>
10003722:	788b      	ldrb	r3, [r1, #2]
10003724:	4606      	mov	r6, r0
10003726:	703b      	strb	r3, [r7, #0]
10003728:	780b      	ldrb	r3, [r1, #0]
1000372a:	18cc      	adds	r4, r1, r3
1000372c:	7861      	ldrb	r1, [r4, #1]
1000372e:	2924      	cmp	r1, #36	@ 0x24
10003730:	bf08      	it	eq
10003732:	2509      	moveq	r5, #9
10003734:	d007      	beq.n	10003746 <cdcd_open+0x52>
10003736:	e036      	b.n	100037a6 <cdcd_open+0xb2>
10003738:	7823      	ldrb	r3, [r4, #0]
1000373a:	441c      	add	r4, r3
1000373c:	7861      	ldrb	r1, [r4, #1]
1000373e:	442b      	add	r3, r5
10003740:	2924      	cmp	r1, #36	@ 0x24
10003742:	b29d      	uxth	r5, r3
10003744:	d107      	bne.n	10003756 <cdcd_open+0x62>
10003746:	42aa      	cmp	r2, r5
10003748:	d2f6      	bcs.n	10003738 <cdcd_open+0x44>
1000374a:	2000      	movs	r0, #0
1000374c:	f7ff fe4a 	bl	100033e4 <_prep_out_transaction.isra.0>
10003750:	4628      	mov	r0, r5
10003752:	b003      	add	sp, #12
10003754:	bdf0      	pop	{r4, r5, r6, r7, pc}
10003756:	460b      	mov	r3, r1
10003758:	2905      	cmp	r1, #5
1000375a:	d016      	beq.n	1000378a <cdcd_open+0x96>
1000375c:	2b04      	cmp	r3, #4
1000375e:	d1f4      	bne.n	1000374a <cdcd_open+0x56>
10003760:	7963      	ldrb	r3, [r4, #5]
10003762:	2b0a      	cmp	r3, #10
10003764:	d1f1      	bne.n	1000374a <cdcd_open+0x56>
10003766:	4b12      	ldr	r3, [pc, #72]	@ (100037b0 <cdcd_open+0xbc>)
10003768:	7827      	ldrb	r7, [r4, #0]
1000376a:	9301      	str	r3, [sp, #4]
1000376c:	3301      	adds	r3, #1
1000376e:	9300      	str	r3, [sp, #0]
10003770:	2302      	movs	r3, #2
10003772:	4630      	mov	r0, r6
10003774:	461a      	mov	r2, r3
10003776:	19e1      	adds	r1, r4, r7
10003778:	f7ff fc58 	bl	1000302c <usbd_open_edpt_pair>
1000377c:	2800      	cmp	r0, #0
1000377e:	d0c8      	beq.n	10003712 <cdcd_open+0x1e>
10003780:	350e      	adds	r5, #14
10003782:	fa17 f585 	uxtah	r5, r7, r5
10003786:	b2ad      	uxth	r5, r5
10003788:	e7df      	b.n	1000374a <cdcd_open+0x56>
1000378a:	4621      	mov	r1, r4
1000378c:	4630      	mov	r0, r6
1000378e:	f7ff fc9b 	bl	100030c8 <usbd_edpt_open>
10003792:	2800      	cmp	r0, #0
10003794:	d0bd      	beq.n	10003712 <cdcd_open+0x1e>
10003796:	78a3      	ldrb	r3, [r4, #2]
10003798:	707b      	strb	r3, [r7, #1]
1000379a:	7823      	ldrb	r3, [r4, #0]
1000379c:	195a      	adds	r2, r3, r5
1000379e:	441c      	add	r4, r3
100037a0:	7863      	ldrb	r3, [r4, #1]
100037a2:	b295      	uxth	r5, r2
100037a4:	e7da      	b.n	1000375c <cdcd_open+0x68>
100037a6:	460b      	mov	r3, r1
100037a8:	2509      	movs	r5, #9
100037aa:	e7d5      	b.n	10003758 <cdcd_open+0x64>
100037ac:	200019b8 	.word	0x200019b8
100037b0:	200019ba 	.word	0x200019ba

100037b4 <cdcd_control_xfer_cb>:
100037b4:	7813      	ldrb	r3, [r2, #0]
100037b6:	f003 0360 	and.w	r3, r3, #96	@ 0x60
100037ba:	2b20      	cmp	r3, #32
100037bc:	d108      	bne.n	100037d0 <cdcd_control_xfer_cb+0x1c>
100037be:	b570      	push	{r4, r5, r6, lr}
100037c0:	4c26      	ldr	r4, [pc, #152]	@ (1000385c <cdcd_control_xfer_cb+0xa8>)
100037c2:	8893      	ldrh	r3, [r2, #4]
100037c4:	f894 c000 	ldrb.w	ip, [r4]
100037c8:	459c      	cmp	ip, r3
100037ca:	d003      	beq.n	100037d4 <cdcd_control_xfer_cb+0x20>
100037cc:	2000      	movs	r0, #0
100037ce:	bd70      	pop	{r4, r5, r6, pc}
100037d0:	2000      	movs	r0, #0
100037d2:	4770      	bx	lr
100037d4:	7853      	ldrb	r3, [r2, #1]
100037d6:	3b20      	subs	r3, #32
100037d8:	2b03      	cmp	r3, #3
100037da:	d8f7      	bhi.n	100037cc <cdcd_control_xfer_cb+0x18>
100037dc:	e8df f003 	tbb	[pc, r3]
100037e0:	020d2327 	.word	0x020d2327
100037e4:	2901      	cmp	r1, #1
100037e6:	d02e      	beq.n	10003846 <cdcd_control_xfer_cb+0x92>
100037e8:	2903      	cmp	r1, #3
100037ea:	d11e      	bne.n	1000382a <cdcd_control_xfer_cb+0x76>
100037ec:	4b1c      	ldr	r3, [pc, #112]	@ (10003860 <cdcd_control_xfer_cb+0xac>)
100037ee:	b1e3      	cbz	r3, 1000382a <cdcd_control_xfer_cb+0x76>
100037f0:	2000      	movs	r0, #0
100037f2:	8851      	ldrh	r1, [r2, #2]
100037f4:	f3af 8000 	nop.w
100037f8:	e017      	b.n	1000382a <cdcd_control_xfer_cb+0x76>
100037fa:	2901      	cmp	r1, #1
100037fc:	d023      	beq.n	10003846 <cdcd_control_xfer_cb+0x92>
100037fe:	2903      	cmp	r1, #3
10003800:	d113      	bne.n	1000382a <cdcd_control_xfer_cb+0x76>
10003802:	8855      	ldrh	r5, [r2, #2]
10003804:	4817      	ldr	r0, [pc, #92]	@ (10003864 <cdcd_control_xfer_cb+0xb0>)
10003806:	f005 0601 	and.w	r6, r5, #1
1000380a:	f086 0101 	eor.w	r1, r6, #1
1000380e:	7125      	strb	r5, [r4, #4]
10003810:	f000 fbae 	bl	10003f70 <tu_fifo_set_overwritable>
10003814:	4b14      	ldr	r3, [pc, #80]	@ (10003868 <cdcd_control_xfer_cb+0xb4>)
10003816:	b143      	cbz	r3, 1000382a <cdcd_control_xfer_cb+0x76>
10003818:	4631      	mov	r1, r6
1000381a:	2000      	movs	r0, #0
1000381c:	f3c5 0240 	ubfx	r2, r5, #1, #1
10003820:	f3af 8000 	nop.w
10003824:	e001      	b.n	1000382a <cdcd_control_xfer_cb+0x76>
10003826:	2901      	cmp	r1, #1
10003828:	d011      	beq.n	1000384e <cdcd_control_xfer_cb+0x9a>
1000382a:	2001      	movs	r0, #1
1000382c:	bd70      	pop	{r4, r5, r6, pc}
1000382e:	2901      	cmp	r1, #1
10003830:	d00d      	beq.n	1000384e <cdcd_control_xfer_cb+0x9a>
10003832:	2903      	cmp	r1, #3
10003834:	d1f9      	bne.n	1000382a <cdcd_control_xfer_cb+0x76>
10003836:	4b0d      	ldr	r3, [pc, #52]	@ (1000386c <cdcd_control_xfer_cb+0xb8>)
10003838:	2b00      	cmp	r3, #0
1000383a:	d0f6      	beq.n	1000382a <cdcd_control_xfer_cb+0x76>
1000383c:	2000      	movs	r0, #0
1000383e:	490c      	ldr	r1, [pc, #48]	@ (10003870 <cdcd_control_xfer_cb+0xbc>)
10003840:	f7fe fdee 	bl	10002420 <tud_cdc_line_coding_cb>
10003844:	e7f1      	b.n	1000382a <cdcd_control_xfer_cb+0x76>
10003846:	4611      	mov	r1, r2
10003848:	f7ff fcbc 	bl	100031c4 <tud_control_status>
1000384c:	e7ed      	b.n	1000382a <cdcd_control_xfer_cb+0x76>
1000384e:	4611      	mov	r1, r2
10003850:	2307      	movs	r3, #7
10003852:	4a07      	ldr	r2, [pc, #28]	@ (10003870 <cdcd_control_xfer_cb+0xbc>)
10003854:	f7ff fcd0 	bl	100031f8 <tud_control_xfer>
10003858:	e7e7      	b.n	1000382a <cdcd_control_xfer_cb+0x76>
1000385a:	bf00      	nop
1000385c:	200019b8 	.word	0x200019b8
10003860:	00000000 	.word	0x00000000
10003864:	200019dc 	.word	0x200019dc
10003868:	00000000 	.word	0x00000000
1000386c:	10002421 	.word	0x10002421
10003870:	200019c0 	.word	0x200019c0

10003874 <cdcd_xfer_cb>:
10003874:	e92d 43f8 	stmdb	sp!, {r3, r4, r5, r6, r7, r8, r9, lr}
10003878:	4e35      	ldr	r6, [pc, #212]	@ (10003950 <cdcd_xfer_cb+0xdc>)
1000387a:	460c      	mov	r4, r1
1000387c:	78f2      	ldrb	r2, [r6, #3]
1000387e:	4607      	mov	r7, r0
10003880:	428a      	cmp	r2, r1
10003882:	461d      	mov	r5, r3
10003884:	d03d      	beq.n	10003902 <cdcd_xfer_cb+0x8e>
10003886:	78b3      	ldrb	r3, [r6, #2]
10003888:	428b      	cmp	r3, r1
1000388a:	d012      	beq.n	100038b2 <cdcd_xfer_cb+0x3e>
1000388c:	f04f 23e0 	mov.w	r3, #3758153728	@ 0xe000e000
10003890:	f8d3 3df0 	ldr.w	r3, [r3, #3568]	@ 0xdf0
10003894:	07db      	lsls	r3, r3, #31
10003896:	d432      	bmi.n	100038fe <cdcd_xfer_cb+0x8a>
10003898:	2000      	movs	r0, #0
1000389a:	e8bd 83f8 	ldmia.w	sp!, {r3, r4, r5, r6, r7, r8, r9, pc}
1000389e:	4b2d      	ldr	r3, [pc, #180]	@ (10003954 <cdcd_xfer_cb+0xe0>)
100038a0:	b123      	cbz	r3, 100038ac <cdcd_xfer_cb+0x38>
100038a2:	482d      	ldr	r0, [pc, #180]	@ (10003958 <cdcd_xfer_cb+0xe4>)
100038a4:	f000 f976 	bl	10003b94 <tu_fifo_empty>
100038a8:	2800      	cmp	r0, #0
100038aa:	d04d      	beq.n	10003948 <cdcd_xfer_cb+0xd4>
100038ac:	2000      	movs	r0, #0
100038ae:	f7ff fd99 	bl	100033e4 <_prep_out_transaction.isra.0>
100038b2:	78b3      	ldrb	r3, [r6, #2]
100038b4:	42a3      	cmp	r3, r4
100038b6:	d001      	beq.n	100038bc <cdcd_xfer_cb+0x48>
100038b8:	2001      	movs	r0, #1
100038ba:	e7ee      	b.n	1000389a <cdcd_xfer_cb+0x26>
100038bc:	4b27      	ldr	r3, [pc, #156]	@ (1000395c <cdcd_xfer_cb+0xe8>)
100038be:	b113      	cbz	r3, 100038c6 <cdcd_xfer_cb+0x52>
100038c0:	2000      	movs	r0, #0
100038c2:	f3af 8000 	nop.w
100038c6:	2000      	movs	r0, #0
100038c8:	f7ff fe2e 	bl	10003528 <tud_cdc_n_write_flush>
100038cc:	2800      	cmp	r0, #0
100038ce:	d1f3      	bne.n	100038b8 <cdcd_xfer_cb+0x44>
100038d0:	4823      	ldr	r0, [pc, #140]	@ (10003960 <cdcd_xfer_cb+0xec>)
100038d2:	f000 f94f 	bl	10003b74 <tu_fifo_count>
100038d6:	2800      	cmp	r0, #0
100038d8:	d1ee      	bne.n	100038b8 <cdcd_xfer_cb+0x44>
100038da:	2d00      	cmp	r5, #0
100038dc:	d0ec      	beq.n	100038b8 <cdcd_xfer_cb+0x44>
100038de:	f015 053f 	ands.w	r5, r5, #63	@ 0x3f
100038e2:	d1e9      	bne.n	100038b8 <cdcd_xfer_cb+0x44>
100038e4:	4638      	mov	r0, r7
100038e6:	78b1      	ldrb	r1, [r6, #2]
100038e8:	f7ff fc10 	bl	1000310c <usbd_edpt_claim>
100038ec:	2800      	cmp	r0, #0
100038ee:	d0e3      	beq.n	100038b8 <cdcd_xfer_cb+0x44>
100038f0:	462b      	mov	r3, r5
100038f2:	462a      	mov	r2, r5
100038f4:	4638      	mov	r0, r7
100038f6:	78b1      	ldrb	r1, [r6, #2]
100038f8:	f7ff fc2c 	bl	10003154 <usbd_edpt_xfer>
100038fc:	e7dc      	b.n	100038b8 <cdcd_xfer_cb+0x44>
100038fe:	be00      	bkpt	0x0000
10003900:	e7ca      	b.n	10003898 <cdcd_xfer_cb+0x24>
10003902:	b29a      	uxth	r2, r3
10003904:	4917      	ldr	r1, [pc, #92]	@ (10003964 <cdcd_xfer_cb+0xf0>)
10003906:	f106 0010 	add.w	r0, r6, #16
1000390a:	f000 fa67 	bl	10003ddc <tu_fifo_write_n>
1000390e:	4b16      	ldr	r3, [pc, #88]	@ (10003968 <cdcd_xfer_cb+0xf4>)
10003910:	2b00      	cmp	r3, #0
10003912:	d0c4      	beq.n	1000389e <cdcd_xfer_cb+0x2a>
10003914:	7973      	ldrb	r3, [r6, #5]
10003916:	2bff      	cmp	r3, #255	@ 0xff
10003918:	d0c1      	beq.n	1000389e <cdcd_xfer_cb+0x2a>
1000391a:	2d00      	cmp	r5, #0
1000391c:	d0bf      	beq.n	1000389e <cdcd_xfer_cb+0x2a>
1000391e:	f8df 8044 	ldr.w	r8, [pc, #68]	@ 10003964 <cdcd_xfer_cb+0xf0>
10003922:	eb08 0905 	add.w	r9, r8, r5
10003926:	e002      	b.n	1000392e <cdcd_xfer_cb+0xba>
10003928:	45c8      	cmp	r8, r9
1000392a:	d0b8      	beq.n	1000389e <cdcd_xfer_cb+0x2a>
1000392c:	7973      	ldrb	r3, [r6, #5]
1000392e:	f818 2b01 	ldrb.w	r2, [r8], #1
10003932:	429a      	cmp	r2, r3
10003934:	d1f8      	bne.n	10003928 <cdcd_xfer_cb+0xb4>
10003936:	4808      	ldr	r0, [pc, #32]	@ (10003958 <cdcd_xfer_cb+0xe4>)
10003938:	f000 f92c 	bl	10003b94 <tu_fifo_empty>
1000393c:	2800      	cmp	r0, #0
1000393e:	d1f3      	bne.n	10003928 <cdcd_xfer_cb+0xb4>
10003940:	7971      	ldrb	r1, [r6, #5]
10003942:	f3af 8000 	nop.w
10003946:	e7ef      	b.n	10003928 <cdcd_xfer_cb+0xb4>
10003948:	f3af 8000 	nop.w
1000394c:	e7ae      	b.n	100038ac <cdcd_xfer_cb+0x38>
1000394e:	bf00      	nop
10003950:	200019b8 	.word	0x200019b8
10003954:	00000000 	.word	0x00000000
10003958:	200019c8 	.word	0x200019c8
1000395c:	00000000 	.word	0x00000000
10003960:	200019dc 	.word	0x200019dc
10003964:	20001934 	.word	0x20001934
10003968:	00000000 	.word	0x00000000

1000396c <tusb_rhport_init>:
1000396c:	b510      	push	{r4, lr}
1000396e:	b082      	sub	sp, #8
10003970:	b1c9      	cbz	r1, 100039a6 <tusb_rhport_init+0x3a>
10003972:	2801      	cmp	r0, #1
10003974:	d80c      	bhi.n	10003990 <tusb_rhport_init+0x24>
10003976:	780b      	ldrb	r3, [r1, #0]
10003978:	b153      	cbz	r3, 10003990 <tusb_rhport_init+0x24>
1000397a:	4c14      	ldr	r4, [pc, #80]	@ (100039cc <tusb_rhport_init+0x60>)
1000397c:	2b01      	cmp	r3, #1
1000397e:	5423      	strb	r3, [r4, r0]
10003980:	d002      	beq.n	10003988 <tusb_rhport_init+0x1c>
10003982:	2001      	movs	r0, #1
10003984:	b002      	add	sp, #8
10003986:	bd10      	pop	{r4, pc}
10003988:	f7fe ff26 	bl	100027d8 <tud_rhport_init>
1000398c:	2800      	cmp	r0, #0
1000398e:	d1f8      	bne.n	10003982 <tusb_rhport_init+0x16>
10003990:	f04f 23e0 	mov.w	r3, #3758153728	@ 0xe000e000
10003994:	f8d3 3df0 	ldr.w	r3, [r3, #3568]	@ 0xdf0
10003998:	07db      	lsls	r3, r3, #31
1000399a:	d402      	bmi.n	100039a2 <tusb_rhport_init+0x36>
1000399c:	2000      	movs	r0, #0
1000399e:	b002      	add	sp, #8
100039a0:	bd10      	pop	{r4, pc}
100039a2:	be00      	bkpt	0x0000
100039a4:	e7fa      	b.n	1000399c <tusb_rhport_init+0x30>
100039a6:	2401      	movs	r4, #1
100039a8:	4608      	mov	r0, r1
100039aa:	a901      	add	r1, sp, #4
100039ac:	f8ad 4004 	strh.w	r4, [sp, #4]
100039b0:	f7fe ff12 	bl	100027d8 <tud_rhport_init>
100039b4:	b938      	cbnz	r0, 100039c6 <tusb_rhport_init+0x5a>
100039b6:	f04f 23e0 	mov.w	r3, #3758153728	@ 0xe000e000
100039ba:	f8d3 3df0 	ldr.w	r3, [r3, #3568]	@ 0xdf0
100039be:	07da      	lsls	r2, r3, #31
100039c0:	d5ed      	bpl.n	1000399e <tusb_rhport_init+0x32>
100039c2:	be00      	bkpt	0x0000
100039c4:	e7eb      	b.n	1000399e <tusb_rhport_init+0x32>
100039c6:	4b01      	ldr	r3, [pc, #4]	@ (100039cc <tusb_rhport_init+0x60>)
100039c8:	701c      	strb	r4, [r3, #0]
100039ca:	e7e8      	b.n	1000399e <tusb_rhport_init+0x32>
100039cc:	20001af4 	.word	0x20001af4

100039d0 <tu_edpt_claim>:
100039d0:	b5f8      	push	{r3, r4, r5, r6, r7, lr}
100039d2:	7803      	ldrb	r3, [r0, #0]
100039d4:	f013 0401 	ands.w	r4, r3, #1
100039d8:	d11a      	bne.n	10003a10 <tu_edpt_claim+0x40>
100039da:	7803      	ldrb	r3, [r0, #0]
100039dc:	4605      	mov	r5, r0
100039de:	075a      	lsls	r2, r3, #29
100039e0:	f3c3 0780 	ubfx	r7, r3, #2, #1
100039e4:	d501      	bpl.n	100039ea <tu_edpt_claim+0x1a>
100039e6:	4620      	mov	r0, r4
100039e8:	bdf8      	pop	{r3, r4, r5, r6, r7, pc}
100039ea:	460e      	mov	r6, r1
100039ec:	f04f 31ff 	mov.w	r1, #4294967295
100039f0:	4630      	mov	r0, r6
100039f2:	f001 f925 	bl	10004c40 <__mutex_enter_timeout_ms_veneer>
100039f6:	782b      	ldrb	r3, [r5, #0]
100039f8:	f013 0401 	ands.w	r4, r3, #1
100039fc:	d10b      	bne.n	10003a16 <tu_edpt_claim+0x46>
100039fe:	782b      	ldrb	r3, [r5, #0]
10003a00:	075b      	lsls	r3, r3, #29
10003a02:	d409      	bmi.n	10003a18 <tu_edpt_claim+0x48>
10003a04:	782b      	ldrb	r3, [r5, #0]
10003a06:	2401      	movs	r4, #1
10003a08:	f043 0304 	orr.w	r3, r3, #4
10003a0c:	702b      	strb	r3, [r5, #0]
10003a0e:	e003      	b.n	10003a18 <tu_edpt_claim+0x48>
10003a10:	2400      	movs	r4, #0
10003a12:	4620      	mov	r0, r4
10003a14:	bdf8      	pop	{r3, r4, r5, r6, r7, pc}
10003a16:	463c      	mov	r4, r7
10003a18:	4630      	mov	r0, r6
10003a1a:	f001 f8e9 	bl	10004bf0 <__mutex_exit_veneer>
10003a1e:	4620      	mov	r0, r4
10003a20:	bdf8      	pop	{r3, r4, r5, r6, r7, pc}
10003a22:	bf00      	nop

10003a24 <tu_edpt_release>:
10003a24:	b570      	push	{r4, r5, r6, lr}
10003a26:	460c      	mov	r4, r1
10003a28:	4605      	mov	r5, r0
10003a2a:	f04f 31ff 	mov.w	r1, #4294967295
10003a2e:	4620      	mov	r0, r4
10003a30:	f001 f906 	bl	10004c40 <__mutex_enter_timeout_ms_veneer>
10003a34:	782b      	ldrb	r3, [r5, #0]
10003a36:	f3c3 0680 	ubfx	r6, r3, #2, #1
10003a3a:	075b      	lsls	r3, r3, #29
10003a3c:	d508      	bpl.n	10003a50 <tu_edpt_release+0x2c>
10003a3e:	782b      	ldrb	r3, [r5, #0]
10003a40:	f013 0301 	ands.w	r3, r3, #1
10003a44:	bf11      	iteee	ne
10003a46:	2600      	movne	r6, #0
10003a48:	782a      	ldrbeq	r2, [r5, #0]
10003a4a:	f363 0282 	bfieq	r2, r3, #2, #1
10003a4e:	702a      	strbeq	r2, [r5, #0]
10003a50:	4620      	mov	r0, r4
10003a52:	f001 f8cd 	bl	10004bf0 <__mutex_exit_veneer>
10003a56:	4630      	mov	r0, r6
10003a58:	bd70      	pop	{r4, r5, r6, pc}
10003a5a:	bf00      	nop

10003a5c <tu_edpt_validate>:
10003a5c:	78c3      	ldrb	r3, [r0, #3]
10003a5e:	8882      	ldrh	r2, [r0, #4]
10003a60:	f003 0003 	and.w	r0, r3, #3
10003a64:	2802      	cmp	r0, #2
10003a66:	f3c2 020a 	ubfx	r2, r2, #0, #11
10003a6a:	d015      	beq.n	10003a98 <tu_edpt_validate+0x3c>
10003a6c:	2803      	cmp	r0, #3
10003a6e:	d00a      	beq.n	10003a86 <tu_edpt_validate+0x2a>
10003a70:	2801      	cmp	r0, #1
10003a72:	d11c      	bne.n	10003aae <tu_edpt_validate+0x52>
10003a74:	2902      	cmp	r1, #2
10003a76:	f240 33ff 	movw	r3, #1023	@ 0x3ff
10003a7a:	bf08      	it	eq
10003a7c:	f44f 6380 	moveq.w	r3, #1024	@ 0x400
10003a80:	4293      	cmp	r3, r2
10003a82:	d30d      	bcc.n	10003aa0 <tu_edpt_validate+0x44>
10003a84:	4770      	bx	lr
10003a86:	2902      	cmp	r1, #2
10003a88:	bf14      	ite	ne
10003a8a:	2340      	movne	r3, #64	@ 0x40
10003a8c:	f44f 6380 	moveq.w	r3, #1024	@ 0x400
10003a90:	4293      	cmp	r3, r2
10003a92:	d305      	bcc.n	10003aa0 <tu_edpt_validate+0x44>
10003a94:	2001      	movs	r0, #1
10003a96:	4770      	bx	lr
10003a98:	2902      	cmp	r1, #2
10003a9a:	d00a      	beq.n	10003ab2 <tu_edpt_validate+0x56>
10003a9c:	2a40      	cmp	r2, #64	@ 0x40
10003a9e:	d9f9      	bls.n	10003a94 <tu_edpt_validate+0x38>
10003aa0:	f04f 23e0 	mov.w	r3, #3758153728	@ 0xe000e000
10003aa4:	f8d3 3df0 	ldr.w	r3, [r3, #3568]	@ 0xdf0
10003aa8:	07db      	lsls	r3, r3, #31
10003aaa:	d500      	bpl.n	10003aae <tu_edpt_validate+0x52>
10003aac:	be00      	bkpt	0x0000
10003aae:	2000      	movs	r0, #0
10003ab0:	4770      	bx	lr
10003ab2:	f5b2 7f00 	cmp.w	r2, #512	@ 0x200
10003ab6:	d0ed      	beq.n	10003a94 <tu_edpt_validate+0x38>
10003ab8:	e7f2      	b.n	10003aa0 <tu_edpt_validate+0x44>
10003aba:	bf00      	nop

10003abc <tu_edpt_bind_driver>:
10003abc:	440a      	add	r2, r1
10003abe:	4291      	cmp	r1, r2
10003ac0:	d226      	bcs.n	10003b10 <tu_edpt_bind_driver+0x54>
10003ac2:	f891 c001 	ldrb.w	ip, [r1, #1]
10003ac6:	f1bc 0f05 	cmp.w	ip, #5
10003aca:	d005      	beq.n	10003ad8 <tu_edpt_bind_driver+0x1c>
10003acc:	f891 c000 	ldrb.w	ip, [r1]
10003ad0:	4461      	add	r1, ip
10003ad2:	428a      	cmp	r2, r1
10003ad4:	d8f5      	bhi.n	10003ac2 <tu_edpt_bind_driver+0x6>
10003ad6:	4770      	bx	lr
10003ad8:	b500      	push	{lr}
10003ada:	f891 c002 	ldrb.w	ip, [r1, #2]
10003ade:	f00c 0e7f 	and.w	lr, ip, #127	@ 0x7f
10003ae2:	eb00 0e4e 	add.w	lr, r0, lr, lsl #1
10003ae6:	ea4f 1cdc 	mov.w	ip, ip, lsr #7
10003aea:	f80e 300c 	strb.w	r3, [lr, ip]
10003aee:	f891 c000 	ldrb.w	ip, [r1]
10003af2:	4461      	add	r1, ip
10003af4:	428a      	cmp	r2, r1
10003af6:	d909      	bls.n	10003b0c <tu_edpt_bind_driver+0x50>
10003af8:	f891 c001 	ldrb.w	ip, [r1, #1]
10003afc:	f1bc 0f05 	cmp.w	ip, #5
10003b00:	d0eb      	beq.n	10003ada <tu_edpt_bind_driver+0x1e>
10003b02:	f891 c000 	ldrb.w	ip, [r1]
10003b06:	4461      	add	r1, ip
10003b08:	428a      	cmp	r2, r1
10003b0a:	d8f5      	bhi.n	10003af8 <tu_edpt_bind_driver+0x3c>
10003b0c:	f85d fb04 	ldr.w	pc, [sp], #4
10003b10:	4770      	bx	lr
10003b12:	bf00      	nop

10003b14 <tu_fifo_config>:
10003b14:	e92d 41f0 	stmdb	sp!, {r4, r5, r6, r7, r8, lr}
10003b18:	f5b2 4f00 	cmp.w	r2, #32768	@ 0x8000
10003b1c:	f89d 8018 	ldrb.w	r8, [sp, #24]
10003b20:	d824      	bhi.n	10003b6c <tu_fifo_config+0x58>
10003b22:	4604      	mov	r4, r0
10003b24:	68c0      	ldr	r0, [r0, #12]
10003b26:	4617      	mov	r7, r2
10003b28:	460e      	mov	r6, r1
10003b2a:	461d      	mov	r5, r3
10003b2c:	b118      	cbz	r0, 10003b36 <tu_fifo_config+0x22>
10003b2e:	f04f 31ff 	mov.w	r1, #4294967295
10003b32:	f001 f885 	bl	10004c40 <__mutex_enter_timeout_ms_veneer>
10003b36:	6920      	ldr	r0, [r4, #16]
10003b38:	b118      	cbz	r0, 10003b42 <tu_fifo_config+0x2e>
10003b3a:	f04f 31ff 	mov.w	r1, #4294967295
10003b3e:	f001 f87f 	bl	10004c40 <__mutex_enter_timeout_ms_veneer>
10003b42:	2200      	movs	r2, #0
10003b44:	f3c5 030e 	ubfx	r3, r5, #0, #15
10003b48:	68e0      	ldr	r0, [r4, #12]
10003b4a:	ea43 33c8 	orr.w	r3, r3, r8, lsl #15
10003b4e:	8162      	strh	r2, [r4, #10]
10003b50:	6026      	str	r6, [r4, #0]
10003b52:	80a7      	strh	r7, [r4, #4]
10003b54:	80e3      	strh	r3, [r4, #6]
10003b56:	8122      	strh	r2, [r4, #8]
10003b58:	b108      	cbz	r0, 10003b5e <tu_fifo_config+0x4a>
10003b5a:	f001 f849 	bl	10004bf0 <__mutex_exit_veneer>
10003b5e:	6920      	ldr	r0, [r4, #16]
10003b60:	b108      	cbz	r0, 10003b66 <tu_fifo_config+0x52>
10003b62:	f001 f845 	bl	10004bf0 <__mutex_exit_veneer>
10003b66:	2001      	movs	r0, #1
10003b68:	e8bd 81f0 	ldmia.w	sp!, {r4, r5, r6, r7, r8, pc}
10003b6c:	2000      	movs	r0, #0
10003b6e:	e8bd 81f0 	ldmia.w	sp!, {r4, r5, r6, r7, r8, pc}
10003b72:	bf00      	nop

10003b74 <tu_fifo_count>:
10003b74:	8903      	ldrh	r3, [r0, #8]
10003b76:	8942      	ldrh	r2, [r0, #10]
10003b78:	b29b      	uxth	r3, r3
10003b7a:	b292      	uxth	r2, r2
10003b7c:	8880      	ldrh	r0, [r0, #4]
10003b7e:	4293      	cmp	r3, r2
10003b80:	bf36      	itet	cc
10003b82:	ebc2 0240 	rsbcc	r2, r2, r0, lsl #1
10003b86:	1a9b      	subcs	r3, r3, r2
10003b88:	189b      	addcc	r3, r3, r2
10003b8a:	b29b      	uxth	r3, r3
10003b8c:	4298      	cmp	r0, r3
10003b8e:	bf28      	it	cs
10003b90:	4618      	movcs	r0, r3
10003b92:	4770      	bx	lr

10003b94 <tu_fifo_empty>:
10003b94:	8902      	ldrh	r2, [r0, #8]
10003b96:	8943      	ldrh	r3, [r0, #10]
10003b98:	b290      	uxth	r0, r2
10003b9a:	b29b      	uxth	r3, r3
10003b9c:	1ac0      	subs	r0, r0, r3
10003b9e:	fab0 f080 	clz	r0, r0
10003ba2:	0940      	lsrs	r0, r0, #5
10003ba4:	4770      	bx	lr
10003ba6:	bf00      	nop

10003ba8 <tu_fifo_remaining>:
10003ba8:	8903      	ldrh	r3, [r0, #8]
10003baa:	8942      	ldrh	r2, [r0, #10]
10003bac:	b29b      	uxth	r3, r3
10003bae:	8880      	ldrh	r0, [r0, #4]
10003bb0:	b292      	uxth	r2, r2
10003bb2:	4293      	cmp	r3, r2
10003bb4:	bf36      	itet	cc
10003bb6:	ebc2 0240 	rsbcc	r2, r2, r0, lsl #1
10003bba:	1a9b      	subcs	r3, r3, r2
10003bbc:	189b      	addcc	r3, r3, r2
10003bbe:	b29b      	uxth	r3, r3
10003bc0:	4298      	cmp	r0, r3
10003bc2:	bf86      	itte	hi
10003bc4:	1ac0      	subhi	r0, r0, r3
10003bc6:	b280      	uxthhi	r0, r0
10003bc8:	2000      	movls	r0, #0
10003bca:	4770      	bx	lr

10003bcc <tu_fifo_read>:
10003bcc:	b538      	push	{r3, r4, r5, lr}
10003bce:	4604      	mov	r4, r0
10003bd0:	6900      	ldr	r0, [r0, #16]
10003bd2:	460d      	mov	r5, r1
10003bd4:	b118      	cbz	r0, 10003bde <tu_fifo_read+0x12>
10003bd6:	f04f 31ff 	mov.w	r1, #4294967295
10003bda:	f001 f831 	bl	10004c40 <__mutex_enter_timeout_ms_veneer>
10003bde:	8921      	ldrh	r1, [r4, #8]
10003be0:	8963      	ldrh	r3, [r4, #10]
10003be2:	b289      	uxth	r1, r1
10003be4:	b29b      	uxth	r3, r3
10003be6:	88a2      	ldrh	r2, [r4, #4]
10003be8:	4299      	cmp	r1, r3
10003bea:	bf36      	itet	cc
10003bec:	ebc3 0042 	rsbcc	r0, r3, r2, lsl #1
10003bf0:	1ac8      	subcs	r0, r1, r3
10003bf2:	1840      	addcc	r0, r0, r1
10003bf4:	b280      	uxth	r0, r0
10003bf6:	b350      	cbz	r0, 10003c4e <tu_fifo_read+0x82>
10003bf8:	4282      	cmp	r2, r0
10003bfa:	d209      	bcs.n	10003c10 <tu_fifo_read+0x44>
10003bfc:	4291      	cmp	r1, r2
10003bfe:	bf2c      	ite	cs
10003c00:	1a89      	subcs	r1, r1, r2
10003c02:	1889      	addcc	r1, r1, r2
10003c04:	b28b      	uxth	r3, r1
10003c06:	429a      	cmp	r2, r3
10003c08:	8163      	strh	r3, [r4, #10]
10003c0a:	d803      	bhi.n	10003c14 <tu_fifo_read+0x48>
10003c0c:	1a9b      	subs	r3, r3, r2
10003c0e:	b29b      	uxth	r3, r3
10003c10:	429a      	cmp	r2, r3
10003c12:	d9fb      	bls.n	10003c0c <tu_fifo_read+0x40>
10003c14:	88e2      	ldrh	r2, [r4, #6]
10003c16:	6821      	ldr	r1, [r4, #0]
10003c18:	f3c2 020e 	ubfx	r2, r2, #0, #15
10003c1c:	fb02 1103 	mla	r1, r2, r3, r1
10003c20:	4628      	mov	r0, r5
10003c22:	f000 fff9 	bl	10004c18 <__memcpy_veneer>
10003c26:	8961      	ldrh	r1, [r4, #10]
10003c28:	2501      	movs	r5, #1
10003c2a:	b289      	uxth	r1, r1
10003c2c:	1c4b      	adds	r3, r1, #1
10003c2e:	b29b      	uxth	r3, r3
10003c30:	4299      	cmp	r1, r3
10003c32:	88a2      	ldrh	r2, [r4, #4]
10003c34:	d90e      	bls.n	10003c54 <tu_fifo_read+0x88>
10003c36:	2300      	movs	r3, #0
10003c38:	fa02 f105 	lsl.w	r1, r2, r5
10003c3c:	1a5b      	subs	r3, r3, r1
10003c3e:	b29b      	uxth	r3, r3
10003c40:	6920      	ldr	r0, [r4, #16]
10003c42:	8163      	strh	r3, [r4, #10]
10003c44:	b108      	cbz	r0, 10003c4a <tu_fifo_read+0x7e>
10003c46:	f000 ffd3 	bl	10004bf0 <__mutex_exit_veneer>
10003c4a:	4628      	mov	r0, r5
10003c4c:	bd38      	pop	{r3, r4, r5, pc}
10003c4e:	4605      	mov	r5, r0
10003c50:	8963      	ldrh	r3, [r4, #10]
10003c52:	b29b      	uxth	r3, r3
10003c54:	ebb3 0f42 	cmp.w	r3, r2, lsl #1
10003c58:	ea4f 0142 	mov.w	r1, r2, lsl #1
10003c5c:	dbf0      	blt.n	10003c40 <tu_fifo_read+0x74>
10003c5e:	e7ed      	b.n	10003c3c <tu_fifo_read+0x70>

10003c60 <tu_fifo_read_n>:
10003c60:	e92d 47f0 	stmdb	sp!, {r4, r5, r6, r7, r8, r9, sl, lr}
10003c64:	4606      	mov	r6, r0
10003c66:	6900      	ldr	r0, [r0, #16]
10003c68:	4688      	mov	r8, r1
10003c6a:	4691      	mov	r9, r2
10003c6c:	b118      	cbz	r0, 10003c76 <tu_fifo_read_n+0x16>
10003c6e:	f04f 31ff 	mov.w	r1, #4294967295
10003c72:	f000 ffe5 	bl	10004c40 <__mutex_enter_timeout_ms_veneer>
10003c76:	8933      	ldrh	r3, [r6, #8]
10003c78:	8974      	ldrh	r4, [r6, #10]
10003c7a:	b29b      	uxth	r3, r3
10003c7c:	b2a4      	uxth	r4, r4
10003c7e:	88b5      	ldrh	r5, [r6, #4]
10003c80:	42a3      	cmp	r3, r4
10003c82:	bf36      	itet	cc
10003c84:	ebc4 0745 	rsbcc	r7, r4, r5, lsl #1
10003c88:	1b1f      	subcs	r7, r3, r4
10003c8a:	18ff      	addcc	r7, r7, r3
10003c8c:	b2bf      	uxth	r7, r7
10003c8e:	2f00      	cmp	r7, #0
10003c90:	d04a      	beq.n	10003d28 <tu_fifo_read_n+0xc8>
10003c92:	42bd      	cmp	r5, r7
10003c94:	d340      	bcc.n	10003d18 <tu_fifo_read_n+0xb8>
10003c96:	45b9      	cmp	r9, r7
10003c98:	bf28      	it	cs
10003c9a:	46b9      	movcs	r9, r7
10003c9c:	42a5      	cmp	r5, r4
10003c9e:	fa1f f789 	uxth.w	r7, r9
10003ca2:	d803      	bhi.n	10003cac <tu_fifo_read_n+0x4c>
10003ca4:	1b64      	subs	r4, r4, r5
10003ca6:	b2a4      	uxth	r4, r4
10003ca8:	42a5      	cmp	r5, r4
10003caa:	d9fb      	bls.n	10003ca4 <tu_fifo_read_n+0x44>
10003cac:	f8b6 a006 	ldrh.w	sl, [r6, #6]
10003cb0:	1b2b      	subs	r3, r5, r4
10003cb2:	6831      	ldr	r1, [r6, #0]
10003cb4:	b29b      	uxth	r3, r3
10003cb6:	f3ca 020e 	ubfx	r2, sl, #0, #15
10003cba:	429f      	cmp	r7, r3
10003cbc:	4692      	mov	sl, r2
10003cbe:	fb02 1104 	mla	r1, r2, r4, r1
10003cc2:	d923      	bls.n	10003d0c <tu_fifo_read_n+0xac>
10003cc4:	fb13 f302 	smulbb	r3, r3, r2
10003cc8:	fa1f f983 	uxth.w	r9, r3
10003ccc:	464a      	mov	r2, r9
10003cce:	4640      	mov	r0, r8
10003cd0:	1b7d      	subs	r5, r7, r5
10003cd2:	f000 ffa1 	bl	10004c18 <__memcpy_veneer>
10003cd6:	1962      	adds	r2, r4, r5
10003cd8:	fb12 f20a 	smulbb	r2, r2, sl
10003cdc:	6831      	ldr	r1, [r6, #0]
10003cde:	eb08 0009 	add.w	r0, r8, r9
10003ce2:	b292      	uxth	r2, r2
10003ce4:	f000 ff98 	bl	10004c18 <__memcpy_veneer>
10003ce8:	8972      	ldrh	r2, [r6, #10]
10003cea:	88b5      	ldrh	r5, [r6, #4]
10003cec:	b292      	uxth	r2, r2
10003cee:	19d3      	adds	r3, r2, r7
10003cf0:	b29b      	uxth	r3, r3
10003cf2:	429a      	cmp	r2, r3
10003cf4:	d91a      	bls.n	10003d2c <tu_fifo_read_n+0xcc>
10003cf6:	006a      	lsls	r2, r5, #1
10003cf8:	1a9b      	subs	r3, r3, r2
10003cfa:	b29b      	uxth	r3, r3
10003cfc:	6930      	ldr	r0, [r6, #16]
10003cfe:	8173      	strh	r3, [r6, #10]
10003d00:	b108      	cbz	r0, 10003d06 <tu_fifo_read_n+0xa6>
10003d02:	f000 ff75 	bl	10004bf0 <__mutex_exit_veneer>
10003d06:	4638      	mov	r0, r7
10003d08:	e8bd 87f0 	ldmia.w	sp!, {r4, r5, r6, r7, r8, r9, sl, pc}
10003d0c:	4640      	mov	r0, r8
10003d0e:	fb07 f202 	mul.w	r2, r7, r2
10003d12:	f000 ff81 	bl	10004c18 <__memcpy_veneer>
10003d16:	e7e7      	b.n	10003ce8 <tu_fifo_read_n+0x88>
10003d18:	42ab      	cmp	r3, r5
10003d1a:	bf2c      	ite	cs
10003d1c:	1b5b      	subcs	r3, r3, r5
10003d1e:	195b      	addcc	r3, r3, r5
10003d20:	b29c      	uxth	r4, r3
10003d22:	462f      	mov	r7, r5
10003d24:	8174      	strh	r4, [r6, #10]
10003d26:	e7b6      	b.n	10003c96 <tu_fifo_read_n+0x36>
10003d28:	8973      	ldrh	r3, [r6, #10]
10003d2a:	b29b      	uxth	r3, r3
10003d2c:	ebb3 0f45 	cmp.w	r3, r5, lsl #1
10003d30:	ea4f 0245 	mov.w	r2, r5, lsl #1
10003d34:	dbe2      	blt.n	10003cfc <tu_fifo_read_n+0x9c>
10003d36:	e7df      	b.n	10003cf8 <tu_fifo_read_n+0x98>

10003d38 <tu_fifo_write>:
10003d38:	b5f8      	push	{r3, r4, r5, r6, r7, lr}
10003d3a:	4604      	mov	r4, r0
10003d3c:	68c0      	ldr	r0, [r0, #12]
10003d3e:	460e      	mov	r6, r1
10003d40:	b118      	cbz	r0, 10003d4a <tu_fifo_write+0x12>
10003d42:	f04f 31ff 	mov.w	r1, #4294967295
10003d46:	f000 ff7b 	bl	10004c40 <__mutex_enter_timeout_ms_veneer>
10003d4a:	8925      	ldrh	r5, [r4, #8]
10003d4c:	8923      	ldrh	r3, [r4, #8]
10003d4e:	8961      	ldrh	r1, [r4, #10]
10003d50:	b29b      	uxth	r3, r3
10003d52:	b289      	uxth	r1, r1
10003d54:	88a2      	ldrh	r2, [r4, #4]
10003d56:	428b      	cmp	r3, r1
10003d58:	bf36      	itet	cc
10003d5a:	ebc1 0142 	rsbcc	r1, r1, r2, lsl #1
10003d5e:	1a5b      	subcs	r3, r3, r1
10003d60:	185b      	addcc	r3, r3, r1
10003d62:	b29b      	uxth	r3, r3
10003d64:	429a      	cmp	r2, r3
10003d66:	b2ad      	uxth	r5, r5
10003d68:	d808      	bhi.n	10003d7c <tu_fifo_write+0x44>
10003d6a:	79e7      	ldrb	r7, [r4, #7]
10003d6c:	09ff      	lsrs	r7, r7, #7
10003d6e:	d105      	bne.n	10003d7c <tu_fifo_write+0x44>
10003d70:	68e0      	ldr	r0, [r4, #12]
10003d72:	b108      	cbz	r0, 10003d78 <tu_fifo_write+0x40>
10003d74:	f000 ff3c 	bl	10004bf0 <__mutex_exit_veneer>
10003d78:	4638      	mov	r0, r7
10003d7a:	bdf8      	pop	{r3, r4, r5, r6, r7, pc}
10003d7c:	4295      	cmp	r5, r2
10003d7e:	bf28      	it	cs
10003d80:	462b      	movcs	r3, r5
10003d82:	d318      	bcc.n	10003db6 <tu_fifo_write+0x7e>
10003d84:	1a9b      	subs	r3, r3, r2
10003d86:	b29b      	uxth	r3, r3
10003d88:	4293      	cmp	r3, r2
10003d8a:	d2fb      	bcs.n	10003d84 <tu_fifo_write+0x4c>
10003d8c:	88e2      	ldrh	r2, [r4, #6]
10003d8e:	6820      	ldr	r0, [r4, #0]
10003d90:	f3c2 020e 	ubfx	r2, r2, #0, #15
10003d94:	fb02 0003 	mla	r0, r2, r3, r0
10003d98:	4631      	mov	r1, r6
10003d9a:	f000 ff3d 	bl	10004c18 <__memcpy_veneer>
10003d9e:	1c6b      	adds	r3, r5, #1
10003da0:	b29b      	uxth	r3, r3
10003da2:	429d      	cmp	r5, r3
10003da4:	88a2      	ldrh	r2, [r4, #4]
10003da6:	d912      	bls.n	10003dce <tu_fifo_write+0x96>
10003da8:	2300      	movs	r3, #0
10003daa:	0051      	lsls	r1, r2, #1
10003dac:	1a5b      	subs	r3, r3, r1
10003dae:	b29b      	uxth	r3, r3
10003db0:	2701      	movs	r7, #1
10003db2:	8123      	strh	r3, [r4, #8]
10003db4:	e7dc      	b.n	10003d70 <tu_fifo_write+0x38>
10003db6:	88e2      	ldrh	r2, [r4, #6]
10003db8:	6820      	ldr	r0, [r4, #0]
10003dba:	f3c2 020e 	ubfx	r2, r2, #0, #15
10003dbe:	fb05 0002 	mla	r0, r5, r2, r0
10003dc2:	4631      	mov	r1, r6
10003dc4:	f000 ff28 	bl	10004c18 <__memcpy_veneer>
10003dc8:	3501      	adds	r5, #1
10003dca:	88a2      	ldrh	r2, [r4, #4]
10003dcc:	b2ab      	uxth	r3, r5
10003dce:	ebb3 0f42 	cmp.w	r3, r2, lsl #1
10003dd2:	ea4f 0142 	mov.w	r1, r2, lsl #1
10003dd6:	dbeb      	blt.n	10003db0 <tu_fifo_write+0x78>
10003dd8:	e7e8      	b.n	10003dac <tu_fifo_write+0x74>
10003dda:	bf00      	nop

10003ddc <tu_fifo_write_n>:
10003ddc:	e92d 4ff0 	stmdb	sp!, {r4, r5, r6, r7, r8, r9, sl, fp, lr}
10003de0:	4617      	mov	r7, r2
10003de2:	b083      	sub	sp, #12
10003de4:	2a00      	cmp	r2, #0
10003de6:	d075      	beq.n	10003ed4 <tu_fifo_write_n+0xf8>
10003de8:	4606      	mov	r6, r0
10003dea:	68c0      	ldr	r0, [r0, #12]
10003dec:	4689      	mov	r9, r1
10003dee:	b118      	cbz	r0, 10003df8 <tu_fifo_write_n+0x1c>
10003df0:	f04f 31ff 	mov.w	r1, #4294967295
10003df4:	f000 ff24 	bl	10004c40 <__mutex_enter_timeout_ms_veneer>
10003df8:	79f3      	ldrb	r3, [r6, #7]
10003dfa:	f8b6 8008 	ldrh.w	r8, [r6, #8]
10003dfe:	8972      	ldrh	r2, [r6, #10]
10003e00:	09db      	lsrs	r3, r3, #7
10003e02:	88b5      	ldrh	r5, [r6, #4]
10003e04:	fa1f f888 	uxth.w	r8, r8
10003e08:	b292      	uxth	r2, r2
10003e0a:	d13c      	bne.n	10003e86 <tu_fifo_write_n+0xaa>
10003e0c:	4590      	cmp	r8, r2
10003e0e:	bf36      	itet	cc
10003e10:	ebc2 0245 	rsbcc	r2, r2, r5, lsl #1
10003e14:	eba8 0202 	subcs.w	r2, r8, r2
10003e18:	4442      	addcc	r2, r8
10003e1a:	b292      	uxth	r2, r2
10003e1c:	42aa      	cmp	r2, r5
10003e1e:	d25e      	bcs.n	10003ede <tu_fifo_write_n+0x102>
10003e20:	1aaa      	subs	r2, r5, r2
10003e22:	b292      	uxth	r2, r2
10003e24:	42ba      	cmp	r2, r7
10003e26:	bf28      	it	cs
10003e28:	463a      	movcs	r2, r7
10003e2a:	f8b6 b006 	ldrh.w	fp, [r6, #6]
10003e2e:	b297      	uxth	r7, r2
10003e30:	1b7b      	subs	r3, r7, r5
10003e32:	eb08 0a07 	add.w	sl, r8, r7
10003e36:	f3cb 0b0e 	ubfx	fp, fp, #0, #15
10003e3a:	b29b      	uxth	r3, r3
10003e3c:	fa1f fa8a 	uxth.w	sl, sl
10003e40:	45a8      	cmp	r8, r5
10003e42:	4644      	mov	r4, r8
10003e44:	d303      	bcc.n	10003e4e <tu_fifo_write_n+0x72>
10003e46:	1b64      	subs	r4, r4, r5
10003e48:	b2a4      	uxth	r4, r4
10003e4a:	42ac      	cmp	r4, r5
10003e4c:	d2fb      	bcs.n	10003e46 <tu_fifo_write_n+0x6a>
10003e4e:	1b2d      	subs	r5, r5, r4
10003e50:	6830      	ldr	r0, [r6, #0]
10003e52:	b2ad      	uxth	r5, r5
10003e54:	42bd      	cmp	r5, r7
10003e56:	fb0b 0004 	mla	r0, fp, r4, r0
10003e5a:	d357      	bcc.n	10003f0c <tu_fifo_write_n+0x130>
10003e5c:	4649      	mov	r1, r9
10003e5e:	fb0b f207 	mul.w	r2, fp, r7
10003e62:	f000 fed9 	bl	10004c18 <__memcpy_veneer>
10003e66:	88b2      	ldrh	r2, [r6, #4]
10003e68:	45d0      	cmp	r8, sl
10003e6a:	ea4f 0342 	mov.w	r3, r2, lsl #1
10003e6e:	d802      	bhi.n	10003e76 <tu_fifo_write_n+0x9a>
10003e70:	ebba 0f42 	cmp.w	sl, r2, lsl #1
10003e74:	db03      	blt.n	10003e7e <tu_fifo_write_n+0xa2>
10003e76:	ebaa 0303 	sub.w	r3, sl, r3
10003e7a:	fa1f fa83 	uxth.w	sl, r3
10003e7e:	463d      	mov	r5, r7
10003e80:	f8a6 a008 	strh.w	sl, [r6, #8]
10003e84:	e02c      	b.n	10003ee0 <tu_fifo_write_n+0x104>
10003e86:	f8b6 b006 	ldrh.w	fp, [r6, #6]
10003e8a:	42af      	cmp	r7, r5
10003e8c:	f3cb 0b0e 	ubfx	fp, fp, #0, #15
10003e90:	d22f      	bcs.n	10003ef2 <tu_fifo_write_n+0x116>
10003e92:	4590      	cmp	r8, r2
10003e94:	bf36      	itet	cc
10003e96:	ebc2 0145 	rsbcc	r1, r2, r5, lsl #1
10003e9a:	eba8 0102 	subcs.w	r1, r8, r2
10003e9e:	4441      	addcc	r1, r8
10003ea0:	b289      	uxth	r1, r1
10003ea2:	0068      	lsls	r0, r5, #1
10003ea4:	4439      	add	r1, r7
10003ea6:	1b7b      	subs	r3, r7, r5
10003ea8:	4281      	cmp	r1, r0
10003eaa:	b29b      	uxth	r3, r3
10003eac:	db0d      	blt.n	10003eca <tu_fifo_write_n+0xee>
10003eae:	eb02 0a05 	add.w	sl, r2, r5
10003eb2:	fa1f fa8a 	uxth.w	sl, sl
10003eb6:	ebaa 0807 	sub.w	r8, sl, r7
10003eba:	fa1f f888 	uxth.w	r8, r8
10003ebe:	4542      	cmp	r2, r8
10003ec0:	d937      	bls.n	10003f32 <tu_fifo_write_n+0x156>
10003ec2:	eba8 0000 	sub.w	r0, r8, r0
10003ec6:	fa1f f880 	uxth.w	r8, r0
10003eca:	eb07 0a08 	add.w	sl, r7, r8
10003ece:	fa1f fa8a 	uxth.w	sl, sl
10003ed2:	e7b5      	b.n	10003e40 <tu_fifo_write_n+0x64>
10003ed4:	4615      	mov	r5, r2
10003ed6:	4628      	mov	r0, r5
10003ed8:	b003      	add	sp, #12
10003eda:	e8bd 8ff0 	ldmia.w	sp!, {r4, r5, r6, r7, r8, r9, sl, fp, pc}
10003ede:	2500      	movs	r5, #0
10003ee0:	68f0      	ldr	r0, [r6, #12]
10003ee2:	2800      	cmp	r0, #0
10003ee4:	d0f7      	beq.n	10003ed6 <tu_fifo_write_n+0xfa>
10003ee6:	f000 fe83 	bl	10004bf0 <__mutex_exit_veneer>
10003eea:	4628      	mov	r0, r5
10003eec:	b003      	add	sp, #12
10003eee:	e8bd 8ff0 	ldmia.w	sp!, {r4, r5, r6, r7, r8, r9, sl, fp, pc}
10003ef2:	2d00      	cmp	r5, #0
10003ef4:	d0f4      	beq.n	10003ee0 <tu_fifo_write_n+0x104>
10003ef6:	1b7f      	subs	r7, r7, r5
10003ef8:	eb02 0a05 	add.w	sl, r2, r5
10003efc:	fb0b 9907 	mla	r9, fp, r7, r9
10003f00:	4690      	mov	r8, r2
10003f02:	462f      	mov	r7, r5
10003f04:	2300      	movs	r3, #0
10003f06:	fa1f fa8a 	uxth.w	sl, sl
10003f0a:	e799      	b.n	10003e40 <tu_fifo_write_n+0x64>
10003f0c:	fb15 f50b 	smulbb	r5, r5, fp
10003f10:	b2ad      	uxth	r5, r5
10003f12:	462a      	mov	r2, r5
10003f14:	4649      	mov	r1, r9
10003f16:	9301      	str	r3, [sp, #4]
10003f18:	f000 fe7e 	bl	10004c18 <__memcpy_veneer>
10003f1c:	9b01      	ldr	r3, [sp, #4]
10003f1e:	6830      	ldr	r0, [r6, #0]
10003f20:	18e2      	adds	r2, r4, r3
10003f22:	fb12 f20b 	smulbb	r2, r2, fp
10003f26:	eb09 0105 	add.w	r1, r9, r5
10003f2a:	b292      	uxth	r2, r2
10003f2c:	f000 fe74 	bl	10004c18 <__memcpy_veneer>
10003f30:	e799      	b.n	10003e66 <tu_fifo_write_n+0x8a>
10003f32:	4540      	cmp	r0, r8
10003f34:	dc84      	bgt.n	10003e40 <tu_fifo_write_n+0x64>
10003f36:	e7c4      	b.n	10003ec2 <tu_fifo_write_n+0xe6>

10003f38 <tu_fifo_clear>:
10003f38:	b510      	push	{r4, lr}
10003f3a:	4604      	mov	r4, r0
10003f3c:	68c0      	ldr	r0, [r0, #12]
10003f3e:	b118      	cbz	r0, 10003f48 <tu_fifo_clear+0x10>
10003f40:	f04f 31ff 	mov.w	r1, #4294967295
10003f44:	f000 fe7c 	bl	10004c40 <__mutex_enter_timeout_ms_veneer>
10003f48:	6920      	ldr	r0, [r4, #16]
10003f4a:	b118      	cbz	r0, 10003f54 <tu_fifo_clear+0x1c>
10003f4c:	f04f 31ff 	mov.w	r1, #4294967295
10003f50:	f000 fe76 	bl	10004c40 <__mutex_enter_timeout_ms_veneer>
10003f54:	2300      	movs	r3, #0
10003f56:	68e0      	ldr	r0, [r4, #12]
10003f58:	8163      	strh	r3, [r4, #10]
10003f5a:	8123      	strh	r3, [r4, #8]
10003f5c:	b108      	cbz	r0, 10003f62 <tu_fifo_clear+0x2a>
10003f5e:	f000 fe47 	bl	10004bf0 <__mutex_exit_veneer>
10003f62:	6920      	ldr	r0, [r4, #16]
10003f64:	b108      	cbz	r0, 10003f6a <tu_fifo_clear+0x32>
10003f66:	f000 fe43 	bl	10004bf0 <__mutex_exit_veneer>
10003f6a:	2001      	movs	r0, #1
10003f6c:	bd10      	pop	{r4, pc}
10003f6e:	bf00      	nop

10003f70 <tu_fifo_set_overwritable>:
10003f70:	b538      	push	{r3, r4, r5, lr}
10003f72:	4604      	mov	r4, r0
10003f74:	68c0      	ldr	r0, [r0, #12]
10003f76:	460d      	mov	r5, r1
10003f78:	b118      	cbz	r0, 10003f82 <tu_fifo_set_overwritable+0x12>
10003f7a:	f04f 31ff 	mov.w	r1, #4294967295
10003f7e:	f000 fe5f 	bl	10004c40 <__mutex_enter_timeout_ms_veneer>
10003f82:	6920      	ldr	r0, [r4, #16]
10003f84:	b118      	cbz	r0, 10003f8e <tu_fifo_set_overwritable+0x1e>
10003f86:	f04f 31ff 	mov.w	r1, #4294967295
10003f8a:	f000 fe59 	bl	10004c40 <__mutex_enter_timeout_ms_veneer>
10003f8e:	79e3      	ldrb	r3, [r4, #7]
10003f90:	68e0      	ldr	r0, [r4, #12]
10003f92:	f365 13c7 	bfi	r3, r5, #7, #1
10003f96:	71e3      	strb	r3, [r4, #7]
10003f98:	b108      	cbz	r0, 10003f9e <tu_fifo_set_overwritable+0x2e>
10003f9a:	f000 fe29 	bl	10004bf0 <__mutex_exit_veneer>
10003f9e:	6920      	ldr	r0, [r4, #16]
10003fa0:	b108      	cbz	r0, 10003fa6 <tu_fifo_set_overwritable+0x36>
10003fa2:	f000 fe25 	bl	10004bf0 <__mutex_exit_veneer>
10003fa6:	2001      	movs	r0, #1
10003fa8:	bd38      	pop	{r3, r4, r5, pc}
10003faa:	bf00      	nop

10003fac <runtime_init_per_core_tls_setup>:
10003fac:	2200      	movs	r2, #0
10003fae:	4b01      	ldr	r3, [pc, #4]	@ (10003fb4 <runtime_init_per_core_tls_setup+0x8>)
10003fb0:	605a      	str	r2, [r3, #4]
10003fb2:	4770      	bx	lr
10003fb4:	20001928 	.word	0x20001928

10003fb8 <pio_add_program>:
10003fb8:	e92d 47f0 	stmdb	sp!, {r4, r5, r6, r7, r8, r9, sl, lr}
10003fbc:	460e      	mov	r6, r1
10003fbe:	4605      	mov	r5, r0
10003fc0:	f7fc fa32 	bl	10000428 <hw_claim_lock>
10003fc4:	2201      	movs	r2, #1
10003fc6:	f896 a004 	ldrb.w	sl, [r6, #4]
10003fca:	f996 4005 	ldrsb.w	r4, [r6, #5]
10003fce:	f105 4c2f 	add.w	ip, r5, #2936012800	@ 0xaf000000
10003fd2:	f8df 80b4 	ldr.w	r8, [pc, #180]	@ 10004088 <pio_add_program+0xd0>
10003fd6:	f50c 0c60 	add.w	ip, ip, #14680064	@ 0xe00000
10003fda:	fa02 f20a 	lsl.w	r2, r2, sl
10003fde:	ea4f 5c1c 	mov.w	ip, ip, lsr #20
10003fe2:	2c00      	cmp	r4, #0
10003fe4:	f858 702c 	ldr.w	r7, [r8, ip, lsl #2]
10003fe8:	f102 32ff 	add.w	r2, r2, #4294967295
10003fec:	f1ca 0320 	rsb	r3, sl, #32
10003ff0:	db31      	blt.n	10004056 <pio_add_program+0x9e>
10003ff2:	429c      	cmp	r4, r3
10003ff4:	46a6      	mov	lr, r4
10003ff6:	d827      	bhi.n	10004048 <pio_add_program+0x90>
10003ff8:	fa02 f304 	lsl.w	r3, r2, r4
10003ffc:	423b      	tst	r3, r7
10003ffe:	d123      	bne.n	10004048 <pio_add_program+0x90>
10004000:	79f3      	ldrb	r3, [r6, #7]
10004002:	075b      	lsls	r3, r3, #29
10004004:	d432      	bmi.n	1000406c <pio_add_program+0xb4>
10004006:	fa02 f20e 	lsl.w	r2, r2, lr
1000400a:	4217      	tst	r7, r2
1000400c:	d135      	bne.n	1000407a <pio_add_program+0xc2>
1000400e:	6831      	ldr	r1, [r6, #0]
10004010:	f1ba 0f00 	cmp.w	sl, #0
10004014:	d010      	beq.n	10004038 <pio_add_program+0x80>
10004016:	4676      	mov	r6, lr
10004018:	eb01 0a4a 	add.w	sl, r1, sl, lsl #1
1000401c:	f831 3b02 	ldrh.w	r3, [r1], #2
10004020:	f106 0912 	add.w	r9, r6, #18
10004024:	f5b3 5f00 	cmp.w	r3, #8192	@ 0x2000
10004028:	bf38      	it	cc
1000402a:	4473      	addcc	r3, lr
1000402c:	4551      	cmp	r1, sl
1000402e:	f106 0601 	add.w	r6, r6, #1
10004032:	f845 3029 	str.w	r3, [r5, r9, lsl #2]
10004036:	d1f1      	bne.n	1000401c <pio_add_program+0x64>
10004038:	433a      	orrs	r2, r7
1000403a:	f848 202c 	str.w	r2, [r8, ip, lsl #2]
1000403e:	f7fc fa05 	bl	1000044c <hw_claim_unlock>
10004042:	4620      	mov	r0, r4
10004044:	e8bd 87f0 	ldmia.w	sp!, {r4, r5, r6, r7, r8, r9, sl, pc}
10004048:	f04f 34ff 	mov.w	r4, #4294967295
1000404c:	f7fc f9fe 	bl	1000044c <hw_claim_unlock>
10004050:	4620      	mov	r0, r4
10004052:	e8bd 87f0 	ldmia.w	sp!, {r4, r5, r6, r7, r8, r9, sl, pc}
10004056:	1e1c      	subs	r4, r3, #0
10004058:	da02      	bge.n	10004060 <pio_add_program+0xa8>
1000405a:	e00e      	b.n	1000407a <pio_add_program+0xc2>
1000405c:	3c01      	subs	r4, #1
1000405e:	d30c      	bcc.n	1000407a <pio_add_program+0xc2>
10004060:	fa02 f304 	lsl.w	r3, r2, r4
10004064:	423b      	tst	r3, r7
10004066:	46a6      	mov	lr, r4
10004068:	d1f8      	bne.n	1000405c <pio_add_program+0xa4>
1000406a:	e7c9      	b.n	10004000 <pio_add_program+0x48>
1000406c:	f06f 040a 	mvn.w	r4, #10
10004070:	f7fc f9ec 	bl	1000044c <hw_claim_unlock>
10004074:	4620      	mov	r0, r4
10004076:	e8bd 87f0 	ldmia.w	sp!, {r4, r5, r6, r7, r8, r9, sl, pc}
1000407a:	f06f 0408 	mvn.w	r4, #8
1000407e:	f7fc f9e5 	bl	1000044c <hw_claim_unlock>
10004082:	4620      	mov	r0, r4
10004084:	e8bd 87f0 	ldmia.w	sp!, {r4, r5, r6, r7, r8, r9, sl, pc}
10004088:	20001c1c 	.word	0x20001c1c

1000408c <pio_sm_set_pindirs_with_mask>:
1000408c:	e92d 47f0 	stmdb	sp!, {r4, r5, r6, r7, r8, r9, sl, lr}
10004090:	f44f 3500 	mov.w	r5, #131072	@ 0x20000
10004094:	eb01 0641 	add.w	r6, r1, r1, lsl #1
10004098:	eb00 04c6 	add.w	r4, r0, r6, lsl #3
1000409c:	f504 5443 	add.w	r4, r4, #12480	@ 0x30c0
100040a0:	eb00 06c6 	add.w	r6, r0, r6, lsl #3
100040a4:	f8d6 a0dc 	ldr.w	sl, [r6, #220]	@ 0xdc
100040a8:	ea4f 0841 	mov.w	r8, r1, lsl #1
100040ac:	f8d6 90cc 	ldr.w	r9, [r6, #204]	@ 0xcc
100040b0:	60e5      	str	r5, [r4, #12]
100040b2:	b1bb      	cbz	r3, 100040e4 <pio_sm_set_pindirs_with_mask+0x58>
100040b4:	f24e 0780 	movw	r7, #57472	@ 0xe080
100040b8:	fa93 fca3 	rbit	ip, r3
100040bc:	fabc fc8c 	clz	ip, ip
100040c0:	fa22 f50c 	lsr.w	r5, r2, ip
100040c4:	f103 3eff 	add.w	lr, r3, #4294967295
100040c8:	ea4f 1c4c 	mov.w	ip, ip, lsl #5
100040cc:	f005 0501 	and.w	r5, r5, #1
100040d0:	f04c 6480 	orr.w	r4, ip, #67108864	@ 0x4000000
100040d4:	433d      	orrs	r5, r7
100040d6:	ea13 030e 	ands.w	r3, r3, lr
100040da:	f8c6 40dc 	str.w	r4, [r6, #220]	@ 0xdc
100040de:	f8c6 50d8 	str.w	r5, [r6, #216]	@ 0xd8
100040e2:	d1e9      	bne.n	100040b8 <pio_sm_set_pindirs_with_mask+0x2c>
100040e4:	4488      	add	r8, r1
100040e6:	eb00 00c8 	add.w	r0, r0, r8, lsl #3
100040ea:	f8c0 a0dc 	str.w	sl, [r0, #220]	@ 0xdc
100040ee:	f8c0 90cc 	str.w	r9, [r0, #204]	@ 0xcc
100040f2:	e8bd 87f0 	ldmia.w	sp!, {r4, r5, r6, r7, r8, r9, sl, pc}
100040f6:	bf00      	nop

100040f8 <pio_sm_init>:
100040f8:	b5f0      	push	{r4, r5, r6, r7, lr}
100040fa:	2501      	movs	r5, #1
100040fc:	6804      	ldr	r4, [r0, #0]
100040fe:	408d      	lsls	r5, r1
10004100:	ea24 0405 	bic.w	r4, r4, r5
10004104:	6004      	str	r4, [r0, #0]
10004106:	b3b3      	cbz	r3, 10004176 <pio_sm_init+0x7e>
10004108:	e9d3 5601 	ldrd	r5, r6, [r3, #4]
1000410c:	681f      	ldr	r7, [r3, #0]
1000410e:	68dc      	ldr	r4, [r3, #12]
10004110:	eb01 0341 	add.w	r3, r1, r1, lsl #1
10004114:	eb00 03c3 	add.w	r3, r0, r3, lsl #3
10004118:	f8c3 70c8 	str.w	r7, [r3, #200]	@ 0xc8
1000411c:	ea4f 0c41 	mov.w	ip, r1, lsl #1
10004120:	f8c3 60d0 	str.w	r6, [r3, #208]	@ 0xd0
10004124:	f8c3 50cc 	str.w	r5, [r3, #204]	@ 0xcc
10004128:	f8c3 40dc 	str.w	r4, [r3, #220]	@ 0xdc
1000412c:	eb0c 0301 	add.w	r3, ip, r1
10004130:	f04f 3501 	mov.w	r5, #16843009	@ 0x1010101
10004134:	eb00 0cc3 	add.w	ip, r0, r3, lsl #3
10004138:	f04f 4600 	mov.w	r6, #2147483648	@ 0x80000000
1000413c:	eb00 0ec3 	add.w	lr, r0, r3, lsl #3
10004140:	2301      	movs	r3, #1
10004142:	f50e 5e86 	add.w	lr, lr, #4288	@ 0x10c0
10004146:	1d0c      	adds	r4, r1, #4
10004148:	f101 0708 	add.w	r7, r1, #8
1000414c:	408d      	lsls	r5, r1
1000414e:	f8ce 6010 	str.w	r6, [lr, #16]
10004152:	fa03 f404 	lsl.w	r4, r3, r4
10004156:	f8ce 6010 	str.w	r6, [lr, #16]
1000415a:	f002 021f 	and.w	r2, r2, #31
1000415e:	6085      	str	r5, [r0, #8]
10004160:	40bb      	lsls	r3, r7
10004162:	f500 5000 	add.w	r0, r0, #8192	@ 0x2000
10004166:	6004      	str	r4, [r0, #0]
10004168:	f10e 0e10 	add.w	lr, lr, #16
1000416c:	6003      	str	r3, [r0, #0]
1000416e:	2000      	movs	r0, #0
10004170:	f8cc 20d8 	str.w	r2, [ip, #216]	@ 0xd8
10004174:	bdf0      	pop	{r4, r5, r6, r7, pc}
10004176:	f44f 3780 	mov.w	r7, #65536	@ 0x10000
1000417a:	f44f 2640 	mov.w	r6, #786432	@ 0xc0000
1000417e:	f44f 35f8 	mov.w	r5, #126976	@ 0x1f000
10004182:	eb01 0441 	add.w	r4, r1, r1, lsl #1
10004186:	eb00 04c4 	add.w	r4, r0, r4, lsl #3
1000418a:	f8c4 70c8 	str.w	r7, [r4, #200]	@ 0xc8
1000418e:	ea4f 0c41 	mov.w	ip, r1, lsl #1
10004192:	f8c4 60d0 	str.w	r6, [r4, #208]	@ 0xd0
10004196:	f8c4 50cc 	str.w	r5, [r4, #204]	@ 0xcc
1000419a:	f8c4 30dc 	str.w	r3, [r4, #220]	@ 0xdc
1000419e:	e7c5      	b.n	1000412c <pio_sm_init+0x34>

100041a0 <core1_trampoline>:
100041a0:	bd03      	pop	{r0, r1, pc}
100041a2:	bf00      	nop

100041a4 <core1_wrapper>:
100041a4:	b510      	push	{r4, lr}
100041a6:	4604      	mov	r4, r0
100041a8:	f7fd faea 	bl	10001780 <runtime_run_per_core_initializers>
100041ac:	4623      	mov	r3, r4
100041ae:	e8bd 4010 	ldmia.w	sp!, {r4, lr}
100041b2:	4718      	bx	r3

100041b4 <multicore_launch_core1_raw>:
100041b4:	b5f0      	push	{r4, r5, r6, r7, lr}
100041b6:	4605      	mov	r5, r0
100041b8:	b087      	sub	sp, #28
100041ba:	2019      	movs	r0, #25
100041bc:	4617      	mov	r7, r2
100041be:	460e      	mov	r6, r1
100041c0:	f7fc fa20 	bl	10000604 <irq_is_enabled>
100041c4:	2100      	movs	r1, #0
100041c6:	4604      	mov	r4, r0
100041c8:	2019      	movs	r0, #25
100041ca:	f7fc fa05 	bl	100005d8 <irq_set_enabled>
100041ce:	2100      	movs	r1, #0
100041d0:	9703      	str	r7, [sp, #12]
100041d2:	9604      	str	r6, [sp, #16]
100041d4:	2700      	movs	r7, #0
100041d6:	2600      	movs	r6, #0
100041d8:	2201      	movs	r2, #1
100041da:	f04f 4350 	mov.w	r3, #3489660928	@ 0xd0000000
100041de:	468c      	mov	ip, r1
100041e0:	4816      	ldr	r0, [pc, #88]	@ (1000423c <multicore_launch_core1_raw+0x88>)
100041e2:	e9cd 6700 	strd	r6, r7, [sp]
100041e6:	9505      	str	r5, [sp, #20]
100041e8:	9202      	str	r2, [sp, #8]
100041ea:	7042      	strb	r2, [r0, #1]
100041ec:	b1a9      	cbz	r1, 1000421a <multicore_launch_core1_raw+0x66>
100041ee:	6d1a      	ldr	r2, [r3, #80]	@ 0x50
100041f0:	0795      	lsls	r5, r2, #30
100041f2:	d5fc      	bpl.n	100041ee <multicore_launch_core1_raw+0x3a>
100041f4:	6559      	str	r1, [r3, #84]	@ 0x54
100041f6:	bf40      	sev
100041f8:	6d1a      	ldr	r2, [r3, #80]	@ 0x50
100041fa:	07d0      	lsls	r0, r2, #31
100041fc:	d403      	bmi.n	10004206 <multicore_launch_core1_raw+0x52>
100041fe:	bf20      	wfe
10004200:	6d1a      	ldr	r2, [r3, #80]	@ 0x50
10004202:	07d2      	lsls	r2, r2, #31
10004204:	d5fb      	bpl.n	100041fe <multicore_launch_core1_raw+0x4a>
10004206:	6d9a      	ldr	r2, [r3, #88]	@ 0x58
10004208:	428a      	cmp	r2, r1
1000420a:	d00b      	beq.n	10004224 <multicore_launch_core1_raw+0x70>
1000420c:	f04f 0c00 	mov.w	ip, #0
10004210:	eb0d 028c 	add.w	r2, sp, ip, lsl #2
10004214:	6811      	ldr	r1, [r2, #0]
10004216:	e7e9      	b.n	100041ec <multicore_launch_core1_raw+0x38>
10004218:	6d9a      	ldr	r2, [r3, #88]	@ 0x58
1000421a:	6d1a      	ldr	r2, [r3, #80]	@ 0x50
1000421c:	07d6      	lsls	r6, r2, #31
1000421e:	d4fb      	bmi.n	10004218 <multicore_launch_core1_raw+0x64>
10004220:	bf40      	sev
10004222:	e7e4      	b.n	100041ee <multicore_launch_core1_raw+0x3a>
10004224:	f10c 0c01 	add.w	ip, ip, #1
10004228:	f1bc 0f06 	cmp.w	ip, #6
1000422c:	d1f0      	bne.n	10004210 <multicore_launch_core1_raw+0x5c>
1000422e:	4621      	mov	r1, r4
10004230:	2019      	movs	r0, #25
10004232:	b007      	add	sp, #28
10004234:	e8bd 40f0 	ldmia.w	sp!, {r4, r5, r6, r7, lr}
10004238:	f7fc b9ce 	b.w	100005d8 <irq_set_enabled>
1000423c:	20001c60 	.word	0x20001c60

10004240 <multicore_launch_core1>:
10004240:	4b0c      	ldr	r3, [pc, #48]	@ (10004274 <multicore_launch_core1+0x34>)
10004242:	4a0d      	ldr	r2, [pc, #52]	@ (10004278 <multicore_launch_core1+0x38>)
10004244:	4293      	cmp	r3, r2
10004246:	d30e      	bcc.n	10004266 <multicore_launch_core1+0x26>
10004248:	469c      	mov	ip, r3
1000424a:	f203 71f4 	addw	r1, r3, #2036	@ 0x7f4
1000424e:	4a0b      	ldr	r2, [pc, #44]	@ (1000427c <multicore_launch_core1+0x3c>)
10004250:	6892      	ldr	r2, [r2, #8]
10004252:	f8cc 07f4 	str.w	r0, [ip, #2036]	@ 0x7f4
10004256:	480a      	ldr	r0, [pc, #40]	@ (10004280 <multicore_launch_core1+0x40>)
10004258:	f8cc 37f8 	str.w	r3, [ip, #2040]	@ 0x7f8
1000425c:	f8cc 07fc 	str.w	r0, [ip, #2044]	@ 0x7fc
10004260:	4808      	ldr	r0, [pc, #32]	@ (10004284 <multicore_launch_core1+0x44>)
10004262:	f7ff bfa7 	b.w	100041b4 <multicore_launch_core1_raw>
10004266:	f04f 33ff 	mov.w	r3, #4294967295
1000426a:	f240 71f3 	movw	r1, #2035	@ 0x7f3
1000426e:	469c      	mov	ip, r3
10004270:	e7ed      	b.n	1000424e <multicore_launch_core1+0xe>
10004272:	bf00      	nop
10004274:	20080800 	.word	0x20080800
10004278:	20080000 	.word	0x20080000
1000427c:	e000ed00 	.word	0xe000ed00
10004280:	100041a5 	.word	0x100041a5
10004284:	100041a1 	.word	0x100041a1

10004288 <calloc>:
10004288:	4b02      	ldr	r3, [pc, #8]	@ (10004294 <calloc+0xc>)
1000428a:	460a      	mov	r2, r1
1000428c:	4601      	mov	r1, r0
1000428e:	6818      	ldr	r0, [r3, #0]
10004290:	f000 b802 	b.w	10004298 <_calloc_r>
10004294:	200014d8 	.word	0x200014d8

10004298 <_calloc_r>:
10004298:	b538      	push	{r3, r4, r5, lr}
1000429a:	fba1 1402 	umull	r1, r4, r1, r2
1000429e:	bb34      	cbnz	r4, 100042ee <_calloc_r+0x56>
100042a0:	f000 f832 	bl	10004308 <_malloc_r>
100042a4:	4605      	mov	r5, r0
100042a6:	b330      	cbz	r0, 100042f6 <_calloc_r+0x5e>
100042a8:	f850 2c04 	ldr.w	r2, [r0, #-4]
100042ac:	f022 0203 	bic.w	r2, r2, #3
100042b0:	3a04      	subs	r2, #4
100042b2:	2a24      	cmp	r2, #36	@ 0x24
100042b4:	d80c      	bhi.n	100042d0 <_calloc_r+0x38>
100042b6:	2a13      	cmp	r2, #19
100042b8:	d90f      	bls.n	100042da <_calloc_r+0x42>
100042ba:	2a1b      	cmp	r2, #27
100042bc:	e9c0 4400 	strd	r4, r4, [r0]
100042c0:	d912      	bls.n	100042e8 <_calloc_r+0x50>
100042c2:	2a24      	cmp	r2, #36	@ 0x24
100042c4:	e9c0 4402 	strd	r4, r4, [r0, #8]
100042c8:	d018      	beq.n	100042fc <_calloc_r+0x64>
100042ca:	f100 0210 	add.w	r2, r0, #16
100042ce:	e005      	b.n	100042dc <_calloc_r+0x44>
100042d0:	4621      	mov	r1, r4
100042d2:	f000 fc89 	bl	10004be8 <__memset_veneer>
100042d6:	4628      	mov	r0, r5
100042d8:	bd38      	pop	{r3, r4, r5, pc}
100042da:	4602      	mov	r2, r0
100042dc:	2300      	movs	r3, #0
100042de:	4628      	mov	r0, r5
100042e0:	e9c2 3300 	strd	r3, r3, [r2]
100042e4:	6093      	str	r3, [r2, #8]
100042e6:	bd38      	pop	{r3, r4, r5, pc}
100042e8:	f100 0208 	add.w	r2, r0, #8
100042ec:	e7f6      	b.n	100042dc <_calloc_r+0x44>
100042ee:	f000 fae5 	bl	100048bc <__errno>
100042f2:	230c      	movs	r3, #12
100042f4:	6003      	str	r3, [r0, #0]
100042f6:	2500      	movs	r5, #0
100042f8:	4628      	mov	r0, r5
100042fa:	bd38      	pop	{r3, r4, r5, pc}
100042fc:	f100 0218 	add.w	r2, r0, #24
10004300:	e9c0 4404 	strd	r4, r4, [r0, #16]
10004304:	e7ea      	b.n	100042dc <_calloc_r+0x44>
10004306:	bf00      	nop

10004308 <_malloc_r>:
10004308:	f101 030b 	add.w	r3, r1, #11
1000430c:	2b16      	cmp	r3, #22
1000430e:	e92d 4ff0 	stmdb	sp!, {r4, r5, r6, r7, r8, r9, sl, fp, lr}
10004312:	4607      	mov	r7, r0
10004314:	b083      	sub	sp, #12
10004316:	d823      	bhi.n	10004360 <_malloc_r+0x58>
10004318:	2910      	cmp	r1, #16
1000431a:	f200 80af 	bhi.w	1000447c <_malloc_r+0x174>
1000431e:	f000 faaf 	bl	10004880 <__malloc_lock>
10004322:	2510      	movs	r5, #16
10004324:	2318      	movs	r3, #24
10004326:	2002      	movs	r0, #2
10004328:	4eba      	ldr	r6, [pc, #744]	@ (10004614 <_malloc_r+0x30c>)
1000432a:	4433      	add	r3, r6
1000432c:	685c      	ldr	r4, [r3, #4]
1000432e:	f1a3 0208 	sub.w	r2, r3, #8
10004332:	4294      	cmp	r4, r2
10004334:	f000 8156 	beq.w	100045e4 <_malloc_r+0x2dc>
10004338:	6863      	ldr	r3, [r4, #4]
1000433a:	4638      	mov	r0, r7
1000433c:	f023 0303 	bic.w	r3, r3, #3
10004340:	e9d4 1202 	ldrd	r1, r2, [r4, #8]
10004344:	4423      	add	r3, r4
10004346:	60ca      	str	r2, [r1, #12]
10004348:	6091      	str	r1, [r2, #8]
1000434a:	685a      	ldr	r2, [r3, #4]
1000434c:	3408      	adds	r4, #8
1000434e:	f042 0201 	orr.w	r2, r2, #1
10004352:	605a      	str	r2, [r3, #4]
10004354:	f000 fa9a 	bl	1000488c <__malloc_unlock>
10004358:	4620      	mov	r0, r4
1000435a:	b003      	add	sp, #12
1000435c:	e8bd 8ff0 	ldmia.w	sp!, {r4, r5, r6, r7, r8, r9, sl, fp, pc}
10004360:	2b00      	cmp	r3, #0
10004362:	f023 0507 	bic.w	r5, r3, #7
10004366:	f2c0 8089 	blt.w	1000447c <_malloc_r+0x174>
1000436a:	42a9      	cmp	r1, r5
1000436c:	f200 8086 	bhi.w	1000447c <_malloc_r+0x174>
10004370:	f000 fa86 	bl	10004880 <__malloc_lock>
10004374:	f5b5 7ffc 	cmp.w	r5, #504	@ 0x1f8
10004378:	f0c0 827b 	bcc.w	10004872 <_malloc_r+0x56a>
1000437c:	0a6b      	lsrs	r3, r5, #9
1000437e:	f000 8084 	beq.w	1000448a <_malloc_r+0x182>
10004382:	2b04      	cmp	r3, #4
10004384:	f200 8162 	bhi.w	1000464c <_malloc_r+0x344>
10004388:	09ab      	lsrs	r3, r5, #6
1000438a:	f103 0039 	add.w	r0, r3, #57	@ 0x39
1000438e:	f103 0e38 	add.w	lr, r3, #56	@ 0x38
10004392:	00c3      	lsls	r3, r0, #3
10004394:	4e9f      	ldr	r6, [pc, #636]	@ (10004614 <_malloc_r+0x30c>)
10004396:	4433      	add	r3, r6
10004398:	f1a3 0c08 	sub.w	ip, r3, #8
1000439c:	685c      	ldr	r4, [r3, #4]
1000439e:	45a4      	cmp	ip, r4
100043a0:	d107      	bne.n	100043b2 <_malloc_r+0xaa>
100043a2:	e00d      	b.n	100043c0 <_malloc_r+0xb8>
100043a4:	2a00      	cmp	r2, #0
100043a6:	68e1      	ldr	r1, [r4, #12]
100043a8:	f280 8116 	bge.w	100045d8 <_malloc_r+0x2d0>
100043ac:	458c      	cmp	ip, r1
100043ae:	460c      	mov	r4, r1
100043b0:	d006      	beq.n	100043c0 <_malloc_r+0xb8>
100043b2:	6863      	ldr	r3, [r4, #4]
100043b4:	f023 0303 	bic.w	r3, r3, #3
100043b8:	1b5a      	subs	r2, r3, r5
100043ba:	2a0f      	cmp	r2, #15
100043bc:	ddf2      	ble.n	100043a4 <_malloc_r+0x9c>
100043be:	4670      	mov	r0, lr
100043c0:	f8df 8268 	ldr.w	r8, [pc, #616]	@ 1000462c <_malloc_r+0x324>
100043c4:	6934      	ldr	r4, [r6, #16]
100043c6:	4544      	cmp	r4, r8
100043c8:	f000 80f2 	beq.w	100045b0 <_malloc_r+0x2a8>
100043cc:	6863      	ldr	r3, [r4, #4]
100043ce:	f023 0c03 	bic.w	ip, r3, #3
100043d2:	ebac 0305 	sub.w	r3, ip, r5
100043d6:	2b0f      	cmp	r3, #15
100043d8:	f300 8174 	bgt.w	100046c4 <_malloc_r+0x3bc>
100043dc:	2b00      	cmp	r3, #0
100043de:	e9c6 8804 	strd	r8, r8, [r6, #16]
100043e2:	f280 8163 	bge.w	100046ac <_malloc_r+0x3a4>
100043e6:	f5bc 7f00 	cmp.w	ip, #512	@ 0x200
100043ea:	f8d6 e004 	ldr.w	lr, [r6, #4]
100043ee:	f080 80ff 	bcs.w	100045f0 <_malloc_r+0x2e8>
100043f2:	ea4f 03dc 	mov.w	r3, ip, lsr #3
100043f6:	2201      	movs	r2, #1
100043f8:	ea4f 1c5c 	mov.w	ip, ip, lsr #5
100043fc:	3301      	adds	r3, #1
100043fe:	fa02 f20c 	lsl.w	r2, r2, ip
10004402:	f856 1033 	ldr.w	r1, [r6, r3, lsl #3]
10004406:	ea4e 0e02 	orr.w	lr, lr, r2
1000440a:	eb06 02c3 	add.w	r2, r6, r3, lsl #3
1000440e:	3a08      	subs	r2, #8
10004410:	f8c6 e004 	str.w	lr, [r6, #4]
10004414:	e9c4 1202 	strd	r1, r2, [r4, #8]
10004418:	f846 4033 	str.w	r4, [r6, r3, lsl #3]
1000441c:	60cc      	str	r4, [r1, #12]
1000441e:	1083      	asrs	r3, r0, #2
10004420:	f04f 0c01 	mov.w	ip, #1
10004424:	fa0c fc03 	lsl.w	ip, ip, r3
10004428:	45f4      	cmp	ip, lr
1000442a:	d834      	bhi.n	10004496 <_malloc_r+0x18e>
1000442c:	ea1c 0f0e 	tst.w	ip, lr
10004430:	d107      	bne.n	10004442 <_malloc_r+0x13a>
10004432:	f020 0003 	bic.w	r0, r0, #3
10004436:	ea4f 0c4c 	mov.w	ip, ip, lsl #1
1000443a:	3004      	adds	r0, #4
1000443c:	ea1c 0f0e 	tst.w	ip, lr
10004440:	d0f9      	beq.n	10004436 <_malloc_r+0x12e>
10004442:	eb06 0ac0 	add.w	sl, r6, r0, lsl #3
10004446:	4681      	mov	r9, r0
10004448:	46d6      	mov	lr, sl
1000444a:	f8de 300c 	ldr.w	r3, [lr, #12]
1000444e:	e00b      	b.n	10004468 <_malloc_r+0x160>
10004450:	685a      	ldr	r2, [r3, #4]
10004452:	461c      	mov	r4, r3
10004454:	68db      	ldr	r3, [r3, #12]
10004456:	f022 0203 	bic.w	r2, r2, #3
1000445a:	1b51      	subs	r1, r2, r5
1000445c:	290f      	cmp	r1, #15
1000445e:	f300 8101 	bgt.w	10004664 <_malloc_r+0x35c>
10004462:	2900      	cmp	r1, #0
10004464:	f280 8115 	bge.w	10004692 <_malloc_r+0x38a>
10004468:	459e      	cmp	lr, r3
1000446a:	d1f1      	bne.n	10004450 <_malloc_r+0x148>
1000446c:	f109 0901 	add.w	r9, r9, #1
10004470:	f10e 0e08 	add.w	lr, lr, #8
10004474:	f019 0f03 	tst.w	r9, #3
10004478:	d1e7      	bne.n	1000444a <_malloc_r+0x142>
1000447a:	e158      	b.n	1000472e <_malloc_r+0x426>
1000447c:	230c      	movs	r3, #12
1000447e:	603b      	str	r3, [r7, #0]
10004480:	2400      	movs	r4, #0
10004482:	4620      	mov	r0, r4
10004484:	b003      	add	sp, #12
10004486:	e8bd 8ff0 	ldmia.w	sp!, {r4, r5, r6, r7, r8, r9, sl, fp, pc}
1000448a:	f44f 7300 	mov.w	r3, #512	@ 0x200
1000448e:	2040      	movs	r0, #64	@ 0x40
10004490:	f04f 0e3f 	mov.w	lr, #63	@ 0x3f
10004494:	e77e      	b.n	10004394 <_malloc_r+0x8c>
10004496:	68b4      	ldr	r4, [r6, #8]
10004498:	6863      	ldr	r3, [r4, #4]
1000449a:	f023 0903 	bic.w	r9, r3, #3
1000449e:	45a9      	cmp	r9, r5
100044a0:	eba9 0305 	sub.w	r3, r9, r5
100044a4:	d302      	bcc.n	100044ac <_malloc_r+0x1a4>
100044a6:	2b0f      	cmp	r3, #15
100044a8:	f300 8085 	bgt.w	100045b6 <_malloc_r+0x2ae>
100044ac:	4b5a      	ldr	r3, [pc, #360]	@ (10004618 <_malloc_r+0x310>)
100044ae:	2008      	movs	r0, #8
100044b0:	681b      	ldr	r3, [r3, #0]
100044b2:	f103 0810 	add.w	r8, r3, #16
100044b6:	eb04 0309 	add.w	r3, r4, r9
100044ba:	9300      	str	r3, [sp, #0]
100044bc:	f000 fa08 	bl	100048d0 <sysconf>
100044c0:	4a56      	ldr	r2, [pc, #344]	@ (1000461c <_malloc_r+0x314>)
100044c2:	44a8      	add	r8, r5
100044c4:	4683      	mov	fp, r0
100044c6:	6813      	ldr	r3, [r2, #0]
100044c8:	3301      	adds	r3, #1
100044ca:	d005      	beq.n	100044d8 <_malloc_r+0x1d0>
100044cc:	f108 38ff 	add.w	r8, r8, #4294967295
100044d0:	4243      	negs	r3, r0
100044d2:	4480      	add	r8, r0
100044d4:	ea03 0808 	and.w	r8, r3, r8
100044d8:	4641      	mov	r1, r8
100044da:	4638      	mov	r0, r7
100044dc:	f000 f9dc 	bl	10004898 <_sbrk_r>
100044e0:	f1b0 3fff 	cmp.w	r0, #4294967295
100044e4:	4682      	mov	sl, r0
100044e6:	4a4d      	ldr	r2, [pc, #308]	@ (1000461c <_malloc_r+0x314>)
100044e8:	f000 8107 	beq.w	100046fa <_malloc_r+0x3f2>
100044ec:	eb04 0309 	add.w	r3, r4, r9
100044f0:	4283      	cmp	r3, r0
100044f2:	f200 8100 	bhi.w	100046f6 <_malloc_r+0x3ee>
100044f6:	4b4a      	ldr	r3, [pc, #296]	@ (10004620 <_malloc_r+0x318>)
100044f8:	f10b 3cff 	add.w	ip, fp, #4294967295
100044fc:	6818      	ldr	r0, [r3, #0]
100044fe:	4440      	add	r0, r8
10004500:	6018      	str	r0, [r3, #0]
10004502:	f000 8164 	beq.w	100047ce <_malloc_r+0x4c6>
10004506:	6811      	ldr	r1, [r2, #0]
10004508:	3101      	adds	r1, #1
1000450a:	f000 816c 	beq.w	100047e6 <_malloc_r+0x4de>
1000450e:	eb04 0209 	add.w	r2, r4, r9
10004512:	ebaa 0202 	sub.w	r2, sl, r2
10004516:	4402      	add	r2, r0
10004518:	601a      	str	r2, [r3, #0]
1000451a:	f01a 0207 	ands.w	r2, sl, #7
1000451e:	e9cd 2300 	strd	r2, r3, [sp]
10004522:	f000 8127 	beq.w	10004774 <_malloc_r+0x46c>
10004526:	f1c2 0208 	rsb	r2, r2, #8
1000452a:	4638      	mov	r0, r7
1000452c:	4492      	add	sl, r2
1000452e:	445a      	add	r2, fp
10004530:	44d0      	add	r8, sl
10004532:	ea08 010c 	and.w	r1, r8, ip
10004536:	1a52      	subs	r2, r2, r1
10004538:	ea02 0b0c 	and.w	fp, r2, ip
1000453c:	4659      	mov	r1, fp
1000453e:	f000 f9ab 	bl	10004898 <_sbrk_r>
10004542:	1c42      	adds	r2, r0, #1
10004544:	9b01      	ldr	r3, [sp, #4]
10004546:	f000 816a 	beq.w	1000481e <_malloc_r+0x516>
1000454a:	eba0 000a 	sub.w	r0, r0, sl
1000454e:	eb00 080b 	add.w	r8, r0, fp
10004552:	6818      	ldr	r0, [r3, #0]
10004554:	f048 0201 	orr.w	r2, r8, #1
10004558:	42b4      	cmp	r4, r6
1000455a:	f8c6 a008 	str.w	sl, [r6, #8]
1000455e:	4458      	add	r0, fp
10004560:	f8ca 2004 	str.w	r2, [sl, #4]
10004564:	6018      	str	r0, [r3, #0]
10004566:	d017      	beq.n	10004598 <_malloc_r+0x290>
10004568:	f1b9 0f0f 	cmp.w	r9, #15
1000456c:	f240 813e 	bls.w	100047ec <_malloc_r+0x4e4>
10004570:	6861      	ldr	r1, [r4, #4]
10004572:	f1a9 020c 	sub.w	r2, r9, #12
10004576:	f04f 0c05 	mov.w	ip, #5
1000457a:	f022 0207 	bic.w	r2, r2, #7
1000457e:	f001 0101 	and.w	r1, r1, #1
10004582:	4311      	orrs	r1, r2
10004584:	2a0f      	cmp	r2, #15
10004586:	6061      	str	r1, [r4, #4]
10004588:	eb04 0102 	add.w	r1, r4, r2
1000458c:	e9c1 cc01 	strd	ip, ip, [r1, #4]
10004590:	f200 814d 	bhi.w	1000482e <_malloc_r+0x526>
10004594:	f8da 2004 	ldr.w	r2, [sl, #4]
10004598:	4b22      	ldr	r3, [pc, #136]	@ (10004624 <_malloc_r+0x31c>)
1000459a:	4654      	mov	r4, sl
1000459c:	6819      	ldr	r1, [r3, #0]
1000459e:	4281      	cmp	r1, r0
100045a0:	bf38      	it	cc
100045a2:	6018      	strcc	r0, [r3, #0]
100045a4:	4b20      	ldr	r3, [pc, #128]	@ (10004628 <_malloc_r+0x320>)
100045a6:	6819      	ldr	r1, [r3, #0]
100045a8:	4281      	cmp	r1, r0
100045aa:	bf38      	it	cc
100045ac:	6018      	strcc	r0, [r3, #0]
100045ae:	e0a6      	b.n	100046fe <_malloc_r+0x3f6>
100045b0:	f8d6 e004 	ldr.w	lr, [r6, #4]
100045b4:	e733      	b.n	1000441e <_malloc_r+0x116>
100045b6:	1962      	adds	r2, r4, r5
100045b8:	f045 0501 	orr.w	r5, r5, #1
100045bc:	f043 0301 	orr.w	r3, r3, #1
100045c0:	3408      	adds	r4, #8
100045c2:	f844 5c04 	str.w	r5, [r4, #-4]
100045c6:	4638      	mov	r0, r7
100045c8:	60b2      	str	r2, [r6, #8]
100045ca:	6053      	str	r3, [r2, #4]
100045cc:	f000 f95e 	bl	1000488c <__malloc_unlock>
100045d0:	4620      	mov	r0, r4
100045d2:	b003      	add	sp, #12
100045d4:	e8bd 8ff0 	ldmia.w	sp!, {r4, r5, r6, r7, r8, r9, sl, fp, pc}
100045d8:	68a2      	ldr	r2, [r4, #8]
100045da:	4423      	add	r3, r4
100045dc:	4638      	mov	r0, r7
100045de:	60d1      	str	r1, [r2, #12]
100045e0:	608a      	str	r2, [r1, #8]
100045e2:	e6b2      	b.n	1000434a <_malloc_r+0x42>
100045e4:	68dc      	ldr	r4, [r3, #12]
100045e6:	42a3      	cmp	r3, r4
100045e8:	f47f aea6 	bne.w	10004338 <_malloc_r+0x30>
100045ec:	3002      	adds	r0, #2
100045ee:	e6e7      	b.n	100043c0 <_malloc_r+0xb8>
100045f0:	f5bc 6f20 	cmp.w	ip, #2560	@ 0xa00
100045f4:	ea4f 225c 	mov.w	r2, ip, lsr #9
100045f8:	d376      	bcc.n	100046e8 <_malloc_r+0x3e0>
100045fa:	2a14      	cmp	r2, #20
100045fc:	f200 80cd 	bhi.w	1000479a <_malloc_r+0x492>
10004600:	f102 035c 	add.w	r3, r2, #92	@ 0x5c
10004604:	325b      	adds	r2, #91	@ 0x5b
10004606:	00db      	lsls	r3, r3, #3
10004608:	18f1      	adds	r1, r6, r3
1000460a:	58f3      	ldr	r3, [r6, r3]
1000460c:	3908      	subs	r1, #8
1000460e:	4299      	cmp	r1, r3
10004610:	d111      	bne.n	10004636 <_malloc_r+0x32e>
10004612:	e0a5      	b.n	10004760 <_malloc_r+0x458>
10004614:	200010d0 	.word	0x200010d0
10004618:	200017ec 	.word	0x200017ec
1000461c:	200010c8 	.word	0x200010c8
10004620:	200017bc 	.word	0x200017bc
10004624:	200017e4 	.word	0x200017e4
10004628:	200017e8 	.word	0x200017e8
1000462c:	200010d8 	.word	0x200010d8
10004630:	689b      	ldr	r3, [r3, #8]
10004632:	4299      	cmp	r1, r3
10004634:	d004      	beq.n	10004640 <_malloc_r+0x338>
10004636:	685a      	ldr	r2, [r3, #4]
10004638:	f022 0203 	bic.w	r2, r2, #3
1000463c:	4562      	cmp	r2, ip
1000463e:	d8f7      	bhi.n	10004630 <_malloc_r+0x328>
10004640:	68d9      	ldr	r1, [r3, #12]
10004642:	e9c4 3102 	strd	r3, r1, [r4, #8]
10004646:	608c      	str	r4, [r1, #8]
10004648:	60dc      	str	r4, [r3, #12]
1000464a:	e6e8      	b.n	1000441e <_malloc_r+0x116>
1000464c:	2b14      	cmp	r3, #20
1000464e:	d963      	bls.n	10004718 <_malloc_r+0x410>
10004650:	2b54      	cmp	r3, #84	@ 0x54
10004652:	f200 80ab 	bhi.w	100047ac <_malloc_r+0x4a4>
10004656:	0b2b      	lsrs	r3, r5, #12
10004658:	f103 006f 	add.w	r0, r3, #111	@ 0x6f
1000465c:	f103 0e6e 	add.w	lr, r3, #110	@ 0x6e
10004660:	00c3      	lsls	r3, r0, #3
10004662:	e697      	b.n	10004394 <_malloc_r+0x8c>
10004664:	f8d4 c008 	ldr.w	ip, [r4, #8]
10004668:	4638      	mov	r0, r7
1000466a:	1967      	adds	r7, r4, r5
1000466c:	f045 0501 	orr.w	r5, r5, #1
10004670:	6065      	str	r5, [r4, #4]
10004672:	f8cc 300c 	str.w	r3, [ip, #12]
10004676:	f8c3 c008 	str.w	ip, [r3, #8]
1000467a:	f041 0301 	orr.w	r3, r1, #1
1000467e:	e9c6 7704 	strd	r7, r7, [r6, #16]
10004682:	e9c7 8802 	strd	r8, r8, [r7, #8]
10004686:	607b      	str	r3, [r7, #4]
10004688:	50a1      	str	r1, [r4, r2]
1000468a:	3408      	adds	r4, #8
1000468c:	f000 f8fe 	bl	1000488c <__malloc_unlock>
10004690:	e6f7      	b.n	10004482 <_malloc_r+0x17a>
10004692:	4422      	add	r2, r4
10004694:	4638      	mov	r0, r7
10004696:	6851      	ldr	r1, [r2, #4]
10004698:	f041 0101 	orr.w	r1, r1, #1
1000469c:	6051      	str	r1, [r2, #4]
1000469e:	f854 2f08 	ldr.w	r2, [r4, #8]!
100046a2:	60d3      	str	r3, [r2, #12]
100046a4:	609a      	str	r2, [r3, #8]
100046a6:	f000 f8f1 	bl	1000488c <__malloc_unlock>
100046aa:	e6ea      	b.n	10004482 <_malloc_r+0x17a>
100046ac:	44a4      	add	ip, r4
100046ae:	4638      	mov	r0, r7
100046b0:	3408      	adds	r4, #8
100046b2:	f8dc 3004 	ldr.w	r3, [ip, #4]
100046b6:	f043 0301 	orr.w	r3, r3, #1
100046ba:	f8cc 3004 	str.w	r3, [ip, #4]
100046be:	f000 f8e5 	bl	1000488c <__malloc_unlock>
100046c2:	e6de      	b.n	10004482 <_malloc_r+0x17a>
100046c4:	1962      	adds	r2, r4, r5
100046c6:	f043 0101 	orr.w	r1, r3, #1
100046ca:	f045 0501 	orr.w	r5, r5, #1
100046ce:	4638      	mov	r0, r7
100046d0:	6065      	str	r5, [r4, #4]
100046d2:	e9c6 2204 	strd	r2, r2, [r6, #16]
100046d6:	e9c2 8802 	strd	r8, r8, [r2, #8]
100046da:	6051      	str	r1, [r2, #4]
100046dc:	f844 300c 	str.w	r3, [r4, ip]
100046e0:	3408      	adds	r4, #8
100046e2:	f000 f8d3 	bl	1000488c <__malloc_unlock>
100046e6:	e6cc      	b.n	10004482 <_malloc_r+0x17a>
100046e8:	ea4f 129c 	mov.w	r2, ip, lsr #6
100046ec:	f102 0339 	add.w	r3, r2, #57	@ 0x39
100046f0:	3238      	adds	r2, #56	@ 0x38
100046f2:	00db      	lsls	r3, r3, #3
100046f4:	e788      	b.n	10004608 <_malloc_r+0x300>
100046f6:	42b4      	cmp	r4, r6
100046f8:	d062      	beq.n	100047c0 <_malloc_r+0x4b8>
100046fa:	68b4      	ldr	r4, [r6, #8]
100046fc:	6862      	ldr	r2, [r4, #4]
100046fe:	f022 0803 	bic.w	r8, r2, #3
10004702:	45a8      	cmp	r8, r5
10004704:	eba8 0305 	sub.w	r3, r8, r5
10004708:	d302      	bcc.n	10004710 <_malloc_r+0x408>
1000470a:	2b0f      	cmp	r3, #15
1000470c:	f73f af53 	bgt.w	100045b6 <_malloc_r+0x2ae>
10004710:	4638      	mov	r0, r7
10004712:	f000 f8bb 	bl	1000488c <__malloc_unlock>
10004716:	e6b3      	b.n	10004480 <_malloc_r+0x178>
10004718:	f103 005c 	add.w	r0, r3, #92	@ 0x5c
1000471c:	f103 0e5b 	add.w	lr, r3, #91	@ 0x5b
10004720:	00c3      	lsls	r3, r0, #3
10004722:	e637      	b.n	10004394 <_malloc_r+0x8c>
10004724:	f85a 3908 	ldr.w	r3, [sl], #-8
10004728:	4553      	cmp	r3, sl
1000472a:	f040 80a0 	bne.w	1000486e <_malloc_r+0x566>
1000472e:	f010 0f03 	tst.w	r0, #3
10004732:	f100 30ff 	add.w	r0, r0, #4294967295
10004736:	d1f5      	bne.n	10004724 <_malloc_r+0x41c>
10004738:	6873      	ldr	r3, [r6, #4]
1000473a:	ea23 030c 	bic.w	r3, r3, ip
1000473e:	6073      	str	r3, [r6, #4]
10004740:	ea4f 0c4c 	mov.w	ip, ip, lsl #1
10004744:	f10c 32ff 	add.w	r2, ip, #4294967295
10004748:	429a      	cmp	r2, r3
1000474a:	d304      	bcc.n	10004756 <_malloc_r+0x44e>
1000474c:	e6a3      	b.n	10004496 <_malloc_r+0x18e>
1000474e:	ea4f 0c4c 	mov.w	ip, ip, lsl #1
10004752:	f109 0904 	add.w	r9, r9, #4
10004756:	ea1c 0f03 	tst.w	ip, r3
1000475a:	d0f8      	beq.n	1000474e <_malloc_r+0x446>
1000475c:	4648      	mov	r0, r9
1000475e:	e670      	b.n	10004442 <_malloc_r+0x13a>
10004760:	1092      	asrs	r2, r2, #2
10004762:	f04f 0c01 	mov.w	ip, #1
10004766:	fa0c f202 	lsl.w	r2, ip, r2
1000476a:	ea4e 0e02 	orr.w	lr, lr, r2
1000476e:	f8c6 e004 	str.w	lr, [r6, #4]
10004772:	e766      	b.n	10004642 <_malloc_r+0x33a>
10004774:	eb0a 0208 	add.w	r2, sl, r8
10004778:	4638      	mov	r0, r7
1000477a:	ea02 020c 	and.w	r2, r2, ip
1000477e:	ebab 0b02 	sub.w	fp, fp, r2
10004782:	ea0b 0b0c 	and.w	fp, fp, ip
10004786:	4659      	mov	r1, fp
10004788:	f000 f886 	bl	10004898 <_sbrk_r>
1000478c:	1c43      	adds	r3, r0, #1
1000478e:	9b01      	ldr	r3, [sp, #4]
10004790:	f47f aedb 	bne.w	1000454a <_malloc_r+0x242>
10004794:	f8dd b000 	ldr.w	fp, [sp]
10004798:	e6db      	b.n	10004552 <_malloc_r+0x24a>
1000479a:	2a54      	cmp	r2, #84	@ 0x54
1000479c:	d82a      	bhi.n	100047f4 <_malloc_r+0x4ec>
1000479e:	ea4f 321c 	mov.w	r2, ip, lsr #12
100047a2:	f102 036f 	add.w	r3, r2, #111	@ 0x6f
100047a6:	326e      	adds	r2, #110	@ 0x6e
100047a8:	00db      	lsls	r3, r3, #3
100047aa:	e72d      	b.n	10004608 <_malloc_r+0x300>
100047ac:	f5b3 7faa 	cmp.w	r3, #340	@ 0x154
100047b0:	d82a      	bhi.n	10004808 <_malloc_r+0x500>
100047b2:	0beb      	lsrs	r3, r5, #15
100047b4:	f103 0078 	add.w	r0, r3, #120	@ 0x78
100047b8:	f103 0e77 	add.w	lr, r3, #119	@ 0x77
100047bc:	00c3      	lsls	r3, r0, #3
100047be:	e5e9      	b.n	10004394 <_malloc_r+0x8c>
100047c0:	4b2e      	ldr	r3, [pc, #184]	@ (1000487c <_malloc_r+0x574>)
100047c2:	f10b 3cff 	add.w	ip, fp, #4294967295
100047c6:	6818      	ldr	r0, [r3, #0]
100047c8:	4440      	add	r0, r8
100047ca:	6018      	str	r0, [r3, #0]
100047cc:	e69b      	b.n	10004506 <_malloc_r+0x1fe>
100047ce:	ea1a 0f0c 	tst.w	sl, ip
100047d2:	f47f ae98 	bne.w	10004506 <_malloc_r+0x1fe>
100047d6:	44c8      	add	r8, r9
100047d8:	f8d6 a008 	ldr.w	sl, [r6, #8]
100047dc:	f048 0201 	orr.w	r2, r8, #1
100047e0:	f8ca 2004 	str.w	r2, [sl, #4]
100047e4:	e6d8      	b.n	10004598 <_malloc_r+0x290>
100047e6:	f8c2 a000 	str.w	sl, [r2]
100047ea:	e696      	b.n	1000451a <_malloc_r+0x212>
100047ec:	2301      	movs	r3, #1
100047ee:	f8ca 3004 	str.w	r3, [sl, #4]
100047f2:	e78d      	b.n	10004710 <_malloc_r+0x408>
100047f4:	f5b2 7faa 	cmp.w	r2, #340	@ 0x154
100047f8:	d824      	bhi.n	10004844 <_malloc_r+0x53c>
100047fa:	ea4f 32dc 	mov.w	r2, ip, lsr #15
100047fe:	f102 0378 	add.w	r3, r2, #120	@ 0x78
10004802:	3277      	adds	r2, #119	@ 0x77
10004804:	00db      	lsls	r3, r3, #3
10004806:	e6ff      	b.n	10004608 <_malloc_r+0x300>
10004808:	f240 5254 	movw	r2, #1364	@ 0x554
1000480c:	4293      	cmp	r3, r2
1000480e:	d824      	bhi.n	1000485a <_malloc_r+0x552>
10004810:	0cab      	lsrs	r3, r5, #18
10004812:	f103 007d 	add.w	r0, r3, #125	@ 0x7d
10004816:	f103 0e7c 	add.w	lr, r3, #124	@ 0x7c
1000481a:	00c3      	lsls	r3, r0, #3
1000481c:	e5ba      	b.n	10004394 <_malloc_r+0x8c>
1000481e:	9a00      	ldr	r2, [sp, #0]
10004820:	f04f 0b00 	mov.w	fp, #0
10004824:	3a08      	subs	r2, #8
10004826:	4490      	add	r8, r2
10004828:	eba8 080a 	sub.w	r8, r8, sl
1000482c:	e691      	b.n	10004552 <_malloc_r+0x24a>
1000482e:	4638      	mov	r0, r7
10004830:	f104 0108 	add.w	r1, r4, #8
10004834:	9300      	str	r3, [sp, #0]
10004836:	f000 f8e3 	bl	10004a00 <_free_r>
1000483a:	9b00      	ldr	r3, [sp, #0]
1000483c:	f8d6 a008 	ldr.w	sl, [r6, #8]
10004840:	6818      	ldr	r0, [r3, #0]
10004842:	e6a7      	b.n	10004594 <_malloc_r+0x28c>
10004844:	f240 5354 	movw	r3, #1364	@ 0x554
10004848:	429a      	cmp	r2, r3
1000484a:	d80c      	bhi.n	10004866 <_malloc_r+0x55e>
1000484c:	ea4f 429c 	mov.w	r2, ip, lsr #18
10004850:	f102 037d 	add.w	r3, r2, #125	@ 0x7d
10004854:	327c      	adds	r2, #124	@ 0x7c
10004856:	00db      	lsls	r3, r3, #3
10004858:	e6d6      	b.n	10004608 <_malloc_r+0x300>
1000485a:	f44f 737e 	mov.w	r3, #1016	@ 0x3f8
1000485e:	207f      	movs	r0, #127	@ 0x7f
10004860:	f04f 0e7e 	mov.w	lr, #126	@ 0x7e
10004864:	e596      	b.n	10004394 <_malloc_r+0x8c>
10004866:	f44f 737e 	mov.w	r3, #1016	@ 0x3f8
1000486a:	227e      	movs	r2, #126	@ 0x7e
1000486c:	e6cc      	b.n	10004608 <_malloc_r+0x300>
1000486e:	6873      	ldr	r3, [r6, #4]
10004870:	e766      	b.n	10004740 <_malloc_r+0x438>
10004872:	08e8      	lsrs	r0, r5, #3
10004874:	f105 0308 	add.w	r3, r5, #8
10004878:	e556      	b.n	10004328 <_malloc_r+0x20>
1000487a:	bf00      	nop
1000487c:	200017bc 	.word	0x200017bc

10004880 <__malloc_lock>:
10004880:	4801      	ldr	r0, [pc, #4]	@ (10004888 <__malloc_lock+0x8>)
10004882:	f000 b821 	b.w	100048c8 <__retarget_lock_acquire_recursive>
10004886:	bf00      	nop
10004888:	200017b8 	.word	0x200017b8

1000488c <__malloc_unlock>:
1000488c:	4801      	ldr	r0, [pc, #4]	@ (10004894 <__malloc_unlock+0x8>)
1000488e:	f000 b81d 	b.w	100048cc <__retarget_lock_release_recursive>
10004892:	bf00      	nop
10004894:	200017b8 	.word	0x200017b8

10004898 <_sbrk_r>:
10004898:	b538      	push	{r3, r4, r5, lr}
1000489a:	2200      	movs	r2, #0
1000489c:	4d06      	ldr	r5, [pc, #24]	@ (100048b8 <_sbrk_r+0x20>)
1000489e:	4604      	mov	r4, r0
100048a0:	4608      	mov	r0, r1
100048a2:	602a      	str	r2, [r5, #0]
100048a4:	f7fd f8b8 	bl	10001a18 <_sbrk>
100048a8:	1c43      	adds	r3, r0, #1
100048aa:	d000      	beq.n	100048ae <_sbrk_r+0x16>
100048ac:	bd38      	pop	{r3, r4, r5, pc}
100048ae:	682b      	ldr	r3, [r5, #0]
100048b0:	2b00      	cmp	r3, #0
100048b2:	d0fb      	beq.n	100048ac <_sbrk_r+0x14>
100048b4:	6023      	str	r3, [r4, #0]
100048b6:	bd38      	pop	{r3, r4, r5, pc}
100048b8:	20001c94 	.word	0x20001c94

100048bc <__errno>:
100048bc:	4b01      	ldr	r3, [pc, #4]	@ (100048c4 <__errno+0x8>)
100048be:	6818      	ldr	r0, [r3, #0]
100048c0:	4770      	bx	lr
100048c2:	bf00      	nop
100048c4:	200014d8 	.word	0x200014d8

100048c8 <__retarget_lock_acquire_recursive>:
100048c8:	4770      	bx	lr
100048ca:	bf00      	nop

100048cc <__retarget_lock_release_recursive>:
100048cc:	4770      	bx	lr
100048ce:	bf00      	nop

100048d0 <sysconf>:
100048d0:	2808      	cmp	r0, #8
100048d2:	d102      	bne.n	100048da <sysconf+0xa>
100048d4:	f44f 5080 	mov.w	r0, #4096	@ 0x1000
100048d8:	4770      	bx	lr
100048da:	b508      	push	{r3, lr}
100048dc:	f7ff ffee 	bl	100048bc <__errno>
100048e0:	2216      	movs	r2, #22
100048e2:	4603      	mov	r3, r0
100048e4:	f04f 30ff 	mov.w	r0, #4294967295
100048e8:	601a      	str	r2, [r3, #0]
100048ea:	bd08      	pop	{r3, pc}

100048ec <strlen>:
100048ec:	f020 0103 	bic.w	r1, r0, #3
100048f0:	f010 0003 	ands.w	r0, r0, #3
100048f4:	f1c0 0000 	rsb	r0, r0, #0
100048f8:	f851 3b04 	ldr.w	r3, [r1], #4
100048fc:	f100 0c04 	add.w	ip, r0, #4
10004900:	ea4f 0ccc 	mov.w	ip, ip, lsl #3
10004904:	f06f 0200 	mvn.w	r2, #0
10004908:	bf1c      	itt	ne
1000490a:	fa22 f20c 	lsrne.w	r2, r2, ip
1000490e:	4313      	orrne	r3, r2
10004910:	f04f 0c01 	mov.w	ip, #1
10004914:	ea4c 2c0c 	orr.w	ip, ip, ip, lsl #8
10004918:	ea4c 4c0c 	orr.w	ip, ip, ip, lsl #16
1000491c:	eba3 020c 	sub.w	r2, r3, ip
10004920:	ea22 0203 	bic.w	r2, r2, r3
10004924:	ea12 12cc 	ands.w	r2, r2, ip, lsl #7
10004928:	bf04      	itt	eq
1000492a:	f851 3b04 	ldreq.w	r3, [r1], #4
1000492e:	3004      	addeq	r0, #4
10004930:	d0f4      	beq.n	1000491c <strlen+0x30>
10004932:	f1c2 0100 	rsb	r1, r2, #0
10004936:	ea02 0201 	and.w	r2, r2, r1
1000493a:	fab2 f282 	clz	r2, r2
1000493e:	f1c2 021f 	rsb	r2, r2, #31
10004942:	eb00 00d2 	add.w	r0, r0, r2, lsr #3
10004946:	4770      	bx	lr

10004948 <_malloc_trim_r>:
10004948:	e92d 43f8 	stmdb	sp!, {r3, r4, r5, r6, r7, r8, r9, lr}
1000494c:	4606      	mov	r6, r0
1000494e:	f8df 80ac 	ldr.w	r8, [pc, #172]	@ 100049fc <_malloc_trim_r+0xb4>
10004952:	2008      	movs	r0, #8
10004954:	4689      	mov	r9, r1
10004956:	f7ff ffbb 	bl	100048d0 <sysconf>
1000495a:	4605      	mov	r5, r0
1000495c:	4630      	mov	r0, r6
1000495e:	f7ff ff8f 	bl	10004880 <__malloc_lock>
10004962:	f8d8 3008 	ldr.w	r3, [r8, #8]
10004966:	685f      	ldr	r7, [r3, #4]
10004968:	f027 0703 	bic.w	r7, r7, #3
1000496c:	f1a7 0411 	sub.w	r4, r7, #17
10004970:	eba4 0409 	sub.w	r4, r4, r9
10004974:	442c      	add	r4, r5
10004976:	fbb4 f4f5 	udiv	r4, r4, r5
1000497a:	3c01      	subs	r4, #1
1000497c:	fb05 f404 	mul.w	r4, r5, r4
10004980:	42a5      	cmp	r5, r4
10004982:	dc08      	bgt.n	10004996 <_malloc_trim_r+0x4e>
10004984:	2100      	movs	r1, #0
10004986:	4630      	mov	r0, r6
10004988:	f7ff ff86 	bl	10004898 <_sbrk_r>
1000498c:	f8d8 3008 	ldr.w	r3, [r8, #8]
10004990:	443b      	add	r3, r7
10004992:	4298      	cmp	r0, r3
10004994:	d005      	beq.n	100049a2 <_malloc_trim_r+0x5a>
10004996:	4630      	mov	r0, r6
10004998:	f7ff ff78 	bl	1000488c <__malloc_unlock>
1000499c:	2000      	movs	r0, #0
1000499e:	e8bd 83f8 	ldmia.w	sp!, {r3, r4, r5, r6, r7, r8, r9, pc}
100049a2:	4261      	negs	r1, r4
100049a4:	4630      	mov	r0, r6
100049a6:	f7ff ff77 	bl	10004898 <_sbrk_r>
100049aa:	3001      	adds	r0, #1
100049ac:	d00f      	beq.n	100049ce <_malloc_trim_r+0x86>
100049ae:	1b3f      	subs	r7, r7, r4
100049b0:	4a10      	ldr	r2, [pc, #64]	@ (100049f4 <_malloc_trim_r+0xac>)
100049b2:	f8d8 3008 	ldr.w	r3, [r8, #8]
100049b6:	4630      	mov	r0, r6
100049b8:	f047 0701 	orr.w	r7, r7, #1
100049bc:	605f      	str	r7, [r3, #4]
100049be:	6813      	ldr	r3, [r2, #0]
100049c0:	1b1b      	subs	r3, r3, r4
100049c2:	6013      	str	r3, [r2, #0]
100049c4:	f7ff ff62 	bl	1000488c <__malloc_unlock>
100049c8:	2001      	movs	r0, #1
100049ca:	e8bd 83f8 	ldmia.w	sp!, {r3, r4, r5, r6, r7, r8, r9, pc}
100049ce:	2100      	movs	r1, #0
100049d0:	4630      	mov	r0, r6
100049d2:	f7ff ff61 	bl	10004898 <_sbrk_r>
100049d6:	f8d8 2008 	ldr.w	r2, [r8, #8]
100049da:	1a83      	subs	r3, r0, r2
100049dc:	2b0f      	cmp	r3, #15
100049de:	ddda      	ble.n	10004996 <_malloc_trim_r+0x4e>
100049e0:	f043 0301 	orr.w	r3, r3, #1
100049e4:	4903      	ldr	r1, [pc, #12]	@ (100049f4 <_malloc_trim_r+0xac>)
100049e6:	6053      	str	r3, [r2, #4]
100049e8:	4b03      	ldr	r3, [pc, #12]	@ (100049f8 <_malloc_trim_r+0xb0>)
100049ea:	681b      	ldr	r3, [r3, #0]
100049ec:	1ac0      	subs	r0, r0, r3
100049ee:	6008      	str	r0, [r1, #0]
100049f0:	e7d1      	b.n	10004996 <_malloc_trim_r+0x4e>
100049f2:	bf00      	nop
100049f4:	200017bc 	.word	0x200017bc
100049f8:	200010c8 	.word	0x200010c8
100049fc:	200010d0 	.word	0x200010d0

10004a00 <_free_r>:
10004a00:	2900      	cmp	r1, #0
10004a02:	d05a      	beq.n	10004aba <_free_r+0xba>
10004a04:	b5f8      	push	{r3, r4, r5, r6, r7, lr}
10004a06:	460c      	mov	r4, r1
10004a08:	4607      	mov	r7, r0
10004a0a:	f7ff ff39 	bl	10004880 <__malloc_lock>
10004a0e:	4d73      	ldr	r5, [pc, #460]	@ (10004bdc <_free_r+0x1dc>)
10004a10:	f854 cc04 	ldr.w	ip, [r4, #-4]
10004a14:	f1a4 0208 	sub.w	r2, r4, #8
10004a18:	68a8      	ldr	r0, [r5, #8]
10004a1a:	f02c 0301 	bic.w	r3, ip, #1
10004a1e:	f00c 0e01 	and.w	lr, ip, #1
10004a22:	18d1      	adds	r1, r2, r3
10004a24:	684e      	ldr	r6, [r1, #4]
10004a26:	4288      	cmp	r0, r1
10004a28:	f026 0603 	bic.w	r6, r6, #3
10004a2c:	d07c      	beq.n	10004b28 <_free_r+0x128>
10004a2e:	1988      	adds	r0, r1, r6
10004a30:	604e      	str	r6, [r1, #4]
10004a32:	6840      	ldr	r0, [r0, #4]
10004a34:	f000 0001 	and.w	r0, r0, #1
10004a38:	f1be 0f00 	cmp.w	lr, #0
10004a3c:	d12e      	bne.n	10004a9c <_free_r+0x9c>
10004a3e:	f854 4c08 	ldr.w	r4, [r4, #-8]
10004a42:	f105 0c08 	add.w	ip, r5, #8
10004a46:	1b12      	subs	r2, r2, r4
10004a48:	4423      	add	r3, r4
10004a4a:	6894      	ldr	r4, [r2, #8]
10004a4c:	4564      	cmp	r4, ip
10004a4e:	d060      	beq.n	10004b12 <_free_r+0x112>
10004a50:	f8d2 e00c 	ldr.w	lr, [r2, #12]
10004a54:	f8c4 e00c 	str.w	lr, [r4, #12]
10004a58:	f8ce 4008 	str.w	r4, [lr, #8]
10004a5c:	2800      	cmp	r0, #0
10004a5e:	d07d      	beq.n	10004b5c <_free_r+0x15c>
10004a60:	f043 0001 	orr.w	r0, r3, #1
10004a64:	6050      	str	r0, [r2, #4]
10004a66:	600b      	str	r3, [r1, #0]
10004a68:	f5b3 7f00 	cmp.w	r3, #512	@ 0x200
10004a6c:	d22e      	bcs.n	10004acc <_free_r+0xcc>
10004a6e:	0958      	lsrs	r0, r3, #5
10004a70:	08d9      	lsrs	r1, r3, #3
10004a72:	2301      	movs	r3, #1
10004a74:	4083      	lsls	r3, r0
10004a76:	6868      	ldr	r0, [r5, #4]
10004a78:	3101      	adds	r1, #1
10004a7a:	4303      	orrs	r3, r0
10004a7c:	f855 0031 	ldr.w	r0, [r5, r1, lsl #3]
10004a80:	606b      	str	r3, [r5, #4]
10004a82:	eb05 03c1 	add.w	r3, r5, r1, lsl #3
10004a86:	3b08      	subs	r3, #8
10004a88:	e9c2 0302 	strd	r0, r3, [r2, #8]
10004a8c:	f845 2031 	str.w	r2, [r5, r1, lsl #3]
10004a90:	60c2      	str	r2, [r0, #12]
10004a92:	4638      	mov	r0, r7
10004a94:	e8bd 40f8 	ldmia.w	sp!, {r3, r4, r5, r6, r7, lr}
10004a98:	f7ff bef8 	b.w	1000488c <__malloc_unlock>
10004a9c:	b970      	cbnz	r0, 10004abc <_free_r+0xbc>
10004a9e:	4433      	add	r3, r6
10004aa0:	f105 0c08 	add.w	ip, r5, #8
10004aa4:	6888      	ldr	r0, [r1, #8]
10004aa6:	f043 0401 	orr.w	r4, r3, #1
10004aaa:	4560      	cmp	r0, ip
10004aac:	d06e      	beq.n	10004b8c <_free_r+0x18c>
10004aae:	68c9      	ldr	r1, [r1, #12]
10004ab0:	60c1      	str	r1, [r0, #12]
10004ab2:	6088      	str	r0, [r1, #8]
10004ab4:	6054      	str	r4, [r2, #4]
10004ab6:	50d3      	str	r3, [r2, r3]
10004ab8:	e7d6      	b.n	10004a68 <_free_r+0x68>
10004aba:	4770      	bx	lr
10004abc:	f04c 0101 	orr.w	r1, ip, #1
10004ac0:	f5b3 7f00 	cmp.w	r3, #512	@ 0x200
10004ac4:	f844 1c04 	str.w	r1, [r4, #-4]
10004ac8:	50d3      	str	r3, [r2, r3]
10004aca:	d3d0      	bcc.n	10004a6e <_free_r+0x6e>
10004acc:	f5b3 6f20 	cmp.w	r3, #2560	@ 0xa00
10004ad0:	ea4f 2153 	mov.w	r1, r3, lsr #9
10004ad4:	d244      	bcs.n	10004b60 <_free_r+0x160>
10004ad6:	0999      	lsrs	r1, r3, #6
10004ad8:	f101 0039 	add.w	r0, r1, #57	@ 0x39
10004adc:	f101 0438 	add.w	r4, r1, #56	@ 0x38
10004ae0:	00c1      	lsls	r1, r0, #3
10004ae2:	1868      	adds	r0, r5, r1
10004ae4:	5869      	ldr	r1, [r5, r1]
10004ae6:	3808      	subs	r0, #8
10004ae8:	4288      	cmp	r0, r1
10004aea:	d103      	bne.n	10004af4 <_free_r+0xf4>
10004aec:	e055      	b.n	10004b9a <_free_r+0x19a>
10004aee:	6889      	ldr	r1, [r1, #8]
10004af0:	4288      	cmp	r0, r1
10004af2:	d004      	beq.n	10004afe <_free_r+0xfe>
10004af4:	684c      	ldr	r4, [r1, #4]
10004af6:	f024 0403 	bic.w	r4, r4, #3
10004afa:	429c      	cmp	r4, r3
10004afc:	d8f7      	bhi.n	10004aee <_free_r+0xee>
10004afe:	68c8      	ldr	r0, [r1, #12]
10004b00:	e9c2 1002 	strd	r1, r0, [r2, #8]
10004b04:	6082      	str	r2, [r0, #8]
10004b06:	4638      	mov	r0, r7
10004b08:	60ca      	str	r2, [r1, #12]
10004b0a:	e8bd 40f8 	ldmia.w	sp!, {r3, r4, r5, r6, r7, lr}
10004b0e:	f7ff bebd 	b.w	1000488c <__malloc_unlock>
10004b12:	bb80      	cbnz	r0, 10004b76 <_free_r+0x176>
10004b14:	441e      	add	r6, r3
10004b16:	e9d1 1302 	ldrd	r1, r3, [r1, #8]
10004b1a:	60cb      	str	r3, [r1, #12]
10004b1c:	6099      	str	r1, [r3, #8]
10004b1e:	f046 0301 	orr.w	r3, r6, #1
10004b22:	6053      	str	r3, [r2, #4]
10004b24:	5196      	str	r6, [r2, r6]
10004b26:	e7b4      	b.n	10004a92 <_free_r+0x92>
10004b28:	441e      	add	r6, r3
10004b2a:	f1be 0f00 	cmp.w	lr, #0
10004b2e:	d107      	bne.n	10004b40 <_free_r+0x140>
10004b30:	f854 3c08 	ldr.w	r3, [r4, #-8]
10004b34:	1ad2      	subs	r2, r2, r3
10004b36:	441e      	add	r6, r3
10004b38:	e9d2 1302 	ldrd	r1, r3, [r2, #8]
10004b3c:	60cb      	str	r3, [r1, #12]
10004b3e:	6099      	str	r1, [r3, #8]
10004b40:	f046 0301 	orr.w	r3, r6, #1
10004b44:	6053      	str	r3, [r2, #4]
10004b46:	4b26      	ldr	r3, [pc, #152]	@ (10004be0 <_free_r+0x1e0>)
10004b48:	60aa      	str	r2, [r5, #8]
10004b4a:	681b      	ldr	r3, [r3, #0]
10004b4c:	42b3      	cmp	r3, r6
10004b4e:	d8a0      	bhi.n	10004a92 <_free_r+0x92>
10004b50:	4b24      	ldr	r3, [pc, #144]	@ (10004be4 <_free_r+0x1e4>)
10004b52:	4638      	mov	r0, r7
10004b54:	6819      	ldr	r1, [r3, #0]
10004b56:	f7ff fef7 	bl	10004948 <_malloc_trim_r>
10004b5a:	e79a      	b.n	10004a92 <_free_r+0x92>
10004b5c:	4433      	add	r3, r6
10004b5e:	e7a1      	b.n	10004aa4 <_free_r+0xa4>
10004b60:	2914      	cmp	r1, #20
10004b62:	d90d      	bls.n	10004b80 <_free_r+0x180>
10004b64:	2954      	cmp	r1, #84	@ 0x54
10004b66:	d81f      	bhi.n	10004ba8 <_free_r+0x1a8>
10004b68:	0b19      	lsrs	r1, r3, #12
10004b6a:	f101 006f 	add.w	r0, r1, #111	@ 0x6f
10004b6e:	f101 046e 	add.w	r4, r1, #110	@ 0x6e
10004b72:	00c1      	lsls	r1, r0, #3
10004b74:	e7b5      	b.n	10004ae2 <_free_r+0xe2>
10004b76:	f043 0001 	orr.w	r0, r3, #1
10004b7a:	6050      	str	r0, [r2, #4]
10004b7c:	600b      	str	r3, [r1, #0]
10004b7e:	e788      	b.n	10004a92 <_free_r+0x92>
10004b80:	f101 005c 	add.w	r0, r1, #92	@ 0x5c
10004b84:	f101 045b 	add.w	r4, r1, #91	@ 0x5b
10004b88:	00c1      	lsls	r1, r0, #3
10004b8a:	e7aa      	b.n	10004ae2 <_free_r+0xe2>
10004b8c:	e9c5 2204 	strd	r2, r2, [r5, #16]
10004b90:	e9c2 cc02 	strd	ip, ip, [r2, #8]
10004b94:	6054      	str	r4, [r2, #4]
10004b96:	50d3      	str	r3, [r2, r3]
10004b98:	e77b      	b.n	10004a92 <_free_r+0x92>
10004b9a:	10a4      	asrs	r4, r4, #2
10004b9c:	2301      	movs	r3, #1
10004b9e:	40a3      	lsls	r3, r4
10004ba0:	686c      	ldr	r4, [r5, #4]
10004ba2:	4323      	orrs	r3, r4
10004ba4:	606b      	str	r3, [r5, #4]
10004ba6:	e7ab      	b.n	10004b00 <_free_r+0x100>
10004ba8:	f5b1 7faa 	cmp.w	r1, #340	@ 0x154
10004bac:	d806      	bhi.n	10004bbc <_free_r+0x1bc>
10004bae:	0bd9      	lsrs	r1, r3, #15
10004bb0:	f101 0078 	add.w	r0, r1, #120	@ 0x78
10004bb4:	f101 0477 	add.w	r4, r1, #119	@ 0x77
10004bb8:	00c1      	lsls	r1, r0, #3
10004bba:	e792      	b.n	10004ae2 <_free_r+0xe2>
10004bbc:	f240 5054 	movw	r0, #1364	@ 0x554
10004bc0:	4281      	cmp	r1, r0
10004bc2:	d806      	bhi.n	10004bd2 <_free_r+0x1d2>
10004bc4:	0c99      	lsrs	r1, r3, #18
10004bc6:	f101 007d 	add.w	r0, r1, #125	@ 0x7d
10004bca:	f101 047c 	add.w	r4, r1, #124	@ 0x7c
10004bce:	00c1      	lsls	r1, r0, #3
10004bd0:	e787      	b.n	10004ae2 <_free_r+0xe2>
10004bd2:	f44f 717e 	mov.w	r1, #1016	@ 0x3f8
10004bd6:	247e      	movs	r4, #126	@ 0x7e
10004bd8:	e783      	b.n	10004ae2 <_free_r+0xe2>
10004bda:	bf00      	nop
10004bdc:	200010d0 	.word	0x200010d0
10004be0:	200010cc 	.word	0x200010cc
10004be4:	200017ec 	.word	0x200017ec

10004be8 <__memset_veneer>:
10004be8:	f85f f000 	ldr.w	pc, [pc]	@ 10004bec <__memset_veneer+0x4>
10004bec:	20000e55 	.word	0x20000e55

10004bf0 <__mutex_exit_veneer>:
10004bf0:	f85f f000 	ldr.w	pc, [pc]	@ 10004bf4 <__mutex_exit_veneer+0x4>
10004bf4:	200002f1 	.word	0x200002f1

10004bf8 <__e15_is_bulkin_ep_veneer>:
10004bf8:	f85f f000 	ldr.w	pc, [pc]	@ 10004bfc <__e15_is_bulkin_ep_veneer+0x4>
10004bfc:	20000afd 	.word	0x20000afd

10004c00 <__e15_is_critical_frame_period_veneer>:
10004c00:	f85f f000 	ldr.w	pc, [pc]	@ 10004c04 <__e15_is_critical_frame_period_veneer+0x4>
10004c04:	20000b25 	.word	0x20000b25

10004c08 <__reset_non_control_endpoints_veneer>:
10004c08:	f85f f000 	ldr.w	pc, [pc]	@ 10004c0c <__reset_non_control_endpoints_veneer+0x4>
10004c0c:	20000339 	.word	0x20000339

10004c10 <___hw_endpoint_buffer_control_update32_veneer>:
10004c10:	f85f f000 	ldr.w	pc, [pc]	@ 10004c14 <___hw_endpoint_buffer_control_update32_veneer+0x4>
10004c14:	20000b59 	.word	0x20000b59

10004c18 <__memcpy_veneer>:
10004c18:	f85f f000 	ldr.w	pc, [pc]	@ 10004c1c <__memcpy_veneer+0x4>
10004c1c:	20000ef1 	.word	0x20000ef1

10004c20 <__mutex_try_enter_veneer>:
10004c20:	f85f f000 	ldr.w	pc, [pc]	@ 10004c24 <__mutex_try_enter_veneer+0x4>
10004c24:	2000019d 	.word	0x2000019d

10004c28 <__hw_endpoint_start_next_buffer_veneer>:
10004c28:	f85f f000 	ldr.w	pc, [pc]	@ 10004c2c <__hw_endpoint_start_next_buffer_veneer+0x4>
10004c2c:	20000b9d 	.word	0x20000b9d

10004c30 <__mutex_enter_blocking_veneer>:
10004c30:	f85f f000 	ldr.w	pc, [pc]	@ 10004c34 <__mutex_enter_blocking_veneer+0x4>
10004c34:	20000111 	.word	0x20000111

10004c38 <__mutex_try_enter_block_until_veneer>:
10004c38:	f85f f000 	ldr.w	pc, [pc]	@ 10004c3c <__mutex_try_enter_block_until_veneer+0x4>
10004c3c:	20000281 	.word	0x20000281

10004c40 <__mutex_enter_timeout_ms_veneer>:
10004c40:	f85f f000 	ldr.w	pc, [pc]	@ 10004c44 <__mutex_enter_timeout_ms_veneer+0x4>
10004c44:	200002b9 	.word	0x200002b9

10004c48 <__pre_init_runtime_init_bootrom_reset>:
10004c48:	1000182d                                -...

10004c4c <__pre_init_runtime_init_early_resets>:
10004c4c:	100017a1                                ....

10004c50 <__pre_init_runtime_init_usb_power_down>:
10004c50:	100017d5                                ....

10004c54 <__pre_init_runtime_init_clocks>:
10004c54:	100018bd                                ....

10004c58 <__pre_init_runtime_init_post_clock_resets>:
10004c58:	1000180d                                ....

10004c5c <__pre_init_runtime_init_boot_locks_reset>:
10004c5c:	10001705                                ....

10004c60 <__pre_init_runtime_init_spin_locks_reset>:
10004c60:	10001855                                U...

10004c64 <__pre_init_runtime_init_bootrom_locking_enable>:
10004c64:	100016f1                                ....

10004c68 <__pre_init_runtime_init_mutex>:
10004c68:	1000097d                                }...

10004c6c <__pre_init_runtime_init_install_ram_vector_table>:
10004c6c:	10001859                                Y...

10004c70 <__pre_init_runtime_init_default_alarm_pool>:
10004c70:	10000d51                                Q...

10004c74 <__pre_init_first_per_core_initializer>:
10004c74:	10001751                                Q...

10004c78 <__pre_init_runtime_init_per_core_bootrom_reset>:
10004c78:	10001841                                A...

10004c7c <__pre_init_runtime_init_per_core_enable_coprocessors>:
10004c7c:	100017f1                                ....

10004c80 <__pre_init_spinlock_set_extexclall>:
10004c80:	10000571                                q...

10004c84 <__pre_init_runtime_init_per_core_irq_priorities>:
10004c84:	10000599                                ....

10004c88 <__pre_init_runtime_init_per_core_tls_setup>:
10004c88:	10003fad                                .?..

10004c8c <__init_array_start>:
10004c8c:	100021a1 	.word	0x100021a1

Disassembly of section .data:

20000110 <mutex_enter_blocking>:
20000110:	f04f 4350 	mov.w	r3, #3489660928	@ 0xd0000000
20000114:	b530      	push	{r4, r5, lr}
20000116:	6802      	ldr	r2, [r0, #0]
20000118:	f993 e000 	ldrsb.w	lr, [r3]
2000011c:	f3ef 8310 	mrs	r3, PRIMASK
20000120:	b672      	cpsid	i
20000122:	e8d2 4fcf 	ldaexb	r4, [r2]
20000126:	2101      	movs	r1, #1
20000128:	2c00      	cmp	r4, #0
2000012a:	d1fa      	bne.n	20000122 <mutex_enter_blocking+0x12>
2000012c:	e8c2 1f44 	strexb	r4, r1, [r2]
20000130:	2c00      	cmp	r4, #0
20000132:	d1f6      	bne.n	20000122 <mutex_enter_blocking+0x12>
20000134:	f3bf 8f5f 	dmb	sy
20000138:	f990 2004 	ldrsb.w	r2, [r0, #4]
2000013c:	2a00      	cmp	r2, #0
2000013e:	db21      	blt.n	20000184 <mutex_enter_blocking+0x74>
20000140:	f04f 0c00 	mov.w	ip, #0
20000144:	4c14      	ldr	r4, [pc, #80]	@ (20000198 <mutex_enter_blocking+0x88>)
20000146:	7822      	ldrb	r2, [r4, #0]
20000148:	6801      	ldr	r1, [r0, #0]
2000014a:	b2d2      	uxtb	r2, r2
2000014c:	e8c1 cf8f 	stlb	ip, [r1]
20000150:	f383 8810 	msr	PRIMASK, r3
20000154:	7823      	ldrb	r3, [r4, #0]
20000156:	4293      	cmp	r3, r2
20000158:	d100      	bne.n	2000015c <mutex_enter_blocking+0x4c>
2000015a:	bf20      	wfe
2000015c:	bf20      	wfe
2000015e:	6802      	ldr	r2, [r0, #0]
20000160:	f3ef 8310 	mrs	r3, PRIMASK
20000164:	b672      	cpsid	i
20000166:	e8d2 5fcf 	ldaexb	r5, [r2]
2000016a:	2101      	movs	r1, #1
2000016c:	2d00      	cmp	r5, #0
2000016e:	d1fa      	bne.n	20000166 <mutex_enter_blocking+0x56>
20000170:	e8c2 1f45 	strexb	r5, r1, [r2]
20000174:	2d00      	cmp	r5, #0
20000176:	d1f6      	bne.n	20000166 <mutex_enter_blocking+0x56>
20000178:	f3bf 8f5f 	dmb	sy
2000017c:	f990 2004 	ldrsb.w	r2, [r0, #4]
20000180:	2a00      	cmp	r2, #0
20000182:	dae0      	bge.n	20000146 <mutex_enter_blocking+0x36>
20000184:	2200      	movs	r2, #0
20000186:	6801      	ldr	r1, [r0, #0]
20000188:	f880 e004 	strb.w	lr, [r0, #4]
2000018c:	e8c1 2f8f 	stlb	r2, [r1]
20000190:	f383 8810 	msr	PRIMASK, r3
20000194:	bd30      	pop	{r4, r5, pc}
20000196:	bf00      	nop
20000198:	20002112 	.word	0x20002112

2000019c <mutex_try_enter>:
2000019c:	4603      	mov	r3, r0
2000019e:	b500      	push	{lr}
200001a0:	6802      	ldr	r2, [r0, #0]
200001a2:	f3ef 8c10 	mrs	ip, PRIMASK
200001a6:	b672      	cpsid	i
200001a8:	e8d2 efcf 	ldaexb	lr, [r2]
200001ac:	2001      	movs	r0, #1
200001ae:	f1be 0f00 	cmp.w	lr, #0
200001b2:	d1f9      	bne.n	200001a8 <mutex_try_enter+0xc>
200001b4:	e8c2 0f4e 	strexb	lr, r0, [r2]
200001b8:	f1be 0f00 	cmp.w	lr, #0
200001bc:	d1f4      	bne.n	200001a8 <mutex_try_enter+0xc>
200001be:	f3bf 8f5f 	dmb	sy
200001c2:	f993 2004 	ldrsb.w	r2, [r3, #4]
200001c6:	2a00      	cmp	r2, #0
200001c8:	db0a      	blt.n	200001e0 <mutex_try_enter+0x44>
200001ca:	b101      	cbz	r1, 200001ce <mutex_try_enter+0x32>
200001cc:	600a      	str	r2, [r1, #0]
200001ce:	2000      	movs	r0, #0
200001d0:	2200      	movs	r2, #0
200001d2:	681b      	ldr	r3, [r3, #0]
200001d4:	e8c3 2f8f 	stlb	r2, [r3]
200001d8:	f38c 8810 	msr	PRIMASK, ip
200001dc:	f85d fb04 	ldr.w	pc, [sp], #4
200001e0:	f04f 4250 	mov.w	r2, #3489660928	@ 0xd0000000
200001e4:	6812      	ldr	r2, [r2, #0]
200001e6:	2001      	movs	r0, #1
200001e8:	711a      	strb	r2, [r3, #4]
200001ea:	e7f1      	b.n	200001d0 <mutex_try_enter+0x34>

200001ec <mutex_enter_block_until>:
200001ec:	f04f 4150 	mov.w	r1, #3489660928	@ 0xd0000000
200001f0:	e92d 43f8 	stmdb	sp!, {r3, r4, r5, r6, r7, r8, r9, lr}
200001f4:	2700      	movs	r7, #0
200001f6:	4604      	mov	r4, r0
200001f8:	4616      	mov	r6, r2
200001fa:	461d      	mov	r5, r3
200001fc:	f8df 907c 	ldr.w	r9, [pc, #124]	@ 2000027c <mutex_enter_block_until+0x90>
20000200:	f8d1 8000 	ldr.w	r8, [r1]
20000204:	6821      	ldr	r1, [r4, #0]
20000206:	f3ef 8310 	mrs	r3, PRIMASK
2000020a:	b672      	cpsid	i
2000020c:	e8d1 0fcf 	ldaexb	r0, [r1]
20000210:	2201      	movs	r2, #1
20000212:	2800      	cmp	r0, #0
20000214:	d1fa      	bne.n	2000020c <mutex_enter_block_until+0x20>
20000216:	e8c1 2f40 	strexb	r0, r2, [r1]
2000021a:	2800      	cmp	r0, #0
2000021c:	d1f6      	bne.n	2000020c <mutex_enter_block_until+0x20>
2000021e:	f3bf 8f5f 	dmb	sy
20000222:	f994 1004 	ldrsb.w	r1, [r4, #4]
20000226:	6822      	ldr	r2, [r4, #0]
20000228:	2900      	cmp	r1, #0
2000022a:	db1c      	blt.n	20000266 <mutex_enter_block_until+0x7a>
2000022c:	f899 c000 	ldrb.w	ip, [r9]
20000230:	fa5f fc8c 	uxtb.w	ip, ip
20000234:	e8c2 7f8f 	stlb	r7, [r2]
20000238:	f383 8810 	msr	PRIMASK, r3
2000023c:	f899 3000 	ldrb.w	r3, [r9]
20000240:	4563      	cmp	r3, ip
20000242:	d008      	beq.n	20000256 <mutex_enter_block_until+0x6a>
20000244:	4630      	mov	r0, r6
20000246:	4629      	mov	r1, r5
20000248:	f000 fed6 	bl	20000ff8 <__best_effort_wfe_or_timeout_veneer>
2000024c:	2800      	cmp	r0, #0
2000024e:	d0d9      	beq.n	20000204 <mutex_enter_block_until+0x18>
20000250:	2000      	movs	r0, #0
20000252:	e8bd 83f8 	ldmia.w	sp!, {r3, r4, r5, r6, r7, r8, r9, pc}
20000256:	bf20      	wfe
20000258:	4630      	mov	r0, r6
2000025a:	4629      	mov	r1, r5
2000025c:	f000 fecc 	bl	20000ff8 <__best_effort_wfe_or_timeout_veneer>
20000260:	2800      	cmp	r0, #0
20000262:	d0cf      	beq.n	20000204 <mutex_enter_block_until+0x18>
20000264:	e7f4      	b.n	20000250 <mutex_enter_block_until+0x64>
20000266:	2100      	movs	r1, #0
20000268:	f884 8004 	strb.w	r8, [r4, #4]
2000026c:	e8c2 1f8f 	stlb	r1, [r2]
20000270:	f383 8810 	msr	PRIMASK, r3
20000274:	2001      	movs	r0, #1
20000276:	e8bd 83f8 	ldmia.w	sp!, {r3, r4, r5, r6, r7, r8, r9, pc}
2000027a:	bf00      	nop
2000027c:	20002112 	.word	0x20002112

20000280 <mutex_try_enter_block_until>:
20000280:	b570      	push	{r4, r5, r6, lr}
20000282:	b082      	sub	sp, #8
20000284:	a901      	add	r1, sp, #4
20000286:	4606      	mov	r6, r0
20000288:	4615      	mov	r5, r2
2000028a:	461c      	mov	r4, r3
2000028c:	f7ff ff86 	bl	2000019c <mutex_try_enter>
20000290:	b938      	cbnz	r0, 200002a2 <mutex_try_enter_block_until+0x22>
20000292:	f04f 4350 	mov.w	r3, #3489660928	@ 0xd0000000
20000296:	f99d 2004 	ldrsb.w	r2, [sp, #4]
2000029a:	f993 3000 	ldrsb.w	r3, [r3]
2000029e:	429a      	cmp	r2, r3
200002a0:	d101      	bne.n	200002a6 <mutex_try_enter_block_until+0x26>
200002a2:	b002      	add	sp, #8
200002a4:	bd70      	pop	{r4, r5, r6, pc}
200002a6:	462a      	mov	r2, r5
200002a8:	4623      	mov	r3, r4
200002aa:	4630      	mov	r0, r6
200002ac:	b002      	add	sp, #8
200002ae:	e8bd 4070 	ldmia.w	sp!, {r4, r5, r6, lr}
200002b2:	f7ff bf9b 	b.w	200001ec <mutex_enter_block_until>
200002b6:	bf00      	nop

200002b8 <mutex_enter_timeout_ms>:
200002b8:	b570      	push	{r4, r5, r6, lr}
200002ba:	4605      	mov	r5, r0
200002bc:	460c      	mov	r4, r1
200002be:	f000 fe8f 	bl	20000fe0 <__time_us_64_veneer>
200002c2:	4602      	mov	r2, r0
200002c4:	460b      	mov	r3, r1
200002c6:	f44f 707a 	mov.w	r0, #1000	@ 0x3e8
200002ca:	f04f 3eff 	mov.w	lr, #4294967295
200002ce:	f06f 4c00 	mvn.w	ip, #2147483648	@ 0x80000000
200002d2:	fbe4 2300 	umlal	r2, r3, r4, r0
200002d6:	4596      	cmp	lr, r2
200002d8:	eb7c 0103 	sbcs.w	r1, ip, r3
200002dc:	bf38      	it	cc
200002de:	4672      	movcc	r2, lr
200002e0:	4628      	mov	r0, r5
200002e2:	e8bd 4070 	ldmia.w	sp!, {r4, r5, r6, lr}
200002e6:	bf38      	it	cc
200002e8:	4663      	movcc	r3, ip
200002ea:	f7ff bf7f 	b.w	200001ec <mutex_enter_block_until>
200002ee:	bf00      	nop

200002f0 <mutex_exit>:
200002f0:	6803      	ldr	r3, [r0, #0]
200002f2:	f3ef 8110 	mrs	r1, PRIMASK
200002f6:	b672      	cpsid	i
200002f8:	e8d3 cfcf 	ldaexb	ip, [r3]
200002fc:	2201      	movs	r2, #1
200002fe:	f1bc 0f00 	cmp.w	ip, #0
20000302:	d1f9      	bne.n	200002f8 <mutex_exit+0x8>
20000304:	e8c3 2f4c 	strexb	ip, r2, [r3]
20000308:	f1bc 0f00 	cmp.w	ip, #0
2000030c:	d1f4      	bne.n	200002f8 <mutex_exit+0x8>
2000030e:	f3bf 8f5f 	dmb	sy
20000312:	f04f 0cff 	mov.w	ip, #255	@ 0xff
20000316:	4a07      	ldr	r2, [pc, #28]	@ (20000334 <mutex_exit+0x44>)
20000318:	f880 c004 	strb.w	ip, [r0, #4]
2000031c:	7813      	ldrb	r3, [r2, #0]
2000031e:	3301      	adds	r3, #1
20000320:	b2db      	uxtb	r3, r3
20000322:	7013      	strb	r3, [r2, #0]
20000324:	2300      	movs	r3, #0
20000326:	6802      	ldr	r2, [r0, #0]
20000328:	e8c2 3f8f 	stlb	r3, [r2]
2000032c:	f381 8810 	msr	PRIMASK, r1
20000330:	bf40      	sev
20000332:	4770      	bx	lr
20000334:	20002112 	.word	0x20002112

20000338 <reset_non_control_endpoints>:
20000338:	2100      	movs	r1, #0
2000033a:	b508      	push	{r3, lr}
2000033c:	4b13      	ldr	r3, [pc, #76]	@ (2000038c <reset_non_control_endpoints+0x54>)
2000033e:	f44f 7270 	mov.w	r2, #960	@ 0x3c0
20000342:	6099      	str	r1, [r3, #8]
20000344:	4812      	ldr	r0, [pc, #72]	@ (20000390 <reset_non_control_endpoints+0x58>)
20000346:	60d9      	str	r1, [r3, #12]
20000348:	6119      	str	r1, [r3, #16]
2000034a:	6159      	str	r1, [r3, #20]
2000034c:	6199      	str	r1, [r3, #24]
2000034e:	61d9      	str	r1, [r3, #28]
20000350:	6219      	str	r1, [r3, #32]
20000352:	6259      	str	r1, [r3, #36]	@ 0x24
20000354:	6299      	str	r1, [r3, #40]	@ 0x28
20000356:	62d9      	str	r1, [r3, #44]	@ 0x2c
20000358:	6319      	str	r1, [r3, #48]	@ 0x30
2000035a:	6359      	str	r1, [r3, #52]	@ 0x34
2000035c:	6399      	str	r1, [r3, #56]	@ 0x38
2000035e:	63d9      	str	r1, [r3, #60]	@ 0x3c
20000360:	6419      	str	r1, [r3, #64]	@ 0x40
20000362:	6459      	str	r1, [r3, #68]	@ 0x44
20000364:	6499      	str	r1, [r3, #72]	@ 0x48
20000366:	64d9      	str	r1, [r3, #76]	@ 0x4c
20000368:	6519      	str	r1, [r3, #80]	@ 0x50
2000036a:	6559      	str	r1, [r3, #84]	@ 0x54
2000036c:	6599      	str	r1, [r3, #88]	@ 0x58
2000036e:	65d9      	str	r1, [r3, #92]	@ 0x5c
20000370:	6619      	str	r1, [r3, #96]	@ 0x60
20000372:	6659      	str	r1, [r3, #100]	@ 0x64
20000374:	6699      	str	r1, [r3, #104]	@ 0x68
20000376:	66d9      	str	r1, [r3, #108]	@ 0x6c
20000378:	6719      	str	r1, [r3, #112]	@ 0x70
2000037a:	6759      	str	r1, [r3, #116]	@ 0x74
2000037c:	6799      	str	r1, [r3, #120]	@ 0x78
2000037e:	67d9      	str	r1, [r3, #124]	@ 0x7c
20000380:	f000 fd68 	bl	20000e54 <memset>
20000384:	4b03      	ldr	r3, [pc, #12]	@ (20000394 <reset_non_control_endpoints+0x5c>)
20000386:	4a04      	ldr	r2, [pc, #16]	@ (20000398 <reset_non_control_endpoints+0x60>)
20000388:	601a      	str	r2, [r3, #0]
2000038a:	bd08      	pop	{r3, pc}
2000038c:	50100000 	.word	0x50100000
20000390:	20001ce0 	.word	0x20001ce0
20000394:	200020a8 	.word	0x200020a8
20000398:	50100180 	.word	0x50100180

2000039c <hw_handle_buff_status>:
2000039c:	e92d 4ff0 	stmdb	sp!, {r4, r5, r6, r7, r8, r9, sl, fp, lr}
200003a0:	4b1f      	ldr	r3, [pc, #124]	@ (20000420 <hw_handle_buff_status+0x84>)
200003a2:	b085      	sub	sp, #20
200003a4:	f8d3 a058 	ldr.w	sl, [r3, #88]	@ 0x58
200003a8:	f1ba 0f00 	cmp.w	sl, #0
200003ac:	d022      	beq.n	200003f4 <hw_handle_buff_status+0x58>
200003ae:	2400      	movs	r4, #0
200003b0:	2501      	movs	r5, #1
200003b2:	f44f 69e0 	mov.w	r9, #1792	@ 0x700
200003b6:	f8df 8070 	ldr.w	r8, [pc, #112]	@ 20000428 <hw_handle_buff_status+0x8c>
200003ba:	4f1a      	ldr	r7, [pc, #104]	@ (20000424 <hw_handle_buff_status+0x88>)
200003bc:	e001      	b.n	200003c2 <hw_handle_buff_status+0x26>
200003be:	2c20      	cmp	r4, #32
200003c0:	d018      	beq.n	200003f4 <hw_handle_buff_status+0x58>
200003c2:	ea0a 0205 	and.w	r2, sl, r5
200003c6:	1c61      	adds	r1, r4, #1
200003c8:	4623      	mov	r3, r4
200003ca:	46ab      	mov	fp, r5
200003cc:	b2cc      	uxtb	r4, r1
200003ce:	006d      	lsls	r5, r5, #1
200003d0:	2a00      	cmp	r2, #0
200003d2:	d0f4      	beq.n	200003be <hw_handle_buff_status+0x22>
200003d4:	f004 0201 	and.w	r2, r4, #1
200003d8:	f003 06fe 	and.w	r6, r3, #254	@ 0xfe
200003dc:	4416      	add	r6, r2
200003de:	eb07 1646 	add.w	r6, r7, r6, lsl #5
200003e2:	4630      	mov	r0, r6
200003e4:	f8c8 b058 	str.w	fp, [r8, #88]	@ 0x58
200003e8:	f000 fc0a 	bl	20000c00 <hw_endpoint_xfer_continue>
200003ec:	b928      	cbnz	r0, 200003fa <hw_handle_buff_status+0x5e>
200003ee:	ea3a 0a0b 	bics.w	sl, sl, fp
200003f2:	d1e4      	bne.n	200003be <hw_handle_buff_status+0x22>
200003f4:	b005      	add	sp, #20
200003f6:	e8bd 8ff0 	ldmia.w	sp!, {r4, r5, r6, r7, r8, r9, sl, fp, pc}
200003fa:	2300      	movs	r3, #0
200003fc:	f88d 3009 	strb.w	r3, [sp, #9]
20000400:	78b3      	ldrb	r3, [r6, #2]
20000402:	a801      	add	r0, sp, #4
20000404:	f88d 3008 	strb.w	r3, [sp, #8]
20000408:	8af3      	ldrh	r3, [r6, #22]
2000040a:	2101      	movs	r1, #1
2000040c:	f8ad 9004 	strh.w	r9, [sp, #4]
20000410:	9303      	str	r3, [sp, #12]
20000412:	f000 fc13 	bl	20000c3c <dcd_event_handler>
20000416:	4630      	mov	r0, r6
20000418:	f000 fb98 	bl	20000b4c <hw_endpoint_reset_transfer>
2000041c:	e7e7      	b.n	200003ee <hw_handle_buff_status+0x52>
2000041e:	bf00      	nop
20000420:	50110000 	.word	0x50110000
20000424:	20001ca0 	.word	0x20001ca0
20000428:	50113000 	.word	0x50113000

2000042c <dcd_rp2040_irq>:
2000042c:	b5f0      	push	{r4, r5, r6, r7, lr}
2000042e:	4bbb      	ldr	r3, [pc, #748]	@ (2000071c <dcd_rp2040_irq+0x2f0>)
20000430:	b085      	sub	sp, #20
20000432:	f8d3 5098 	ldr.w	r5, [r3, #152]	@ 0x98
20000436:	f415 3600 	ands.w	r6, r5, #131072	@ 0x20000
2000043a:	d074      	beq.n	20000526 <dcd_rp2040_irq+0xfa>
2000043c:	4bb8      	ldr	r3, [pc, #736]	@ (20000720 <dcd_rp2040_irq+0x2f4>)
2000043e:	4cb9      	ldr	r4, [pc, #740]	@ (20000724 <dcd_rp2040_irq+0x2f8>)
20000440:	6a99      	ldr	r1, [r3, #40]	@ 0x28
20000442:	f894 303b 	ldrb.w	r3, [r4, #59]	@ 0x3b
20000446:	4ab8      	ldr	r2, [pc, #736]	@ (20000728 <dcd_rp2040_irq+0x2fc>)
20000448:	2b02      	cmp	r3, #2
2000044a:	6011      	str	r1, [r2, #0]
2000044c:	f000 80d4 	beq.w	200005f8 <dcd_rp2040_irq+0x1cc>
20000450:	2600      	movs	r6, #0
20000452:	f894 307b 	ldrb.w	r3, [r4, #123]	@ 0x7b
20000456:	2b02      	cmp	r3, #2
20000458:	f000 813b 	beq.w	200006d2 <dcd_rp2040_irq+0x2a6>
2000045c:	f894 30bb 	ldrb.w	r3, [r4, #187]	@ 0xbb
20000460:	2b02      	cmp	r3, #2
20000462:	f000 817d 	beq.w	20000760 <dcd_rp2040_irq+0x334>
20000466:	f894 30fb 	ldrb.w	r3, [r4, #251]	@ 0xfb
2000046a:	2b02      	cmp	r3, #2
2000046c:	f000 816c 	beq.w	20000748 <dcd_rp2040_irq+0x31c>
20000470:	f894 313b 	ldrb.w	r3, [r4, #315]	@ 0x13b
20000474:	2b02      	cmp	r3, #2
20000476:	f000 8144 	beq.w	20000702 <dcd_rp2040_irq+0x2d6>
2000047a:	f894 317b 	ldrb.w	r3, [r4, #379]	@ 0x17b
2000047e:	2b02      	cmp	r3, #2
20000480:	f000 8133 	beq.w	200006ea <dcd_rp2040_irq+0x2be>
20000484:	f894 31bb 	ldrb.w	r3, [r4, #443]	@ 0x1bb
20000488:	2b02      	cmp	r3, #2
2000048a:	f000 81b6 	beq.w	200007fa <dcd_rp2040_irq+0x3ce>
2000048e:	f894 31fb 	ldrb.w	r3, [r4, #507]	@ 0x1fb
20000492:	2b02      	cmp	r3, #2
20000494:	f000 81a6 	beq.w	200007e4 <dcd_rp2040_irq+0x3b8>
20000498:	f894 323b 	ldrb.w	r3, [r4, #571]	@ 0x23b
2000049c:	2b02      	cmp	r3, #2
2000049e:	f000 8196 	beq.w	200007ce <dcd_rp2040_irq+0x3a2>
200004a2:	f894 327b 	ldrb.w	r3, [r4, #635]	@ 0x27b
200004a6:	2b02      	cmp	r3, #2
200004a8:	f000 8186 	beq.w	200007b8 <dcd_rp2040_irq+0x38c>
200004ac:	f894 32bb 	ldrb.w	r3, [r4, #699]	@ 0x2bb
200004b0:	2b02      	cmp	r3, #2
200004b2:	f000 8176 	beq.w	200007a2 <dcd_rp2040_irq+0x376>
200004b6:	f894 32fb 	ldrb.w	r3, [r4, #763]	@ 0x2fb
200004ba:	2b02      	cmp	r3, #2
200004bc:	f000 8166 	beq.w	2000078c <dcd_rp2040_irq+0x360>
200004c0:	f894 333b 	ldrb.w	r3, [r4, #827]	@ 0x33b
200004c4:	2b02      	cmp	r3, #2
200004c6:	f000 8156 	beq.w	20000776 <dcd_rp2040_irq+0x34a>
200004ca:	f894 337b 	ldrb.w	r3, [r4, #891]	@ 0x37b
200004ce:	2b02      	cmp	r3, #2
200004d0:	f000 80a4 	beq.w	2000061c <dcd_rp2040_irq+0x1f0>
200004d4:	f894 33bb 	ldrb.w	r3, [r4, #955]	@ 0x3bb
200004d8:	2b02      	cmp	r3, #2
200004da:	f000 8199 	beq.w	20000810 <dcd_rp2040_irq+0x3e4>
200004de:	f894 33fb 	ldrb.w	r3, [r4, #1019]	@ 0x3fb
200004e2:	2b02      	cmp	r3, #2
200004e4:	f000 80b4 	beq.w	20000650 <dcd_rp2040_irq+0x224>
200004e8:	b93e      	cbnz	r6, 200004fa <dcd_rp2040_irq+0xce>
200004ea:	4b90      	ldr	r3, [pc, #576]	@ (2000072c <dcd_rp2040_irq+0x300>)
200004ec:	781b      	ldrb	r3, [r3, #0]
200004ee:	b923      	cbnz	r3, 200004fa <dcd_rp2040_irq+0xce>
200004f0:	f44f 3200 	mov.w	r2, #131072	@ 0x20000
200004f4:	4b8e      	ldr	r3, [pc, #568]	@ (20000730 <dcd_rp2040_irq+0x304>)
200004f6:	f8c3 2090 	str.w	r2, [r3, #144]	@ 0x90
200004fa:	f44f 7240 	mov.w	r2, #768	@ 0x300
200004fe:	4b87      	ldr	r3, [pc, #540]	@ (2000071c <dcd_rp2040_irq+0x2f0>)
20000500:	2101      	movs	r1, #1
20000502:	6c9b      	ldr	r3, [r3, #72]	@ 0x48
20000504:	a801      	add	r0, sp, #4
20000506:	f3c3 030a 	ubfx	r3, r3, #0, #11
2000050a:	f8ad 2004 	strh.w	r2, [sp, #4]
2000050e:	9302      	str	r3, [sp, #8]
20000510:	f000 fb94 	bl	20000c3c <dcd_event_handler>
20000514:	06ea      	lsls	r2, r5, #27
20000516:	f44f 3600 	mov.w	r6, #131072	@ 0x20000
2000051a:	4c86      	ldr	r4, [pc, #536]	@ (20000734 <dcd_rp2040_irq+0x308>)
2000051c:	d507      	bpl.n	2000052e <dcd_rp2040_irq+0x102>
2000051e:	f7ff ff3d 	bl	2000039c <hw_handle_buff_status>
20000522:	4626      	mov	r6, r4
20000524:	e003      	b.n	2000052e <dcd_rp2040_irq+0x102>
20000526:	06ea      	lsls	r2, r5, #27
20000528:	f04f 0410 	mov.w	r4, #16
2000052c:	d4f7      	bmi.n	2000051e <dcd_rp2040_irq+0xf2>
2000052e:	03eb      	lsls	r3, r5, #15
20000530:	d522      	bpl.n	20000578 <dcd_rp2040_irq+0x14c>
20000532:	4c7c      	ldr	r4, [pc, #496]	@ (20000724 <dcd_rp2040_irq+0x2f8>)
20000534:	f446 3680 	orr.w	r6, r6, #65536	@ 0x10000
20000538:	7ea3      	ldrb	r3, [r4, #26]
2000053a:	2b00      	cmp	r3, #0
2000053c:	f040 8099 	bne.w	20000672 <dcd_rp2040_irq+0x246>
20000540:	2301      	movs	r3, #1
20000542:	f894 203a 	ldrb.w	r2, [r4, #58]	@ 0x3a
20000546:	70e3      	strb	r3, [r4, #3]
20000548:	2a00      	cmp	r2, #0
2000054a:	f040 80ad 	bne.w	200006a8 <dcd_rp2040_irq+0x27c>
2000054e:	2301      	movs	r3, #1
20000550:	f44f 61c0 	mov.w	r1, #1536	@ 0x600
20000554:	4a78      	ldr	r2, [pc, #480]	@ (20000738 <dcd_rp2040_irq+0x30c>)
20000556:	f884 3023 	strb.w	r3, [r4, #35]	@ 0x23
2000055a:	f8ad 1004 	strh.w	r1, [sp, #4]
2000055e:	e892 0003 	ldmia.w	r2, {r0, r1}
20000562:	aa04      	add	r2, sp, #16
20000564:	e902 0003 	stmdb	r2, {r0, r1}
20000568:	4619      	mov	r1, r3
2000056a:	a801      	add	r0, sp, #4
2000056c:	f000 fb66 	bl	20000c3c <dcd_event_handler>
20000570:	f44f 3200 	mov.w	r2, #131072	@ 0x20000
20000574:	4b6e      	ldr	r3, [pc, #440]	@ (20000730 <dcd_rp2040_irq+0x304>)
20000576:	651a      	str	r2, [r3, #80]	@ 0x50
20000578:	04e9      	lsls	r1, r5, #19
2000057a:	d408      	bmi.n	2000058e <dcd_rp2040_irq+0x162>
2000057c:	046a      	lsls	r2, r5, #17
2000057e:	d41d      	bmi.n	200005bc <dcd_rp2040_irq+0x190>
20000580:	042b      	lsls	r3, r5, #16
20000582:	d42a      	bmi.n	200005da <dcd_rp2040_irq+0x1ae>
20000584:	42ae      	cmp	r6, r5
20000586:	f040 81c5 	bne.w	20000914 <dcd_rp2040_irq+0x4e8>
2000058a:	b005      	add	sp, #20
2000058c:	bdf0      	pop	{r4, r5, r6, r7, pc}
2000058e:	2400      	movs	r4, #0
20000590:	4b62      	ldr	r3, [pc, #392]	@ (2000071c <dcd_rp2040_irq+0x2f0>)
20000592:	f446 5680 	orr.w	r6, r6, #4096	@ 0x1000
20000596:	601c      	str	r4, [r3, #0]
20000598:	f7ff fece 	bl	20000338 <reset_non_control_endpoints>
2000059c:	f44f 7380 	mov.w	r3, #256	@ 0x100
200005a0:	2101      	movs	r1, #1
200005a2:	a801      	add	r0, sp, #4
200005a4:	f8ad 3004 	strh.w	r3, [sp, #4]
200005a8:	f88d 4008 	strb.w	r4, [sp, #8]
200005ac:	f000 fb46 	bl	20000c3c <dcd_event_handler>
200005b0:	f44f 2200 	mov.w	r2, #524288	@ 0x80000
200005b4:	4b5e      	ldr	r3, [pc, #376]	@ (20000730 <dcd_rp2040_irq+0x304>)
200005b6:	651a      	str	r2, [r3, #80]	@ 0x50
200005b8:	046a      	lsls	r2, r5, #17
200005ba:	d5e1      	bpl.n	20000580 <dcd_rp2040_irq+0x154>
200005bc:	f44f 6380 	mov.w	r3, #1024	@ 0x400
200005c0:	2101      	movs	r1, #1
200005c2:	a801      	add	r0, sp, #4
200005c4:	f8ad 3004 	strh.w	r3, [sp, #4]
200005c8:	f000 fb38 	bl	20000c3c <dcd_event_handler>
200005cc:	2210      	movs	r2, #16
200005ce:	4b58      	ldr	r3, [pc, #352]	@ (20000730 <dcd_rp2040_irq+0x304>)
200005d0:	f446 4680 	orr.w	r6, r6, #16384	@ 0x4000
200005d4:	651a      	str	r2, [r3, #80]	@ 0x50
200005d6:	042b      	lsls	r3, r5, #16
200005d8:	d5d4      	bpl.n	20000584 <dcd_rp2040_irq+0x158>
200005da:	f44f 63a0 	mov.w	r3, #1280	@ 0x500
200005de:	2101      	movs	r1, #1
200005e0:	a801      	add	r0, sp, #4
200005e2:	f8ad 3004 	strh.w	r3, [sp, #4]
200005e6:	f000 fb29 	bl	20000c3c <dcd_event_handler>
200005ea:	f44f 6200 	mov.w	r2, #2048	@ 0x800
200005ee:	4b50      	ldr	r3, [pc, #320]	@ (20000730 <dcd_rp2040_irq+0x304>)
200005f0:	f446 4600 	orr.w	r6, r6, #32768	@ 0x8000
200005f4:	651a      	str	r2, [r3, #80]	@ 0x50
200005f6:	e7c5      	b.n	20000584 <dcd_rp2040_irq+0x158>
200005f8:	f894 603a 	ldrb.w	r6, [r4, #58]	@ 0x3a
200005fc:	2e00      	cmp	r6, #0
200005fe:	f43f af28 	beq.w	20000452 <dcd_rp2040_irq+0x26>
20000602:	f894 303c 	ldrb.w	r3, [r4, #60]	@ 0x3c
20000606:	2b00      	cmp	r3, #0
20000608:	f43f af23 	beq.w	20000452 <dcd_rp2040_irq+0x26>
2000060c:	2300      	movs	r3, #0
2000060e:	f104 0020 	add.w	r0, r4, #32
20000612:	f884 303c 	strb.w	r3, [r4, #60]	@ 0x3c
20000616:	f000 fac1 	bl	20000b9c <hw_endpoint_start_next_buffer>
2000061a:	e71a      	b.n	20000452 <dcd_rp2040_irq+0x26>
2000061c:	f894 737a 	ldrb.w	r7, [r4, #890]	@ 0x37a
20000620:	2f00      	cmp	r7, #0
20000622:	f43f af57 	beq.w	200004d4 <dcd_rp2040_irq+0xa8>
20000626:	f894 337c 	ldrb.w	r3, [r4, #892]	@ 0x37c
2000062a:	2b00      	cmp	r3, #0
2000062c:	f040 8164 	bne.w	200008f8 <dcd_rp2040_irq+0x4cc>
20000630:	f894 33bb 	ldrb.w	r3, [r4, #955]	@ 0x3bb
20000634:	2b02      	cmp	r3, #2
20000636:	f040 80f4 	bne.w	20000822 <dcd_rp2040_irq+0x3f6>
2000063a:	f894 33ba 	ldrb.w	r3, [r4, #954]	@ 0x3ba
2000063e:	2b00      	cmp	r3, #0
20000640:	f040 80eb 	bne.w	2000081a <dcd_rp2040_irq+0x3ee>
20000644:	f894 33fb 	ldrb.w	r3, [r4, #1019]	@ 0x3fb
20000648:	2b02      	cmp	r3, #2
2000064a:	f47f af56 	bne.w	200004fa <dcd_rp2040_irq+0xce>
2000064e:	463e      	mov	r6, r7
20000650:	f894 33fa 	ldrb.w	r3, [r4, #1018]	@ 0x3fa
20000654:	2b00      	cmp	r3, #0
20000656:	f43f af47 	beq.w	200004e8 <dcd_rp2040_irq+0xbc>
2000065a:	f894 33fc 	ldrb.w	r3, [r4, #1020]	@ 0x3fc
2000065e:	2b00      	cmp	r3, #0
20000660:	f43f af4b 	beq.w	200004fa <dcd_rp2040_irq+0xce>
20000664:	2300      	movs	r3, #0
20000666:	4835      	ldr	r0, [pc, #212]	@ (2000073c <dcd_rp2040_irq+0x310>)
20000668:	f884 33fc 	strb.w	r3, [r4, #1020]	@ 0x3fc
2000066c:	f000 fa96 	bl	20000b9c <hw_endpoint_start_next_buffer>
20000670:	e743      	b.n	200004fa <dcd_rp2040_irq+0xce>
20000672:	2102      	movs	r1, #2
20000674:	4b32      	ldr	r3, [pc, #200]	@ (20000740 <dcd_rp2040_irq+0x314>)
20000676:	4a29      	ldr	r2, [pc, #164]	@ (2000071c <dcd_rp2040_irq+0x2f0>)
20000678:	6619      	str	r1, [r3, #96]	@ 0x60
2000067a:	6e53      	ldr	r3, [r2, #100]	@ 0x64
2000067c:	079f      	lsls	r7, r3, #30
2000067e:	d5fc      	bpl.n	2000067a <dcd_rp2040_irq+0x24e>
20000680:	f44f 5240 	mov.w	r2, #12288	@ 0x3000
20000684:	2100      	movs	r1, #0
20000686:	4827      	ldr	r0, [pc, #156]	@ (20000724 <dcd_rp2040_irq+0x2f8>)
20000688:	f000 fa66 	bl	20000b58 <_hw_endpoint_buffer_control_update32>
2000068c:	4825      	ldr	r0, [pc, #148]	@ (20000724 <dcd_rp2040_irq+0x2f8>)
2000068e:	f000 fa5d 	bl	20000b4c <hw_endpoint_reset_transfer>
20000692:	2202      	movs	r2, #2
20000694:	4b26      	ldr	r3, [pc, #152]	@ (20000730 <dcd_rp2040_irq+0x304>)
20000696:	665a      	str	r2, [r3, #100]	@ 0x64
20000698:	661a      	str	r2, [r3, #96]	@ 0x60
2000069a:	2301      	movs	r3, #1
2000069c:	f894 203a 	ldrb.w	r2, [r4, #58]	@ 0x3a
200006a0:	70e3      	strb	r3, [r4, #3]
200006a2:	2a00      	cmp	r2, #0
200006a4:	f43f af53 	beq.w	2000054e <dcd_rp2040_irq+0x122>
200006a8:	4a25      	ldr	r2, [pc, #148]	@ (20000740 <dcd_rp2040_irq+0x314>)
200006aa:	6613      	str	r3, [r2, #96]	@ 0x60
200006ac:	f5a2 5200 	sub.w	r2, r2, #8192	@ 0x2000
200006b0:	6e53      	ldr	r3, [r2, #100]	@ 0x64
200006b2:	07d8      	lsls	r0, r3, #31
200006b4:	d5fc      	bpl.n	200006b0 <dcd_rp2040_irq+0x284>
200006b6:	f44f 5240 	mov.w	r2, #12288	@ 0x3000
200006ba:	2100      	movs	r1, #0
200006bc:	4821      	ldr	r0, [pc, #132]	@ (20000744 <dcd_rp2040_irq+0x318>)
200006be:	f000 fa4b 	bl	20000b58 <_hw_endpoint_buffer_control_update32>
200006c2:	4820      	ldr	r0, [pc, #128]	@ (20000744 <dcd_rp2040_irq+0x318>)
200006c4:	f000 fa42 	bl	20000b4c <hw_endpoint_reset_transfer>
200006c8:	2201      	movs	r2, #1
200006ca:	4b19      	ldr	r3, [pc, #100]	@ (20000730 <dcd_rp2040_irq+0x304>)
200006cc:	665a      	str	r2, [r3, #100]	@ 0x64
200006ce:	661a      	str	r2, [r3, #96]	@ 0x60
200006d0:	e73d      	b.n	2000054e <dcd_rp2040_irq+0x122>
200006d2:	f894 707a 	ldrb.w	r7, [r4, #122]	@ 0x7a
200006d6:	2f00      	cmp	r7, #0
200006d8:	f43f aec0 	beq.w	2000045c <dcd_rp2040_irq+0x30>
200006dc:	f894 307c 	ldrb.w	r3, [r4, #124]	@ 0x7c
200006e0:	2b00      	cmp	r3, #0
200006e2:	f040 8101 	bne.w	200008e8 <dcd_rp2040_irq+0x4bc>
200006e6:	463e      	mov	r6, r7
200006e8:	e6b8      	b.n	2000045c <dcd_rp2040_irq+0x30>
200006ea:	f894 717a 	ldrb.w	r7, [r4, #378]	@ 0x17a
200006ee:	2f00      	cmp	r7, #0
200006f0:	f43f aec8 	beq.w	20000484 <dcd_rp2040_irq+0x58>
200006f4:	f894 317c 	ldrb.w	r3, [r4, #380]	@ 0x17c
200006f8:	2b00      	cmp	r3, #0
200006fa:	f040 80ed 	bne.w	200008d8 <dcd_rp2040_irq+0x4ac>
200006fe:	463e      	mov	r6, r7
20000700:	e6c0      	b.n	20000484 <dcd_rp2040_irq+0x58>
20000702:	f894 713a 	ldrb.w	r7, [r4, #314]	@ 0x13a
20000706:	2f00      	cmp	r7, #0
20000708:	f43f aeb7 	beq.w	2000047a <dcd_rp2040_irq+0x4e>
2000070c:	f894 313c 	ldrb.w	r3, [r4, #316]	@ 0x13c
20000710:	2b00      	cmp	r3, #0
20000712:	f040 80d9 	bne.w	200008c8 <dcd_rp2040_irq+0x49c>
20000716:	463e      	mov	r6, r7
20000718:	e6af      	b.n	2000047a <dcd_rp2040_irq+0x4e>
2000071a:	bf00      	nop
2000071c:	50110000 	.word	0x50110000
20000720:	400b0000 	.word	0x400b0000
20000724:	20001ca0 	.word	0x20001ca0
20000728:	20001c90 	.word	0x20001c90
2000072c:	2000210e 	.word	0x2000210e
20000730:	50113000 	.word	0x50113000
20000734:	00020010 	.word	0x00020010
20000738:	50100000 	.word	0x50100000
2000073c:	20002080 	.word	0x20002080
20000740:	50112000 	.word	0x50112000
20000744:	20001cc0 	.word	0x20001cc0
20000748:	f894 70fa 	ldrb.w	r7, [r4, #250]	@ 0xfa
2000074c:	2f00      	cmp	r7, #0
2000074e:	f43f ae8f 	beq.w	20000470 <dcd_rp2040_irq+0x44>
20000752:	f894 30fc 	ldrb.w	r3, [r4, #252]	@ 0xfc
20000756:	2b00      	cmp	r3, #0
20000758:	f040 808e 	bne.w	20000878 <dcd_rp2040_irq+0x44c>
2000075c:	463e      	mov	r6, r7
2000075e:	e687      	b.n	20000470 <dcd_rp2040_irq+0x44>
20000760:	f894 70ba 	ldrb.w	r7, [r4, #186]	@ 0xba
20000764:	2f00      	cmp	r7, #0
20000766:	f43f ae7e 	beq.w	20000466 <dcd_rp2040_irq+0x3a>
2000076a:	f894 30bc 	ldrb.w	r3, [r4, #188]	@ 0xbc
2000076e:	2b00      	cmp	r3, #0
20000770:	d17a      	bne.n	20000868 <dcd_rp2040_irq+0x43c>
20000772:	463e      	mov	r6, r7
20000774:	e677      	b.n	20000466 <dcd_rp2040_irq+0x3a>
20000776:	f894 733a 	ldrb.w	r7, [r4, #826]	@ 0x33a
2000077a:	2f00      	cmp	r7, #0
2000077c:	f43f aea5 	beq.w	200004ca <dcd_rp2040_irq+0x9e>
20000780:	f894 333c 	ldrb.w	r3, [r4, #828]	@ 0x33c
20000784:	2b00      	cmp	r3, #0
20000786:	d157      	bne.n	20000838 <dcd_rp2040_irq+0x40c>
20000788:	463e      	mov	r6, r7
2000078a:	e69e      	b.n	200004ca <dcd_rp2040_irq+0x9e>
2000078c:	f894 72fa 	ldrb.w	r7, [r4, #762]	@ 0x2fa
20000790:	2f00      	cmp	r7, #0
20000792:	f43f ae95 	beq.w	200004c0 <dcd_rp2040_irq+0x94>
20000796:	f894 32fc 	ldrb.w	r3, [r4, #764]	@ 0x2fc
2000079a:	2b00      	cmp	r3, #0
2000079c:	d15c      	bne.n	20000858 <dcd_rp2040_irq+0x42c>
2000079e:	463e      	mov	r6, r7
200007a0:	e68e      	b.n	200004c0 <dcd_rp2040_irq+0x94>
200007a2:	f894 72ba 	ldrb.w	r7, [r4, #698]	@ 0x2ba
200007a6:	2f00      	cmp	r7, #0
200007a8:	f43f ae85 	beq.w	200004b6 <dcd_rp2040_irq+0x8a>
200007ac:	f894 32bc 	ldrb.w	r3, [r4, #700]	@ 0x2bc
200007b0:	2b00      	cmp	r3, #0
200007b2:	d149      	bne.n	20000848 <dcd_rp2040_irq+0x41c>
200007b4:	463e      	mov	r6, r7
200007b6:	e67e      	b.n	200004b6 <dcd_rp2040_irq+0x8a>
200007b8:	f894 727a 	ldrb.w	r7, [r4, #634]	@ 0x27a
200007bc:	2f00      	cmp	r7, #0
200007be:	f43f ae75 	beq.w	200004ac <dcd_rp2040_irq+0x80>
200007c2:	f894 327c 	ldrb.w	r3, [r4, #636]	@ 0x27c
200007c6:	2b00      	cmp	r3, #0
200007c8:	d176      	bne.n	200008b8 <dcd_rp2040_irq+0x48c>
200007ca:	463e      	mov	r6, r7
200007cc:	e66e      	b.n	200004ac <dcd_rp2040_irq+0x80>
200007ce:	f894 723a 	ldrb.w	r7, [r4, #570]	@ 0x23a
200007d2:	2f00      	cmp	r7, #0
200007d4:	f43f ae65 	beq.w	200004a2 <dcd_rp2040_irq+0x76>
200007d8:	f894 323c 	ldrb.w	r3, [r4, #572]	@ 0x23c
200007dc:	2b00      	cmp	r3, #0
200007de:	d163      	bne.n	200008a8 <dcd_rp2040_irq+0x47c>
200007e0:	463e      	mov	r6, r7
200007e2:	e65e      	b.n	200004a2 <dcd_rp2040_irq+0x76>
200007e4:	f894 71fa 	ldrb.w	r7, [r4, #506]	@ 0x1fa
200007e8:	2f00      	cmp	r7, #0
200007ea:	f43f ae55 	beq.w	20000498 <dcd_rp2040_irq+0x6c>
200007ee:	f894 31fc 	ldrb.w	r3, [r4, #508]	@ 0x1fc
200007f2:	2b00      	cmp	r3, #0
200007f4:	d150      	bne.n	20000898 <dcd_rp2040_irq+0x46c>
200007f6:	463e      	mov	r6, r7
200007f8:	e64e      	b.n	20000498 <dcd_rp2040_irq+0x6c>
200007fa:	f894 71ba 	ldrb.w	r7, [r4, #442]	@ 0x1ba
200007fe:	2f00      	cmp	r7, #0
20000800:	f43f ae45 	beq.w	2000048e <dcd_rp2040_irq+0x62>
20000804:	f894 31bc 	ldrb.w	r3, [r4, #444]	@ 0x1bc
20000808:	2b00      	cmp	r3, #0
2000080a:	d13d      	bne.n	20000888 <dcd_rp2040_irq+0x45c>
2000080c:	463e      	mov	r6, r7
2000080e:	e63e      	b.n	2000048e <dcd_rp2040_irq+0x62>
20000810:	f894 33ba 	ldrb.w	r3, [r4, #954]	@ 0x3ba
20000814:	2b00      	cmp	r3, #0
20000816:	f43f ae62 	beq.w	200004de <dcd_rp2040_irq+0xb2>
2000081a:	f894 33bc 	ldrb.w	r3, [r4, #956]	@ 0x3bc
2000081e:	2b00      	cmp	r3, #0
20000820:	d171      	bne.n	20000906 <dcd_rp2040_irq+0x4da>
20000822:	f894 33fb 	ldrb.w	r3, [r4, #1019]	@ 0x3fb
20000826:	2b02      	cmp	r3, #2
20000828:	f47f ae67 	bne.w	200004fa <dcd_rp2040_irq+0xce>
2000082c:	f894 33fa 	ldrb.w	r3, [r4, #1018]	@ 0x3fa
20000830:	2b00      	cmp	r3, #0
20000832:	f43f ae62 	beq.w	200004fa <dcd_rp2040_irq+0xce>
20000836:	e710      	b.n	2000065a <dcd_rp2040_irq+0x22e>
20000838:	2300      	movs	r3, #0
2000083a:	4839      	ldr	r0, [pc, #228]	@ (20000920 <dcd_rp2040_irq+0x4f4>)
2000083c:	f884 333c 	strb.w	r3, [r4, #828]	@ 0x33c
20000840:	463e      	mov	r6, r7
20000842:	f000 f9ab 	bl	20000b9c <hw_endpoint_start_next_buffer>
20000846:	e640      	b.n	200004ca <dcd_rp2040_irq+0x9e>
20000848:	2300      	movs	r3, #0
2000084a:	4836      	ldr	r0, [pc, #216]	@ (20000924 <dcd_rp2040_irq+0x4f8>)
2000084c:	f884 32bc 	strb.w	r3, [r4, #700]	@ 0x2bc
20000850:	463e      	mov	r6, r7
20000852:	f000 f9a3 	bl	20000b9c <hw_endpoint_start_next_buffer>
20000856:	e62e      	b.n	200004b6 <dcd_rp2040_irq+0x8a>
20000858:	2300      	movs	r3, #0
2000085a:	4833      	ldr	r0, [pc, #204]	@ (20000928 <dcd_rp2040_irq+0x4fc>)
2000085c:	f884 32fc 	strb.w	r3, [r4, #764]	@ 0x2fc
20000860:	463e      	mov	r6, r7
20000862:	f000 f99b 	bl	20000b9c <hw_endpoint_start_next_buffer>
20000866:	e62b      	b.n	200004c0 <dcd_rp2040_irq+0x94>
20000868:	2300      	movs	r3, #0
2000086a:	4830      	ldr	r0, [pc, #192]	@ (2000092c <dcd_rp2040_irq+0x500>)
2000086c:	f884 30bc 	strb.w	r3, [r4, #188]	@ 0xbc
20000870:	463e      	mov	r6, r7
20000872:	f000 f993 	bl	20000b9c <hw_endpoint_start_next_buffer>
20000876:	e5f6      	b.n	20000466 <dcd_rp2040_irq+0x3a>
20000878:	2300      	movs	r3, #0
2000087a:	482d      	ldr	r0, [pc, #180]	@ (20000930 <dcd_rp2040_irq+0x504>)
2000087c:	f884 30fc 	strb.w	r3, [r4, #252]	@ 0xfc
20000880:	463e      	mov	r6, r7
20000882:	f000 f98b 	bl	20000b9c <hw_endpoint_start_next_buffer>
20000886:	e5f3      	b.n	20000470 <dcd_rp2040_irq+0x44>
20000888:	2300      	movs	r3, #0
2000088a:	482a      	ldr	r0, [pc, #168]	@ (20000934 <dcd_rp2040_irq+0x508>)
2000088c:	f884 31bc 	strb.w	r3, [r4, #444]	@ 0x1bc
20000890:	463e      	mov	r6, r7
20000892:	f000 f983 	bl	20000b9c <hw_endpoint_start_next_buffer>
20000896:	e5fa      	b.n	2000048e <dcd_rp2040_irq+0x62>
20000898:	2300      	movs	r3, #0
2000089a:	4827      	ldr	r0, [pc, #156]	@ (20000938 <dcd_rp2040_irq+0x50c>)
2000089c:	f884 31fc 	strb.w	r3, [r4, #508]	@ 0x1fc
200008a0:	463e      	mov	r6, r7
200008a2:	f000 f97b 	bl	20000b9c <hw_endpoint_start_next_buffer>
200008a6:	e5f7      	b.n	20000498 <dcd_rp2040_irq+0x6c>
200008a8:	2300      	movs	r3, #0
200008aa:	4824      	ldr	r0, [pc, #144]	@ (2000093c <dcd_rp2040_irq+0x510>)
200008ac:	f884 323c 	strb.w	r3, [r4, #572]	@ 0x23c
200008b0:	463e      	mov	r6, r7
200008b2:	f000 f973 	bl	20000b9c <hw_endpoint_start_next_buffer>
200008b6:	e5f4      	b.n	200004a2 <dcd_rp2040_irq+0x76>
200008b8:	2300      	movs	r3, #0
200008ba:	4821      	ldr	r0, [pc, #132]	@ (20000940 <dcd_rp2040_irq+0x514>)
200008bc:	f884 327c 	strb.w	r3, [r4, #636]	@ 0x27c
200008c0:	463e      	mov	r6, r7
200008c2:	f000 f96b 	bl	20000b9c <hw_endpoint_start_next_buffer>
200008c6:	e5f1      	b.n	200004ac <dcd_rp2040_irq+0x80>
200008c8:	2300      	movs	r3, #0
200008ca:	481e      	ldr	r0, [pc, #120]	@ (20000944 <dcd_rp2040_irq+0x518>)
200008cc:	f884 313c 	strb.w	r3, [r4, #316]	@ 0x13c
200008d0:	463e      	mov	r6, r7
200008d2:	f000 f963 	bl	20000b9c <hw_endpoint_start_next_buffer>
200008d6:	e5d0      	b.n	2000047a <dcd_rp2040_irq+0x4e>
200008d8:	2300      	movs	r3, #0
200008da:	481b      	ldr	r0, [pc, #108]	@ (20000948 <dcd_rp2040_irq+0x51c>)
200008dc:	f884 317c 	strb.w	r3, [r4, #380]	@ 0x17c
200008e0:	463e      	mov	r6, r7
200008e2:	f000 f95b 	bl	20000b9c <hw_endpoint_start_next_buffer>
200008e6:	e5cd      	b.n	20000484 <dcd_rp2040_irq+0x58>
200008e8:	2300      	movs	r3, #0
200008ea:	4818      	ldr	r0, [pc, #96]	@ (2000094c <dcd_rp2040_irq+0x520>)
200008ec:	f884 307c 	strb.w	r3, [r4, #124]	@ 0x7c
200008f0:	463e      	mov	r6, r7
200008f2:	f000 f953 	bl	20000b9c <hw_endpoint_start_next_buffer>
200008f6:	e5b1      	b.n	2000045c <dcd_rp2040_irq+0x30>
200008f8:	2300      	movs	r3, #0
200008fa:	4815      	ldr	r0, [pc, #84]	@ (20000950 <dcd_rp2040_irq+0x524>)
200008fc:	f884 337c 	strb.w	r3, [r4, #892]	@ 0x37c
20000900:	f000 f94c 	bl	20000b9c <hw_endpoint_start_next_buffer>
20000904:	e694      	b.n	20000630 <dcd_rp2040_irq+0x204>
20000906:	2300      	movs	r3, #0
20000908:	4812      	ldr	r0, [pc, #72]	@ (20000954 <dcd_rp2040_irq+0x528>)
2000090a:	f884 33bc 	strb.w	r3, [r4, #956]	@ 0x3bc
2000090e:	f000 f945 	bl	20000b9c <hw_endpoint_start_next_buffer>
20000912:	e786      	b.n	20000822 <dcd_rp2040_irq+0x3f6>
20000914:	4810      	ldr	r0, [pc, #64]	@ (20000958 <dcd_rp2040_irq+0x52c>)
20000916:	ea86 0105 	eor.w	r1, r6, r5
2000091a:	f000 fb69 	bl	20000ff0 <__panic_veneer>
2000091e:	bf00      	nop
20000920:	20001fc0 	.word	0x20001fc0
20000924:	20001f40 	.word	0x20001f40
20000928:	20001f80 	.word	0x20001f80
2000092c:	20001d40 	.word	0x20001d40
20000930:	20001d80 	.word	0x20001d80
20000934:	20001e40 	.word	0x20001e40
20000938:	20001e80 	.word	0x20001e80
2000093c:	20001ec0 	.word	0x20001ec0
20000940:	20001f00 	.word	0x20001f00
20000944:	20001dc0 	.word	0x20001dc0
20000948:	20001e00 	.word	0x20001e00
2000094c:	20001d00 	.word	0x20001d00
20000950:	20002000 	.word	0x20002000
20000954:	20002040 	.word	0x20002040
20000958:	10004db0 	.word	0x10004db0

2000095c <prepare_ep_buffer>:
2000095c:	e92d 47f0 	stmdb	sp!, {r4, r5, r6, r7, r8, r9, sl, lr}
20000960:	8a84      	ldrh	r4, [r0, #20]
20000962:	8b05      	ldrh	r5, [r0, #24]
20000964:	78c2      	ldrb	r2, [r0, #3]
20000966:	42a5      	cmp	r5, r4
20000968:	bf28      	it	cs
2000096a:	4625      	movcs	r5, r4
2000096c:	1e17      	subs	r7, r2, #0
2000096e:	bf18      	it	ne
20000970:	2701      	movne	r7, #1
20000972:	1b64      	subs	r4, r4, r5
20000974:	7846      	ldrb	r6, [r0, #1]
20000976:	f082 0201 	eor.w	r2, r2, #1
2000097a:	b2a4      	uxth	r4, r4
2000097c:	4603      	mov	r3, r0
2000097e:	70c2      	strb	r2, [r0, #3]
20000980:	8284      	strh	r4, [r0, #20]
20000982:	f445 6080 	orr.w	r0, r5, #1024	@ 0x400
20000986:	ea40 3047 	orr.w	r0, r0, r7, lsl #13
2000098a:	bba6      	cbnz	r6, 200009f6 <prepare_ep_buffer+0x9a>
2000098c:	e9d3 2603 	ldrd	r2, r6, [r3, #12]
20000990:	1e6f      	subs	r7, r5, #1
20000992:	eb02 1e81 	add.w	lr, r2, r1, lsl #6
20000996:	b355      	cbz	r5, 200009ee <prepare_ep_buffer+0x92>
20000998:	2f05      	cmp	r7, #5
2000099a:	bf98      	it	ls
2000099c:	1c72      	addls	r2, r6, #1
2000099e:	d931      	bls.n	20000a04 <prepare_ep_buffer+0xa8>
200009a0:	eb02 1c81 	add.w	ip, r2, r1, lsl #6
200009a4:	1c72      	adds	r2, r6, #1
200009a6:	ebac 0402 	sub.w	r4, ip, r2
200009aa:	2c02      	cmp	r4, #2
200009ac:	d92a      	bls.n	20000a04 <prepare_ep_buffer+0xa8>
200009ae:	4632      	mov	r2, r6
200009b0:	ea4f 0995 	mov.w	r9, r5, lsr #2
200009b4:	ea4f 0a89 	mov.w	sl, r9, lsl #2
200009b8:	eb06 0889 	add.w	r8, r6, r9, lsl #2
200009bc:	f852 4b04 	ldr.w	r4, [r2], #4
200009c0:	4542      	cmp	r2, r8
200009c2:	f84c 4b04 	str.w	r4, [ip], #4
200009c6:	d1f9      	bne.n	200009bc <prepare_ep_buffer+0x60>
200009c8:	4555      	cmp	r5, sl
200009ca:	eba7 070a 	sub.w	r7, r7, sl
200009ce:	eb0e 040a 	add.w	r4, lr, sl
200009d2:	d00a      	beq.n	200009ea <prepare_ep_buffer+0x8e>
200009d4:	f816 6029 	ldrb.w	r6, [r6, r9, lsl #2]
200009d8:	f80e 6029 	strb.w	r6, [lr, r9, lsl #2]
200009dc:	b12f      	cbz	r7, 200009ea <prepare_ep_buffer+0x8e>
200009de:	7856      	ldrb	r6, [r2, #1]
200009e0:	2f01      	cmp	r7, #1
200009e2:	7066      	strb	r6, [r4, #1]
200009e4:	d001      	beq.n	200009ea <prepare_ep_buffer+0x8e>
200009e6:	7892      	ldrb	r2, [r2, #2]
200009e8:	70a2      	strb	r2, [r4, #2]
200009ea:	691e      	ldr	r6, [r3, #16]
200009ec:	8a9c      	ldrh	r4, [r3, #20]
200009ee:	442e      	add	r6, r5
200009f0:	611e      	str	r6, [r3, #16]
200009f2:	f440 4000 	orr.w	r0, r0, #32768	@ 0x8000
200009f6:	b90c      	cbnz	r4, 200009fc <prepare_ep_buffer+0xa0>
200009f8:	f440 4080 	orr.w	r0, r0, #16384	@ 0x4000
200009fc:	b101      	cbz	r1, 20000a00 <prepare_ep_buffer+0xa4>
200009fe:	0400      	lsls	r0, r0, #16
20000a00:	e8bd 87f0 	ldmia.w	sp!, {r4, r5, r6, r7, r8, r9, sl, pc}
20000a04:	f10e 3eff 	add.w	lr, lr, #4294967295
20000a08:	442e      	add	r6, r5
20000a0a:	e000      	b.n	20000a0e <prepare_ep_buffer+0xb2>
20000a0c:	3201      	adds	r2, #1
20000a0e:	f812 4c01 	ldrb.w	r4, [r2, #-1]
20000a12:	42b2      	cmp	r2, r6
20000a14:	f80e 4f01 	strb.w	r4, [lr, #1]!
20000a18:	d1f8      	bne.n	20000a0c <prepare_ep_buffer+0xb0>
20000a1a:	e7e6      	b.n	200009ea <prepare_ep_buffer+0x8e>

20000a1c <sync_ep_buffer>:
20000a1c:	6883      	ldr	r3, [r0, #8]
20000a1e:	4602      	mov	r2, r0
20000a20:	6818      	ldr	r0, [r3, #0]
20000a22:	b101      	cbz	r1, 20000a26 <sync_ep_buffer+0xa>
20000a24:	0c00      	lsrs	r0, r0, #16
20000a26:	7853      	ldrb	r3, [r2, #1]
20000a28:	f3c0 0009 	ubfx	r0, r0, #0, #10
20000a2c:	2b00      	cmp	r3, #0
20000a2e:	d03c      	beq.n	20000aaa <sync_ep_buffer+0x8e>
20000a30:	e92d 41f0 	stmdb	sp!, {r4, r5, r6, r7, r8, lr}
20000a34:	e9d2 3403 	ldrd	r3, r4, [r2, #12]
20000a38:	1e46      	subs	r6, r0, #1
20000a3a:	eb03 1e81 	add.w	lr, r3, r1, lsl #6
20000a3e:	b340      	cbz	r0, 20000a92 <sync_ep_buffer+0x76>
20000a40:	2e05      	cmp	r6, #5
20000a42:	d93b      	bls.n	20000abc <sync_ep_buffer+0xa0>
20000a44:	0189      	lsls	r1, r1, #6
20000a46:	1c4d      	adds	r5, r1, #1
20000a48:	441d      	add	r5, r3
20000a4a:	1b65      	subs	r5, r4, r5
20000a4c:	2d02      	cmp	r5, #2
20000a4e:	d935      	bls.n	20000abc <sync_ep_buffer+0xa0>
20000a50:	4673      	mov	r3, lr
20000a52:	4621      	mov	r1, r4
20000a54:	f400 777f 	and.w	r7, r0, #1020	@ 0x3fc
20000a58:	ea4f 0890 	mov.w	r8, r0, lsr #2
20000a5c:	18fd      	adds	r5, r7, r3
20000a5e:	f853 cb04 	ldr.w	ip, [r3], #4
20000a62:	42ab      	cmp	r3, r5
20000a64:	f841 cb04 	str.w	ip, [r1], #4
20000a68:	d1f9      	bne.n	20000a5e <sync_ep_buffer+0x42>
20000a6a:	42b8      	cmp	r0, r7
20000a6c:	eba6 0607 	sub.w	r6, r6, r7
20000a70:	eb04 0307 	add.w	r3, r4, r7
20000a74:	eb0e 0107 	add.w	r1, lr, r7
20000a78:	d00a      	beq.n	20000a90 <sync_ep_buffer+0x74>
20000a7a:	f81e 5028 	ldrb.w	r5, [lr, r8, lsl #2]
20000a7e:	f804 5028 	strb.w	r5, [r4, r8, lsl #2]
20000a82:	b12e      	cbz	r6, 20000a90 <sync_ep_buffer+0x74>
20000a84:	784c      	ldrb	r4, [r1, #1]
20000a86:	2e01      	cmp	r6, #1
20000a88:	705c      	strb	r4, [r3, #1]
20000a8a:	d001      	beq.n	20000a90 <sync_ep_buffer+0x74>
20000a8c:	7889      	ldrb	r1, [r1, #2]
20000a8e:	7099      	strb	r1, [r3, #2]
20000a90:	6914      	ldr	r4, [r2, #16]
20000a92:	8ad3      	ldrh	r3, [r2, #22]
20000a94:	4404      	add	r4, r0
20000a96:	4403      	add	r3, r0
20000a98:	82d3      	strh	r3, [r2, #22]
20000a9a:	8b13      	ldrh	r3, [r2, #24]
20000a9c:	6114      	str	r4, [r2, #16]
20000a9e:	4283      	cmp	r3, r0
20000aa0:	bf84      	itt	hi
20000aa2:	2300      	movhi	r3, #0
20000aa4:	8293      	strhhi	r3, [r2, #20]
20000aa6:	e8bd 81f0 	ldmia.w	sp!, {r4, r5, r6, r7, r8, pc}
20000aaa:	8ad3      	ldrh	r3, [r2, #22]
20000aac:	4403      	add	r3, r0
20000aae:	82d3      	strh	r3, [r2, #22]
20000ab0:	8b13      	ldrh	r3, [r2, #24]
20000ab2:	4283      	cmp	r3, r0
20000ab4:	bf84      	itt	hi
20000ab6:	2300      	movhi	r3, #0
20000ab8:	8293      	strhhi	r3, [r2, #20]
20000aba:	4770      	bx	lr
20000abc:	3c01      	subs	r4, #1
20000abe:	eb0e 0100 	add.w	r1, lr, r0
20000ac2:	f81e 3b01 	ldrb.w	r3, [lr], #1
20000ac6:	4571      	cmp	r1, lr
20000ac8:	f804 3f01 	strb.w	r3, [r4, #1]!
20000acc:	d1f9      	bne.n	20000ac2 <sync_ep_buffer+0xa6>
20000ace:	e7df      	b.n	20000a90 <sync_ep_buffer+0x74>

20000ad0 <_hw_endpoint_xfer_sync>:
20000ad0:	b510      	push	{r4, lr}
20000ad2:	4604      	mov	r4, r0
20000ad4:	6883      	ldr	r3, [r0, #8]
20000ad6:	2100      	movs	r1, #0
20000ad8:	681b      	ldr	r3, [r3, #0]
20000ada:	f7ff ff9f 	bl	20000a1c <sync_ep_buffer>
20000ade:	6863      	ldr	r3, [r4, #4]
20000ae0:	681b      	ldr	r3, [r3, #0]
20000ae2:	005b      	lsls	r3, r3, #1
20000ae4:	d502      	bpl.n	20000aec <_hw_endpoint_xfer_sync+0x1c>
20000ae6:	8b23      	ldrh	r3, [r4, #24]
20000ae8:	4283      	cmp	r3, r0
20000aea:	d000      	beq.n	20000aee <_hw_endpoint_xfer_sync+0x1e>
20000aec:	bd10      	pop	{r4, pc}
20000aee:	4620      	mov	r0, r4
20000af0:	e8bd 4010 	ldmia.w	sp!, {r4, lr}
20000af4:	2101      	movs	r1, #1
20000af6:	f7ff bf91 	b.w	20000a1c <sync_ep_buffer>
20000afa:	bf00      	nop

20000afc <e15_is_bulkin_ep>:
20000afc:	4b08      	ldr	r3, [pc, #32]	@ (20000b20 <e15_is_bulkin_ep+0x24>)
20000afe:	6c1b      	ldr	r3, [r3, #64]	@ 0x40
20000b00:	f013 0302 	ands.w	r3, r3, #2
20000b04:	d102      	bne.n	20000b0c <e15_is_bulkin_ep+0x10>
20000b06:	7882      	ldrb	r2, [r0, #2]
20000b08:	09d2      	lsrs	r2, r2, #7
20000b0a:	d101      	bne.n	20000b10 <e15_is_bulkin_ep+0x14>
20000b0c:	2000      	movs	r0, #0
20000b0e:	4770      	bx	lr
20000b10:	7ec0      	ldrb	r0, [r0, #27]
20000b12:	f1a0 0002 	sub.w	r0, r0, #2
20000b16:	fab0 f080 	clz	r0, r0
20000b1a:	0940      	lsrs	r0, r0, #5
20000b1c:	4770      	bx	lr
20000b1e:	bf00      	nop
20000b20:	50110000 	.word	0x50110000

20000b24 <e15_is_critical_frame_period>:
20000b24:	b508      	push	{r3, lr}
20000b26:	f7ff ffe9 	bl	20000afc <e15_is_bulkin_ep>
20000b2a:	b150      	cbz	r0, 20000b42 <e15_is_critical_frame_period+0x1e>
20000b2c:	4a05      	ldr	r2, [pc, #20]	@ (20000b44 <e15_is_critical_frame_period+0x20>)
20000b2e:	4b06      	ldr	r3, [pc, #24]	@ (20000b48 <e15_is_critical_frame_period+0x24>)
20000b30:	6a90      	ldr	r0, [r2, #40]	@ 0x28
20000b32:	681b      	ldr	r3, [r3, #0]
20000b34:	f5a0 7048 	sub.w	r0, r0, #800	@ 0x320
20000b38:	1ac0      	subs	r0, r0, r3
20000b3a:	28c6      	cmp	r0, #198	@ 0xc6
20000b3c:	bf8c      	ite	hi
20000b3e:	2000      	movhi	r0, #0
20000b40:	2001      	movls	r0, #1
20000b42:	bd08      	pop	{r3, pc}
20000b44:	400b0000 	.word	0x400b0000
20000b48:	20001c90 	.word	0x20001c90

20000b4c <hw_endpoint_reset_transfer>:
20000b4c:	2300      	movs	r3, #0
20000b4e:	e9c0 3304 	strd	r3, r3, [r0, #16]
20000b52:	7683      	strb	r3, [r0, #26]
20000b54:	4770      	bx	lr
20000b56:	bf00      	nop

20000b58 <_hw_endpoint_buffer_control_update32>:
20000b58:	b510      	push	{r4, lr}
20000b5a:	6883      	ldr	r3, [r0, #8]
20000b5c:	b109      	cbz	r1, 20000b62 <_hw_endpoint_buffer_control_update32+0xa>
20000b5e:	681c      	ldr	r4, [r3, #0]
20000b60:	4021      	ands	r1, r4
20000b62:	b182      	cbz	r2, 20000b86 <_hw_endpoint_buffer_control_update32+0x2e>
20000b64:	4311      	orrs	r1, r2
20000b66:	0552      	lsls	r2, r2, #21
20000b68:	d50d      	bpl.n	20000b86 <_hw_endpoint_buffer_control_update32+0x2e>
20000b6a:	681a      	ldr	r2, [r3, #0]
20000b6c:	0554      	lsls	r4, r2, #21
20000b6e:	d40c      	bmi.n	20000b8a <_hw_endpoint_buffer_control_update32+0x32>
20000b70:	4a08      	ldr	r2, [pc, #32]	@ (20000b94 <_hw_endpoint_buffer_control_update32+0x3c>)
20000b72:	f421 6480 	bic.w	r4, r1, #1024	@ 0x400
20000b76:	601c      	str	r4, [r3, #0]
20000b78:	6c12      	ldr	r2, [r2, #64]	@ 0x40
20000b7a:	0792      	lsls	r2, r2, #30
20000b7c:	d403      	bmi.n	20000b86 <_hw_endpoint_buffer_control_update32+0x2e>
20000b7e:	230c      	movs	r3, #12
20000b80:	3b03      	subs	r3, #3
20000b82:	d2fd      	bcs.n	20000b80 <_hw_endpoint_buffer_control_update32+0x28>
20000b84:	6883      	ldr	r3, [r0, #8]
20000b86:	6019      	str	r1, [r3, #0]
20000b88:	bd10      	pop	{r4, pc}
20000b8a:	7881      	ldrb	r1, [r0, #2]
20000b8c:	4802      	ldr	r0, [pc, #8]	@ (20000b98 <_hw_endpoint_buffer_control_update32+0x40>)
20000b8e:	f000 fa2f 	bl	20000ff0 <__panic_veneer>
20000b92:	bf00      	nop
20000b94:	50110000 	.word	0x50110000
20000b98:	10004dc4 	.word	0x10004dc4

20000b9c <hw_endpoint_start_next_buffer>:
20000b9c:	b530      	push	{r4, r5, lr}
20000b9e:	6843      	ldr	r3, [r0, #4]
20000ba0:	2100      	movs	r1, #0
20000ba2:	b083      	sub	sp, #12
20000ba4:	4604      	mov	r4, r0
20000ba6:	681d      	ldr	r5, [r3, #0]
20000ba8:	f7ff fed8 	bl	2000095c <prepare_ep_buffer>
20000bac:	4b13      	ldr	r3, [pc, #76]	@ (20000bfc <hw_endpoint_start_next_buffer+0x60>)
20000bae:	f440 5280 	orr.w	r2, r0, #4096	@ 0x1000
20000bb2:	6c19      	ldr	r1, [r3, #64]	@ 0x40
20000bb4:	78a3      	ldrb	r3, [r4, #2]
20000bb6:	0789      	lsls	r1, r1, #30
20000bb8:	d50e      	bpl.n	20000bd8 <hw_endpoint_start_next_buffer+0x3c>
20000bba:	065b      	lsls	r3, r3, #25
20000bbc:	d00e      	beq.n	20000bdc <hw_endpoint_start_next_buffer+0x40>
20000bbe:	f025 45a0 	bic.w	r5, r5, #1342177280	@ 0x50000000
20000bc2:	f045 5500 	orr.w	r5, r5, #536870912	@ 0x20000000
20000bc6:	2100      	movs	r1, #0
20000bc8:	4620      	mov	r0, r4
20000bca:	6863      	ldr	r3, [r4, #4]
20000bcc:	601d      	str	r5, [r3, #0]
20000bce:	b003      	add	sp, #12
20000bd0:	e8bd 4030 	ldmia.w	sp!, {r4, r5, lr}
20000bd4:	f7ff bfc0 	b.w	20000b58 <_hw_endpoint_buffer_control_update32>
20000bd8:	09db      	lsrs	r3, r3, #7
20000bda:	d0f0      	beq.n	20000bbe <hw_endpoint_start_next_buffer+0x22>
20000bdc:	8aa3      	ldrh	r3, [r4, #20]
20000bde:	2b00      	cmp	r3, #0
20000be0:	d0ed      	beq.n	20000bbe <hw_endpoint_start_next_buffer+0x22>
20000be2:	2101      	movs	r1, #1
20000be4:	4620      	mov	r0, r4
20000be6:	9201      	str	r2, [sp, #4]
20000be8:	f7ff feb8 	bl	2000095c <prepare_ep_buffer>
20000bec:	9a01      	ldr	r2, [sp, #4]
20000bee:	f025 5500 	bic.w	r5, r5, #536870912	@ 0x20000000
20000bf2:	4302      	orrs	r2, r0
20000bf4:	f045 45a0 	orr.w	r5, r5, #1342177280	@ 0x50000000
20000bf8:	e7e5      	b.n	20000bc6 <hw_endpoint_start_next_buffer+0x2a>
20000bfa:	bf00      	nop
20000bfc:	50110000 	.word	0x50110000

20000c00 <hw_endpoint_xfer_continue>:
20000c00:	b538      	push	{r3, r4, r5, lr}
20000c02:	7e85      	ldrb	r5, [r0, #26]
20000c04:	4604      	mov	r4, r0
20000c06:	b195      	cbz	r5, 20000c2e <hw_endpoint_xfer_continue+0x2e>
20000c08:	f7ff ff62 	bl	20000ad0 <_hw_endpoint_xfer_sync>
20000c0c:	8aa3      	ldrh	r3, [r4, #20]
20000c0e:	b90b      	cbnz	r3, 20000c14 <hw_endpoint_xfer_continue+0x14>
20000c10:	4628      	mov	r0, r5
20000c12:	bd38      	pop	{r3, r4, r5, pc}
20000c14:	4620      	mov	r0, r4
20000c16:	f7ff ff85 	bl	20000b24 <e15_is_critical_frame_period>
20000c1a:	b120      	cbz	r0, 20000c26 <hw_endpoint_xfer_continue+0x26>
20000c1c:	2301      	movs	r3, #1
20000c1e:	7723      	strb	r3, [r4, #28]
20000c20:	2500      	movs	r5, #0
20000c22:	4628      	mov	r0, r5
20000c24:	bd38      	pop	{r3, r4, r5, pc}
20000c26:	4620      	mov	r0, r4
20000c28:	f7ff ffb8 	bl	20000b9c <hw_endpoint_start_next_buffer>
20000c2c:	e7f8      	b.n	20000c20 <hw_endpoint_xfer_continue+0x20>
20000c2e:	7881      	ldrb	r1, [r0, #2]
20000c30:	4801      	ldr	r0, [pc, #4]	@ (20000c38 <hw_endpoint_xfer_continue+0x38>)
20000c32:	f000 f9dd 	bl	20000ff0 <__panic_veneer>
20000c36:	bf00      	nop
20000c38:	10004de4 	.word	0x10004de4

20000c3c <dcd_event_handler>:
20000c3c:	e92d 43f0 	stmdb	sp!, {r4, r5, r6, r7, r8, r9, lr}
20000c40:	7843      	ldrb	r3, [r0, #1]
20000c42:	4604      	mov	r4, r0
20000c44:	3b02      	subs	r3, #2
20000c46:	460d      	mov	r5, r1
20000c48:	b085      	sub	sp, #20
20000c4a:	2b04      	cmp	r3, #4
20000c4c:	d813      	bhi.n	20000c76 <dcd_event_handler+0x3a>
20000c4e:	e8df f003 	tbb	[pc, r3]
20000c52:	4803      	.short	0x4803
20000c54:	7067      	.short	0x7067
20000c56:	42          	.byte	0x42
20000c57:	00          	.byte	0x00
20000c58:	2100      	movs	r1, #0
20000c5a:	4b78      	ldr	r3, [pc, #480]	@ (20000e3c <dcd_event_handler+0x200>)
20000c5c:	781a      	ldrb	r2, [r3, #0]
20000c5e:	f022 0201 	bic.w	r2, r2, #1
20000c62:	701a      	strb	r2, [r3, #0]
20000c64:	781a      	ldrb	r2, [r3, #0]
20000c66:	f022 0202 	bic.w	r2, r2, #2
20000c6a:	701a      	strb	r2, [r3, #0]
20000c6c:	7059      	strb	r1, [r3, #1]
20000c6e:	781a      	ldrb	r2, [r3, #0]
20000c70:	f361 0282 	bfi	r2, r1, #2, #1
20000c74:	701a      	strb	r2, [r3, #0]
20000c76:	4b72      	ldr	r3, [pc, #456]	@ (20000e40 <dcd_event_handler+0x204>)
20000c78:	681e      	ldr	r6, [r3, #0]
20000c7a:	6973      	ldr	r3, [r6, #20]
20000c7c:	f3ef 8210 	mrs	r2, PRIMASK
20000c80:	b672      	cpsid	i
20000c82:	e8d3 0fcf 	ldaexb	r0, [r3]
20000c86:	2101      	movs	r1, #1
20000c88:	2800      	cmp	r0, #0
20000c8a:	d1fa      	bne.n	20000c82 <dcd_event_handler+0x46>
20000c8c:	e8c3 1f40 	strexb	r0, r1, [r3]
20000c90:	2800      	cmp	r0, #0
20000c92:	d1f6      	bne.n	20000c82 <dcd_event_handler+0x46>
20000c94:	f3bf 8f5f 	dmb	sy
20000c98:	61b2      	str	r2, [r6, #24]
20000c9a:	4621      	mov	r1, r4
20000c9c:	4630      	mov	r0, r6
20000c9e:	f000 f9a3 	bl	20000fe8 <__tu_fifo_write_veneer>
20000ca2:	2300      	movs	r3, #0
20000ca4:	6972      	ldr	r2, [r6, #20]
20000ca6:	e8c2 3f8f 	stlb	r3, [r2]
20000caa:	69b3      	ldr	r3, [r6, #24]
20000cac:	f383 8810 	msr	PRIMASK, r3
20000cb0:	b948      	cbnz	r0, 20000cc6 <dcd_event_handler+0x8a>
20000cb2:	f04f 23e0 	mov.w	r3, #3758153728	@ 0xe000e000
20000cb6:	f8d3 3df0 	ldr.w	r3, [r3, #3568]	@ 0xdf0
20000cba:	07db      	lsls	r3, r3, #31
20000cbc:	d508      	bpl.n	20000cd0 <dcd_event_handler+0x94>
20000cbe:	be00      	bkpt	0x0000
20000cc0:	b005      	add	sp, #20
20000cc2:	e8bd 83f0 	ldmia.w	sp!, {r4, r5, r6, r7, r8, r9, pc}
20000cc6:	462a      	mov	r2, r5
20000cc8:	7861      	ldrb	r1, [r4, #1]
20000cca:	7820      	ldrb	r0, [r4, #0]
20000ccc:	f000 f998 	bl	20001000 <__tud_event_hook_cb_veneer>
20000cd0:	b005      	add	sp, #20
20000cd2:	e8bd 83f0 	ldmia.w	sp!, {r4, r5, r6, r7, r8, r9, pc}
20000cd6:	4a5b      	ldr	r2, [pc, #364]	@ (20000e44 <dcd_event_handler+0x208>)
20000cd8:	7813      	ldrb	r3, [r2, #0]
20000cda:	3301      	adds	r3, #1
20000cdc:	b2db      	uxtb	r3, r3
20000cde:	7013      	strb	r3, [r2, #0]
20000ce0:	e7c9      	b.n	20000c76 <dcd_event_handler+0x3a>
20000ce2:	f04f 0900 	mov.w	r9, #0
20000ce6:	4e58      	ldr	r6, [pc, #352]	@ (20000e48 <dcd_event_handler+0x20c>)
20000ce8:	464b      	mov	r3, r9
20000cea:	7831      	ldrb	r1, [r6, #0]
20000cec:	f8df 8160 	ldr.w	r8, [pc, #352]	@ 20000e50 <dcd_event_handler+0x214>
20000cf0:	4f56      	ldr	r7, [pc, #344]	@ (20000e4c <dcd_event_handler+0x210>)
20000cf2:	e00f      	b.n	20000d14 <dcd_event_handler+0xd8>
20000cf4:	683a      	ldr	r2, [r7, #0]
20000cf6:	eb12 1343 	adds.w	r3, r2, r3, lsl #5
20000cfa:	d005      	beq.n	20000d08 <dcd_event_handler+0xcc>
20000cfc:	69db      	ldr	r3, [r3, #28]
20000cfe:	b11b      	cbz	r3, 20000d08 <dcd_event_handler+0xcc>
20000d00:	6861      	ldr	r1, [r4, #4]
20000d02:	7820      	ldrb	r0, [r4, #0]
20000d04:	4798      	blx	r3
20000d06:	7831      	ldrb	r1, [r6, #0]
20000d08:	f109 0901 	add.w	r9, r9, #1
20000d0c:	fa5f f389 	uxtb.w	r3, r9
20000d10:	428b      	cmp	r3, r1
20000d12:	d817      	bhi.n	20000d44 <dcd_event_handler+0x108>
20000d14:	4299      	cmp	r1, r3
20000d16:	d8ed      	bhi.n	20000cf4 <dcd_event_handler+0xb8>
20000d18:	1a5b      	subs	r3, r3, r1
20000d1a:	eb08 1343 	add.w	r3, r8, r3, lsl #5
20000d1e:	e7ed      	b.n	20000cfc <dcd_event_handler+0xc0>
20000d20:	4b46      	ldr	r3, [pc, #280]	@ (20000e3c <dcd_event_handler+0x200>)
20000d22:	781a      	ldrb	r2, [r3, #0]
20000d24:	07d7      	lsls	r7, r2, #31
20000d26:	d5d3      	bpl.n	20000cd0 <dcd_event_handler+0x94>
20000d28:	781a      	ldrb	r2, [r3, #0]
20000d2a:	f042 0204 	orr.w	r2, r2, #4
20000d2e:	701a      	strb	r2, [r3, #0]
20000d30:	e7a1      	b.n	20000c76 <dcd_event_handler+0x3a>
20000d32:	4b42      	ldr	r3, [pc, #264]	@ (20000e3c <dcd_event_handler+0x200>)
20000d34:	781a      	ldrb	r2, [r3, #0]
20000d36:	07d6      	lsls	r6, r2, #31
20000d38:	d5ca      	bpl.n	20000cd0 <dcd_event_handler+0x94>
20000d3a:	781a      	ldrb	r2, [r3, #0]
20000d3c:	f022 0204 	bic.w	r2, r2, #4
20000d40:	701a      	strb	r2, [r3, #0]
20000d42:	e798      	b.n	20000c76 <dcd_event_handler+0x3a>
20000d44:	4e3d      	ldr	r6, [pc, #244]	@ (20000e3c <dcd_event_handler+0x200>)
20000d46:	7833      	ldrb	r3, [r6, #0]
20000d48:	0758      	lsls	r0, r3, #29
20000d4a:	d437      	bmi.n	20000dbc <dcd_event_handler+0x180>
20000d4c:	78f3      	ldrb	r3, [r6, #3]
20000d4e:	07da      	lsls	r2, r3, #31
20000d50:	d5be      	bpl.n	20000cd0 <dcd_event_handler+0x94>
20000d52:	2303      	movs	r3, #3
20000d54:	2700      	movs	r7, #0
20000d56:	4a3a      	ldr	r2, [pc, #232]	@ (20000e40 <dcd_event_handler+0x204>)
20000d58:	7821      	ldrb	r1, [r4, #0]
20000d5a:	6816      	ldr	r6, [r2, #0]
20000d5c:	6862      	ldr	r2, [r4, #4]
20000d5e:	f88d 1004 	strb.w	r1, [sp, #4]
20000d62:	f88d 3005 	strb.w	r3, [sp, #5]
20000d66:	6973      	ldr	r3, [r6, #20]
20000d68:	f8cd 7006 	str.w	r7, [sp, #6]
20000d6c:	f8cd 700a 	str.w	r7, [sp, #10]
20000d70:	f8ad 700e 	strh.w	r7, [sp, #14]
20000d74:	9202      	str	r2, [sp, #8]
20000d76:	f3ef 8210 	mrs	r2, PRIMASK
20000d7a:	b672      	cpsid	i
20000d7c:	e8d3 0fcf 	ldaexb	r0, [r3]
20000d80:	2101      	movs	r1, #1
20000d82:	2800      	cmp	r0, #0
20000d84:	d1fa      	bne.n	20000d7c <dcd_event_handler+0x140>
20000d86:	e8c3 1f40 	strexb	r0, r1, [r3]
20000d8a:	2800      	cmp	r0, #0
20000d8c:	d1f6      	bne.n	20000d7c <dcd_event_handler+0x140>
20000d8e:	f3bf 8f5f 	dmb	sy
20000d92:	4630      	mov	r0, r6
20000d94:	61b2      	str	r2, [r6, #24]
20000d96:	a901      	add	r1, sp, #4
20000d98:	f000 f926 	bl	20000fe8 <__tu_fifo_write_veneer>
20000d9c:	6973      	ldr	r3, [r6, #20]
20000d9e:	e8c3 7f8f 	stlb	r7, [r3]
20000da2:	69b3      	ldr	r3, [r6, #24]
20000da4:	f383 8810 	msr	PRIMASK, r3
20000da8:	2800      	cmp	r0, #0
20000daa:	d082      	beq.n	20000cb2 <dcd_event_handler+0x76>
20000dac:	462a      	mov	r2, r5
20000dae:	f89d 1005 	ldrb.w	r1, [sp, #5]
20000db2:	f89d 0004 	ldrb.w	r0, [sp, #4]
20000db6:	f000 f923 	bl	20001000 <__tud_event_hook_cb_veneer>
20000dba:	e789      	b.n	20000cd0 <dcd_event_handler+0x94>
20000dbc:	7833      	ldrb	r3, [r6, #0]
20000dbe:	f04f 0800 	mov.w	r8, #0
20000dc2:	f023 0304 	bic.w	r3, r3, #4
20000dc6:	7033      	strb	r3, [r6, #0]
20000dc8:	2305      	movs	r3, #5
20000dca:	4a1d      	ldr	r2, [pc, #116]	@ (20000e40 <dcd_event_handler+0x204>)
20000dcc:	f88d 3005 	strb.w	r3, [sp, #5]
20000dd0:	6817      	ldr	r7, [r2, #0]
20000dd2:	7822      	ldrb	r2, [r4, #0]
20000dd4:	f8ad 800e 	strh.w	r8, [sp, #14]
20000dd8:	f88d 2004 	strb.w	r2, [sp, #4]
20000ddc:	697b      	ldr	r3, [r7, #20]
20000dde:	f8cd 8006 	str.w	r8, [sp, #6]
20000de2:	f8cd 800a 	str.w	r8, [sp, #10]
20000de6:	f3ef 8210 	mrs	r2, PRIMASK
20000dea:	b672      	cpsid	i
20000dec:	e8d3 0fcf 	ldaexb	r0, [r3]
20000df0:	2101      	movs	r1, #1
20000df2:	2800      	cmp	r0, #0
20000df4:	d1fa      	bne.n	20000dec <dcd_event_handler+0x1b0>
20000df6:	e8c3 1f40 	strexb	r0, r1, [r3]
20000dfa:	2800      	cmp	r0, #0
20000dfc:	d1f6      	bne.n	20000dec <dcd_event_handler+0x1b0>
20000dfe:	f3bf 8f5f 	dmb	sy
20000e02:	4638      	mov	r0, r7
20000e04:	61ba      	str	r2, [r7, #24]
20000e06:	a901      	add	r1, sp, #4
20000e08:	f000 f8ee 	bl	20000fe8 <__tu_fifo_write_veneer>
20000e0c:	697b      	ldr	r3, [r7, #20]
20000e0e:	e8c3 8f8f 	stlb	r8, [r3]
20000e12:	69bb      	ldr	r3, [r7, #24]
20000e14:	f383 8810 	msr	PRIMASK, r3
20000e18:	b938      	cbnz	r0, 20000e2a <dcd_event_handler+0x1ee>
20000e1a:	f04f 23e0 	mov.w	r3, #3758153728	@ 0xe000e000
20000e1e:	f8d3 3df0 	ldr.w	r3, [r3, #3568]	@ 0xdf0
20000e22:	07d9      	lsls	r1, r3, #31
20000e24:	d592      	bpl.n	20000d4c <dcd_event_handler+0x110>
20000e26:	be00      	bkpt	0x0000
20000e28:	e790      	b.n	20000d4c <dcd_event_handler+0x110>
20000e2a:	462a      	mov	r2, r5
20000e2c:	f89d 1005 	ldrb.w	r1, [sp, #5]
20000e30:	f89d 0004 	ldrb.w	r0, [sp, #4]
20000e34:	f000 f8e4 	bl	20001000 <__tud_event_hook_cb_veneer>
20000e38:	e788      	b.n	20000d4c <dcd_event_handler+0x110>
20000e3a:	bf00      	nop
20000e3c:	20001b00 	.word	0x20001b00
20000e40:	20001b58 	.word	0x20001b58
20000e44:	2000210f 	.word	0x2000210f
20000e48:	2000210d 	.word	0x2000210d
20000e4c:	20001930 	.word	0x20001930
20000e50:	10004fdc 	.word	0x10004fdc

20000e54 <memset>:
20000e54:	0783      	lsls	r3, r0, #30
20000e56:	b530      	push	{r4, r5, lr}
20000e58:	d046      	beq.n	20000ee8 <memset+0x94>
20000e5a:	1884      	adds	r4, r0, r2
20000e5c:	4684      	mov	ip, r0
20000e5e:	e004      	b.n	20000e6a <memset+0x16>
20000e60:	f803 1b01 	strb.w	r1, [r3], #1
20000e64:	079d      	lsls	r5, r3, #30
20000e66:	d004      	beq.n	20000e72 <memset+0x1e>
20000e68:	469c      	mov	ip, r3
20000e6a:	45a4      	cmp	ip, r4
20000e6c:	4663      	mov	r3, ip
20000e6e:	d1f7      	bne.n	20000e60 <memset+0xc>
20000e70:	bd30      	pop	{r4, r5, pc}
20000e72:	3a01      	subs	r2, #1
20000e74:	4402      	add	r2, r0
20000e76:	eba2 020c 	sub.w	r2, r2, ip
20000e7a:	2a03      	cmp	r2, #3
20000e7c:	d929      	bls.n	20000ed2 <memset+0x7e>
20000e7e:	b2cc      	uxtb	r4, r1
20000e80:	2a0f      	cmp	r2, #15
20000e82:	eb04 2404 	add.w	r4, r4, r4, lsl #8
20000e86:	eb04 4404 	add.w	r4, r4, r4, lsl #16
20000e8a:	d92f      	bls.n	20000eec <memset+0x98>
20000e8c:	f1a2 0c10 	sub.w	ip, r2, #16
20000e90:	f103 0510 	add.w	r5, r3, #16
20000e94:	f02c 0c0f 	bic.w	ip, ip, #15
20000e98:	44ac      	add	ip, r5
20000e9a:	e9c3 4400 	strd	r4, r4, [r3]
20000e9e:	e9c3 4402 	strd	r4, r4, [r3, #8]
20000ea2:	3310      	adds	r3, #16
20000ea4:	4563      	cmp	r3, ip
20000ea6:	d1f8      	bne.n	20000e9a <memset+0x46>
20000ea8:	f012 0f0c 	tst.w	r2, #12
20000eac:	f002 0e0f 	and.w	lr, r2, #15
20000eb0:	d018      	beq.n	20000ee4 <memset+0x90>
20000eb2:	f02e 0c03 	bic.w	ip, lr, #3
20000eb6:	f1ae 0504 	sub.w	r5, lr, #4
20000eba:	461a      	mov	r2, r3
20000ebc:	449c      	add	ip, r3
20000ebe:	f842 4b04 	str.w	r4, [r2], #4
20000ec2:	4562      	cmp	r2, ip
20000ec4:	d1fb      	bne.n	20000ebe <memset+0x6a>
20000ec6:	f025 0403 	bic.w	r4, r5, #3
20000eca:	3304      	adds	r3, #4
20000ecc:	f00e 0203 	and.w	r2, lr, #3
20000ed0:	4423      	add	r3, r4
20000ed2:	2a00      	cmp	r2, #0
20000ed4:	d0cc      	beq.n	20000e70 <memset+0x1c>
20000ed6:	b2c9      	uxtb	r1, r1
20000ed8:	441a      	add	r2, r3
20000eda:	f803 1b01 	strb.w	r1, [r3], #1
20000ede:	4293      	cmp	r3, r2
20000ee0:	d1fb      	bne.n	20000eda <memset+0x86>
20000ee2:	bd30      	pop	{r4, r5, pc}
20000ee4:	4672      	mov	r2, lr
20000ee6:	e7f4      	b.n	20000ed2 <memset+0x7e>
20000ee8:	4603      	mov	r3, r0
20000eea:	e7c6      	b.n	20000e7a <memset+0x26>
20000eec:	4696      	mov	lr, r2
20000eee:	e7e0      	b.n	20000eb2 <memset+0x5e>

20000ef0 <memcpy>:
20000ef0:	4684      	mov	ip, r0
20000ef2:	ea41 0300 	orr.w	r3, r1, r0
20000ef6:	f013 0303 	ands.w	r3, r3, #3
20000efa:	d149      	bne.n	20000f90 <memcpy+0xa0>
20000efc:	3a40      	subs	r2, #64	@ 0x40
20000efe:	d323      	bcc.n	20000f48 <memcpy+0x58>
20000f00:	680b      	ldr	r3, [r1, #0]
20000f02:	6003      	str	r3, [r0, #0]
20000f04:	684b      	ldr	r3, [r1, #4]
20000f06:	6043      	str	r3, [r0, #4]
20000f08:	688b      	ldr	r3, [r1, #8]
20000f0a:	6083      	str	r3, [r0, #8]
20000f0c:	68cb      	ldr	r3, [r1, #12]
20000f0e:	60c3      	str	r3, [r0, #12]
20000f10:	690b      	ldr	r3, [r1, #16]
20000f12:	6103      	str	r3, [r0, #16]
20000f14:	694b      	ldr	r3, [r1, #20]
20000f16:	6143      	str	r3, [r0, #20]
20000f18:	698b      	ldr	r3, [r1, #24]
20000f1a:	6183      	str	r3, [r0, #24]
20000f1c:	69cb      	ldr	r3, [r1, #28]
20000f1e:	61c3      	str	r3, [r0, #28]
20000f20:	6a0b      	ldr	r3, [r1, #32]
20000f22:	6203      	str	r3, [r0, #32]
20000f24:	6a4b      	ldr	r3, [r1, #36]	@ 0x24
20000f26:	6243      	str	r3, [r0, #36]	@ 0x24
20000f28:	6a8b      	ldr	r3, [r1, #40]	@ 0x28
20000f2a:	6283      	str	r3, [r0, #40]	@ 0x28
20000f2c:	6acb      	ldr	r3, [r1, #44]	@ 0x2c
20000f2e:	62c3      	str	r3, [r0, #44]	@ 0x2c
20000f30:	6b0b      	ldr	r3, [r1, #48]	@ 0x30
20000f32:	6303      	str	r3, [r0, #48]	@ 0x30
20000f34:	6b4b      	ldr	r3, [r1, #52]	@ 0x34
20000f36:	6343      	str	r3, [r0, #52]	@ 0x34
20000f38:	6b8b      	ldr	r3, [r1, #56]	@ 0x38
20000f3a:	6383      	str	r3, [r0, #56]	@ 0x38
20000f3c:	6bcb      	ldr	r3, [r1, #60]	@ 0x3c
20000f3e:	63c3      	str	r3, [r0, #60]	@ 0x3c
20000f40:	3040      	adds	r0, #64	@ 0x40
20000f42:	3140      	adds	r1, #64	@ 0x40
20000f44:	3a40      	subs	r2, #64	@ 0x40
20000f46:	d2db      	bcs.n	20000f00 <memcpy+0x10>
20000f48:	3230      	adds	r2, #48	@ 0x30
20000f4a:	d30b      	bcc.n	20000f64 <memcpy+0x74>
20000f4c:	680b      	ldr	r3, [r1, #0]
20000f4e:	6003      	str	r3, [r0, #0]
20000f50:	684b      	ldr	r3, [r1, #4]
20000f52:	6043      	str	r3, [r0, #4]
20000f54:	688b      	ldr	r3, [r1, #8]
20000f56:	6083      	str	r3, [r0, #8]
20000f58:	68cb      	ldr	r3, [r1, #12]
20000f5a:	60c3      	str	r3, [r0, #12]
20000f5c:	3010      	adds	r0, #16
20000f5e:	3110      	adds	r1, #16
20000f60:	3a10      	subs	r2, #16
20000f62:	d2f3      	bcs.n	20000f4c <memcpy+0x5c>
20000f64:	320c      	adds	r2, #12
20000f66:	d305      	bcc.n	20000f74 <memcpy+0x84>
20000f68:	f851 3b04 	ldr.w	r3, [r1], #4
20000f6c:	f840 3b04 	str.w	r3, [r0], #4
20000f70:	3a04      	subs	r2, #4
20000f72:	d2f9      	bcs.n	20000f68 <memcpy+0x78>
20000f74:	3204      	adds	r2, #4
20000f76:	d008      	beq.n	20000f8a <memcpy+0x9a>
20000f78:	07d2      	lsls	r2, r2, #31
20000f7a:	bf1c      	itt	ne
20000f7c:	f811 3b01 	ldrbne.w	r3, [r1], #1
20000f80:	f800 3b01 	strbne.w	r3, [r0], #1
20000f84:	d301      	bcc.n	20000f8a <memcpy+0x9a>
20000f86:	880b      	ldrh	r3, [r1, #0]
20000f88:	8003      	strh	r3, [r0, #0]
20000f8a:	4660      	mov	r0, ip
20000f8c:	4770      	bx	lr
20000f8e:	bf00      	nop
20000f90:	2a08      	cmp	r2, #8
20000f92:	d313      	bcc.n	20000fbc <memcpy+0xcc>
20000f94:	078b      	lsls	r3, r1, #30
20000f96:	d0b1      	beq.n	20000efc <memcpy+0xc>
20000f98:	f010 0303 	ands.w	r3, r0, #3
20000f9c:	d0ae      	beq.n	20000efc <memcpy+0xc>
20000f9e:	f1c3 0304 	rsb	r3, r3, #4
20000fa2:	1ad2      	subs	r2, r2, r3
20000fa4:	07db      	lsls	r3, r3, #31
20000fa6:	bf1c      	itt	ne
20000fa8:	f811 3b01 	ldrbne.w	r3, [r1], #1
20000fac:	f800 3b01 	strbne.w	r3, [r0], #1
20000fb0:	d3a4      	bcc.n	20000efc <memcpy+0xc>
20000fb2:	f831 3b02 	ldrh.w	r3, [r1], #2
20000fb6:	f820 3b02 	strh.w	r3, [r0], #2
20000fba:	e79f      	b.n	20000efc <memcpy+0xc>
20000fbc:	3a04      	subs	r2, #4
20000fbe:	d3d9      	bcc.n	20000f74 <memcpy+0x84>
20000fc0:	3a01      	subs	r2, #1
20000fc2:	f811 3b01 	ldrb.w	r3, [r1], #1
20000fc6:	f800 3b01 	strb.w	r3, [r0], #1
20000fca:	d2f9      	bcs.n	20000fc0 <memcpy+0xd0>
20000fcc:	780b      	ldrb	r3, [r1, #0]
20000fce:	7003      	strb	r3, [r0, #0]
20000fd0:	784b      	ldrb	r3, [r1, #1]
20000fd2:	7043      	strb	r3, [r0, #1]
20000fd4:	788b      	ldrb	r3, [r1, #2]
20000fd6:	7083      	strb	r3, [r0, #2]
20000fd8:	4660      	mov	r0, ip
20000fda:	4770      	bx	lr
20000fdc:	0000      	movs	r0, r0
	...

20000fe0 <__time_us_64_veneer>:
20000fe0:	f85f f000 	ldr.w	pc, [pc]	@ 20000fe4 <__time_us_64_veneer+0x4>
20000fe4:	1000119d 	.word	0x1000119d

20000fe8 <__tu_fifo_write_veneer>:
20000fe8:	f85f f000 	ldr.w	pc, [pc]	@ 20000fec <__tu_fifo_write_veneer+0x4>
20000fec:	10003d39 	.word	0x10003d39

20000ff0 <__panic_veneer>:
20000ff0:	f85f f000 	ldr.w	pc, [pc]	@ 20000ff4 <__panic_veneer+0x4>
20000ff4:	100003f9 	.word	0x100003f9

20000ff8 <__best_effort_wfe_or_timeout_veneer>:
20000ff8:	f85f f000 	ldr.w	pc, [pc]	@ 20000ffc <__best_effort_wfe_or_timeout_veneer+0x4>
20000ffc:	10001081 	.word	0x10001081

20001000 <__tud_event_hook_cb_veneer>:
20001000:	f85f f000 	ldr.w	pc, [pc]	@ 20001004 <__tud_event_hook_cb_veneer+0x4>
20001004:	10002799 	.word	0x10002799

20001008 <striped_spin_lock_num>:
20001008:	00000010                                ....

2000100c <irq_handler_chain_slots>:
2000100c:	00000000 	.word	0x00000000
20001010:	00010000 	.word	0x00010000
	...
2000101c:	00020000 	.word	0x00020000
	...
20001028:	00030000 	.word	0x00030000
	...
20001034:	00040000 	.word	0x00040000
	...
20001040:	00050000 	.word	0x00050000
	...
2000104c:	00ff0000 	.word	0x00ff0000
20001050:	00000000 	.word	0x00000000

20001054 <irq_handler_chain_first_slot>:
20001054:	b501      	push	{r0, lr}
20001056:	6848      	ldr	r0, [r1, #4]
20001058:	3101      	adds	r1, #1
2000105a:	468e      	mov	lr, r1
2000105c:	4700      	bx	r0

2000105e <irq_handler_chain_remove_tail>:
2000105e:	4670      	mov	r0, lr
20001060:	3809      	subs	r0, #9
20001062:	4901      	ldr	r1, [pc, #4]	@ (20001068 <irq_handler_chain_remove_tail+0xa>)
20001064:	4788      	blx	r1
20001066:	bd01      	pop	{r0, pc}
20001068:	10000875 	.word	0x10000875
2000106c:	00000000 	.word	0x00000000

20001070 <last_added.0>:
20001070:	ffffffff 7fffffff                       ........

20001078 <default_alarm_pool>:
	...
2000108c:	20001630                                0.. 

20001090 <stdio_usb>:
20001090:	10001e6d 10001e19 10001d91 10001d01     m...............
200010a0:	00000000 00000100                       ........

200010a8 <_usbd_qdef>:
200010a8:	20001b5c 000c0010 00000000 00000000     \.. ............
	...

200010c4 <_usbd_rhport>:
200010c4:	000000ff                                ....

200010c8 <__malloc_sbrk_base>:
200010c8:	ffffffff                                ....

200010cc <__malloc_trim_threshold>:
200010cc:	00020000                                ....

200010d0 <__malloc_av_>:
	...
200010d8:	200010d0 200010d0 200010d8 200010d8     ... ... ... ... 
200010e8:	200010e0 200010e0 200010e8 200010e8     ... ... ... ... 
200010f8:	200010f0 200010f0 200010f8 200010f8     ... ... ... ... 
20001108:	20001100 20001100 20001108 20001108     ... ... ... ... 
20001118:	20001110 20001110 20001118 20001118     ... ... ... ... 
20001128:	20001120 20001120 20001128 20001128      ..  .. (.. (.. 
20001138:	20001130 20001130 20001138 20001138     0.. 0.. 8.. 8.. 
20001148:	20001140 20001140 20001148 20001148     @.. @.. H.. H.. 
20001158:	20001150 20001150 20001158 20001158     P.. P.. X.. X.. 
20001168:	20001160 20001160 20001168 20001168     `.. `.. h.. h.. 
20001178:	20001170 20001170 20001178 20001178     p.. p.. x.. x.. 
20001188:	20001180 20001180 20001188 20001188     ... ... ... ... 
20001198:	20001190 20001190 20001198 20001198     ... ... ... ... 
200011a8:	200011a0 200011a0 200011a8 200011a8     ... ... ... ... 
200011b8:	200011b0 200011b0 200011b8 200011b8     ... ... ... ... 
200011c8:	200011c0 200011c0 200011c8 200011c8     ... ... ... ... 
200011d8:	200011d0 200011d0 200011d8 200011d8     ... ... ... ... 
200011e8:	200011e0 200011e0 200011e8 200011e8     ... ... ... ... 
200011f8:	200011f0 200011f0 200011f8 200011f8     ... ... ... ... 
20001208:	20001200 20001200 20001208 20001208     ... ... ... ... 
20001218:	20001210 20001210 20001218 20001218     ... ... ... ... 
20001228:	20001220 20001220 20001228 20001228      ..  .. (.. (.. 
20001238:	20001230 20001230 20001238 20001238     0.. 0.. 8.. 8.. 
20001248:	20001240 20001240 20001248 20001248     @.. @.. H.. H.. 
20001258:	20001250 20001250 20001258 20001258     P.. P.. X.. X.. 
20001268:	20001260 20001260 20001268 20001268     `.. `.. h.. h.. 
20001278:	20001270 20001270 20001278 20001278     p.. p.. x.. x.. 
20001288:	20001280 20001280 20001288 20001288     ... ... ... ... 
20001298:	20001290 20001290 20001298 20001298     ... ... ... ... 
200012a8:	200012a0 200012a0 200012a8 200012a8     ... ... ... ... 
200012b8:	200012b0 200012b0 200012b8 200012b8     ... ... ... ... 
200012c8:	200012c0 200012c0 200012c8 200012c8     ... ... ... ... 
200012d8:	200012d0 200012d0 200012d8 200012d8     ... ... ... ... 
200012e8:	200012e0 200012e0 200012e8 200012e8     ... ... ... ... 
200012f8:	200012f0 200012f0 200012f8 200012f8     ... ... ... ... 
20001308:	20001300 20001300 20001308 20001308     ... ... ... ... 
20001318:	20001310 20001310 20001318 20001318     ... ... ... ... 
20001328:	20001320 20001320 20001328 20001328      ..  .. (.. (.. 
20001338:	20001330 20001330 20001338 20001338     0.. 0.. 8.. 8.. 
20001348:	20001340 20001340 20001348 20001348     @.. @.. H.. H.. 
20001358:	20001350 20001350 20001358 20001358     P.. P.. X.. X.. 
20001368:	20001360 20001360 20001368 20001368     `.. `.. h.. h.. 
20001378:	20001370 20001370 20001378 20001378     p.. p.. x.. x.. 
20001388:	20001380 20001380 20001388 20001388     ... ... ... ... 
20001398:	20001390 20001390 20001398 20001398     ... ... ... ... 
200013a8:	200013a0 200013a0 200013a8 200013a8     ... ... ... ... 
200013b8:	200013b0 200013b0 200013b8 200013b8     ... ... ... ... 
200013c8:	200013c0 200013c0 200013c8 200013c8     ... ... ... ... 
200013d8:	200013d0 200013d0 200013d8 200013d8     ... ... ... ... 
200013e8:	200013e0 200013e0 200013e8 200013e8     ... ... ... ... 
200013f8:	200013f0 200013f0 200013f8 200013f8     ... ... ... ... 
20001408:	20001400 20001400 20001408 20001408     ... ... ... ... 
20001418:	20001410 20001410 20001418 20001418     ... ... ... ... 
20001428:	20001420 20001420 20001428 20001428      ..  .. (.. (.. 
20001438:	20001430 20001430 20001438 20001438     0.. 0.. 8.. 8.. 
20001448:	20001440 20001440 20001448 20001448     @.. @.. H.. H.. 
20001458:	20001450 20001450 20001458 20001458     P.. P.. X.. X.. 
20001468:	20001460 20001460 20001468 20001468     `.. `.. h.. h.. 
20001478:	20001470 20001470 20001478 20001478     p.. p.. x.. x.. 
20001488:	20001480 20001480 20001488 20001488     ... ... ... ... 
20001498:	20001490 20001490 20001498 20001498     ... ... ... ... 
200014a8:	200014a0 200014a0 200014a8 200014a8     ... ... ... ... 
200014b8:	200014b0 200014b0 200014b8 200014b8     ... ... ... ... 
200014c8:	200014c0 200014c0 200014c8 200014c8     ... ... ... ... 

200014d8 <_impure_ptr>:
200014d8:	200014e0 00000000                       ... ....

200014e0 <_impure_data>:
200014e0:	00000000 200017f0 20001858 200018c0     ....... X.. ... 
	...
20001578:	00000001 00000000 abcd330e e66d1234     .........3..4.m.
20001588:	0005deec 0000000b 00000000 00000000     ................
	...

20001620 <malloc_mutex>:
	...

20001628 <print_mutex>:
	...
