:020000041000EA
:10000000002008205B0100101B0100101D010010E2
:100010001101001011010010110100101101001058
:100020001901001019010010190100101F01001022
:10003000110100101901001021010010230100100E
:100040001101001011010010110100101101001028
:100050001101001011010010110100101101001018
:100060001101001011010010110100101101001008
:1000700011010010110100101101001011010010F8
:1000800011010010110100101101001011010010E8
:1000900011010010110100101101001011010010D8
:1000A00011010010110100101101001011010010C8
:1000B00011010010110100101101001011010010B8
:1000C00011010010110100101101001011010010A8
:1000D0001101001011010010110100101101001098
:1000E0001101001011010010110100101101001088
:1000F0001101001011010010110100101101001078
:100100001101001011010010110100101101001067
:10011000EFF30580103800BE00BE00BE00BE00BE7A
:1001200000BE00BEF2EB8871787D0110987D011051
:100130009C01001090A31AE7D3DEFFFF42012110BB
:10014000FF010000108A0300793512AB00201E4920
:10015000086006C881F3088810474FF050400068D7
:1001600008B10020F3E70DA40ECC002902D000F066
:1001700012F8F9E71549164A002000E001C1914242
:10018000FCD114498847144988471449884700BE60
:10019000FDE701C901C29A42FBD37047987D011067
:1001A00010010020C00E0220488B03100000082020
:1001B00000000820488B03100010082000100820C1
:1001C000000000007047000008ED00E0C00E0220B3
:1001D000B0190220413D001019020010053D001029
:1001E00030B500250A4C83B00A480DF10601ADF880
:1001F000065001F04BF8BDF8062012046368D903DD
:10020000FCD422616368DB03FCD42261ECE700BF0D
:1002100000002050741902202DE9F04F89B003F03E
:10022000C5FE192000F0F2F84FF0190B4FF0010352
:1002300043EC44B004210B2000F0CAF8102524231D
:100240005B4A5C4C95665367136F4FF4E13183F45E
:1002500090136FF30F032367536E5748DB4303F08C
:100260000103636601F0A2F80221002000F0B0F85B
:100270000221012000F0ACF8002006F0BDF9044690
:10028000019006F065FC8146204606F057FC4FEAD7
:10029000490A0546504603F059FC0746284603F034
:1002A00055FC064600F076F9444C034652460221BE
:1002B000434800F0D7FF2046424906F035F84FF496
:1002C000C02306934FF4140300F108020493C30102
:1002D00043EA023323F0C04305933B4B804606219B
:1002E0000820079300F074F80621092000F070F848
:1002F00006210A2000F06CF84FF4E06320461A460D
:10030000002106F07BF842460021204604AB06F0AF
:10031000ABF84FF460434FF00008C4F8D8302368BE
:100320002A4843F00103236006F042F90AEB070371
:10033000C2460093204C73190293A369D906FCD4DA
:100340002368DBB2AA2BF8D1A369DA06FCD42368B0
:10035000DBB2552BF1D14DB13246A369DB06FCD49B
:10036000236802F8013B029B9342F6D1324639469C
:10037000019806F05DFCB9F1000F0CDD03962E46E6
:100380003D4629460E4800F0C9FF009B0235AB42AE
:10039000F7D13546039E0AF1010ABAF1180FCCD9FC
:1003A00088F0010848EC40B04FF0000AC5E700BFF4
:1003B00000800A4000900A400000074000002050E2
:1003C000741902202069011008241040E101001076
:1003D00010B44FF480740C4B53F8202003EB8003CF
:1003E000C00082F0400200F1804003F5805C02F022
:1003F000C00200F5203003F54053CCF800204160E6
:100400001C605DF8044B70470480034030B44FF02B
:10041000000343EC440043EC400005254FF4807496
:100420000B4BC20053F8201003EB800081F0400119
:1004300002F1804303F5203301F0C00200F5805142
:1004400000F540500A605D60046030BC704700BF3A
:10045000048003400FB400B583B0049C074803F048
:10046000E9FD3CB105A92046019103F0E3FB0448F6
:1004700003F0E0FD012003F0F5FB00BF3C69011033
:10048000586E0110EFF3108072B6064BD3E8CF1F01
:1004900001220029FAD1C3E8412F0029F6D1BFF388
:1004A0005F8F7047771302200023034AC2E88F3F13
:1004B00080F31088704700BF7713022070B586461E
:1004C000EFF3108572B6124CD4E8CF6F0120002EE6
:1004D000FAD1C4E8460F002EF6D1BFF35F8F4FF07C
:1004E000010CC80801F007030CFA03F31EF800C062
:1004F0001CEA030608D14CEA030C0EF800C0C4E85D
:100500008F6F85F3108870BD1046FFF7A3FF00BF03
:1005100077130220F8B5EFF3108772B61C4ED6E8B9
:10052000CF5F0124002DFAD1C6E8454F002DF6D14A
:10053000BFF35F8F9A421BD8012502E0013293423C
:1005400022D3D40810F804E002F0070C05FA0CFCE2
:100550001EEA0C0FF2D14EEA0C0E00F804E0104631
:100560000023C6E88F3F87F31088984207DBF8BD69
:100570000023C6E88F3F87F310884FF0FF30002933
:10058000F5D00698FFF766FF4FF0FF30E8E700BFB1
:1005900077130220044A1078431CDBB2182B28BFC3
:1005A00010231370704700BF5815002010B5054C7C
:1005B00082B001461F23182200940348FFF7AAFFC8
:1005C00002B010BD4C690110C81402204FF0E022A7
:1005D000936843F000539360704700BF0021044BC1
:1005E00003F12002C3E88F1F01339342FAD1704711
:1005F0006C1302204FF0E0234FF08032C3F8002448
:10060000C3F80424C3F80824C3F80C24C3F8102446
:10061000C3F81424C3F81824C3F81C24C3F82024F6
:10062000C3F82424C3F82824C3F82C24C3F83024A6
:1006300062B67047012300F01F029340400941B1A8
:10064000800000F1604000F56140C0F88031036037
:100650007047024A203042F82030704700E100E045
:100660000123064A410952F8212000F01F0003FA35
:1006700000F01040003818BF0120704700E100E092
:1006800001224309034900F01F008240403341F832
:100690002320704700E100E0054A10309268054BC6
:1006A00052F82000C01A47288CBF00200120704754
:1006B00000ED00E05C15002010B5EFF3108C72B671
:1006C000114BD3E8CF4F0122002CFAD1C3E8442FBD
:1006D000002CF6D1BFF35F8F0C4A103092680C4C9F
:1006E00052F82020A24201D091420BD1074A9268D1
:1006F00042F82010BFF35F8F0022C3E88F2F8CF3E6
:10070000108810BD01F052F87513022000ED00E0D2
:10071000110100102DE9F04F0B4683B0EFF3108A62
:1007200072B6DFF8A891D9E8CF4F0121002CFAD199
:10073000C9E8441F002CF6D1BFF35F8F5D4991F9E2
:100740000080B8F1000FC0F2B3805B4C08EB4807A3
:1007500004EB8705AE7910300E7058494FEA480611
:100760008968009651F82010BF000E1B472E34D820
:1007700021F0010E9EF80760964209D871E00CEB5B
:100780004C0604EB860696F807B093454ED9B6465C
:100790009EF906C0BCF1000FF1DA4BF601560EF1DE
:1007A000040B043DA5EB0B05C5F34A056FEAC545EF
:1007B000009F6FEAD5454744BB468EF80680DFF8B8
:1007C000088104EB8707AEF8045044F82B80BE8004
:1007D00087F806C0FA71BB601AE0394EB14267D1A2
:1007E000AB60384BEA71BA1C2244043B9B1AC3F33A
:1007F0004A036FEAC3434FF421426FEAD343E25303
:100800006B80FF224BF60153AA71AB8045F00101CA
:100810002A4B9B6843F82010BFF35F8F0023C9E881
:100820008F3F8AF3108803B0BDE8F08FF3463BF8A2
:10083000046F76050FD4761502360BEB460601964B
:100840006FF00706F61B019F361B3E44C6F34A06AF
:1008500046F46046A5E706F5FF1606F5FF561F3677
:10086000E9E7AB606FF00703EA714FF42142DB1B4D
:100870001B1B7344C3F34A06124BE253023727444F
:10088000043BDB1BA2F54142C3F34A03134332434B
:10089000AA800D4A6B804AF6AA2173461B1B5B4156
:1008A0005943090DA971CEF8002045F00101AFE7C9
:1008B00000F07CFFA81902205C15002000ED00E08C
:1008C00011010010A4150020014880477513022073
:1008D000F0B5EFF30585EDB2EFF3108C72B62C494D
:1008E000D1E8CF2F0123002AFAD1C1E8423F002AE4
:1008F000F6D1BFF35F8F274E40F0010EB4684AF681
:10090000AA2354F82570244A0446A41A6441634378
:100910001B0D77455BB223D092F906409C4224D050
:1009200092F912409C422BD092F91E409C4229D051
:1009300092F92A409C4227D092F936409C4225D019
:1009400092F942409C4208BF05240FD0134A00246C
:10095000157813708571C1E88F4F8CF31088F0BD46
:10096000B2680F4C42F82540F0E7002404EB440441
:1009700002EB8402FF2494714BF601549480E5E766
:100980000124F3E70224F1E70324EFE70424EDE771
:100990007513022000ED00E05C150020A81902206C
:1009A0001101001010B5074C82B00146052300224A
:1009B00000940548FFF7AEFD0028A8BFC0F1330042
:1009C00002B010BD68690110AD190220014B0B4443
:1009D000036070476C13022070B5104C104DAC4290
:1009E0000ED2FF26236863B1FFF7D4FD01462046EF
:1009F000FFF7ECFFA680BFF35F8F0834AC42F1D362
:100A000070BDFFF7C7FD01462046FFF7DFFF2671E7
:100A1000BFF35F8F0834AC42E4D370BD4C0E0220AC
:100A20005C0E022010B50446FFF7B4FD01462046D7
:100A3000FFF7CCFFFF232371BFF35F8F10BD00BF13
:100A400010B504460120FFF7B1FD034B03442360BA
:100A5000BFF35F8F10BD00BF6C130220024B0B442D
:100A60000360BFF35F8F70476C13022010490B685F
:100A7000EFF3108072B6D3E8CFCF0122BCF1000FA4
:100A8000F9D1C3E84C2FBCF1000FF4D1BFF35F8F55
:100A9000084A4FF0000C137809680133DBB2137079
:100AA000C1E88FCF80F3108840BF0020002170473D
:100AB00084190220AA1902202DE9F04F2DED028B96
:100AC00085B0EFF30583DBB2103B9A0818BF012213
:100AD0004FF0010103F0030B18BFAF4DAF4B08BF40
:100AE000AF4D0BEB820253F8226001FA0BF205F5D1
:100AF00041539FEDA78B01925A602FE0B3881C04ED
:100B000040F19380B379002B40F0DD80B6F90820E6
:100B1000002AC0F21E81736902EB420203EBC2039A
:100B2000D3E90247B7F1FF3F08BFB4F1FF3F0ED052
:100B300005EB8B01AB6A0A69D21AE31A934205D31B
:100B400001232A6A03FA0BF3134200D10C612846F1
:100B500000F048FBA042B941C0F2FB80B6F9083072
:100B6000019A002B0093EA63C8DBD6F8148003EBEC
:100B70004309284608EBC907D7E9024A00F032FBCF
:100B8000A04271EB0A01B9DBBAF1000FC0F2C380D9
:100B9000D7E90431834A934200F0ED807A88B6F9B0
:100BA000080092B242EA0040984702460B4652EAD9
:100BB000030100F0B080002B80F2D180B4EB020E74
:100BC0006AEB030A38F93930C7E902EA002B95DBF2
:100BD000716903EB430201EBC202D2E90270BE4528
:100BE0007AEB000C4FEA430288DBB4462CF8083F4E
:100BF00006E003EB430001EBC0005A00D0E90270AD
:100C0000BE451A447AEB000001EBC20404DB31F963
:100C10003230A446002BECDA28F83930009BACF8CF
:100C20000030B3881C043FF56DAF3369EFF31082D9
:100C300072B6D3E8CF0F01210028FAD1C3E8401FD4
:100C40000028F6D1BFF35F8F4FF6FF74B088002302
:100C5000316900B2B480C1E88F3F82F310889842B6
:100C6000FFF650AF0746A946746906F1080807EB7E
:100C7000470E04EBCE03D3E90250B6F90830C44660
:100C8000002B13DBB246009704E034F9363094466B
:100C9000002B09DB03EB430604EBC602D2E9027129
:100CA000BD4270EB0101F0DA5646009FACF80070CF
:100CB00034F93E7024F83E30002FD8DAB3794D462F
:100CC000002B3FF423AF0023B371B6F9083006F1CF
:100CD0000808581C3DD01A46776903E08046591C25
:100CE0003FF416AF03EB430107EBC100B0F802C0BD
:100CF0001C461CF4004F9E4637F93130EED094422A
:100D000080ED028B05D0A8F80030328927F8312019
:100D100034817246E3E738F8393033813369EFF3D1
:100D2000108272B6D3E8CF0F01210028FAD1C3E8B0
:100D3000401F0028F6D1BFF35F8F7388316928F810
:100D40003930009B73800023C1E88F3F82F3108805
:100D5000D4E640BF05B0BDEC028BBDE8F08F28465D
:100D6000CDE9022300F03EFA029A039B10EB020E3B
:100D700043EB010A26E708460B69029198470028D1
:100D8000C9D00299D1E9002311E700BFAFF3008079
:100D9000FFFFFFFFFFFFFFFF00800B404C19022009
:100DA00000000B40B90A00102DE9F84F364C2569B8
:100DB0002DB1BDE8F84F0A213448FFF707BEDFF830
:100DC000E4800321404600F0FBF90326C4F80C80C0
:100DD000FFF7E0FB4FF0504C2D4B2670034423618E
:100DE000DCF800300F216370636961801D834FF070
:100DF0000405A3F878504FF00505A3F890504FF084
:100E00000605A3F8A8504FF007050E214FF6FF7214
:100E100008274FF00A0EA3F8C0504FF001094FF019
:100E20000C0C4FF0020B4FF0090A0D204FF00B0590
:100E3000A3F868111749A280A3F808E1A160A3F8FC
:100E400048B0A3F8F0A0A3F82051A3F838C1A3F844
:100E50005001A3F83090A3F86060A3F8D8701A800E
:100E60000D4B3046C8F820700C49DC60FFF724FCBD
:100E700049463046FFF7DEFB094B0A211F64034851
:100E8000BDE8F84FFFF7A2BDC81500208419022065
:100E90006C130220FFFF10004C190220B90A001049
:100EA00000200B4000000B4000487047C815002090
:100EB000F8B59DF82050044617461E4635B900F097
:100EC00099F9874266EB010100295CDB2169EFF3A8
:100ED000108372B6D1E8CF0F01220028FAD1C1E801
:100EE000402F0028F6D1BFF35F8FB4F90220656967
:100EF00002EB4201002A4FEAC10C206905EBC10157
:100F000039DB35F80CE0A4F802E04FF0000EC0E841
:100F10008FEF83F310884888069B0130C0F30E00E2
:100F2000012838BF01200B61079B48804B61C1E954
:100F3000027640EA02402369EFF3108172B6D3E8EB
:100F4000CF7F0126002FFAD1C3E8476F002FF6D1DB
:100F5000BFF35F8FA38825F80C30A2802369C3E814
:100F60008FEF81F310880122E368217803F50153A4
:100F70008A405A60F8BD0022C0E88F2F83F31088A2
:100F80004FF0FF30F8BD2846F8BD00BF0146F0B570
:100F90000069EFF3108772B6D0E8CF5F0124002D0F
:100FA000FAD1C0E8454F002DF6D1BFF35F8FB1F9FC
:100FB00002E04C690EEB4E0CBEF1000F4FEACC057F
:100FC000086904EBCC0C3CDB665B4E800026C0E875
:100FD0008F6F87F31088BCF80200CCE90223013040
:100FE000C0F30E00012838BF0120059BACF80200B9
:100FF000CCF81030069B40EA0E40CCF814300B6958
:10100000EFF3108272B6D3E8CFCF0127BCF1000F07
:10101000F9D1C3E84C7FBCF1000FF4D1BFF35F8F6F
:101020008B886353A1F804E00B69C3E88F6F82F3E8
:1010300010880122CB68097803F501538A405A6071
:10104000F0BD0023C0E88F3F87F310884FF0FF30DA
:10105000F0BD00BF03464089B0EB214F37DD586932
:101060000A1402EB420210B500EBC2001C69EFF358
:10107000108C72B6D4E8CFEF0122BEF1000FF9D187
:10108000C4E84E2FBEF1000FF4D1BFF35F8F42884A
:1010900089B292B28A4207D000221B69C3E88F2F1F
:1010A0008CF31088002010BD42F4004242800121E0
:1010B000002218699971C0E88F2F8CF310881C7872
:1010C000DA68084602F50153A140596010BD0020BE
:1010D000704700BF407870472DE9F04705460C4641
:1010E00082B0EFF30587FFB2002F38D1304ED6E93A
:1010F00000238B4208BF824239D0DFF8C080D8F885
:101100000CA098F80090504600F06CF809F1040922
:101110005AF829301B1A281A64EB0101984271F120
:10112000000124DA00F066F8854264EB0101002931
:101130002DDB204B404600932A4623460197FFF7BC
:1011400025FF011E23DD1C4BC6E900545A6AA2424A
:101150002CD39B6AAB4227D31848FFF77BFF164B73
:101160005A6AA24208D2002002B0BDE8F08720BF30
:10117000114B5A6AA242F6D314BF012000209B6A89
:10118000AB4228BF40F0010002B0BDE8F0870A4B37
:10119000586AA042E7D3001B18BF01209B6AAB42EC
:1011A00028BF40F00100EFE7A242D5D120BFD3E72E
:1011B000C01500206D0A001000000B40C81500206B
:1011C00010B4054B054C064AA04214BF1846581CE3
:1011D0005DF8044BFFF772B9CC14022000800B407D
:1011E000846901100346416A0A46986A596A8A422C
:1011F000FAD17047034B596A0A46986A596A914274
:10120000FAD1704700000B4030B4154A536A9C462F
:10121000946A536A6345FAD1021959414FF00005A7
:1012200028BF01250E4B5B6AB5B15A1C08BF1A4690
:1012300008D04FF0FF310A460948436A8B42FCD37D
:101240008B4207D1064902E0486A984202D1886A77
:101250009042F9D330BC70479942EDD8F0E700BF17
:1012600000000B4070B50E46194604461546FFF7C0
:10127000ADFB00233146E581A681A360681C02F026
:1012800081FC6060003818BF012070BD38B504468D
:101290000368EFF3108572B6D3E8CF0F0122002860
:1012A000FAD1C3E8402F0028F6D1BFF35F8FB4F81E
:1012B0000AC02389B3EB0C0006D448B92368C3E8FD
:1012C0008F0F85F3108838BDE38901331844F4E7A4
:1012D00041B10846A289616802FB0C1115F0E8FAD9
:1012E000B4F80AC0E3890CF1010C1FFA8CFC6345C9
:1012F00038BF4FF0000C084AA4F80AC01378013335
:10130000DBB2137000232268C2E88F3F85F3108898
:1013100040BF012038BD00BFAA19022070B54FF0B0
:10132000000C0446204D0BE02B782268DBB2C2E8AB
:101330008FCF86F310882A78934200D120BF20BF38
:101340002368EFF3108672B6D3E8CF0F012200288E
:10135000FAD1C3E8402F0028F6D1BFF35F8F208970
:101360006389E289C31A44BF02F1010E73449342B8
:10137000DAD0A289636802FB003015F099FA0021E7
:101380002389E28901339BB29A4238BF0B462A78FF
:1013900023810132D2B22A702268C2E88F1F86F3FD
:1013A000108840BF70BD00BFAA190220F8B50546DD
:1013B00006200E4600F0E4F8002842D0354A3648B0
:1013C000954214BF4FF080624FF00062334B3449B6
:1013D00002601A608C6832EA0404FBD12D4B4FF492
:1013E0008071EB1AB3FA83F32E4A5B09062022F8C8
:1013F000131000F0C5F8C300B3FBF6F30133DA09AC
:1014000020D1402601216962AA622F6BFB0722D4FA
:101410002B46002253F82C1F062003F5805422602F
:101420002F6300F0ADF840F2013103228000B0FBE1
:10143000F6F0EB6A83F0700303F07E032360296308
:10144000AA64F8BD4FF6FE718A421BD922464FF6B8
:10145000FF71154ED7E740F2013205F540531A638C
:101460006B6AAC6A062004EB831400F089F80F4B1A
:10147000A402A3FB0023DB0A0021B4FBF3F0FFF777
:10148000C3FEC5E7C3F34503114603EB82161A46B4
:10149000B9E700BF00800740002002400030024052
:1014A0000000024090190220C0FF3F00757B2B8F87
:1014B00000EB400C4FEA8C0C0CF1804C0CF5803C9E
:1014C000F0B51646DCF80420051FB2F5803F38BFA2
:1014D0004FF48032EDB238BFCCF80420012D2AD968
:1014E0004FF40067254C0CF54052176054F820204B
:1014F000B2B9DCF80020012D82EA461202F0E002C7
:101500000CF5805632602AD94FF4006144F820303F
:101510004FF480330CF500521160CCF80430F0BD6C
:101520006769B7FBF2FE0EF1010E0EEB4E0EBEF137
:10153000030EFCD2DDE70129D2D103240CF5405281
:101540001460DCF80820D207FBD5DCF800200B4C37
:1015500082EA461202F0E0020CF580563260012267
:10156000DCF800504D4005F00305356002FA01F14A
:10157000DCF808200A42FBD0C6E700BFD0140220E6
:10158000014B53F820007047D014022070B4039D23
:1015900004682D0345EA03451B4B002CB3FBF1F314
:1015A000B2FBF3F61FDB194A194B904214BF4FF4FC
:1015B00080424FF40042174C1A6003F580531A60C2
:1015C000A36832EA0303FBD1212200F54053043320
:1015D000016086601A600268002AFCDA0822C56091
:1015E0001A6070BC7047036803F03F038B42DAD186
:1015F0008368C3F30B03B342D5D1C36803F4EE236E
:10160000AB42D0D1EDE700BF001BB7000080054022
:10161000002002400000024030B44FF080441C4BD8
:101620001C60E0B11B4CA3F54053DC611A4C40F048
:10163000010044401C62596298624FF080454FF0AF
:10164000E061134B1548164C1D60846019604AB95F
:1016500030BC4FF00042A3F580531A607047114B25
:10166000D861EAE74FF47A7303FB02F2B2F1807FAC
:101670002ABF6FF07F4313461A464FF080410A4C51
:1016800008482360094B426030BC1960704700BFB6
:1016900000B00D40D3C007B02D3FF84F00A001406F
:1016A000F3FFFF0100800D403C19022000A00D4017
:1016B000012300EB4000800000F1804000F5841021
:1016C00041600360704700BF002370B5DB8A0446A9
:1016D0000D461646002242E800F2520254BF102185
:1016E000042144F252209847864633462A46204633
:1016F000F446BDE870400A21604700BF0023DB8A42
:10170000002242E800F2520201D4102118470421BD
:10171000184700BF08B51346021E0DDB4BB941F058
:1017200020010023DB7C022B09D04FF48170FFF7EE
:10173000CBFF41F03001F4E78B06F6D5F1E74FF42B
:101740009170FFF7C1FF00BF034AD2F82838002B81
:10175000FBD0BFF35F8F704700000E400021044BA9
:10176000044ABFF35F8F43F8041B9342F9D17047DB
:101770000C080E402C080E4010B44FF48D704FF43E
:101780002A64064A064B07491460D0601960536802
:10179000002BFCDA5DF8044B704700BF008004406A
:1017A00000A0044000B0FA00704700BF08B501482F
:1017B000FEF750FEA869011038B5054C054DAC4246
:1017C00004D254F8043B9847AC42FAD338BD00BF6A
:1017D000D86801101C69011038B5054C054DAC42A4
:1017E00004D254F8043B9847AC42FAD338BD00BF4A
:1017F000046901101C69011010B40748074C084B1C
:10180000084A094904601A608B6832EA0303FBD175
:101810005DF8044B704700BF002002407F3BEFEFB4
:1018200000300240F6FFF30300000240044BDB6C83
:10183000B3F5004F03D14FF48022024BDA647047B6
:1018400000001150002011504FF0E022044BD2F85C
:10185000881D0B43C2F8883D10EE3004704700BF6E
:10186000030330006FF06041044B054A1960936830
:10187000DB4333F06043FAD1704700BF00300240D1
:101880000000024010B545F25320FFF737FFBDE8D6
:10189000104003460420184710B545F25320FFF7C7
:1018A0002DFFBDE81040034601201847FEF796BE05
:1018B00038B51349134C144D641AA408442C22461D
:1018C00028BF44222846920014F0F2FF432C14D87B
:1018D0000E4AC4F144000ED005EB8403410803EB2B
:1018E000C101C3E9002208338B42FAD1C30704D5F2
:1018F00020F00100044445F82420054B9D6038BDCC
:101900000000001010010010000000201101001064
:1019100000ED00E0002370B52B4C82B0C4F8843099
:10192000FFF72AFF0122294BDA63636C012BFCD1FC
:101930000321264A244B11639C6B012CFCD1022607
:10194000052521460523224A22480096FFF71EFE60
:1019500021462B46204A21480095FFF717FE00221A
:10196000042031461E4BFFF7A3FD214628460022E6
:101970001C4BFFF79DFD0022082011461A4BFFF774
:1019800097FD002209201146174BFFF791FD002219
:1019900006201146134BFFF78BFD0022114B072049
:1019A0001146FFF785FD0420FFF7EAFD00240F4BE9
:1019B000A3FB0035AD0CE0B229460134FFF778FEF9
:1019C000062CF8D102B070BD00000140003001408B
:1019D000002F685900000540008C864700800540B4
:1019E000001BB70080D1F008006CDC0283DE1B43D3
:1019F0002DE9F04FC1F30A5916461F4687B0A9F2E8
:101A0000FF38B9F1000F30D040F2FF74A1452CD05F
:101A10000024C9F57F720332201801EB025101F056
:101A200032F987A3D3E9002300F030FD0022864B72
:101A300004460D4600F01CFE48B12046294600220F
:101A4000824B00F0EBFC04460D46A9F2FE38B8F1DB
:101A5000000F22D132463B462046294600F0F2FCD8
:101A600007B0BDE8F04F00F0D7BA01F00CF974A34D
:101A7000D3E9002300F00AFD0022734B04460D4613
:101A800000F0F6FD48B12046294600226F4B00F0D9
:101A9000C5FC04460D46A9F2FE3830463946002200
:101AA0006B4B00F0D1FD48B1B8F1000F4FF00000D2
:101AB000C0F2B780674907B0BDE8F08F30463946BD
:101AC0000022654B00F0ACFD8146002840F0A38069
:101AD0003046394600F026FA0B4602463946304673
:101AE0001F46164600F09AFC82468B461A22CDE924
:101AF00000AB00F0F5F900F015FAC1F30A5340F21B
:101B0000FF7C82468B464BB1634507D01A2BD5BF6D
:101B1000CA46824601F0004BA1F1D07B39463046DF
:101B200000F034FD8146404600F00CFD02460B46B5
:101B3000CDE9042352465B4600F084FC06460F467E
:101B400000F0F0F902460B463046394616461F466D
:101B5000CDE9026700F062FC06460F46DDE90001B0
:101B600052465B4600F05AFCDDE9042300F06AFCB3
:101B700032463B4600F03EFCCDE90401484600F009
:101B8000E1FC22462B4600F05DFC06460F4600F0C5
:101B9000C9F982468B463046394652465B4600F0CC
:101BA0003DFCDDE9042300F025FC06460F46DDE997
:101BB000000122462B4600F045FC32463B4600F031
:101BC00019FC00F029FAC1F30A5440F2FF730D46E4
:101BD0000646002C3FF46FAF9C423FF46CAFDDE94A
:101BE000020100F0D3FC08FB09F959468144504634
:101BF00000F0CCFC00EB09031C44002C1ADD40F281
:101C0000FE72944211DD05F0004545F0FF410020D1
:101C100041F4E0014FE7B8F1000F4FF00000FFF68C
:101C200049AF002107B0BDE8F08F002205EB03515A
:101C3000901940E7002005F000413CE7AFF3008039
:101C4000EF39FAFE422EE63F0000E03F0000F03F91
:101C50000000B0400000F07F0000B0C0012A2DE974
:101C6000F04706460F4600F0818002EBD2756D10FA
:101C7000012D144666D09046002AB8BF02F1030831
:101C80004FEAA808B8F1010F79D09146002AB8BFF1
:101C900002F107094FEAE909B9F1010F6CD0924648
:101CA000002AB8BF02F10F0A4FEA2A1ABAF1010F4F
:101CB00068D0A2F120031F2B67D90022FFF7CEFFC7
:101CC00002460B4600F0BEFB02460B461046194684
:101CD00000F0B8FB1AF0010F02460B4605D0324661
:101CE0003B4600F0AFFB02460B461046194600F09B
:101CF000A9FB19F0010F02460B4605D032463B46C0
:101D000000F0A0FB02460B461046194600F09AFB75
:101D100018F0010F02460B4605D032463B4600F054
:101D200091FB02460B461046194600F08BFBED076F
:101D300002460B4608D532463B4600F083FB02467E
:101D40000B4601E002460B461046194600F07AFBAE
:101D5000E40702460B4605D532463B4600F072FBCF
:101D600002460B4610461946BDE8F08702460B4670
:101D700010461946BDE8F08702460B46C4E7024606
:101D80000B46D0E702460B46AFE702460B469DE7FF
:101D90002DE9F04F002992469B4604460D4681B03E
:101DA00080F29280C3F30A53A3F2FF33002B28DBA7
:101DB000D3F1340325D44FF0FF32A3F1200802FA07
:101DC00008F902FA03F1C3F1200E41EA090122FAEF
:101DD0000EF941EA09019A402AEA02022BEA0101BE
:101DE0000A430ED1342B3BD02AFA03FC0BFA0EFE29
:101DF0004CEA0E0C2BFA08F04CEA000C1CF0010F18
:101E00002ED105F100431D46A0469946504659463D
:101E100000F0BCFB2B0D064602462ED040F2FF70B0
:101E200083422AD0C5F31301214326D1294AA3F2C4
:101E3000FF33B242B8BF32468242A8BF024602FB1D
:101E400003F101F2FF33002B3BDD40F2FE729342BF
:101E50003DDC0022204800EB01531946104609E002
:101E60005B465246204605F10041FFF791FF01F124
:101E70000043194601B0BDE8F08F66B106F12003BA
:101E8000402B0BD952465B464046494601B0BDE85F
:101E9000F04FFFF7ADBD00200F49EBE7002E06DB4A
:101EA0004046494601B0BDE8F04FFFF7D7BE424675
:101EB0004B460020084900F0E9FA72428046894604
:101EC000EEE700200021D5E7804689469EE7002006
:101ED0000249CFE700F8FFFF0000F03F0000F07F6D
:101EE000C1F30A53C3B110B540F2FF7E73450ED063
:101EF0001344002B8C460BDD40F2FE718B420CDD4F
:101F000000200CF0004C4CF0FF4141F4E00110BD0A
:101F1000002001F0004110BD704700230CEB02517E
:101F2000181810BDC1F30A53A3F2FF335A1C8C4694
:101F30002ADB2DD0342B26DA012270B5022105468A
:101F4000C3F13304C3F1130E133B22FA03F302FA75
:101F50000EFE4EEA030EA4F1200002FA04F3C4F1CF
:101F600020065B1921FA06F601FA00F001FA04F1E5
:101F70004CEB0E0C30434A4260EB400E0EEA0C0173
:101F800002EA030070BD7047002001F00041704775
:101F900001F0004C4CF07F51002041F4401170479B
:101FA000C1F30A530A4673B3A3F2FF33002B24DBB9
:101FB000C3F13403002B2ADD10B501248446A3F1BC
:101FC0002001C3F1200024FA00F004FA03F304FA1C
:101FD00001F10143581E41F1FF3400EAE27010EBB9
:101FE0000C0E04EAE27042EB00025B4261EB410C32
:101FF0000EEA030002EA0C0110BD00294FF00000B8
:1020000006DA04497047184601F0004170477047EE
:10201000002170470000F0BFF8B540F6FF73B3EB46
:10202000115F3CD00022284B04460D4600F0F8FA20
:10203000A8BB002220462946244B00F005FB06469B
:1020400080BB20462946FFF76DFF00F09FFA074648
:1020500000F078FA02460B462046294600F0DEF9E9
:1020600017A3D3E9002300F0EDF900F08EFCC1F3D3
:102070000A5340F2FF7405460A467BB1A3420DD0D5
:102080003B44002B11DD40F2FE718B4211DD3046E6
:1020900002F0004242F0FF4141F4E001F8BD0020AF
:1020A0000021F8BD00200A49F8BD304601F000418A
:1020B000F8BD701902EB0751F8BD00BFAFF3008007
:1020C000EF39FAFE422EE63F0000B0C00000B040FB
:1020D0000000F07F2DE9F04F16461F4683B0002226
:1020E000AF4B04460D4600F075FA002840F08180A1
:1020F0003B0DC7F30A59B346B84640F2FF7A019345
:10210000B9F1000F41D0204629460022A54B00F02E
:1021100061FA00283ED0D14537D03B0D534500F041
:10212000938040F6FF734FEA18529A4200F0918074
:10213000A9F2FF39B9F1000FC0F28680994AC9F1BE
:102140003409B9F1000F17DD4FF0FF33A9F1200C6E
:1021500003FA0CFC03FA09F1C9F1200023FA00F09C
:1021600041EA0C01014303FA09F32BEA030328EACD
:1021700001010B4340F0F18032463B4620462946A0
:1021800003B0BDE8F04FFFF703BE0020844903B061
:10219000BDE8F08FC5F30A532A46290D73BB002F03
:1021A000A9F2FF3334DB002B53DBD3F1340350D4DB
:1021B0004FF0FF32A3F1200002FA00F702FA03F118
:1021C000C3F12006394322FA06F739439A402BEA35
:1021D000020228EA01010A433BD1342B09D02BFA31
:1021E00003F308FA06F628FA00F033430343D8074E
:1021F0002FD52046294603B0BDE8F08F514540D188
:10220000002F4FF0000020DA002103B0BDE8F08F6E
:1022100040F2FE31894517DDD3F1340314D44FF079
:10222000FF31A3F1200401FA04F601FA03F0C3F12F
:102230002005304321FA05F6304399402BEA01018D
:1022400027EA0000014307D00020574903B0BDE84A
:10225000F08F00200021D8E7342B4FF0000009D088
:102260002BFA03F307FA05F52B4327FA04F423436B
:10227000D907EAD502F0004242F0FF4141F4E00103
:1022800085E740F6FF7081425BD1002FA9F2FF3352
:1022900029DB002BD8DBD3F13403D5D44FF0FF3248
:1022A000A3F1200002FA00F502FA03F1C3F12004C1
:1022B000294322FA04F529439A4026EA020227EA32
:1022C00001010A43C0D1342B53D026FA03F307FA95
:1022D00004F427FA00F023430343DA074FF0000029
:1022E000B3D5324953E740F2FE329145B1DDD3F127
:1022F0003403AED44FF0FF32A3F1200002FA00F510
:1023000002FA03F1C3F12004294322FA04F5294318
:102310009A4026EA020227EA01010A4399D1342BA6
:102320002AD026FA03F307FA04F427FA00F023432D
:102330000343DB074FF000007FF566AF4FF000412D
:1023400025E7390D51451BD0390D814220D0A9F226
:10235000FF39B9F1000FBFF6F2AE002AFFF674AFF5
:1023600032463B462046294603B0BDE8F04FFFF712
:102370003FBB00200D490AE700204FF0004106E76F
:1023800040F2FE3293424FF000007FF73DAF5CE732
:1023900040F2FE3293424FF000007FF756AF33E732
:1023A0000000F03F0000F0BF0000F07F0000F0FFF1
:1023B00086B003B451FC0804CDE9020151FC0904C4
:1023C000CDE9040151EC0A04CDE9060103BCF04754
:1023D000BDE800504EEC00C4BDE800504EEC01C416
:1023E000BDE800504EEC02C400BD000000B5FFF790
:1023F000DFFF02E010FE30F4F8D441EC100443ECAF
:10240000112400EE010410EE010480EE200451ECD2
:102410001004704700B5FFF7CBFF02E010FE30F468
:10242000F8D441EC100443EC112400EE010410EE4A
:10243000210480EE200451EC3004704700B5FFF712
:10244000B7FF02E010FE30F4F8D410B541EC1004F0
:1024500043EC112451EC040453EC0524A0FB024C82
:102460005FF0000EE0FB03CEE1FB02CE4CEC20441B
:102470000024E1FB03E444EC30E480EE200451EC62
:10248000500410BD00B5FFF793FF02E010FE30F4DA
:10249000F8D441EC100443EC112451EC2104A0FBCE
:1024A00001126FEA820252FB100052FB12F252FB41
:1024B0001000A0EBD07C53EC04245CFB13F153EC34
:1024C0001524A1FB022001FB030053EC4424A2EBE2
:1024D000000050FB1CF24FEA111312EB017043EBAA
:1024E000E27140EA515020EA915020F0070053EC8D
:1024F0007524A0FB023C53EC752400FB03CC01FBCC
:1025000002CC53EC0424ACEB824C40EA5C70A0F1AA
:10251000010041EC400480EE200451EC700470474F
:1025200000B5FFF745FF02E010FE30F4F8D441ECAF
:10253000100480EE220410EEB204704700B5FFF7DD
:1025400037FF02E010FE30F4F8D440EC700400EEE7
:10255000010410EE210480EE200451EC3004704799
:1025600000B5FFF725FF02E010FE30F4F8D440EC90
:10257000600400EE010410EE210480EE200451EC12
:102580003004704700B5FFF713FF02E010FE30F48F
:10259000F8D441EC800400EE010410EE010480EE5A
:1025A000400410EE1304704700B5FFF701FF02E08E
:1025B00010FE30F4F8D441EC100443EC112400EE8A
:1025C000010410EE3004C0F30070704700B5FFF74F
:1025D000EFFE02E010FE30F4F8D441EC100443ECBE
:1025E000112400EE010410EE3004C0F38070704737
:1025F00000B5FFF7DDFE02E010FE30F4F8D443EC46
:10260000102441EC110400EE010410EE30F48CBFF4
:1026100001200020704700BF00B5FFF7C9FE02E0AF
:1026200010FE30F4F8D443EC102441EC110400EE19
:10263000010410EE30F42CBF01200020704700BFD1
:1026400000B5FFF7B5FE02E010FE30F4F8D441EC1F
:10265000100443EC112400EE010410EE30F42CBF02
:1026600001200020704700BF00B5FFF7A1FE02E087
:1026700010FE30F4F8D441EC100443EC112400EEC9
:10268000010410EE30F48CBF01200020704700BF21
:10269000404261EB410140F2F334B1FA81F20C2A7D
:1026A0000CD2153211FA02F3C2F12002D04021FA05
:1026B00002F12244584141EB0251704769B1C2F125
:1026C0002B0230FA02F3C2F12002914090401943EC
:1026D000A4EB020201EB0251704701004FF0000031
:1026E000A4F12004D9D17047012767F31F5117FACD
:1026F00003F817D0A0FB080701FB0871A1FB0678BF
:102700005FEAD8469219A6FB047806FB0588090300
:1027100051EA1051D7EB003061EB0801A94238BFF4
:1027200070470BE00C33012717FA03F80FD0A0FB1A
:10273000080701FB0871A94238BF704708BFA042D3
:1027400038BF7047001B61EB05010132704703F190
:10275000200311FA03F6D3F12003D840D9403043C7
:102760007047000000000000000000000453B108A2
:102770006018850FC8E5F22A6E07271E0D12B221D8
:102780000412572F12557CBCDA30723F17A717A5D9
:102790005531994E9D0DBF0AEEE0AB5FE3EF6D9CA6
:1027A0007636AD6F697BCCE33D62BD7EF0810682FB
:1027B000F3FA428F37D5B78A5313C89E7FABB32045
:1027C000491570AF0000000000000000025E88158F
:1027D0005580FF00907806B1A602FE01DC4E21F084
:1027E000EB88FB027A7C801F1615F8033C5DA9D1AB
:1027F00010A9F304AA466CF5C146EE05FF65E4EBAB
:1028000009F0E70613C00C9EC3A6E007E1BFEC91F8
:10281000C46CD808D5AF5EFFDC43CF09466A72E4CA
:10282000D72DC50A237E6E197B2CBA0BBFF57164B8
:102830008741AE0C61DFB88CB86EA10D09A9856D1A
:10284000C5B5930E3153B1086018850F3071E49807
:10285000359875105915550580FF0F0009C3EB8F8A
:1028600080FB2F00B1910E9A82F34F001FE7FD22EB
:1028700087E76F00C3A09A298FD78F004F4366ACBC
:102880009BC3AF00412A83A9ADABCF004FB7B41EA5
:10289000C68FEF00B6815F09E66F0F016785896615
:1028A0000E4C2F011A52DA3240244F01483A9B6AEB
:1028B0007CF86E01FF81B709C4C88E019C8DBC0BEA
:1028C0001895AE017010DA6B795DCE013A3BE224C7
:1028D000E921EE0138739533427FECA03114FAF50B
:1028E000BD8689916B02FAE6E0F29183E6821207D7
:1028F00013A85177212621686AB2736A9D0DBF0A19
:10290000EEE0AB5F19B4E0B71CB66A549596E53DAE
:10291000EF07A548D1CBE555DC0E4E3CCE68ADE8BF
:1029200039B5A432CB3CFA96D9569A28C9B21CA123
:10293000F9FCAE21864B6BE58AD2F0160453B10840
:102940006018850F02C00C9EC3A6E00700000000BF
:1029500000000000AC79CFD1F71772B1293BAAB8BB
:102960004FEAC12040F00040490043F1200340F20B
:102970000001C3F6F071C3F10B0320FA03F038BF76
:102980007047404261F1000170475FEAD17CC1F3BA
:102990000A53A3F2FF330C2B62DA13F1200FDFDDB1
:1029A0002DE9F0413C4C70CC4FF00002FFF79CFE4B
:1029B0001CF0010F04D06FEA0202201A65EB01013E
:1029C00002F2FE3C40F2FE739C455CD20A0F334B90
:1029D00003EBC2030CCB02F03F0545F04005801A23
:1029E00099410A0E2E4B03EBC20318CB02F58072FD
:1029F0005543C01AA1414A0D2A4B03EBC20318CB21
:102A0000124402F5805205FB0255C01AA1418A0208
:102A100052EA905242F1000282FB02345B0D53EA0B
:102A2000C423C01841EB545184FB02344FF055339A
:102A300083FB043454FB11F304EB930410EB4402C6
:102A400041EBE473E900A1FB0240C1FB0301400A32
:102A500050EBC1504FEA512151EB0C51BDE8F081D0
:102A6000B3F5806F07D150EA01320CBF21EAE17162
:102A700041F400217047002000211CF0010F08BF25
:102A8000C7F6F07170474FF000004FF00001A8BF8B
:102A9000C7F6F071BDE8F0815429001064270010DA
:102AA000C42700105428001040F20001CFF6F07146
:102AB0000020704750EA013218BF41F400217047EE
:102AC0007FEAA65540F019814FF4805420E18CEA4A
:102AD00011331B0640F0EE80BCF1000F67D1C90432
:102AE00051EA5031C004B1FA81F4202C4BD20125B7
:102AF000A540A0FB052301FB0533A0FB03C5A1FBFB
:102B000002C6E1FB6356B2EB152263F10003B2EBA0
:102B1000066273EB1623A0FB06C7A1FB05C8E1FB09
:102B200066784FF05535A7FB05C65FF0000CE8FB53
:102B3000056C16EB0C064CF1000C12EB963243F1CF
:102B4000000312EB8C4243EB9C3358FB11F55FF012
:102B5000333755FB11F656FB17F8A5EB581756FB04
:102B600011F5C2F6802656FB15F507EB1537B2EBCB
:102B7000472063EBD751C4F58064A4F11504FFF737
:102B80008CFDBDE8F081B0FA80F410FA04F1A0FBEE
:102B900001234FF00000B0EB132061F10001C4F5F8
:102BA0008064A4F13504FFF778FDBDE8F081890465
:102BB00051EA90318004404261EB4101B1FA81F465
:102BC000202C4ED2013C0125A540A0FB052301FB92
:102BD0000533A0FB03C5A1FB02C6E1FB635612EB64
:102BE000152243F1000312EB066253EB1623A0FB00
:102BF00006C7A1FB05C8E1FB66784FF05535A7FB7A
:102C000005C65FF0000CE8FB056C16EB0C064CF1FA
:102C1000000C12EB963243F1000312EB8C4243EBB3
:102C20009C3358FB11F55FF0333755FB11F656FB1B
:102C300017F805EB581756FB11F5C2F6802656FB20
:102C400015F507EB153712EB472043EBD751C4F5C9
:102C50008064A4F11504FFF720FD41F00041BDE8B8
:102C6000F081B0FA80F410FA04F1A0FB01234FEADE
:102C70001320C4F58064A4F13504FFF70EFD91F034
:102C80000041BDE8F0815FEA410CBFF40DAF5FEA9F
:102C90005C5C3FF409AFACF2FF3CBCF5806F3FF4E5
:102CA00009AF012262F31F512DE9F041BCEBEC7F2B
:102CB0003FF40DAF0C0C4E4D05EBC40595E80C0030
:102CC00002F03F0505F14005A5FB000605FB01618B
:102CD0006FEAE14404F01F04464D05EBC40560CDE6
:102CE000521943EB060304F58074A4FB000604FBB1
:102CF00001667FEA26643FF4E3AE3F4D05EBC40571
:102D000022CD521843EB050341F2010505EB4404C3
:102D10006404A4FB0050C4EBC401E4FB060180EA98
:102D2000E17481EAE175A5FB0567A4FB05487F080E
:102D30004FEA360616EB080647F100078C0254EA04
:102D4000905444F10004801B61EB070154FB14F51F
:102D500055FB14F655FB15F74FF0553456FB14F69A
:102D6000B6EB173610EB860041EBA671101A63EB39
:102D70000101224A24CA1CF1010C0BDDA2FB0C2329
:102D80000024E5FB0C34121A8B4164F100045FF05F
:102D900080410CE0DCF1000CA2FB0C230024E5FBDD
:102DA0000C3482184B4144F100045FF040414CB9AF
:102DB0001C0013000022B1F100711CB91C0000239B
:102DC000B1F10071B4FA84F5A5F11D06A1EB06512D
:102DD000AC4013FA05F0C5F12005EB401C43EA4076
:102DE0001043C00A50EB445041EBD421BDE8F081C0
:102DF00054280010C4270010542800105429001033
:102E00002DE9F04101292DED028B08EE100A50D07A
:102E100001EBD1756D10012D0C463CD00E460029FA
:102E2000B8BFCE1CB610012E4ED00F460029B8BF39
:102E3000CF1DFF10012F44D088460029B8BF01F1F3
:102E40000F084FEA2818B8F1010F40D0A1F1200374
:102E50001F2B3FD90021FFF7D3FF07EE900A67EE43
:102E6000A77A18F0010F67EEA77A01D067EE887A8B
:102E7000F80767EEA77A01D567EE887AF10767EE63
:102E8000A77A01D567EE887AEA0767EEA77A04D5B4
:102E900067EE887A01E0F0EE487AE30767EEA77AFA
:102EA00001D567EE887ABDEC028B17EE900ABDE87B
:102EB000F081F0EE487ABDEC028B17EE900ABDE887
:102EC000F081F0EE487AD9E7F0EE487ADCE7F0EEF0
:102ED000487ACDE7F0EE487AC3E700BF021E38B566
:102EE0000C4618DAC1F3C7537F3B084610D4D3F120
:102EF00017030DD44FF0010C0CFA03FC0CF1FF3C4E
:102F00001CEA010F04D1172B24D0D840C30721D4C9
:102F100002F10042104607EE904AFDEEE77A12F009
:102F2000FF4317EE901A1DD0B3F1FF4F1AD0C2F332
:102F30001603BBB9D20D7F3A01F3080101FB02F37E
:102F400003F17F02002A38DDFE2A38DCDB0503F1BD
:102F50007E5038BD214602F10040FFF7BFFF00F16F
:102F6000004038BDB1B101F12003402B15D913F059
:102F700093FCFFF788FE02460D462046144613F0E8
:102F80008BFC22462B46FFF75DFAFFF7FEFCFFF7AE
:102F9000CBFA38BD4FF07E5038BD002903DBBDE8C9
:102FA0003840FFF72DBF07EE100AF7EE007AC7EEA4
:102FB000877A494217EE900AF1E7002038BD4FF0BA
:102FC000FF4038BDB7EE007A07EE900A77EE676AE9
:102FD00037EE877A26EE877A17EE103A13F0FF4F16
:102FE00001D0002B07DB17EE901AF1EEC77A17EE2F
:102FF000900A00F073BC4FF0FF40704708B500F036
:10300000B7F9DFED047A07EE100A67EE277A17EEBC
:10301000900A08BDD95BDE3EB7EE007A07EE900A53
:10302000F4EE477AF1EE10FA32D011F0FF4238B5E3
:103030000C460B4629D0FFEE006AF4EE667AF1EEFC
:1030400010FA26D1B2F1FF4F1FD040F27F1057493E
:10305000E20DFF2A60D040F2FF1C624558D012F00A
:10306000FF020BD07F3A5BD4C2F11702002A05DDC4
:10307000012000FA02F2013A1A4251D12146BDE87C
:10308000384017EE900AFFF729BF17EE100A38BD37
:10309000704710F0FF4F01461AD1002C4FEAD4526E
:1030A0001DDB7F3A19D4D2F1170216D401219140C9
:1030B0000139214211D1172AE9D09FED3D7A24FA36
:1030C00002F212F0010F47FE277A17EE900A38BD80
:1030D000C00DFF283BD1002C0CDA002038BDD2B245
:1030E0007F3A07D4D2F1170204D40120904001386E
:1030F000204202D04FF0FF4038BD172A03D024FAF7
:1031000002F2D007F6D501F0004040F0FF4038BD94
:10311000C0B27E28EED9E0E7C0B27E28DDD9E9E76B
:103120000029E7DB17EE900A13F0B6FBFFF7ABFDC3
:1031300002460D462046144613F0AEFB22462B46AF
:10314000FFF780F9FFF721FCFFF7EEF938BD40F2F9
:10315000FF15A8424FEAD4527FF47BAF002C11DB5D
:103160007F3AC7D4D2F11702C4D40121914001396A
:103170002142BFD1172A03D024FA02F2D207B9D5CF
:103180000C4838BDD2B27F3AA7D4D2F11702A4D4EA
:1031900001219140013921429FD1172A03D024FAFD
:1031A00002F2D30799D54FF0004038BD000080BF30
:1031B00000000000000080FF000000000000000090
:1031C00000000000DB60BE284A059193F4D5097F1A
:1031D00070374D7D66A5D83610E4104FAFF224024B
:1031E0004B1102EB830201F01F034FF001049C40DE
:1031F000A4FB0034D568A5FB0456956805FB04665E
:10320000E5FB0356556805FB0366704700000000A8
:10321000C11545D4852932DA012262F3DF507E39A7
:103220002AD400FA01F041F69553C5F6554380FBC8
:1032300003012BA292EC034A820D61F39A2200EE65
:10324000102ABBEEC00A60EE000AC1F3444220EE31
:10325000042A26A320EE201A53F8222000EEA42AE6
:10326000891501EE052A02EBC15200EE102A00EE8C
:10327000020A10EE100A70474942C840D3E747F2ED
:103280001822C4F2B1229042C6D3B0F1FF4F02D946
:1032900050F48000704740F20000C7F6807070471D
:1032A00011F17B0F0CDA012262F3DF50823105D578
:1032B0004942C84040F100004042B4E78840FBE783
:1032C0004AF64F42CCF2AE229042ECD910F5000FF4
:1032D00002D950F4800070474FF00000704700BFE3
:1032E0001872313FF0FD753E4758633D0000803F46
:1032F00087CD823FC3AA853F0F98883FC2958B3FF9
:103300003AA48E3FD3C3913FF0F4943FF037983FF7
:103310003A8D9B3F32F59E3F4370A23FD7FEA53FBB
:103320005BA1A93F3F58AD3FF623B13FF304B53F42
:10333000AFFBB83FA408BD3F4D2CC13F2A67C53F36
:10334000BEB9C93F8C24CE3F1EA8D23FFD44D73F13
:10335000B8FBDB3FDFCCE03F07B9E53FC7C0EA3F42
:10336000BAE4EF3F7D25F53FB383FA3F000000004C
:10337000B0F1FF4F3ED2C1153ED04FF0010262F3D3
:10338000DF5038BF400026A393EC034AAFF21C0382
:1033900003EB104323F00703D3E9002300FB02F003
:1033A00040EC103AFAEEC00A20EEA01A61F17E015C
:1033B00060EE811AC90521EE012A40F6FC3221EEA9
:1033C000041AC5F6B90261EEA41A51FB12F122EEFD
:1033D000052A03EE901A71EEC21AFAEEC53A31EEE2
:1033E000611A70EEC10A30EE200A30EE230A10EEA8
:1033F000100A704705DC0BD010F1FF4F09D310F510
:10340000000F40F4800003D840F20000CFF6C070F7
:10341000704740F20000CFF680707047AFF3008035
:103420000000003FABAAAA3E0000803E0000000062
:103430005501000001CB92BE48010000C3C87DBE0B
:103440003B010000685F54BE2F010000C7992CBEED
:10345000250100002C3C0ABE1A0100002F1AC6BD2F
:1034600011010000C2AC83BD08010000D814FCBCEF
:103470000001000000000000F8000000EC0A023D1E
:10348000F10000008E51773DEA0000009806B83D3B
:10349000E40000003B39ED3DDD000000088B163EE6
:1034A000D800000003FA2D3ED2000000D7D24A3ED9
:1034B000CD000000DE7F633EC8000000E3C87C3E14
:1034C000C3000000E65A8B3EBF00000084F7953E23
:1034D000BA0000006E8CA33EB6000000EFADAE3E19
:1034E000B2000000C40EBA3EAE000000CDB1C53E31
:1034F000AB0000005F99CE3E410201D150F0004088
:1035000050F480007047F0B5012363F3DF50C1F140
:1035100009014FF07E07FFF761FEB30F53F100037F
:103520009C44B6EB8376B20028BF5242B2F1805F72
:103530000BD20231FFF752FE96EA260242F1000258
:10354000B2F1805F01D2023FF3D50A4CA2FB042402
:10355000B4FA84F29440240AA7EB020244EBC2506E
:10356000C10DD1F17F01F60F00EBC673BDE8F0404D
:1035700073E00000A2DA0FC911F1800FBCD030EA6D
:10358000CC7248BF0CF1020C20F0004000EE100A93
:103590000DA2F2EC032A22EE802A11F1080FB9FEE7
:1035A000422AB0DDA2EE630AA2EE430A10EE103A00
:1035B000FDEEC21AC3F3C752782AA4D3D2F17F0119
:1035C00011EE902A944448E083F9223F7A7795B629
:1035D0000010C93F07B5C0F3C751FF2925D000F03F
:1035E00032F8BDE80640CEF800000ED2C9438CEA9E
:1035F000D17C63EEA02AE1EE032A73EE622A12EE7A
:10360000900A80EACC70106000BD8CEAD17C21EE7B
:10361000232AA3EE602A8CEAD37133EEC22A12EE7B
:10362000100A80EAC170106000BD4102BDE80E4082
:1036300001D150F0004050F48000106018607047D5
:103640005FF0000C01E05FF0010CC0F3C751A1B3C3
:10365000D1F17F0190D920EACC7323F0004000EE35
:10366000100AC0F38440203030FA01F1834A51F14E
:103670000001B2EC024A02EB810202EBC102D2EC81
:10368000032A70EE620A20EEA01A5FEA5C0C61EE7B
:10369000201A15D221EE041A61EEA41A70EEE10A86
:1036A00021EE232AA3EE602A8CEAD37133EEC22ADC
:1036B00012EE100A80EAC170704700F00040C7E7C0
:1036C00061EEA41A70EEE10A21EE041A63EEA02A5C
:1036D000E1EE032A73EE622A12EE900A80EACC70C1
:1036E000704700BFAFF30080C1FEFF3E25AA2A3E0F
:1036F000000000000000803F0000000061C9FC3CA9
:10370000CDE07F3F1CBFFC3C7605813DFE7D7F3FC9
:103710009EEF803D090CBF3D0FE37E3F22C5BE3DBD
:10372000B624FF3D14047E3FE27BFE3D13071F3E9F
:1037300048EB7C3FA0631E3E6D30403E1D817B3FC9
:1037400015103F3EA2AD603ECFDC793F3EE15E3ECC
:103750007B0D803EFA08783F96717D3E6E988F3ED5
:1037600065FF753F68B88D3EF4E19F3E939E733FC1
:10377000FD4B9D3EC654B03EAEF7703FB3DDAC3E50
:10378000C589BF3E604B6E3F0A1ABB3E26C4CF3E82
:10379000CA356B3F631CCA3EF254E03E66D1673FB8
:1037A0000739D93EDDF0EF3E4B66643F1641E73EF8
:1037B000312B003F8894603F0FC3F53E07E4073F7D
:1037C000A2C55C3F2B99013FC51F103F8F7D583F1D
:1037D00065A1083F8AF6173FB534543FCA310F3F01
:1037E000E2FF1F3F599B4F3FD7C8153F4606283F72
:1037F0006BCF4A3FC4371C3F4130303FE0B9453FB3
:10380000E49A223FA71D383FCA98403F20A6283F90
:103810002FC73F3FAC763B3F4A562E3FDB13483F16
:10382000CCB6353F6B52343F79C74F3F2F35303FD1
:10383000D0B4393F52DD573F70412A3F912D3F3F71
:1038400026CE5F3F9F3E243FC35D443FF125683F46
:1038500050C21D3F1C9D493FE13B703F4150173F07
:10386000BF7E4E3F7810783F71ED103FAF06533F5B
:10387000D4F47F3FA75A0A3F9B64573FE8360010B5
:1038800051F48000704703D1B3F1FF4F3CD106E003
:1038900050F480007047FBD1B3F1FF4F49D101389C
:1038A00001391BE003F00043B2F5000F02D20BE038
:1038B00002F0004243EC102A80EE201A1EE003F0D2
:1038C0000043B2F5000F04D241F07E5106E002F051
:1038D000004243EC102A80EE801A24E020F00042DF
:1038E00021F0004343EC102A9A4214D880EE201AAB
:1038F000B3F5000FD6D3B2F5000FD9D3B3F1FF4F14
:10390000BED8B2F1FF4FBED200294CBFDFF82CC1A8
:103910004FF0000C11E080EE801AB3F5000FCED30B
:10392000B2F5000FD3D3B3F1FF4FA9D8B2F1FF4FD7
:10393000B1D2DFF804C191F0004142A2F0EE411A89
:10394000FFEECD1A11EE903A5B0853F1000302EB43
:10395000C302D2ED012A22EE810A71EE620AF7EE6D
:10396000002A32EE800A32D080EE800A12680029E6
:1039700048BF52426244002848BF5242002A07D53D
:103980005242B2FA82F39A400BD0C3F5C07305E0FD
:10399000B2FA82F39A4004D0C3F18003120A42EBD8
:1039A000C35220EE001ADFED261A21EE001A90EA2B
:1039B000010F21EE211A02EE102A30EE410A54BF07
:1039C00032EE000A32EE400A10EE100A704780EE26
:1039D000800A6246002848BF5242002A07D5524258
:1039E000B2FA82F39A400BD0C3F5C07305E0B2FA85
:1039F00082F39A4004D0C3F18003120A42EBC3520F
:103A000020EE001ADFED0E1A21EE001A90EA010FE7
:103A100021EE211A02EE102A30EE410A54BF32EE96
:103A2000000A32EE400A10EE100A10F0FF4F18BFE5
:103A3000704700F000407047A9F6433251ED8764AB
:103A4000ABAAAA3E000000000000000023EEFF0029
:103A5000BB01003DDC88FE012A997F3D700AFE0211
:103A60000312C03D28D2FA036803003E70ABF50490
:103A7000EAFD1F3EF856ED05DCDD3F3EA0CFE40633
:103A80002514603EE0D3D8075D21803E6004C6085F
:103A9000A500903E7067B2099214A03E506D990A3D
:103AA0007713B03E106D7A0BA0F4BF3EE03C590C8A
:103AB0009F01D03ED0EB330DBC1BE03EB07A080E28
:103AC000BD1FF03E8061D50E98EFFF3E80DEA10F56
:103AD000BF0E083F009D631031EC0F3FE0902611B0
:103AE000FD0C183FC014E0116500203FE051961214
:103AF000BE08283F00D446137D0A303FC0C7EF13ED
:103B00002FEE373F60899814320C403FC0A837151C
:103B100042EF473F60CCD41530F64F3F80F26E162F
:103B20003415583FC075FF161EEF5F3FA016911762
:103B30004D18683FA05A1B182217703F6005A11846
:103B40007110783F6040211951F47F3F38B5044629
:103B5000094812F089FE20460CF0DEFE05460648B4
:103B600012F08AFE2DB1054B2C449C4201D8284608
:103B700038BD0348FCF76EFC4C0E02200000082004
:103B8000B469011070B504460E460B4812F06CFE85
:103B9000314620460CF080FE0546074812F06CFEC8
:103BA00006FB04F42DB1054B2C449C4201D8284659
:103BB00070BD0348FCF74EFC4C0E022000000820AC
:103BC000B469011010B50446054812F04DFE2046B8
:103BD0000CF0AAFEBDE81040014812F04DBE00BF37
:103BE0004C0E022000B9704700F0E2B90FB410B5D6
:103BF0000E4B84B006A91C6851F8043B03915CB1DC
:103C000000914FF0FF3202A90948A047012004B0FB
:103C1000BDE8104004B07047184600F00BFA20468B
:103C200004B0BDE8104004B0704700BF381902204E
:103C3000E53B001010B5094B84B01C684CB103463D
:103C400000914FF0FF3203A90548A047012004B0BE
:103C500010BD00F0EFF9204604B010BD3819022065
:103C6000E53B001000BEFDE7704700BF074A034672
:103C7000106838B1064903448B428CBF4FF0FF30C7
:103C800013607047034908461160F3E734150220BA
:103C900000000820B019022003460846114623B947
:103CA000034BD3E9002300F02FB94FF0FF307047EA
:103CB00030740110431E012B09D810B51446084674
:103CC00001230022214600F0A9F8204610BD4FF044
:103CD000FF3070470EB44FF0FF3003B0704700BFA5
:103CE0004FF0FF30704700BF4FF0FF30704700BF0C
:103CF0004FF0FF30704700BF02288CBF002001202A
:103D0000704700BF08B5FFF7ADFF00BF9C461446E3
:103D100000B50B460246614683B044B1054D0648E6
:103D200001940095FFF762FF0120FFF79BFF034D11
:103D30002C46F4E7FC6901100C6A0110586E011062
:103D400038B5064C064DFDF737FDAC4204D254F8A9
:103D5000043B9847AC42FAD338BD00BF1C69011040
:103D60002069011003680846114618472DE9F04103
:103D70001546427D07468846002A46D0002D1DDDA7
:103D80000B780A2B23D0012D4FF0000C18D046469B
:103D9000012416F8012F21460A2A04F1010422D039
:103DA000A542F6D165450BDC08EB050313F8013C91
:103DB000A3F10D03B3FA83F35B093B75BDE8F08112
:103DC0003B68A5EB0C0108EB0C009847ECE7037D82
:103DD000002BD8D1036802210F489847012DE3D06A
:103DE0004FF0010CD3E716F8013C0D2BD8D08C45D1
:103DF00008EB0C00A1EB0C0101DA3B6898470221AB
:103E000005483B689847A446CAE7294640463B68B0
:103E1000BDE8F041184700BF8C7401102DE9F04750
:103E200082B00D4691461C460646FDF7E3F94FF079
:103E3000FF3C6FF000472E4A821841F10003944581
:103E400077EB03013CBF62463B462A4812F040FD37
:103E50006B1C804640D00CB3274F284B1C68B4B174
:103E6000B9F1000F1CD1DFF89C9001E0246974B116
:103E70002368002BFAD0D9F800300BB19C42F5D161
:103E800020462A463146B8472469002CF0D1B8F1C3
:103E9000000F26D1284602B0BDE8F087184FDCE7B6
:103EA0004FF00A0ADFF85C9002E02469002CEED0A3
:103EB0002368002BF9D0D9F800300BB1A342F4D11C
:103EC0002A4631462046B847012220460DF1070117
:103ED0008DF807A0B847E8E730460EF023F905460D
:103EE000B9E7044812F0C8FC284602B0BDE8F087E4
:103EF00040420F00540E02206D3D00102415022098
:103F0000653D0010301502202DE9F04F9846074618
:103F10000E4683B0DFF860B0DFF86090DFF860A095
:103F20000192DBF8004014B911E024697CB1D9F8A2
:103F300000500DB1A542F8D1A268002AF5D0314653
:103F4000384690470028F0DD03B0BDE8F08FDAF87E
:103F5000242090450BD8DAF82810019B994204D30D
:103F60006FF0010003B0BDE8F08F9045F8D101205B
:103F70000021FDF749F9D4E724150220301502206D
:103F800000000B40084A136823B90AE003F110024D
:103F90001B6933B18342F9D129B9186910601961DD
:103FA000704701B1106070472415022000F0FCB981
:103FB000F0B583B006468DF80700FDF71BF94FF00A
:103FC000FF356FF00044174A821841F10003954213
:103FD00074EB03013CBF23462A46134812F078FCD9
:103FE000124B07461C689CB1114D01E024697CB15D
:103FF0002368002BFAD02B680BB19C42F6D12046E7
:1040000001220DF10701FFF7B1FE2469002CEFD169
:1040100017B9304603B0F0BD034812F02DFC30460E
:1040200003B0F0BD40420F00540E022024150220C0
:104030003015022038B504460EF074F80123054609
:104040001A4620462946FFF7E9FE084B1C682CB1AA
:1040500063682BB198472469002CF9D1284638BDF4
:104060002469002CF4D1284638BD00BF2415022055
:10407000024A034B10601960704700BFC014022051
:10408000C4140220184B70B51A68002A28D0EFF328
:10409000108172B6D2E8CF4F0120002CFAD1C2E8CD
:1040A000440F002CF6D1BFF35F8F00220F4C18682D
:1040B00059602270C0E88F2F81F3108800240025FA
:1040C0000B4E3078FCF7CCFA20B9002400252046AE
:1040D000294670BD3078FCF7D3FA2046294670BDDA
:1040E0004FF47A740025EBE744190220AC19022042
:1040F000AB190220014B1878FCF7C2BAAB190220A9
:1041000038B5044600200D4601F05EFBA8B3002040
:1041100001F070FB88B3FDF76DF84FF0FF3E6FF0D4
:10412000004C174A821841F1000396457CEB0301CD
:104130003CBF72466346134812F0CAFBE8B1002048
:1041400001F042FB58B900214FF0FF3000F076FD3E
:104150006FF002040B4812F08FFB204638BD0020A0
:1041600001F048FB0028EED021462A46002001F04D
:104170004BFB04460028EDD1EAE76FF00204ECE7C0
:1041800040420F008819022008B5FDF733F84FF0C0
:10419000FF3E6FF0004C0F4A821841F10003964534
:1041A0007CEB03013CBF724663460B4812F090FB68
:1041B00070B14FF0FF30002100F040FD002001F011
:1041C0006BFB0028F5D1BDE80840034812F054BB52
:1041D00008BD00BF40420F00881902202DE9F843B6
:1041E00080460F46FDF706F84FF0FF356FF00044AC
:1041F000334A821841F10003954274EB03013CBF3E
:104200002A4623462F4812F063FB08B9BDE8F8831D
:10421000002001F0D9FA002847D0002F40DD00250A
:10422000DFF8A890284E13E02246002001F07AFB28
:10423000002104464FF0FF3000F000FD002001F0A7
:104240002BFBFCF7D7FFC9E900012544AF4227DD6E
:10425000002001F087FB7C1B8442A8BF044608EBCA
:104260000501002CE0D121464FF0FF3000F0E6FCC4
:10427000204601F011FB204601F0A6FA80B120464D
:1042800001F070FB0028E1D1FCF7B4FFD9F8003051
:10429000D9F804209B1942F1000283428A41D5D209
:1042A0000848BDE8F84312F0E7BA00200021074BA8
:1042B000C3E90001BDE8F843024812F0DDBA00BFCF
:1042C00040420F008819022020A107004010022060
:1042D00030B5002185B02E4812F0F2FAF0B92D4B1E
:1042E0001A68CAB1EFF3108172B6D2E8CF5F012429
:1042F000002DFAD1C2E8454F002DF6D1BFF35F8FF4
:10430000254C1D6822785960D3B201222270C5E87D
:104310008F0F81F31088CBB105B030BD00214FF075
:10432000FF3000F08BFC002001F064FA04461848CE
:1043300012F0A2FA002CEFD0184B1B68002BEBD028
:10434000174A106805B0BDE830401847FCF7ACFDCF
:104350000446FCF74FFF4FF0FF3C6FF0004510F5AF
:104360007A7241F10003944575EB030138BF2B4687
:104370004FF000014FF0010520460A4C38BF62465D
:10438000CDE901150094FCF793FD05B030BD00BFE9
:104390008819022044190220AC190220C0140220FE
:1043A000C4140220854000104FF0504330B585B052
:1043B0001C68FCF779FDFCF78DFEA04202D00020BE
:1043C00005B030BD00212A4B08461B7801F086FC61
:1043D00028480368002B47D00120FCF7E3FA034686
:1043E000254C2649C0B22370FCF766F920780121DC
:1043F000FCF720F90E20FCF74FF940BB204B0125BC
:10440000C3E90000FCF750FD0446FCF7F3FE4FF053
:10441000FF3E6FF0004C10F57A7241F100039645B3
:104420007CEB03014FF000012046164C3CBF724666
:104430006346CDE901150094FCF73AFD0028BEDB88
:1044400001211148FFF79EFD012005B030BD01207C
:10445000FCF7ACF801460A48FCF700FB00220E20EE
:104460000A49FCF757F9EBE7FCF7DCFAB4E700BFC1
:10447000947D011088190220AB190220D14200104E
:104480004419022085400010E0150020F54000107E
:10449000004870470875011000487047B474011057
:1044A00038B5184B04461A780AB344B940F20942A9
:1044B0004FF44173144D6A8013482B8038BD052C8E
:1044C0001DD8124B104D53F82410284600230139F3
:1044D00003E0132B20F8022F0ED011F8012F013327
:1044E000DBB2002AF5D15B0043F44073E4E711210D
:1044F000184600F025F8D8E74FF44A73DCE70020AF
:1045000038BD00BF94190220FC1402209C740110D5
:1045100000B545F247308BB0FDF7F0F801220346B5
:10452000092101A89847DDE90332044912BA1BBAF0
:10453000C1E900230BB05DF804FB00BF6C19022039
:10454000012901F1FF3300F0B3805D490A784FEA99
:10455000121C9F2A8CBF0CF1370C0CF1300C012B74
:1045600080F800C000F0A78002F00F02092A8CBF7B
:1045700037323032022B427000F09D804A784FEA89
:10458000121C9F2A8CBF0CF1370C0CF1300C032B42
:1045900080F802C000F08F8002F00F02092A8CBF61
:1045A00037323032042BC27000F085808A784FEAAF
:1045B000121C9F2A8CBF0CF1370C0CF1300C052B10
:1045C00080F804C077D002F00F02092A8CBF37327E
:1045D0003032062B42716ED0CA784FEA121C9F2AE5
:1045E0008CBF0CF1370C0CF1300C072B80F806C097
:1045F00061D002F00F02092A8CBF37323032082B0B
:10460000C27158D00A794FEA121C9F2A8CBF0CF154
:10461000370C0CF1300C092B80F808C04BD002F09D
:104620000F02092A8CBF373230320A2B427242D035
:104630004A794FEA121C9F2A8CBF0CF1370C0CF1FF
:10464000300C0B2B80F80AC035D002F00F02092A7B
:104650008CBF373230320C2BC2722CD08A794FEAA1
:10466000121C9F2A8CBF0CF1370C0CF1300C0D2B57
:1046700080F80CC01FD002F00F02092A8CBF37321D
:1046800030320E2B427316D0CA7911099F2A8CBF83
:10469000373130310F2B81730DD002F00F02092A10
:1046A00094BF30323732102BC27318BF103002D093
:1046B000002303707047184400230370704700BF45
:1046C0006C190220704700BF0022014B1A7070471E
:1046D000A91902204B79FF2B0BD1887948B9CB79E6
:1046E000012B07D1082A05D9034B8A7809201A70B3
:1046F00070470020704700BFA919022001207047B1
:10470000012901D00120704708B5104B91881B7812
:10471000994201D0002008BD5378012B08D0022B0C
:10472000F8D1002164220846FCF776FF012008BD7D
:10473000518811F480721ABFC1F3C012480A4FF0B9
:10474000FF3001F00301FCF7E5FF00BFA9190220CB
:1047500000487047C4750110012907D15378012B17
:1047600002D19388072B03D00020704701207047A7
:104770001146A623014A00F0F7BE00BF1C750110C8
:104780000346012201481A70704700BFE875011006
:1047900008B50B68B3F5966F00D008BD00224FF046
:1047A000FF301146FCF7B6FF70B500F027F90C2377
:1047B0004026194CFF22A3670E201849FBF7AAFFD9
:1047C00032460021164812F04BF8012500238021C3
:1047D0001348144A4184457006830687826043600B
:1047E000136042F8043C80F8213080F83B3043628B
:1047F0000D4B4FF00056C360C362803B836212F0E2
:104800005BF84FF480320949094B25642846E66479
:10481000C4F89010DA6470BD000011502D0400201F
:1048200038150220840010500001105010D00100F3
:104830000020115001210E20FBF7FCBE002202488F
:10484000114600F0FBB800BF58150220044B197048
:1048500021B14FF40032034BC3F89020704700BFE2
:10486000A6190220002011500B785B0602D14B786C
:10487000052B00D070474B88014ADBB213607047AC
:1048800000001150CB782DE9F04103F0030EBEF18A
:10489000010FC3F3010057D0002791F802C0314C3B
:1048A0000CF07F025600898806EBDC1304EB4313FF
:1048B0004FEADC15D876C1F30A0185F0010083F8D0
:1048C00002C019835870DF70D3006DBB26480433D3
:1048D00004EB821C03EB0008CCF808801F5062B385
:1048E000224BD2001344CCF80430214A3F311368E4
:1048F00021F03F01BEF1020F08BF49001D481944D5
:104900002E4404EB461481421160E36027D883F003
:10491000A04383F48013626843EA8E6343F000434C
:1049200013600120BDE8F0810F4804EB821C0344B2
:10493000CCF8283040F832704AB900230E4A04EB14
:104940004514E2606360ECE70020BDE8F081D2002E
:1049500002F1A04202F58012CCF82420C5E7FCF752
:1049600025FF00BF381502208000105004001050B1
:1049700040190220FF0F10500001105011F09CBF91
:104980008C4608B5114607481A460CF07F034FEADB
:10499000DC1C0CEB430C00EB4C1000F04FF801203A
:1049A00008BD00BF3815022011F07F0205D1002993
:1049B0000CBF02200120064B9866C909054B01EB8C
:1049C000420003EB40104FF40062002111F050BF91
:1049D000002011503815022011F07F0300D17047DC
:1049E000002205485B0003EBD11300EB43106FF48A
:1049F0000061C27011F03CBF381502204FF08052A8
:104A000009480A4908B50A4B02600A609968C94317
:104A100011F08051FAD14FF48052064811F020FF76
:104A20000922054B5A6708BD0020024000300240B1
:104A300000000240000010500000115000234FF011
:104A4000010C10B580F81AC08282C382016104464D
:104A500011F02AFF20B14FF40032074BC3F8902029
:104A6000204611F00DFF10B10123237710BD204621
:104A7000BDE8104011F00CBF002011502DE9F041AD
:104A80004FF000081C4D044642462B781B4F1C4E2D
:104A90000DE0336813EB421324D0DB6820469847BF
:104AA00008F101082B785FFA88F2934206D393420B
:104AB000A2EB0303EDD807EB4313EEE754220021EA
:104AC000104811F0CDFE4FF0FF330E482022041D98
:104AD0004360C4E90133E360FF21BDE8F0411430D5
:104AE00011F0BEBE4FF0E023D3F8F03DDB0700D558
:104AF00000BEBDE8F08100BFA519022008760110B4
:104B0000C811022098130220704700BF704700BFF1
:104B10000020704700207047704700BF704700BFFB
:104B2000704700BF704700BF024B5878003818BF6D
:104B30000120704798130220024B1878C0F38000C0
:104B4000704700BF981302202DE9F047DFF8E4908A
:104B500099F80030FF2B55D10D4600293DD000219A
:104B600054220646294811F07BFE0022284C294B8E
:104B700020461A70FBF756FF274B28481C60284C2C
:104B8000FBF75EFF204601F08FFB264A264B1460A0
:104B900023B12648FFF7F4FD254B18604FF0000ABB
:104BA000224C53462278DFF89080214F0DE03A687E
:104BB00012EB431311D05B687BB198470AF1010AED
:104BC00022785FFA8AF3934211D89342EFD39B1A6B
:104BD00008EB43135B68002BEFD14FF0E023D3F8D1
:104BE000F03DDB0700D500BE0020BDE8F087294678
:104BF000304689F80060FFF7D7FD0028EDD0304639
:104C0000FFF718FE0120BDE8F08700BF98130220CF
:104C100090130220A7190220EC1302200C1600208A
:104C2000F8150020F013022081470010A51902207A
:104C3000C811022014160020087601102DE9F04F4B
:104C4000DFF8B0928BB099F80030FF2B00F0ED80C8
:104C5000A24CA34DDFF898A2DFF89CB226687369D6
:104C6000EFF3108272B6D3E8CF0F01210028FAD1FA
:104C7000C3E8401F0028F6D1BFF35F8FB261304612
:104C800007A901F05BF900237269C2E88F3FB3699D
:104C900083F31088002800F0C8809DF81D30013B88
:104CA000072B00F26B83DFE803F0A5AF939B8C35F5
:104CB0000A04089B002BD1D009989847CEE79DF8AD
:104CC000201001F07F0605EB460000EBD11090F8B4
:104CD000343023F0010380F8343090F8343023F07E
:104CE000040380F83430002E00F0A280027D9AF890
:104CF00000309A4280F091807A4B1B6813EB42138C
:104D000000F08C809E699DF82120099B9DF81C0075
:104D1000B047A3E79BF80030002B7FD09BF8003012
:104D2000013BDBB28BF800309BF8003003F0FF0052
:104D3000002B93D16A4F9DF81C803B7843F0010310
:104D40003B7097F8343060F3000387F8343097F8FD
:104D5000343060F3820387F8343097F8353060F3ED
:104D6000000387F8353097F8353060F3820387F811
:104D7000353000F05BFC9DF8203003F06002602AC3
:104D800066D0402A76D003F01F03012B00F0B680D6
:104D9000022B7BD0002B5BD1202A00F0DB81002A84
:104DA00056D19DF82130092B52D8DFE813F0A2012B
:104DB00094015100B301510087015D01510052017E
:104DC000E5002B78D9077FF549AFFFF7ABFE45E744
:104DD000EB78DA077FF542AF0898FFF797FE3DE7DB
:104DE0002B78D8077FF53AAF2878C0F3C000FFF7DB
:104DF00097FE33E79DF81C00FFF740FE00F00CFC27
:104E00009DF82030AB7029E79DF81C00FFF736FEB7
:104E100000F002FCFFF782FE20E711D04FF0E02304
:104E2000D3F8F03DDC0700D500BE0BB0BDE8F08F35
:104E3000099B9DF821209DF81C0000F00BFC0DE75C
:104E4000294B5FE7FFF728FB0246002840F07981F5
:104E50004FF0E023D3F8F03DDE0700D500BE9DF80B
:104E60001C000021FFF7A0FD80219DF81C00FFF72A
:104E70009BFDF3E61D4800F0D9FB0121404608AA3E
:104E8000FFF76AFC00287FF4E9AEE8E79DF82410FC
:104E900011F0700FDCD101F07F0607EB4600144BD8
:104EA00000EBD1101B78007D7600019698424FEA06
:104EB000D11600964FD340F05F810B4E002A00F0D0
:104EC0005F81706900F0B2FB01214046736908AA56
:104ED000984700287FF4C2AEC1E700BFF01302205C
:104EE00098130220C81102200876011059470010BB
:104EF000A519022014160020A71902209DF82430BD
:104F00000F2BACD8AA4A3B441B79127893422DD37D
:104F1000A5D1A84E706900F089FB01214046736954
:104F200008AA984700287FF499AE9DF8203013F026
:104F3000600694D19DF821300A3B012B8FD800F0F8
:104F400075FB9DF821300A2B00F0F181404608A93D
:104F500000F0F0FA82E6984B1B6803EB4016002A3B
:104F600000F00E81002E3FF47AAFAAE7924A16684D
:104F700016EB4316CED172E77B789DF822609E42F5
:104F800000F04C817B78002B40F0BD817E70002EBC
:104F900000F04281701EC0B2FFF77EFA034600287F
:104FA00000F05E814278022A40F05A81C17903F113
:104FB0000906C1F340121201C1F3801142EA411205
:104FC0003146387820F0300002433A705A88CDF8E4
:104FD00008809A180092009B8B4240F2A3814B7884
:104FE0000B2B00F0AE814FF0010C042B40F0388108
:104FF0000023009A1E46521A92B201926C4ACDF8D2
:105000000CC012781DE06C4A126812EB461800F0D2
:105010002781019A05930298D8F810300491984797
:10502000059B08280246049903F1010303D901985E
:10503000904280F0F8805E4ADEB21278B242C0F050
:105040000F81B242A6EB0202DDD85A4800EB4218AB
:10505000DFE77B7840468DF81A300DF11A02012304
:1050600008A900F081FAF9E5BDF82200030A013B26
:10507000020AC0B20E2B3FF6F2AE01A151F823F0A6
:105080009152001031510010CD5200105F4E0010AF
:105090005F4E0010AF520010315100105F4E0010F3
:1050A0005F4E00105F4E00105F4E00105F4E00100C
:1050B0005F4E00105F4E00108352001008A800F0F1
:1050C000BBFA40469DF82210FFF7B8FB3B7843F04F
:1050D00002033B70C2E5BDF82230012B7FF4BFAE66
:1050E0003B78404623F0080308A93B7000F022FA01
:1050F000B4E540463B789A0802F00202C3F340133D
:105100001343ADF81A300DF11A02022308A900F07A
:105110002BFAA3E5BDF82230012B7FF4A0AE3B783B
:10512000404643F0080308A93B7000F003FA95E5F8
:10513000022A3FF487AEFFF7EDFC024600283FF459
:105140008EAE4046538808A900F00EFA00287FF47E
:1051500085AD84E69DF824300F2B3FF680AE144ACF
:105160003B441B79127893421DD2134A166816EB02
:1051700043167FF4A6AE72E6002A7FF470AE0026D6
:105180009DF8212002F0FD03012B17D0002A7FF4A7
:105190005FAE019B009A3B44134493F83430404681
:1051A000C3F34003ADE77FF45AAE024E89E600BF79
:1051B000A519022008760110C8110220BDF822307E
:1051C000B3B9012A99F8000000F08880FFF7ECFBE2
:1051D000019B009A3B44134493F8342042F00202AE
:1051E00083F8342093F8342042F0010283F834200D
:1051F000002E3FF433AD706900F018FA7369012195
:1052000008AA40469847002000F010FA97F8353079
:10521000DF073FF523AD99E6FFF780FC404608A97C
:1052200000F088F91AE5DDF80CC0BCF1010F00F0C0
:105230009D80BCF1000F00F08A80002391F802806D
:1052400004E00671D8B2844540F2818008EB030087
:1052500057FA80F090F804E00133BEF1FF0FF0D070
:105260004FF0E023D3F8F03DDA0700D500BE4FF051
:10527000E023D3F8F03DDB0700D500BE00237B70B0
:10528000EDE5FFF765FA024600287FF45AAFE6E540
:10529000FFF7FEF8024600283FF4DAAD404612233D
:1052A00008A900F061F900287FF4D8ACD7E5FFF732
:1052B0002FFC024600283FF4D2AD4046137808A9DF
:1052C00000F052F900287FF4C9ACC8E5BDF82410FD
:1052D000FFF7E6F802460028EFD1C0E50293FFF79A
:1052E0007BFB019A009B3A441A4492F83410029BCB
:1052F00063F3410182F8341092F8341063F3000133
:1053000082F8341074E700214046FFF79FFA4046C8
:10531000FFF734FBBB7840460093FFF7AFFB009BE1
:10532000BB7033E6DDF80880FFF7F6FB76E7404612
:10533000012308A90DF11A028DF81A6000F014F982
:105340008CE40B7891F803C019444B784DE6334652
:105350000F480392019100F069FD0E4B01991B78F3
:10536000039AB3421144BFF436AE79E7D8F810007F
:10537000094B984208BF4FF0020C5EE74FF0E02364
:10538000D3F8F03DDB077FF569AC00BE66E400BFF3
:10539000AC130220A5190220655A00102DE9F84F20
:1053A0000A9F002A40D00C461E4615464FF0000AC0
:1053B000DFF87C90DFF87C8018E0204698F8021037
:1053C00099F800B000F002FDE0B121465846FFF721
:1053D00059FAF0B1A2780AF1010AD10916BF0B9B64
:1053E0003A701A702278AA4514441DD06278052AB2
:1053F0000FD1E17801F00301B1420AD1A27812F095
:10540000700FDAD04FF0E023D3F8F03DDA0700D583
:1054100000BE4FF0E023D3F8F03DDB0702D40020BC
:10542000BDE8F88F00BEFAE70120BDE8F88F00BFA5
:10543000141600209813022038B58B7813F0700FE3
:1054400008D04FF0E023D3F8F03DDB0700D500BED5
:10545000002038BD074A084B0C46084691781D7855
:1054600000F0B4FC0028ECD021462846BDE83840C6
:10547000FFF708BA98130220141600200B46064ABC
:1054800006481168DA09343203F07F0302EB430364
:10549000184400F055BC00BFEC1302209813022002
:1054A0000B46064A06481168DA09343203F07F03D6
:1054B00002EB4303184400F06DBC00BFEC13022064
:1054C0009813022010B5194801F07F0C00EB4C0036
:1054D00000EBD11090F834C01CF0010F08D04FF051
:1054E000E023D3F8F03DDA0700D500BE002010BD60
:1054F00000F1300494F804C00D484CF0010C007821
:1055000084F804C0FFF73CFA0028F0D14FF0E02106
:10551000227960F300022271227960F38202227103
:10552000D1F8F03DDB07E1D500BEDFE7981302209C
:105530001416002030B50B4C8C46A646054608686C
:1055400049680023AEE803009CF800102846C943D0
:10555000C4E90233BDE830401A4601F08001FFF78C
:10556000B1BF00BF581302202DE9F041284F4FF082
:105570000008BE468C46064608684968BA60AEE830
:105580000300A7F80E801546BCF80620934228BFFA
:105590001346BB819AB11C4633B3DDB197F9003095
:1055A000402C28BF4024002B29DB414623463046AF
:1055B000184AFFF787FF68B10120BDE8F0819CF829
:1055C00000101346C943304601F08001FFF77AFF0F
:1055D0000028F1D14FF0E023D3F8F03DDB0700D5F0
:1055E00000BE0020BDE8F0811A46397801F0800144
:1055F00023463046FFF766FF0028DDD1EAE7224662
:105600002946044811F054F98021024AF0E700BF0E
:1056100058130220181302200022034BC3E9002272
:10562000C3E902221A61704758130220014B186126
:10563000704700BF5813022030B40246044C0025C6
:10564000234600685168C4E9025530BC03C3704763
:105650005813022070B53D4CC90922780646B1EBBB
:10566000D21F1D4682B017D053B14FF0E023D3F8BC
:10567000F03DDB0702D4002002B070BD00BEFAE7A7
:105680002146FFF7F1F823691BB12246032130467A
:105690009847012002B070BD94F90030002B06DB62
:1056A000A0680028E7D02A46294911F001F9E089CD
:1056B000A168E388284480B229448342E081A16044
:1056C00016D03F2D14D9A28994F90040131A9BB229
:1056D000402B28BF4023002C27DB90424FF00001D5
:1056E00031D01B4A3046FFF7EDFE0028D1D1BCE790
:1056F000236923B102213046144A984760B12178CA
:105700000023C94330461A4601F08001FFF7DAFE54
:105710000028AAD00120BDE701463046FFF744F932
:1057200080213046FFF740F9B3E7904208D01A468F
:105730000748019311F0BCF88021054A019BD1E78D
:1057400080210022CEE70A46CCE700BF5813022092
:10575000181302202DE9F0410446FFF7E5F908B9D6
:10576000BDE8F081FFF7E8F905460028F8D1C82325
:1057700004FB03F3124EF718F9780029F0D0103328
:105780001E44304600F0C8FB3F28E9D92846F97886
:10579000FFF774FE0028E3D0304600F0BDFB3F2841
:1057A000F97808D9074A284602EBC4124023BDE81D
:1057B000F041FFF787BE2846BDE8F041FFF770BE15
:1057C00050120220CC11022010B50446FFF7ACF9AC
:1057D00008B9002010BDFFF7AFF90028F9D1C822A1
:1057E000034B02FB0433187900F0010010BD00BF29
:1057F00050120220C82208B5024B02FB003000F014
:1058000071FB08BD601202202DE9F8434FF6FF73CB
:10581000C8249A4228BF1A4600FB04F4DFF87480BB
:1058200004F110054544064692B2284600F0D0FB2C
:105830000746FFF779F910B93846BDE8F883FFF756
:105840007BF981460028F7D1A04498F80330002B5B
:10585000F2D0284600F060FB3F28EDD9484698F882
:105860000310FFF70BFE0028E6D0284600F054FB9B
:105870003F2898F8031007D9054A4846402302EB11
:10588000C612FFF71FFED7E74846FFF709FED3E72A
:10589000CC110220501202202DE9F0410446FFF7FE
:1058A00043F910B90020BDE8F081FFF745F905463E
:1058B0000028F7D1C82604FB06F6DFF8648006F15D
:1058C00024074744384600F00DFB0028EAD0B044D6
:1058D000284698F80210FFF7D1FD0028E2D00F4EBD
:1058E000384606EBC4163146402200F071FB98F8AA
:1058F0000210044668B1034632462846FFF7E2FD2F
:1059000050B94FF0E023D3F8F03DDB07CAD500BE15
:10591000C8E7FFF7C5FDC5E72046C4E70C12022023
:105920005012022038B54FF6FF75C823AA4228BF8F
:105930002A460B4C92B203FB00440546204600F079
:1059400005FC034620461C4600F0CCFA3F2801D84F
:10595000204638BD2846FFF79FFF204638BD00BFD0
:1059600074120220C82208B5024B02FB003000F07E
:10597000D3FA08BD74120220F0B5002483B0C82207
:105980000021174810F06CFFFF234FF4E13108228B
:105990001448047012480094074643718160827372
:1059A00000F1380101234022103000F06BFA01238E
:1059B000402207F17801009307F1B80607F12400AF
:1059C00000F060FA07F1C0053046FBF72BF82846D7
:1059D000FBF728F8C7E90746C7E90C5403B0F0BD48
:1059E000501202204C1202200A4A116B136A61B154
:1059F0003BB10023C2E90C33D361002313620120C1
:105A000070470120C2E90C337047002BF7D0D161F9
:105A1000F3E700BF50120220002210B50E4C0F48D1
:105A2000237802600271DA0707D59B070BD5BDE822
:105A3000104001210A4800F053BC103000F034FC43
:105A400023789B07F3D4064800F02EFCBDE81040F5
:105A50000121034800F044BC4C12022050120220E5
:105A600074120220F0B54B7983B0022B02D18B79EE
:105A7000022B03D00025284603B0F0BD274FBB788A
:105A80003BB14FF0E023D3F8F03DDB07F2D500BE89
:105A9000F0E78B7806463B700B78CC1861782429A8
:105AA00008BF092507D036E023781C4461782B44D1
:105AB00024299DB207D1AA42F6D20020FFF74AFE60
:105AC000284603B0F0BD0B46052916D0042BF4D1AF
:105AD00063790A2BF1D1124B27780193013300939C
:105AE000022330461A46E119FFF758FC0028C8D0B7
:105AF0000E3517FA85F5ADB2DFE721463046FFF7E0
:105B00009BFC0028BDD0A3787B7023785A191C44D5
:105B1000637895B2DAE70B460925D5E750120220E3
:105B200052120220137803F06003202B08D170B5C5
:105B3000264C938894F800C09C4503D0002070BD8B
:105B4000002070475378203B032BF7D8DFE803F0A1
:105B500027230D0201292ED003291ED11C4BE3B1AE
:105B600000205188AFF3008017E0012923D00329DA
:105B700013D15588174805F0010686F001012571FB
:105B800000F0AEFB144B43B131460020C5F3400298
:105B9000AFF3008001E0012911D0012070BD01297F
:105BA0000DD00329F9D10D4B002BF6D000200C4964
:105BB000FEF7EEFDF1E71146FFF7BCFCEDE71146FD
:105BC0000723074AFFF7D0FCE7E700BF5012022087
:105BD0000000000074120220000000009147001035
:105BE000581202202DE9F843354E0C46F27807464C
:105BF0008A421D463DD0B3788B4212D04FF0E0234D
:105C0000D3F8F03DDB0732D40020BDE8F8832D4BFC
:105C100023B12D4800F076F900284DD00020FFF781
:105C200099FDB378A34201D00120EEE7274B13B1D1
:105C30000020AFF300800020FFF72EFE0028F3D1F4
:105C4000234800F04FF90028EED1002DECD015F0DC
:105C50003F05E9D13846B178FFF710FC0028E3D0C2
:105C60002B462A463846B178FFF72CFCDCE700BE0D
:105C7000CAE79AB2174906F1100000F067FA164B0E
:105C8000002BC4D07379FF2BC1D0002DBFD0DFF81B
:105C9000448008EB050902E0C845B8D0737918F8CC
:105CA000012B9A42F8D1084800F02CF90028F3D1D2
:105CB0007179AFF30080EFE7AFF30080AEE700BF8C
:105CC00050120220000000006012022000000000BC
:105CD00074120220CC1102200000000010B582B026
:105CE000C9B101280CD80B7853B1144C012B2354A3
:105CF00002D0012002B010BDFEF726FF0028F8D127
:105D00004FF0E023D3F8F03DDB0702D4002002B0CF
:105D100010BD00BEFAE70124084601A9ADF8044011
:105D2000FEF712FF38B94FF0E023D3F8F03DDA0761
:105D3000EDD500BEEBE7014B1C70E8E78C130220A9
:105D4000F8B5037813F001041AD1037805465A0711
:105D5000C3F3800701D52046F8BD0E464FF0FF3152
:105D6000304610F09DFD2B7813F001040BD12B78F9
:105D70005B0709D42B78012443F004032B7003E064
:105D800000242046F8BD3C46304610F075FD204604
:105D9000F8BD00BF70B50C4605464FF0FF312046F8
:105DA00010F07EFD2B78C3F380065B0708D52B78B7
:105DB00013F0010311BF00262A7863F382022A70D0
:105DC000204610F059FD304670BD00BFC378828870
:105DD00003F003000228C2F30A0215D003280AD0F8
:105DE00001281CD1022940F2FF3308BF4FF4806321
:105DF00093420DD37047022914BF40234FF48063B0
:105E0000934205D30120704702290AD0402AF9D9CC
:105E10004FF0E023D3F8F03DDB0700D500BE0020B3
:105E20007047B2F5007FEDD0F2E700BF0A4491421F
:105E300026D291F801C0BCF1050F05D091F800C041
:105E400061448A42F5D8704700B591F802C00CF061
:105E50007F0E00EB4E0E4FEADC1C0EF80C3091F872
:105E600000C061448A4209D991F801C0BCF1050F14
:105E7000EBD091F800C061448A42F5D85DF804FB8C
:105E8000704700BF2DE9F041B2F5004F9DF8188032
:105E900024D80446C06817460E461D4618B14FF078
:105EA000FF3110F0FDFC206918B14FF0FF3110F008
:105EB000F7FC0022C5F30E03E06843EAC8336281B1
:105EC0002660A780E380228108B110F0D5FC20690C
:105ED00008B110F0D1FC0120BDE8F0810020BDE840
:105EE000F08100BF038942899BB292B280889342BD
:105EF00036BFC2EB40029B1A9B189BB2984228BF48
:105F0000184670470289438990B29BB2C01AB0FA12
:105F100080F04009704700BF038942899BB28088A6
:105F200092B2934236BFC2EB40029B1A9B189BB2BF
:105F3000984286BFC01A80B20020704738B5044628
:105F400000690D4618B14FF0FF3110F0A9FC21890E
:105F5000638989B29BB2A288994236BFC3EB4200E3
:105F6000C81A401880B250B3824209D291422CBF65
:105F7000891A89188BB29A42638103D89B1A9BB203
:105F80009A42FBD9E2882168C2F30E0202FB031198
:105F9000284610F08DFC6189012589B24B1C9BB20B
:105FA0009942A2880ED9002302FA05F15B1A9BB22E
:105FB0002069638108B110F05FFC284638BD0546B2
:105FC00063899BB2B3EB420F4FEA4201F0DBEDE78E
:105FD0002DE9F047064600698846914618B14FF012
:105FE000FF3110F05DFC338974899BB2A4B2B5888F
:105FF000A34236BFC4EB45071F1BFF18BFB2002FDB
:106000004AD0BD4240D3B94528BFB946A5421FFA80
:1060100089F703D8641BA4B2A542FBD9B6F806A041
:106020002B1B31689BB2CAF30E029F42924602FBC1
:10603000041123D913FB02F31FFA83F94A464046A1
:106040007D1B10F035FC621912FB0AF2316808EB77
:10605000090092B210F02CFC7289B58892B2D31963
:106060009BB29A421AD96A009B1A9BB2306973811B
:1060700008B110F001FC3846BDE8F087404607FB48
:1060800002F210F015FCE7E7AB422CBF5B1B5B197B
:106090009CB22F467481B6E773899BB2B3EB450F70
:1060A0004FEA4502E2DBDFE7F8B50446C0680E467A
:1060B00018B14FF0FF3110F0F3FB25892389618976
:1060C0009BB289B2A2888B4236BFC1EB42015B1AF8
:1060D0005B189BB29A42ADB208D8E779FF0905D1A7
:1060E000E06808B110F0C8FB3846F8BD954228BFFB
:1060F0002B4618D39B1A9BB29342FBD2E2882068AE
:10610000C2F30E0202FB0300314610F0D1FB6B1C00
:106110009BB29D42A28812D9002351005B1A9BB208
:1061200001272381DCE7E2882068C2F30E0205FB29
:106130000200314610F0BCFB0135A288ABB2B3EBD4
:10614000420F4FEA4201EBDBE8E700BF2DE9F04FD9
:10615000174683B0002A75D00646C068894618B134
:106160004FF0FF3110F09CFBF379B6F8088072898C
:10617000DB09B5881FFA88F892B23CD1904536BF4A
:10618000C2EB4502A8EB0202424492B2AA425ED29E
:10619000AA1A92B2BA4228BF3A46B6F806B097B2E7
:1061A0007B1B08EB070ACBF30E0B9BB21FFA8AFA94
:1061B000A845444603D3641BA4B2AC42FBD22D1BBA
:1061C0003068ADB2BD420BFB040057D349460BFB10
:1061D00007F210F06DFBB288D0454FEA420302D8B7
:1061E000BAEB420F03DBAAEB03031FFA83FA3D4627
:1061F000A6F808A02CE0B6F806B0AF42CBF30E0B21
:106200002FD2904536BFC2EB4501A8EB02014144B5
:1062100089B2680039447B1B81429BB20DDB02EBE3
:10622000050A1FFA8AFAAAEB07081FFA88F84245FE
:1062300037D9A8EB00001FFA80F807EB080A1FFA0D
:106240008AFAB5E71546284603B0BDE8F08F002569
:10625000F0680028F7D010F00FFB284603B0BDE827
:10626000F08F002DF4D07F1B02EB050A0BFB079982
:1062700090462F4600231FFA8AFA99E715FB0BF583
:10628000ADB22A464946019310F012FB019B3068DB
:10629000E21812FB0BF209EB050192B210F008FBB9
:1062A00099E7404584DCC4E710B50446C06818B1DE
:1062B0004FF0FF3110F0F4FA206918B14FF0FF31C0
:1062C00010F0EEFA0023E0686381238108B110F03A
:1062D000D3FA206908B110F0CFFA012010BD00BF39
:1062E00038B50446C0680D4618B14FF0FF3110F0C4
:1062F000D7FA206918B14FF0FF3110F0D1FAE379E5
:10630000E06865F3C713E37108B110F0B5FA2069CE
:1063100008B110F0B1FA012038BD00BF0022014BD6
:106320005A607047C01102202DE9F0470E4605461D
:10633000FAF7A8F8012296F804A096F9054005F1AD
:106340002F4CDFF8B4800CF5600C02FA0AF24FEA29
:106350001C5C002C58F82C7002F1FF32CAF12003AB
:1063600031DB9C42A64627D802FA04F33B4223D1F4
:10637000F3795B0732D402FA0EF2174235D1316855
:10638000BAF1000F10D0764601EB4A0A31F8023B11
:1063900006F11209B3F5005F38BF7344514506F1A9
:1063A000010645F82930F1D13A4348F82C20FAF794
:1063B0007BF82046BDE8F0874FF0FF34FAF774F819
:1063C0002046BDE8F0871C1E02DA0EE0013C0CD32B
:1063D00002FA04F33B42A646F8D1C9E76FF00A047B
:1063E000FAF762F82046BDE8F0876FF00804FAF784
:1063F0005BF82046BDE8F087B41402202DE9F04791
:106400004FF4003501EB410600EBC60404F543549C
:1064100000EBC606D6F8DCA04FEA4108D6F8CC90CF
:10642000E560BBB14EF2800793FAA3FCBCFA8CFC8A
:1064300022FA0CF503F1FF3E4FEA4C1C05F0010572
:106440004CF080643D4313EA0E03C6F8DC40C6F806
:10645000D850E9D1884400EBC800C0F8DCA0C0F8EF
:10646000CC90BDE8F08700BFF0B5012504688D40F1
:1064700024EA05040460B3B3D3E901561F68DC685D
:1064800001EB410300EBC303C3F8C8704FEA410CB2
:10649000C3F8D060C3F8CC50C3F8DC400CEB010368
:1064A0004FF0013500EBC30C4FF0004600EBC30E7C
:1064B00001230EF5865E0C1D01F108078D40CEF814
:1064C000106003FA04F4CEF8106002F01F02856039
:1064D000BB4000F5005004600EF1100E0360002078
:1064E000CCF8D820F0BD4FF480374FF440264FF45D
:1064F000F83501EB410400EBC404C4F8C8704FEA5E
:10650000410CC4F8D060C4F8CC50C4F8DC30C5E706
:1065100003BD00BF10B50446FBF75EF92346BDE896
:1065200010401847F0B5054687B0192017460E46AB
:10653000FAF796F8002104461920FAF77BF80021B3
:10654000039704960027002601224FF050438C4603
:106550001648CDE90067059502924270A9B11A6DFF
:106560009507FCD5596540BF1A6DD00703D420BFED
:106570001A6DD207FBD59A6D8A420BD04FF0000CF2
:106580000DEB8C021168E9E79A6D1A6DD607FBD402
:1065900040BFE4E70CF1010CBCF1060FF0D121463D
:1065A000192007B0BDE8F040FAF744B8F81402200B
:1065B0000C4B0D4A93420ED39C4603F2F4710B4AE6
:1065C0009268CCF8F4070A48CCF8F837CCF8FC0706
:1065D0000848FFF7A7BF4FF0FF3340F2F3719C4626
:1065E000EDE700BF000808200000082000ED00E0F3
:1065F00015650010116500102DE9F04FE54E0528D6
:106600007E4480468BB002D9082840F0FA8140F6DB
:106610000470FDF79BFA0446002800F0F28107465B
:106620006D4647F8048B4FF4FA516846D04A09F09A
:106630000BF80FCDB9460FC70FCDD4F810A00FC778
:1066400095E8030087E80300A56863682563ED000B
:106650002846C4F834A0E362FDF778FA0746C4F888
:106660004408002800F0CD8128460121FDF78AFA70
:106670008046C4F86408002800F0C0814FEA8A050B
:106680002846FDF763FA83462064002800F0D9818C
:106690002846FDF75BFAC4F84C08002800F0C781D3
:1066A000BAF1000F06DD4FF07E53054440F8043B7D
:1066B0008542FBD10025002304F6540104F5056250
:1066C0000D604FF40070194615601A4602F076FD11
:1066D000002302461946A2634FF400701A4602F0E6
:1066E0006FFD226C04F14403A16BE063484609F09E
:1066F0005FF84846D4F8441809F0C6FD002301218C
:106700001A464FF4007002F05BFD9A4F04F50763E0
:10671000C4F860081F6004F66C031D6004F668038B
:106720004FF420721D60002104F5086010F098F805
:10673000A069FBF707FF02460B4689A1D1E90001DA
:10674000FBF7A4FEFBF7F0FE04F67403186010F0EC
:10675000A3F802460B4684A1D1E90001FBF796FE9F
:10676000FBF714FF02460027DFED836A9FED837A73
:10677000DFED837A4FF07E53C4F8782804F6885210
:10678000C4F8847D156004F68C52C2ED006A04F5ED
:10679000596282ED007ADFF800B204F69452C2ED3D
:1067A000007ADFF8F8A104F69852C2F800B0DFF8DA
:1067B000F08104F69C52C2F800A0DFF8E8E104F58D
:1067C0005A62C2F80080DFF8E0C104F6A452C2F8B1
:1067D00000E06C4904F6A852C2F800C004F55B68FA
:1067E00004F6AC5211604846C8F8003008F0A4FA2C
:1067F000C4F85808002800F004810123DFED627A14
:106800004FF07C5BC8E90133D4F8308004F6C85EF1
:1068100004F6C45C04F55D6004F6CC5104F68C62A9
:1068200004F6BC5A04F55C69CAED007AC9F800B0F8
:10683000CEF80050CCF8005005600D60C4F8D47D4F
:1068400015604FEA081505F5CA752846C4F8907E0C
:10685000C4F8947E84F8983EFDF778F9C4F84808A7
:10686000002800F0DB8018F1190F03DB2A463946B7
:106870000FF0F6FF002501272368C4F8D85D082B28
:10688000C4F85C7827D000214FF000084FF00009D1
:1068900004F56F62C2E90089C4F8FC1EC4F8001F49
:1068A0006BB1012B4CD1414A414BB258C4F8F82E80
:1068B000F358C4F8FC3E20460BB0BDE8F08F2046EC
:1068C0003C4A3D4BB258C4F8F82EF358C4F8FC3E8D
:1068D0000BB0BDE8F08F2D4804F094FB80462C48A7
:1068E00004F090FB42460346142104F6DC5004F009
:1068F000B9FB5022294604F62C600FF0B1FF50225C
:10690000294604F69C600FF0ABFF002204F67C637E
:10691000294684F8EC5E80201A602B462A46C4F88B
:10692000805E02F04BFC03463946C4F8843E80206A
:106930002B462A4602F042FC2368C4F8880EA2E7E0
:10694000022B3FD120461D4A1D4BB258C4F8F82EE9
:10695000F358C4F8FC3E0BB0BDE8F08FAFF30080F5
:1069600044174154FB21194050455254FB21094022
:106970000AD7233C00004842133A923E133A123F92
:106980001D575B3F56812440CDCC4C3E0000484310
:106990000040674558A80110133A923F98C8B63F87
:1069A0001D57DB3FA2E5FF3F133A124044000000B1
:1069B000340000002000000050000000140000001F
:1069C00028000000032B0DD0042B1CD12046264AA2
:1069D000264BB258C4F8F82EF358C4F8003F0BB059
:1069E000BDE8F08F2046224A224BB258C4F8F82E58
:1069F000F358C4F8FC3E0BB0BDE8F08F3846FDF705
:106A0000E1F8002457E7052B22D11B4A1B4BB25853
:106A1000C4F8F82EF358C4F8FC3E4CE7184B194A5A
:106A20001948CA217B447A447844FDF76FF9384607
:106A3000FDF7C8F84046FDF7C5F85846FDF7C2F81F
:106A4000DFE73846FDF7BEF84046FDF7BBF8D8E76C
:106A5000082B7FF430AF0D4A0D4BB258C4F8F82E16
:106A6000F358C4F8FC3E26E7100000005400000074
:106A70000C000000080000000000000038000000CA
:106A8000B0000100FE0B0100C00001004800000042
:106A90004C00000010B590B30446D0F84808FDF74C
:106AA00091F8D4F8580808F001FAA06B02F084FBC2
:106AB000E06B02F087FBD4F8600802F083FB2368E8
:106AC000082B13D0D4F84408FDF77CF8D4F84C0810
:106AD000FDF778F8206CFDF775F8D4F86408FDF739
:106AE00071F82046BDE81040FDF76CB8D4F8840E6C
:106AF00002F062FBD4F8880E02F05EFBE2E7054A82
:106B0000054B06487A444FF48E717B44784410322A
:106B1000FDF7FCF8200B01002E000100DCFF000057
:106B20000368082B05D8044A7A4402EB8303186AE9
:106B300070470020704700BFFC0A010008B5FFF74E
:106B4000EFFFC31D48BF00F10E03D81008BD00BF02
:106B50000368052B07DC012B02DC0AD8A020704754
:106B60004FF4A0707047082B14BF00204FF4A070A2
:106B700070470020704700BF10B528B1D0F8F83E2C
:106B80006BB1BDE8104018470A4A0B4B0B487A44DA
:106B900040F273117B4478444432FDF7B7F8084A59
:106BA000084B09487A444FF4BA717B447844443224
:106BB000FDF7ACF8960A0100A4FF000052FF0000A8
:106BC000800A01009AFF00003CFF000010B568B188
:106BD000D0F8FC4E1CB12346BDE810401847D0F851
:106BE000004F74B1A446BDE8104060470A4A0B4B01
:106BF0000B487A4440F28B117B4478445432FDF7C1
:106C000085F8084A084B09487A444FF4C6717B441A
:106C100078445432FDF77AF8320A010040FF000050
:106C2000EEFE00001C0A01004AFF0000D8FE000032
:106C30000023FFF7CBBF00BFF0B500262B4F83B07A
:106C40007F44019600283DD00C4601AD3346092211
:106C50002946204607F0C0FD334609222946204632
:106C600007F0BAFD334604222946204607F0B4FD5A
:106C700084462046644633460622294607F0ACFD8A
:106C80001B4BB2EE047AFB58DB6803EB8403D3EDB5
:106C9000007A77EEC77A08B977EEC77A17EE900ACE
:106CA0000FF0FAFD0022104BFBF7F0FB0CA3D3E929
:106CB0000023FBF7C7FBFBF737FC03B0BDE8F04050
:106CC000FCF7A6BA0B4A0C4B0C487A4440F2196107
:106CD0007B4478446832FDF719F800BFAFF30080B9
:106CE000000000C0B16B02400000244018A2011057
:106CF0002C0000005A09010068FE000016FE00008A
:106D0000F0B5ADF2345D00287ED003680446052B53
:106D10000D465BD80022002105AF03AEC7E9002273
:106D200031605BB9092304A9052228460B6007F0EE
:106D300083FD052107F086F923683060012B0ED111
:106D4000022304A9082228460B6007F075FD3B4684
:106D50000090324607A9201D07F084FC2368022B0F
:106D60000BD1092304A9052228460B6007F064FD16
:106D7000052107F067F923683060032B0ED1022349
:106D800004A9082228460B6007F056FD3B460090F8
:106D9000324607A9201D07F065FC2368042B0DD19E
:106DA0000B2304A90B600522D4F85C38284607F0B1
:106DB00013FD052107F046F923683060052B13D039
:106DC000082B0AD030680DF2345DF0BD082B26D1B7
:106DD00000220021CDE90522039129462046FFF734
:106DE0002BFF0DF2345DF0BD022304A908222846D2
:106DF0000B6007F021FD3B460090324607A9201D9D
:106E000007F030FC2368DBE70A4A0B4B0B487A4457
:106E100040F234617B4478447C32FCF777FF084AC7
:106E2000084B09487A4440F235617B4478447C320F
:106E3000FCF76CFF1608010024FD0000D2FC0000E6
:106E4000000801005EFD0000BCFC0000F0B52DED67
:106E5000028B0D460168ADF2145D0DF5A66408299C
:106E600094ED008A1646044606D002AF1A4639460B
:106E7000304605F081FA3B4604F66802206B314645
:106E800005F0B6FA04F66C01304608F0EDFA01217F
:106E9000D4F844283346CDE90021D4F86428D4F846
:106EA0006018206B09F066FA226BD4F86448002A57
:106EB00052DD2046234604EB8202D3ED007A67EED2
:106EC000887AE3EC017A9A42F7D12346DFED267AFD
:106ED000B3EC017AB4EEE77AF1EE10FA77FE277A96
:106EE0009A42F5D19FED216AF7EE006A87EE867A25
:106EF000B4EEE67AF1EE10FA0CDD67EE077A23467F
:106F000086EEA77AD3ED007A67EE277AE3EC017A72
:106F10009A42F7D19FED167ADFED166A164CA91E3C
:106F20000DE0F4EEE67AF1EE10FA1AD4FDEEE77A0F
:106F300017EE903A1BB2824221F8023F0CD0F0ECDF
:106F4000017AF4EEC77AF1EE10FAEADD47F6FF7344
:106F5000824221F8023FF2D10DF2145DBDEC028BAA
:106F6000F0BD2346E7E700BF000000000060EA46EE
:106F700000FEFF4600FEFFC60180FFFF2DE9F04F37
:106F80002DED028B0024ADF5DA5D85B00DF5356889
:106F9000A8F604331C600B91002800F0FA80164616
:106FA0004CAF05464FF4207221460DF15009381DB3
:106FB0000FF056FCA9F1040A4FF42072214607F5A0
:106FC000A3600FF04DFC01225146304607F034FC1F
:106FD000A8F6282BCBF8100501225146304607F0C1
:106FE0002BFC0722514648F8040C304607F024FCDD
:106FF00007220146281D06F013FBA8F2145318605F
:107000000FF04AFC0B46024667A1D1E90001FBF7ED
:107010003DFAFBF7BBFA0522CBF81805514630467E
:1070200007F00AFC052107F00DF816A90C958B4610
:107030000D460A90C9F80400204605F0CDFB5146E4
:107040000246304607F0F8FB01340A2C45F8040BE1
:10705000F2D10C9D59460DF1A80B2246584624AB9F
:10706000A7F108060F9305F0F3FC05F6740307F289
:107070000C52194630461193EB6903F013FC05F5E9
:107080005B630A991868109303F018FCB7EE008A46
:107090005A464FF0000B0DF1800A05F68853009414
:1070A0001946C9F800000E9350464FF07C5303F088
:1070B00061FC05F55C630D9312AB5746344605F64B
:1070C000BC5A34AE0C93314638460A2203F080FE97
:1070D0000023CDE902330C9BCDF82080019359F8B1
:1070E000043B314600930D9B0A221B682837079307
:1070F000DAF800302C360693D5F8B83D0593D5F86C
:10710000B43D0493E86B234606F008F9204606F0E8
:1071100053FF8DED008A2B6B0B9A03FB0BF3284674
:1071200002EB430143462246FFF790FE0BF10103B9
:10713000022B4FF0010B04F21454C4D140F214524C
:107140001198A8F214510FF0B3FBDDED0A7A109BF1
:10715000C3ED007ADDE90E4303F1180703F13806A9
:107160003D4610340FCDB54207F1100744F8100C1E
:1071700044F80C1C44F8082C44F8043CF0D103CF2C
:10718000206061600DF5DA5D05B0BDEC028BBDE8F5
:10719000F08F074A074B08487A4440F2ED117B44D0
:1071A00078449032FCF7B2FD50455254FB2109401F
:1071B0008C0401009AF9000048F900002DE9F04F15
:1071C0000027ADF5DA5D87B00DF65838A8F608331C
:1071D0001F600A91002800F01F8115460DF59C7A6A
:1071E00004464FF4207239460DF158090AF10400A3
:1071F0000FF036FBA9F108064FF4207239460AF564
:10720000A3600FF02DFB01223146284607F014FB46
:10721000A8F6282BCBF8100501223146284607F0A6
:107220000BFB0822314648F8040C284607F004FB03
:1072300004F6CC5300900AF20C51201D09F104020F
:1072400007F010FA18A90B948B460C46384605F047
:10725000B7FA31460246284607F0EEFA01370A2F00
:1072600044F8040BF2D159460DF1B00B3A4626AB67
:1072700058460B9C0F9306F09BFB3946584605F089
:10728000FBFE394658466A4B6A4A06F069FDAAF188
:10729000080504F674030AF20C52194628461093A6
:1072A000E36903F0FFFA04F55B63D9F8041018688A
:1072B000119303F003FBCA465A464FF0000B04F645
:1072C000885322AE00971946C9F800000E93304645
:1072D0004FF07C5303F04EFB04F55C630D9304F612
:1072E000BC530B9313AB36AF0C930A22394630468E
:1072F00003F06EFD0023CDE902330C9BCDF8208016
:1073000001930D9B0A221B68394607930B9B1B6850
:107310000693DAF800300093D4F8B83D0593D4F81A
:10732000B43D0493E06B2B4605F0F8FF284606F0C9
:1073300043FE4FF07E530093236B0A9A03FB0BF33B
:10734000204602EB430143462A46FFF77FFDD4F86F
:10735000F03E5BB304220A2130460AF0CDFB042242
:107360000121D4F8F03E50460AF0C6FB0422012168
:10737000D4F8F03E28460AF0BFFBD5F810350422B9
:1073800007EE903AF8EEE77AA8F604330121C3ED50
:10739000007AA9F10400D4F8F03E0AF0ADFB042213
:1073A0000A21D4F8F03EB8180AF0A6FB0BF101034D
:1073B000022B4FF0010B06F1280607F12C070AF10A
:1073C000040A05F2145590D140F214521098A8F214
:1073D00014510FF06DFADDE90E42D9F8043002F1D4
:1073E000180702F13806119A13603D4610340FCD8C
:1073F000B54207F1100744F8100C44F80C1C44F88F
:10740000082C44F8043CF0D103CF206061600DF5F6
:10741000DA5D07B0BDE8F08F074A084B08487A44A8
:107420004FF41F717B447844A432FCF76FFC00BF1B
:107430000000C842000048420602010014F70000A4
:10744000C2F600002DE9F04F2DED028B0024ADF5C2
:10745000185D8DB00DF5C663109315940B9100283F
:1074600000F06881164604460DF58F5808F11008A3
:10747000A8F110030DF518559B4611933C35A8F162
:10748000040318464FF4207200210FF0E9F900F2CE
:107490001453AB42F5D11CABA3F11C0701223946B2
:1074A00030460C9307F0C8F90DF5B1531033C3F80B
:1074B000C0000122394630461D460E9307F0BCF944
:1074C0000722C5F8D4053946304607F0B5F904F16E
:1074D000040A01460722504606F0A2F80E9BC3F8A4
:1074E000C4000FF0D9F90B4602469BA1D1E9000177
:1074F000FAF7CCFFFBF74AF80522C5F8C800394671
:10750000304607F099F9052106F09CFD8446109954
:107510000122A1F5BB690D9039463046C9F804C077
:1075200007F08AF90122C5F8E80A3946304607F023
:1075300083F90DF51852D06239462C3230460722B5
:1075400007F07AF907220146504606F069F80DF572
:107550000453D8611C330FF09FF90B4602467EA1FD
:10756000D1E90001FAF792FFFBF710F80522C5F800
:10757000F00A3946304607F05FF9052106F062FD52
:107580000C9BC9F80C00A3F1080A0025D1460F9006
:10759000284605F015F939460246304607F04CF901
:1075A00001350A2D49F8040BF2D142AE2CAB5146FD
:1075B0002A463046139306F0FBF92946304605F07B
:1075C0005BFD29463046624B624A06F0C9FB08F271
:1075D000045A04F674035246194611981193E3694C
:1075E00003F060F904F55B630D991868129303F0DA
:1075F00065F9109B5146A3F5BB673860E36908F64F
:107600002C7208F6182003F04DF90F990D9803F02D
:1076100055F9B5EE008A04F688530DF19009B8606B
:107620004FF003084F46F0EE488A9A46109318EE42
:10763000103A484632465146009503F09BF9B8F19E
:10764000010838EE288A09F12809F0D1B7EE008A3E
:107650000C9B4546A3F1180804F55C630C9314AB2E
:107660004CAE0DF5F07904F6BC5A0D933146384610
:107670000A2203F0ADFB0023CDE902330D9BCDF8C8
:107680002090019358F8043B314600930C9B0A224A
:107690001B6828370793DAF800302C360693D4F8A5
:1076A000B83D0593D4F8B43D0493E06B5B4605F018
:1076B00035FE584606F080FC8DED008A236B0B9A50
:1076C00005FB03F3204602EB430101355A464B46C6
:1076D000FFF7BCFB042D0BF2145BC7D10E9B40F2ED
:1076E000145203F6EC2111980FF0E2F8DDED0F7A59
:1076F000129B109CC3ED007A139B03F1580603F113
:107700007807354610340FCDBD4206F1100644F817
:10771000100C44F80C1C44F8082C44F8043CF0D13C
:1077200003CE206061600DF5185D0DB0BDEC028BDD
:10773000BDE8F08F0A4A0B4B0B487A4440F22B31DC
:107740007B447844B832FCF7E1FA00BFAFF3008025
:107750000000C8420000484250455254FB210940F5
:10776000EAFE0000F8F30000A6F300002DE9F04F58
:107770002DED028B0024ADF5185D8DB00DF5C663BF
:107780000F9315940C91002800F03D811746044694
:107790000DF58F5A0AF1100AAAF110030DF51855CC
:1077A0001E460B933C35AAF1040318464FF4207291
:1077B00000210FF055F800F21453AB42F5D10DF152
:1077C0007009A9F11C0801224146384607F034F837
:1077D0000DF5B1531033C3F8C000012241463846BD
:1077E000119307F029F80DF58F5BCBF8240A0822D6
:1077F0004146384607F020F8251D04F6CC5300908A
:10780000A9F1140228460AF204510D9306F02AFF4A
:1078100001224146384607F00FF80122CBF8380F15
:107820004146384607F008F80DF51853D86208228B
:10783000414638462C3306F0FFFF0AF62C710090C3
:107840000D9B2846A9F10C0206F00CFFA9F10801D6
:107850000D9400258B460C46284604F0B1FF4146A6
:107860000246384606F0E8FF01350A2D44F8040BBD
:10787000F2D142AF2CAB59462A4638460D9C1293A2
:1078800006F096F82946384605F0F6FB29463846B4
:10789000624B634A06F064FA0AF204520B9804F64B
:1078A0007401E3690B92109102F0FCFF0F9BB5EE9F
:1078B000008AA3F5BB6B04F55B63DBF80410186862
:1078C000139302F0FBFF0B9AE3691146CBF800001B
:1078D0000AF62C720AF6182002F0E4FFDBF80C100E
:1078E000DBF8040002F0EAFF0DF19008CBF8080085
:1078F0004FF0030AF0EE488AC34604F688530E930D
:1079000018EE103A58463A460E99009503F032F8B0
:10791000BAF1010A38EE288A0BF1280BF0D1B7EE44
:10792000008A78AB0B9314AB5546A9F118094CAFFC
:1079300004F55C6B04F6BC5A0D93394640460A22A6
:1079400003F046FA00210B9BCDE902110D99089333
:10795000019159F8043B39460093DBF800300A22C4
:107960000793DAF8003008F128080693D4F8B83DF8
:107970002C370593D4F8B43D0493E06B334605F0FF
:10798000CDFC304606F018FB8DED008A236B0C9A77
:1079900005FB03F3204602EB4301013532460B9B06
:1079A000FFF754FA042D06F21456C6D1DDE9100390
:1079B00040F2145203F6EC210EF07AFF0F9B129A5C
:1079C000A3F5BB63DB6802F1580602F17807139A4E
:1079D0000E9C1360354610340FCDBD4206F11006E3
:1079E00044F8100C44F80C1C44F8082C44F8043CEF
:1079F000F0D103CE206061600DF5185D0DB0BDECD7
:107A0000028BBDE8F08F074A074B08487A4440F2E2
:107A1000DA317B447844CC32FCF778F90000C84274
:107A20000000484218FC000026F10000D4F00000DD
:107A30002DE9F04F2DED028B0025ADF5185D8FB0CF
:107A40000DF5C7640B9416950C910A93002800F06D
:107A5000AB810DF58F5A0AF1180AAAF1100B904666
:107A600004465D460DF51956AAF10403043618467E
:107A70004FF4207200210EF0F3FE00F21453B342D3
:107A8000F5D10DF1580901224946D4F85C381EAFF2
:107A90004046119706F0A0FE0DF5B15318331E466F
:107AA000C3F8C0000122494613934046D4F85C381D
:107AB00006F092FE0122C6F8D4054946D4F85C3897
:107AC000404606F089FE0122C6F8E80A4946D4F885
:107AD0005C38404606F080FE0DF5185358630722C7
:107AE000494634334046D4F85C3806F075FE072228
:107AF0000146201D05F094FD0DF504535862243312
:107B00000EF0CAFE02460B46B2A1D1E90001FAF717
:107B1000BDFCFAF73BFDD4F85C38C6F8F00A052244
:107B20004946404606F058FE052106F08BFA1CA98E
:107B30000D9500260F460D460B9BA3F5BB63D86041
:107B4000304604F03DFE49460246D4F85C384046D3
:107B500006F042FE01360A2E47F8040BF0D144AF7E
:107B60002EAB29463246384612930D9D05F020FF74
:107B70003146384605F080FA934B944A31463846F0
:107B800006F0EEF80A980EF087FE8DA3D3E90023E5
:107B9000FAF76EFD002840F0EC80B5EE008A0AF698
:107BA0002C730A93129B119AA3F1200803F1580A2F
:107BB00004F68853109304F67403A2F118070F9388
:107BC00004F55B63D946CDE90D53BB46464618EE36
:107BD000105A0A2330465246109900932B4602F061
:107BE000C9FEE36948460A9A0F9900932B4602F0B2
:107BF000F7FD0B9B2A46A3F5BB63D9680E9B28367D
:107C0000186802F06FFE07EE105AF5EE007A77EE74
:107C1000277A564517EE905A4BF8040B09F214597F
:107C2000D7D14FF00009B7EE008A7AAB0A9315ABB3
:107C30000D9D4EAE04F55C6B04F6BC5A0D930A2202
:107C40003146404603F0C4F800210A9BCDE90211F9
:107C50000D9908930191DBF800300A220793DAF8B6
:107C60000030314606933B680093D4F8B83D059345
:107C7000D4F8B43D0493E06B2B4605F04FFB284647
:107C800006F09AF98DED008A236B0C9A03FB09F339
:107C9000204602EB43010A9B2A46FFF7D7F8D4F8A7
:107CA000F03E63B304220A21404609F025FF042276
:107CB0000121D4F8F03E384609F01EFF04220121CC
:107CC000D4F8F03E284609F017FFD5F81035119882
:107CD00007EE903AF8EEE77A0B9B0422A3F2DC530E
:107CE0000121C3ED007A1C38D4F8F03E09F004FFFE
:107CF00004220A21D4F8F03EB01809F0FDFE09F183
:107D00000109B9F1040F08F1280806F12C0607F162
:107D1000040705F2145592D1139B40F2145203F656
:107D2000EC210F980EF0C4FD0B9B129AA3F5BB63D8
:107D3000DB6802F1580702F178050E9A109C136077
:107D40003E4610340FCEAE4207F1100744F8100C37
:107D500044F80C1C44F8082C44F8043CF0D103CF40
:107D6000206061600DF5185D0FB0BDEC028BBDE8C1
:107D7000F08F0023139A05213046C2F8FC3FC2F869
:107D8000E83AC2F8D435C2F8C03006F05BF9844650
:107D900031460F4B0B9E1A46A6F5BB663846C6F811
:107DA0000CC005F0DDFFF8E60C4A0D4B0D487A4497
:107DB00040F27F417B447844E032FBF7A7FF00BFED
:107DC000333333333333C33F0000C84200004842EB
:107DD0000000484350455254FB21094076F800000A
:107DE00084ED000032ED00002DE9F04F2DED028B07
:107DF0000024ADF5185D8DB00DF5C6630F93159495
:107E00000C91002800F04181174605460DF58F5A68
:107E10000AF1100AAAF110030DF518541E460D932D
:107E20003C34AAF1040318464FF4207200210EF0EE
:107E300017FD00F21453A342F5D10DF17009A9F119
:107E40001C0801224146384606F0F6FC0DF5B153F8
:107E50001033C3F8C000012241463846119306F0A2
:107E6000EBFC0DF58F5BCBF8240A0822414638461F
:107E700006F0E2FC2C1D05F6CC530090A9F114028B
:107E800020460AF204510B9306F0ECFB0122414616
:107E9000384606F0D1FC0122CBF8380F414638466F
:107EA00006F0CAFC0DF51853D86208224146384640
:107EB0002C3306F0C1FC0B9B0090A9F10C0220466C
:107EC0000AF62C7106F0CEFB00231C46A9F108032C
:107ED0000E959B461D46204604F08AFC414602460C
:107EE000384606F0A9FC0134032C45F8040BF2D106
:107EF0002CAB42AF58460A2239460B9412931C46CB
:107F000000230E9D05F0D4FE0A21384605F0B4F892
:107F10000A213846624B634A05F022FF0AF20452F6
:107F20000D9805F67401EB690D92109102F0BAFC00
:107F30000F9BB5EE008AA3F5BB6B05F55B63DBF821
:107F400004101868139302F0B9FC0D9AEB691146FE
:107F5000CBF800000AF62C720AF6182002F0A2FCF8
:107F6000DBF80C10DBF8040002F0A8FCA4F12008F8
:107F7000CBF808004FF00A0AF0EE488AC34605F62F
:107F800088530B9C0E9318EE103A58463A460E99B9
:107F9000CDF800A002F0EEFC013C38EE288A0BF18F
:107FA000280BF0D1B7EE008A78AB0B9314ABA9F194
:107FB00018094CAF05F55C6B05F6BC5A0D933946B4
:107FC00040460A2202F004FF00210B9BCDE902117A
:107FD0000D990893019159F8043B39460093DBF859
:107FE00000300A220793DAF8003008F128080693D7
:107FF000D5F8B83D2C370593D5F8B43D0493E86B1C
:10800000334605F08BF9304605F0D6FF8DED008A3A
:108010002B6B0C9A04FB03F3284602EB430101345B
:1080200032460B9BFEF712FF042C06F21456C6D103
:10803000DDE9100340F2145203F6EC210EF038FC97
:108040000F9B129AA3F5BB63DB6802F1580602F19D
:108050007807139A0E9C1360354610340FCDBD423D
:1080600006F1100644F8100C44F80C1C44F8082CD7
:1080700044F8043CF0D103CE206061600DF5185D3A
:108080000DB0BDEC028BBDE8F08F074A074B0848E6
:108090007A444FF4A8617B447844F432FBF736FE0F
:1080A0000000C8420000484294F50000A2EA000027
:1080B00050EA00002DE9F04F2DED028B0026ADF5C2
:1080C000AB5D87B00AAF07F11008F960C8F800602F
:1080D000002800F0C0801446054641463346092278
:1080E000204606F079FB07F5AA6BABF23C594146F6
:1080F000C9F8000009223346204606F06DFB4146D0
:10810000C9F8040033460422204606F065FB4146C8
:10811000C9F8080033462046062206F05DFB14230A
:10812000ADF5A15DC9F80C000DF12809D0B004939C
:1081300005F6DC53039305F56863029305F67C634B
:10814000019305F62C63009395F8983E07F13002F1
:108150000993D5F8943E0AAC0893D5F8883E7A6026
:108160000693D5F8843E07F58078059307F114034C
:1081700007934A4623464146281D04F065F89FEDC3
:10818000408A1CACABF22C5BD5F8F0AEBAF1000F14
:108190001ED14FF07F530093296BFB6806FB01F162
:1081A000424603EB410128464B460136FEF74EFEA0
:1081B000042E08F2145809F5A16904F15004E3D122
:1081C00007F5AA571437BD46BDEC028BBDE8F08F0A
:1081D000DC22002158460EF043FBF3EE0E6A7B686A
:1081E0000C3B1A46BB60A4F14803F3EC017A77EE2E
:1081F000E67A87EE887A9C42A2EC017AF5D1D8F82B
:1082000000000EF049FB02460B4619A1D1E900011E
:10821000FAF73CF900221B4BFAF7ECF8FAF7B6F93B
:108220006438FAF78FF914A3D3E90023FAF70AF9AF
:10823000FAF77AF9D8F81025CBF8900007EE902AD3
:10824000F8EEE77A534604223721B868CBED257A59
:1082500009F052FC9DE70C4A0C4B0D487A4440F261
:10826000E1517B44784402F58472FBF74FFD00BF77
:10827000182D4454FB2119407B14AE47E17A943FFA
:108280000000204200003540C8F30000D6E800009E
:1082900084E800002DE9F041D0E90C670D46B91BD8
:1082A000ADF5805D00290446D0F84C3886B00ADD73
:1082B000184603EB870703EB860C5CF804EB674575
:1082C00040F804EBF9D1002E0EDD023A03EB810CED
:1082D00002EB460132F9020F07EE900AF8EEE77A58
:1082E0009142ECEC017AF5D1226C06AF009204F1D8
:1082F00004083A464046A16B07F080FB324604F57D
:10830000076304F144060293009701963B1FD4F8DB
:108310004C18D4F8580806F0BBFE57F8040C0EF0C1
:10832000BBFA02460B461AA1D1E90001FAF7AEF8F2
:10833000FAF7FAF828600EF0AFFA0B46024616A1DB
:10834000D1E90001FAF7A2F8FAF720F93A46686095
:108350002946404607F05AFCD4F8F03E83B1012389
:1083600032463946284607F041FD33463A4629460B
:10837000404607F0E3FD0DF5805D06B0BDE8F081F5
:1083800032463946284607F031FDEEE7AFF300806C
:1083900044174154FB21194050455254FB210940D8
:1083A00000232DE9F043ADF2A45D0DF10C08C8F8EF
:1083B000003000286CD081460F461546FEF7B0FB12
:1083C000C21D48BF00F10E0223AC0021D210384676
:1083D0000EF046FA2A4621464846FFF75BFF012386
:1083E00041463846DDF89C2506F0EEF9D9F83020F4
:1083F000214605EB42024846FFF74CFF0123414668
:108400003846DDF89C2506F0DFF90722239909F1AB
:10841000040005F0E1F80A250246072341463846E4
:1084200006F0D2F9D9F8343004ACCDE90035204655
:10843000D9F84030D9F84C2818A905F07DF9052164
:1084400005F0DAFD052302464146384606F0BCF940
:108450002A460EAD2146284604F048FA002420465C
:1084600055F8046B04F0B8F901340346324641462E
:10847000384606F0A9F90A2CF1D14846FEF750FB20
:10848000D8F8003098420FD10DF2A45DBDE8F0831A
:108490000B4A0C4B0C487A4440F2BB117B447844A5
:1084A00002F58E72FBF732FC084A094B09487A4400
:1084B00040F2D3117B44784402F58E72FBF726FC20
:1084C0008EF100009CE600004AE6000076F1000014
:1084D00040E8000032E6000000232DE9F043ADF251
:1084E000A45D0DF10C08C8F80030002869D0814661
:1084F0000F461546FEF714FB0A26C21D48BF00F1C1
:108500000E0223AC0021D21038460EF0A9F92A46FB
:1085100021464846FFF7BEFE012341463846DDF8B6
:108520009C2506F051F9D9F83020214605EB42028E
:108530004846FFF7AFFE012341463846DDF89C254B
:1085400006F042F90196D9F8343004AD0093D9F819
:1085500040302846D9F84C2818A905F0EDF809F65E
:10856000C4520146204605F09BFF082302464146BF
:10857000384606F029F929460EAD3246284605F060
:10858000B5F90024204655F8046B04F019F90134BC
:10859000034632464146384606F016F90A2CF1D118
:1085A000022300223846414606F00EF94846FEF7FF
:1085B000B7FAD8F8003098420FD10DF2A45DBDE8AB
:1085C000F0830C4A0C4B0D487A4440F24A217B441C
:1085D000784402F59872FBF799FB094A094B0A485F
:1085E0007A4440F262217B44784402F59872FBF7AA
:1085F0008DFB00BF5CF000006AE5000018E500009C
:1086000044F000000EE7000000E5000000232DE923
:10861000F04FADF2AC5D05AD2B60002800F0AE80F0
:1086200006460C469046FEF77BFAC21D48BF00F195
:108630000E0225AF0021D21020460EF011F942465D
:1086400039463046FFF726FE012329462046DDF84D
:10865000A42506F0B9F8326B394608EB42023046E1
:10866000FFF718FE06F1040B012329462046DDF82A
:10867000A42506F0A9F807222599584604F0ACFF76
:108680004FF00A0A024607232946204606F09CF8C6
:10869000CDF804A0736B0DF1180900931AAB1946BD
:1086A000D6F84C2848460393336C05F045F805216D
:1086B00005F0A2FC052302462946204606F084F870
:1086C000326B394608EB82023046FFF7E3FD0123A7
:1086D00029462046DDF8A42506F076F8326B3946A7
:1086E00002EB420208EB42023046FFF7D3FD0123C2
:1086F00029462046DDF8A42506F066F807222599CC
:10870000584604F069FF072302462946204606F032
:108710005BF8CDF804A0736B48460093336CD6F831
:108720004C28039905F008F8052105F065FC0DF1CA
:108730004008024605232946204606F045F84946EA
:108740005246404605F0D2F80027A146384658F870
:10875000044B04F035F801370346224629464846C3
:1087600006F032F80A2FF1D13046FEF7D9F92B681E
:1087700098420FD10DF2AC5DBDE8F08F0B4A0C4B67
:108780000C487A444FF439717B44784402F5A27264
:10879000FBF7BCFA084A094B09487A444FF4447184
:1087A0007B44784402F5A272FBF7B0FAA2EE000017
:1087B000B0E300005EE300008AEE000054E5000034
:1087C00046E3000000232DE9F04FADF2AC5D05ADAE
:1087D0002B60002800F09D8006460C469046FEF770
:1087E0009FF94FF00A0BC21D48BF00F10E0225AFE2
:1087F0000021D21020460EF033F84246394630466A
:10880000FFF748FD012329462046DDF8A42505F0A1
:10881000DBFF326B394608EB42023046FFF73AFD88
:10882000012329462046DDF8A42505F0CDFFCDF82B
:1088300004B0736B0DF1180900930DF1680A5146ED
:108840004846336CD6F84C2804F076FF06F6C4533D
:1088500001461A463846039305F022FE08230246D5
:108860002946204605F0B0FF326B394608EB8202FC
:108870003046FFF70FFD012329462046DDF8A425E9
:1088800005F0A2FF326B394602EB420208EB4202CE
:108890003046FFF7FFFC012329462046DDF8A425DA
:1088A00005F092FFCDF804B0736B51460093336C22
:1088B0004846D6F84C2804F03FFF039A0146384654
:1088C00005F0EEFD0DF1400802460823294620463A
:1088D00005F07AFF49465A46404605F007F800275A
:1088E000A146384658F8044B03F06AFF01370346A7
:1088F00022462946484605F067FF0A2FF1D1304647
:10890000FEF70EF92B6898420FD10DF2AC5DBDE871
:10891000F08F0C4A0C4B0D487A444FF466717B443F
:10892000784402F5AC72FBF7F1F9094A094B0A48A1
:108930007A4440F2BF317B44784402F5AC72FBF7D5
:10894000E5F900BF0CED00001AE20000C8E10000EC
:10895000F4EC0000BEE30000B0E1000000232DE9CC
:10896000F043ADF2A45D0DF10C09C9F80030002808
:1089700000F09C80054688461646FEF7D1F8C21DD9
:1089800048BF00F10E0223AC0021D21040460DF08A
:1089900067FF324621462846FFF77CFCD5F85C2865
:1089A0000123494640460092DDF89C2505F0ECFE87
:1089B0002A6B214606EB42022846FFF76BFCD5F8EE
:1089C0005C280123494640460092DDF89C2505F0CD
:1089D000DBFE2A6B214606EB82022846FFF75AFC93
:1089E000D5F85C280123494640460092DDF89C25D5
:1089F00005F0CAFE2A6B214602EB420206EB420258
:108A00002846FFF747FCD5F85C2801234946404635
:108A10000092DDF89C2505F0B7FE07222399281D5A
:108A200004F0DAFD0A26D5F85C1802460723404612
:108A30000091494605F0A8FE6B6B04ACCDE9003609
:108A400020462B6CD5F84C2818A904F075FE05219A
:108A500005F0D2FAD5F85C1802460523404600918D
:108A6000494605F091FE32460EAE2146304604F0EE
:108A70003DFF0024204656F8047B03F0A1FE3A4651
:108A8000D5F85C780346494640460097013405F026
:108A90007BFE0A2CEED12846FEF742F8D9F80030CA
:108AA00098420FD10DF2A45DBDE8F0830B4A0C4B48
:108AB0000C487A444FF488617B44784402F5B672DE
:108AC000FBF724F9084A094B09487A4440F264410B
:108AD0007B44784402F5B672FBF718F972EB00009C
:108AE00080E000002EE000005AEB000024E20000CD
:108AF00016E0000000232DE9F04FADF2D45D05AE85
:108B00003360002800F0A48004460D469046FEF72E
:108B100007F84FF00A0BC21D48BF00F10E022FAF3D
:108B20000021D21028460DF09BFE424639462046D1
:108B3000FFF7B0FB012331462846DDF8CC2505F0D0
:108B400043FE226B394608EB42022046FFF7A2FBA8
:108B5000012331462846DDF8CC2505F035FECDF859
:108B600004B0636B0DF1180900930DF1900A5146A2
:108B70004846236CD4F84C2804F0DEFD04F6C453B8
:108B800001461A463846039305F08AFC082302463C
:108B90003146284605F018FE226B394608EB820262
:108BA0002046FFF777FB012331462846DDF8CC2528
:108BB00005F00AFE226B394602EB420208EB420244
:108BC0002046FFF767FB012331462846DDF8CC2518
:108BD00005F0FAFDCDF804B0636B51460093236CA9
:108BE0004846D4F84C2804F0A7FD039A01463846BD
:108BF00005F056FC0DF16808024608233146284668
:108C000005F0E2FD49465B46404610AA04F018FF15
:108C10000027A146384658F8044B03F0E9FD013718
:108C2000034622463146284605F0CEFD032FF1D1FA
:108C3000012300222846314605F0C6FD4846FDF7CF
:108C40006FFF336898420FD10DF2D45DBDE8F08F0D
:108C50000B4A0C4B0C487A4440F2FD417B4478446B
:108C600002F5C072FBF752F8084A094B09487A44EA
:108C700040F225517B44784402F5C072FBF746F878
:108C8000CEE90000DCDE00008ADE0000B6E900006C
:108C900080E0000072DE000000232DE9F04FADF609
:108CA0006C3D08AF07F11809C9F80030002800F042
:108CB000C0800E4692460446FDF732FFC21D48BFF3
:108CC00000F10E0200213046D2100DF0C9FD002542
:108CD00007F59078226B414605FB02F220460AEB2D
:108CE00042020135FFF7D6FA042DF3D194F8EC3E99
:108CF000201DF860079304F6DC53BB60009304F674
:108D00009C63069304F68C630593142307F11C02FD
:108D1000019307F1200A07F1800307F1D00BCDF88A
:108D200010B051463B6103937A6107F13003029220
:108D3000424603F0F9F8D4F8903E1433C4F8903E5C
:108D4000D4F8F03E002B3ED02A4601217869C7F8BE
:108D500004D008F0D1FE2A461421D4F8F03E386938
:108D600008F0CAFE2A46D4F8F03E1421584607F20D
:108D7000346508F0C1FE40F21452414628460DF019
:108D800097FD7A6994B092ED007A08AA5946134685
:108D900002F15000F1EC017A77EE877AE3EC017A88
:108DA0008342F7D129461425BB68F868009502F084
:108DB000DDFC0422A021D4F8F03E07F23C6008F06C
:108DC0009BFED7F804D0D4F8F43E2BB140460122E4
:108DD00040F2145108F090FE0025DAF80020092333
:108DE00049463046009505F0CFFCDAF80420092307
:108DF00049463046009505F0C7FCDAF80820042300
:108E000049463046009505F0BFFC0623DAF80C20F1
:108E100030464946009505F0B7FC2046FDF780FE38
:108E2000D9F80030984210D107F64C37BD46BDE85E
:108E3000F08F0C4A0C4B0D487A4440F2A5517B440C
:108E4000784402F5CA72FAF761FF094A094B0A48E9
:108E50007A4440F2CD517B44784402F5CA72FAF765
:108E600055FF00BFECE70000FADC0000A8DC0000C2
:108E7000D4E700009EDE000090DC000007EE903A90
:108E8000F5EEC07AF1EE10FA08B59DED027A1DDB21
:108E9000F7EE006AF4EEE67AF1EE10FA16D8B5EEC7
:108EA000C07AF1EE10FA1DDBB4EEE67AF1EE10FABC
:108EB00018D800F6BC5C00F55C63C0F8B41DC0F8BF
:108EC000B82DCCED007A83ED007A08BD0B4A0C4B2F
:108ED0000C487A4440F2E5617B44784402F5D47250
:108EE000FAF714FF084A094B09487A4440F2E66150
:108EF0007B44784402F5D472FAF708FF52E7000089
:108F000048DE00000EDC00003AE7000050DE000002
:108F1000F6DB000008B568B10368023B022B06D8F7
:108F20000A4A7A4402EB8303D3F8E00108BD4FF00C
:108F3000FF3008BD064A074B07487A4440F2F46107
:108F40007B44784402F5E272FAF7E0FE02E70000A3
:108F5000EAE60000F8DB0000A6DB000008B500B37D
:108F600002684B78032A15D0042A04D0022A0AD0BA
:108F70004FF0FF3008BDCA781343003B18BF0123F0
:108F80008B70002008BD0A7C1343003B18BF0123EF
:108F9000CB73F6E7CA7A1343003B18BF01238B72E9
:108FA000EFE7064A064B07487A4440F20D717B44CE
:108FB000784402F5F672FAF7A9FE00BF7CE60000DD
:108FC0008ADB000038DB000010B1C0F85C18704785
:108FD000064A08B50648074B7A4440F23A717B448A
:108FE000784402F50272FAF791FE00BF4CE60000E9
:108FF00008DB00005ADB000010B1C0F8D81D704734
:10900000064A08B50648074B7A4440F23F717B4454
:10901000784402F50972FAF779FE00BF1CE60000F9
:10902000D8DA00002ADB00002DE9F0410E46DFF817
:1090300054800446F84441463046154608F0B8FBD3
:10904000114FC4F8F00E7F4448B135B1414628466F
:1090500008F0AEFBC4F8F40E68B1BDE8F08132460A
:109060000A4B0B49FB5879441B68D86808F0A8FBE9
:109070000120FAF747FE054B06493246FB58794472
:10908000F2E700BF30DD0000127E01103C0000005E
:1090900002DD00001EDD00002DE9F8430D462749E2
:1090A000274E00AF104679447E44144608F080FBFA
:1090B00060B3244B2A01F358804603EB05159E58F4
:1090C000AA68034602FB06F64FEA860909F1070281
:1090D00022F00702ADEB020D04213246684608F08B
:1090E0006BFC002EED6809DD69462C460DEB090C82
:1090F00051F8045B614544F8045BF9D1864211D113
:10910000404608F0FBF8BD46BDE8F8830E4B0F491A
:10911000F35822461B687944D86808F051FB0120B7
:10912000FAF7F0FD0A4A0B4B0B487A4440F266719D
:109130007B44784402F50E72FAF7E8FD2EDD00005C
:10914000B07D01101C0000003C000000C2DC0000EB
:10915000FAE40000CCDC0000B6D90000D0F8903E64
:1091600063B107EE903A00F68C6090ED007AF8EE6D
:10917000677AC7EE277A17EE900A7047002070478B
:1091800038B5054650200C46FAF7E0FC1423C5F824
:10919000940E236038BD00BF80F8981E704700BF52
:1091A0004FF0000C002300F68C6280F8EC1EC2F831
:1091B00000C0C0F8903E7047FAF704BD00F0F8BE5A
:1091C00001F072B8FAF7FEBC30B50268ADF5805D0B
:1091D000B2F5007F0D4681B00DDC0446D200684632
:1091E0000DF066FB2A460146204601F019F80DF500
:1091F000805D01B030BD0A460DF5805D01B0BDE86F
:10920000304001F00DB800BF2DE9F04F2DED088B77
:109210008BB0DDE91C849C46029402FB03F3D8E981
:10922000004707FB04FE012F164682460D4600EB61
:10923000CE094FEAC30329D002FB04F208F1080863
:109240000592FA00069407974446089698460F46FA
:10925000564665469346029B39463046CDE9004363
:10926000059A2B465E44FFF7CFFFB1454744F2D144
:10927000DDE90647A31E5A46089E032B00F2B0857F
:10928000DFE813F0870284028A021C0000F1080C58
:10929000624695E803004A45964602E903001D44EC
:1092A00002F10802F5D1A31E032B00F2C385DFE80B
:1092B00013F030028401F0000400082207FB06F3DB
:1092C0000299002F01EBC30101EBC30391ED424A68
:1092D000D1ED432A0AEB4201D3ED423A93ED433AF2
:1092E0000AEB020401EB020001EB420C40F3CC80DC
:1092F000012E40F0A983029DB1EE622A2F462E4630
:109300002B4608320CEB020E0AF1080A0834083129
:1093100008300CF10802D5ED42BA95ED43BA14EDD0
:10932000017A93ED43AA54ED027AD3ED42AA51EDAE
:10933000016A67EE4B1A27EE2B7AD6ED429A96ED2C
:10934000435A51ED024A50ED015AEBEEA71AABEE2B
:10935000277A66EECA7A66EEAA6A97ED428AD7ED58
:10936000438A12ED016A10ED029AEAEE246AEAEEEF
:10937000A47A65EEC54A65EEA95A12ED020AE9EE35
:10938000894AE5EE095A26EE685A26EE086AA8EEE2
:10939000005AA8EE806A74EEA78A77EEE47A5AED56
:1093A000020A1AED011A36EEE5AA27EEC30A75EE97
:1093B000A65A67EEE27A76EE076A37EE467A31EE23
:1093C000C56A75EE219AA6EE020AE3EE067AF0EE81
:1093D000601AB0EE605A23EE0A8AF0EE414AB0EE0F
:1093E000416AA2EE878AE4EE264AA3EEA66AE4EE7C
:1093F000291AA3EEA95A27EE437A38EEA99AA2EECB
:109400008A7AE3EEA81AE3EEA54AA4EE285AA4EE5F
:10941000256A75EEA66A79EE200A75EE075A31EED6
:10942000C89A74EEC08A35EE475A71EE881A36EE45
:10943000277A76EE816A74EE804A36EE676A0832E1
:1094400008340831083072454AED020A4AED016AD3
:109450000AF1080A04ED049A44ED038A05F10805AF
:1094600042ED041A42ED034A03F1100341ED045AA0
:1094700001ED037A06F1180600ED045A00ED036AC7
:1094800007F120077FF447AF0BB0BDEC088BBDE8B8
:10949000F08F0822029B0AEB42015B6806EB460054
:1094A00092446446029DC0004FEAC60E4FEA061879
:1094B0000A44002B40F07381012E40F015842846A9
:1094C0002B4693ED434AD3ED421AD1ED015AD0ED2C
:1094D000432AD1ED004A95ED420AD5ED430A90EDBD
:1094E000422ADAED017A92ED016A65EEC43A65EE40
:1094F000A15A92ED003A9AED001AE4EE245A27EEB2
:10950000E07A26EE624A67EE807A26EE026A14ED71
:10951000015A54ED026AA2EE836AE1EEA43AA2EE89
:10952000034AA0EE017AE0EE817A75EE254A34EE28
:10953000073A75EE655A36EEA35A76EEE36A76EE92
:10954000273A44ED014A04ED025A74EEE34A35EE3F
:10955000435AC1ED014A81ED005A77EEC67A37EEE3
:10956000447A14ED026A77EEA62A76EEE76A54EDA5
:10957000017A35EEC74A36EE036A37EE257A77EE82
:10958000A37A0AF1080A0832013F04F1080404ED45
:10959000046A44ED037A01F108014AED022A0AED5A
:1095A000014A05F1080542ED026A02ED017A03F174
:1095B000100300F1180084D166E7082206FB07F3C8
:1095C0000299012E01EBC30393ED43AAB9464FEA7A
:1095D000071340F065810433161D0AEB030B564454
:1095E0000AEB02070AEB42080D466446F1EE4AAA6E
:1095F0008A46D5ED424A95ED434A9AED426ADAED44
:10960000435A97ED018AD8ED017A16ED015A5BEDC8
:10961000016A68EE248A27EE867A28EE448A67EE8D
:10962000E57AA5EEA67AE6EE267AE4EE058AA4EEC1
:10963000858A54F8080C37EE289A77EE889A78EEE7
:10964000C78A38EE678A0DF027F9CDE9020119EED5
:10965000900A0DF021F90022E14BF8F7F3FE0246E3
:109660000B46DDE90201F8F7D9FEF8F75DFF46F891
:10967000040C54F8040C0DF00FF9CDE9020119EEB9
:10968000100A0DF009F90022D54BF8F7DBFE02466F
:109690000B46DDE90201F8F7C1FEF8F745FF083493
:1096A000786014ED047A54ED037A37EE297A77EE78
:1096B000897A04ED047A44ED037A56ED017AEAEEF4
:1096C000287A08374BED017A57ED017AE8EE2A7ACD
:1096D000C8ED017A56ED017AE8EEAA7A46ED017AF4
:1096E00057ED017AEAEE087AB9F1010906F10806A8
:1096F00008F108080BF1080B47ED017A05F10805A0
:109700000AF1100A7FF475AF0BB0BDEC088BBDE811
:10971000F08F0822012E6446029D524440F062817F
:109720000832D5ED435A52ED017A12ED026A95EDF9
:10973000425A27EEE57A54ED026AA5EE067A76EEF5
:10974000C76A67EE857A42ED026AE5EE867A54EDE5
:10975000016A76EEE76A42ED016A14ED026A54EDA1
:10976000016A36EE077A76EEA77A013F04F1080423
:1097700002F1080205F1080504ED047A44ED037ACC
:10978000CFD10BB0BDEC088BBDE8F08F0AF1080C0F
:1097900014E70AF1080CBDE70AF1080C7AE6012E7D
:1097A00040F0268228462B46D3ED433AD3ED421AA9
:1097B000D1ED015AD0ED432AD1ED004A95ED420A90
:1097C000D5ED430A90ED422ADAED017A92ED016A75
:1097D00025EEE33A65EEA15A92ED004A9AED001AA1
:1097E000E3EEA45A67EEE06A66EE623A67EE807ACC
:1097F00026EE026A14ED025A14ED017AA2EE846A92
:10980000A1EEA43AE2EE043AE0EE016AE0EE817ADB
:1098100077EE254A35EE034A37EE657A75EE435A00
:1098200033EEA63A36EE275A44ED014A04ED024AD9
:1098300074EEC54A34EE434AC1ED014A81ED004A57
:1098400076EEE36A77EEC67A76EE873A14ED026A30
:1098500037EE667A54ED016A75EEE72A36EE036A52
:1098600077EEA57A76EE856A0AF1080A0832013F9A
:1098700004F1080404ED046A44ED036A01F10801EF
:109880004AED022A4AED013A05F1080542ED027A55
:1098900002ED017A03F1100300F1180084D1F3E521
:1098A00004330AEB030B151DF300554405930AEB33
:1098B000020833010F460AEB42066446F1EE4AAA5B
:1098C0008A46069397ED425A97ED434ADAED426A8B
:1098D000DAED435A98ED018AD6ED017A55ED014A49
:1098E0001BED016A65EE088A26EEA77A24EE488A07
:1098F00065EEE77AA6EE257AE6EE267AE4EE848A2D
:10990000A4EE858A54F8080C38EE879A78EE279AE8
:1099100078EEC78A38EE678A0CF0BEFFCDE9020107
:1099200019EE900A0CF0B8FF00222D4BF8F78AFDD3
:1099300002460B46DDE90201F8F770FDF8F7F4FD89
:1099400045F8040C54F8040C0CF0A6FFCDE9020114
:1099500019EE100A0CF0A0FF0022214BF8F772FD5F
:109960000B460246DDE90201F8F758FDF8F7DCFD89
:109970000834C8F8040014ED047A54ED037A37EE85
:10998000297A77EE897A04ED047A44ED037A55ED6D
:10999000017AEAEE287A4BED017AD8ED017AE8EE09
:1099A0002A7A059B08361F44069B46ED017A55ED41
:1099B000017AEAEEA87A45ED017AD8ED017AEAEE6D
:1099C000087AB9F1010908F1080805F108050BF159
:1099D000080B9A4448ED017A7FF474AF54E500BF58
:1099E0000000E03FF600083295ED436A52ED017A3F
:1099F00095ED425A52ED025A26EE677A54ED026A0C
:109A0000A5EE857A76EEC76A65EE277A42ED026AA0
:109A1000E5EE867A54ED016A76EEE76A42ED016A78
:109A200014ED026A54ED016A36EE077A76EEA77AF3
:109A3000013F04F1080402F10802354404ED047A00
:109A400044ED037AD0D11FE5029B35010CF10802E9
:109A50000295B1EE622A4FF000089E469C461D46D4
:109A600006EB46094FEAC60B76010AF1080A0834EC
:109A7000083108304FEAC909059693ED430AD3ED42
:109A800042BA14ED015AD5ED430AD5ED42AA14EDC0
:109A900002BA11ED017A60EE455A2BEE855A9CED23
:109AA000431ADCED429A10ED016A11ED02AAABEE09
:109AB000005A20EEC70A2AEE877ADEED428ADEEDF2
:109AC000434A10ED029A52ED016AAAEE207A61EE45
:109AD000460A29EE866A12ED028AA9EE016AE9EECB
:109AE000290A24EEE61AAAEE2A0A68EEA66AA8EE69
:109AF000281AE8EE246AEBEE2B5A70EE604A35EE37
:109B0000819A30EE200A77EE060A37EE467A35EE75
:109B1000C16A75EE665A35EE265A64EEE26AE3EEE5
:109B2000066A5AED027AB0EE661A79EE008A65EEA0
:109B3000C36A5AED011AE2EE876A24EEC38A63EE25
:109B4000074A38EEA77AE2EEA54A0AED027AA6EEB7
:109B5000028AF0EE675AB0EE616AB0EE617A75EE95
:109B6000208AA4EE056AA3EE857AE4EE095AE3EEB4
:109B7000897A38EEA15AA3EEA06AA4EE207AE3EE29
:109B8000805AE4EE007A0AED015A75EEE40A76EEA8
:109B9000481A75EEA45A37EE015A77EEA64A36EE09
:109BA000086A77EEE67A37EE417A029E08F10108FC
:109BB0003544059E083108300832474544ED020A15
:109BC00044ED011A04F1080442ED045A02ED036A5F
:109BD0000AF1080A41ED044A01ED035A5B4440EDE5
:109BE000047A00ED037ACC44B6447FF446AF4BE4EC
:109BF0002E462B46D3ED424A93ED434A91ED015A4E
:109C000096ED433A95ED420A95ED431A96ED422AB8
:109C1000DAED017AD2ED015AD1ED001A64EE453A3F
:109C200024EE855ADAED000AD2ED002AA1EE845A1C
:109C300021EE676A23EE654A60EE277A62EE255AC6
:109C400054ED026A14ED017AE1EEA43AE2EE835A91
:109C5000A2EE824AA0EE806AE0EE817A75EE074AB3
:109C600036EE043A37EE457A33EEA65A76EEE36ADC
:109C700077EEA53A44ED014A04ED025A74EEE34A48
:109C800035EE435AC1ED014A81ED005A36EE446A81
:109C900077EEE57A77EE065A36EEE74A37EE467A01
:109CA00076EEA76A14ED026A54ED017A36EE036A85
:109CB00077EEA37A0AF1080A0832013F04F108049A
:109CC00004ED046A44ED037A01F108010AED024A49
:109CD0004AED015A754442ED026A02ED017A4344AD
:109CE000064487D1FFF7D0BB2E462B4693ED434A5F
:109CF000D3ED421AD1ED015AD6ED432AD1ED004AF7
:109D000095ED420A95ED431A96ED422ADAED017A75
:109D100092ED016A65EEC43A65EEA15A92ED003A01
:109D2000DAED000AE4EE245A27EEC17A26EE624A02
:109D300067EE807A26EE026A14ED015A54ED026A4B
:109D4000A2EE836AE1EEA43AA2EE034AA0EE807A84
:109D5000E0EE817A75EE254A34EE073A75EE655AE3
:109D600036EEA35A76EEE36A76EE273A44ED014AE0
:109D700004ED025A74EEE34A35EE435AC1ED014A4E
:109D800081ED005A77EEC67A37EE447A14ED026A16
:109D900077EEA62A76EEE76A54ED017A35EEC74AE9
:109DA00036EE036A37EE257A77EEA37A0AF1080ACF
:109DB0000832013F04F1080404ED046A44ED037A1B
:109DC00001F108014AED022A0AED014A754442ED0B
:109DD000026A02ED017A4344064487D1FFF754BB7F
:109DE000029B4FEAC4091B684846CDF814B006939D
:109DF000F9F7ACFE002F8046059A13DDA9F108099A
:109E000009EB00034FF00009089307FB06F3D34664
:109E100007934B46002C65DC01339F420BF1080B86
:109E2000B144F7D140460BB0BDEC088BBDE8F04F14
:109E3000F9F7C8BE029BE7003846D3F800B0F9F73F
:109E400085FE002C8046EDDD51463A460CF030FD93
:109E500098E80300012C8AE803000AF1040CE1D021
:109E60004FF00009A7F10803CE466746029A434423
:109E700002F584755CED016A9AED017A4146002293
:109E800072445A45A8BFA2EB0B0205EBC200D1ED0C
:109E9000037AD0ED005AD0ED014A91ED025A25EE39
:109EA000A76A64EEE77AA5EE246AE5EE257A37EE36
:109EB000067A76EEA76A08318B424CED016A8AED8C
:109EC000017ADDD109F101094C450AF1080AB644CD
:109ED00007F10807A6D098E803003A1FBC4682E8BD
:109EE0000300C7E70299CDF824A001F5847105911C
:109EF0009C460025099908EBC50E013501EBCC0104
:109F0000AC4203C9BC448EE80300F3D198E80300D7
:109F1000012C8BE803000BF1040506D101339F42AD
:109F20000BF1080BB144E3D17CE7DC464FF0000AAB
:109F3000CDF8089055ED016A9CED017A404600216C
:109F4000A646029CD0ED037A2144069C90ED025A6D
:109F50008C42D8BF091B059C083004EBC104D4ED2A
:109F6000005AD4ED014A25EEA76A64EEE77AA5EE21
:109F7000246AE5EE257A37EE067A76EEA76A089C23
:109F800045ED016AA0428CED017ADAD10299079879
:109F90000AF1010A0144D6457446944402911544DD
:109FA000BCD098E80300A5F1040E8EE80300C1E7D9
:109FB0002DE9F04F2DED028B04462130884685B007
:109FC000C000002B00F0EC80002A00F0B680196879
:109FD0008142C0F0B280154618602046C5E90048AD
:109FE000F8F7B0FA002CCDE900012BDD82468B4654
:109FF000A946B8F1000F40F0AD806FA7D7E9006720
:10A00000039525464046F8F79DFA32463B46F8F759
:10A0100019FA52465B46F8F739FAF8F785FA04461A
:10A02000F9F711FB03462046C9F80831F9F708FB98
:10A0300008F101084545C9F80C0109F10809E1D109
:10A040002C46039DDDE90001F8F76EFA07EE900A51
:10A05000F5EE407AF1EE10FA05F1080B58BFB1EEBB
:10A06000E78A00F1A380BBFE488A18EE100A0CF0C4
:10A0700013FCF0EE008A4FF0040A06460F464FF03C
:10A080000008DFF8449194FBFAF30AFB134282B113
:10A09000BAF1020F1DD0BAF1040F25D1B4EEE88A4F
:10A0A000F1EE10FA1ED4E3074FD44FF0020A94FBEE
:10A0B000FAF3012B1C46CBE900A340DD94FBFAF335
:10A0C0000AFB13420BF1080B002AF2D0BAF1020F7F
:10A0D000E1D142464B46304639464FF0030AF8F785
:10A0E0008BFA70B1A246CEE70AF1020A5046F8F7A1
:10A0F00029FA02460B4630463946F8F77DFA002821
:10A10000F0D194FBFAF30AFB1342002AD1D0BAF142
:10A11000020FE9D1F0EE087AB4EEE78AF1EE10FA18
:10A12000E0D4274A274B4FF0030A02FB0433B3F174
:10A13000553FD9D294FBFAF3BBE7186000252846B7
:10A1400005B0BDEC028BBDE8F08F4FF0030A002292
:10A150001D4BD0E74FF0000803954046F8F7F2F9A1
:10A1600015A3D3E90023F8F76DF952465B46F8F7DB
:10A170008DF901F100473946F8F7D6F90546F9F7A8
:10A1800062FAC9F808012846F9F75AFA08F10108F5
:10A190004445C9F80C0109F10809DED1039D51E7D6
:10A1A000F9F7D4FC05460028C8D016E70CF054FB9C
:10A1B00008EE100A57E700BF182D4454FB2119C0C0
:10A1C000ABAAAAAAAAAAAA2A00000840F0B59142FE
:10A1D000044683B009D000F10805CDE900541046CB
:10A1E0000122FFF711F803B0F0BD07680E46FF002B
:10A1F00038461D46F9F7AAFC019408340094044639
:10A200002B4631460122FEF7FFFF3A4621463046F3
:10A210000CF04EFB204603B0BDE8F040F9F7D2BC8D
:10A220000123FFF7D3BF00BF704700BFF0B5DFF8D1
:10A2300074C0174C174E1849184D194FC2070346E2
:10A240000DD403EBD37253109207FAD504FB0362CB
:10A25000B2F1553F12D28CFB03E2A2EBE37304FB95
:10A260000362B2F1553FF6D301FB0352B2F1333F23
:10A2700009D287FB03E2DB17C3EB620301FB035246
:10A28000B2F1333FF5D3012B01DD0130D6E7F0BD4C
:10A29000ABAAAAAAAAAAAA2ACDCCCCCC99999919D8
:10A2A00067666666565555552DE9F04F2DED028BC4
:10A2B000594C10F001067C4483B040F093809846DE
:10A2C00044100DF1040917464B46324620460D4610
:10A2D000FFF76EFEDDF804A004EB440202EBD2723D
:10A2E00052100AF10C0000EBC200B8F1000F00F0B0
:10A2F0008980D8F80030C8F8000083427CD3002F52
:10A300007AD007F10C0202EB0A01C7E9002101EB48
:10A31000C401B9604B4629462046FFF749FE04EBCD
:10A32000D47A012C4FEA6A0A2DDD07EE904ABC6808
:10A33000B8EEE78A4DBB4FF00008DFF8E09001353A
:10A3400007EE905AF8EEE77AC7EE887A17EE900A91
:10A350000CF0A2FA42464B46F8F74CF82CA3D3E98E
:10A360000023F8F76FF8F8F7DFF80646F9F76BF90E
:10A37000034630462360F9F763F9AA4504F108045F
:10A3800044F8040CDBDC384637E0A3464FF0000805
:10A39000DFF88890013607EE906AF8EEE77AC7EEAC
:10A3A000887A17EE900A0CF077FA42464B46F8F797
:10A3B00021F817A3D3E90023F8F744F8F8F7B4F825
:10A3C0000446F9F740F9024684F00040CBF800203B
:10A3D000F9F736F956450BF1080B4BF8040CD9DBAD
:10A3E00038460AE00E4B0F48E35824221B6801212F
:10A3F000DB68784407F080FB002003B0BDEC028BE3
:10A40000BDE8F08FF9F7A2FB074678E7AFF30080CD
:10A41000182D4454FB2109C0A26B01100000E03F3D
:10A420003C0000003ECA0000F8B5064600684368DC
:10A43000002B68D1144672680768FFF7F1FE736855
:10A440000022D3ED007A93ED017A77EE876A77EEFA
:10A45000C77A04EBC70107EBD775012FC4ED006A7B
:10A460004FEA6505C1ED007A4FEAC70C62604A60A9
:10A4700048DDF6EE005A4FF0010E2246B46803EBB9
:10A480000C0050ED014AD3ED036A93ED026A94ED9E
:10A49000015A10ED027A94ED004A74EEA67A76EE37
:10A4A000E46A76EE474A37EE067A25EE676A67EE8B
:10A4B000847AA4EE846AE4EE857A77EE064A37EE73
:10A4C000A65A37EE467A77EEE67A24EEA56A65EE6E
:10A4D000256A27EE257A67EEA57A0EF1010E083976
:10A4E000AE4502F1080282ED006AC2ED016A03F195
:10A4F000080381ED007AC1ED017AA0F1080004F1B2
:10A500000804BEDDF8BD044B044A054858217B44CD
:10A510007A447844F9F7FAFB4AC9000064D3000092
:10A5200062C90000F8B5054600684668012E5ED194
:10A530000B460468D1ED007A03EBC40C9CED007A65
:10A5400077EE877A696804EBD477C1ED007AD3EDB2
:10A55000007A9CED007A77EEC77A012CC1ED017A82
:10A560004FEA67074FEAC40E3DDD0C46AD688E44E6
:10A570001CED015A93ED036AD3ED026AD5ED005A42
:10A580005CED027A35EE067AD5ED014A36EE456A83
:10A5900036EEE75A77EEA67A67EE256A24EEC77A9A
:10A5A000E5EE246AA5EE257A76EE665A37EE875AEE
:10A5B00076EE866A77EEC77AB1EE657A0136AEF14D
:10A5C000080EBE4204F1080484ED005AC4ED016A8D
:10A5D00003F10803CEED007A8EED017AACF1080CA0
:10A5E00005F10805C4DDBDE8F840FFF719BE054ACE
:10A5F000054B06487A448C217B4478440C32F9F7A9
:10A6000085FB00BF80D20000CCC800007AC80000E3
:10A610002DE9F0412DED028B08EE101AB5EEC08A3F
:10A62000F1EE10FA40F3B780054608460CF034F915
:10A6300060A3D3E90023F7F7F3FF002800F0A2801E
:10A6400095ED007AB6EE006AC8EE077A77EE867A64
:10A65000FBFE677AFDEEE77AB8EEE76A17EE904AFE
:10A66000F0EE487AE7EE467AF7EE006AC7EE888A9F
:10A67000F4EEE68AF1EE10FA7BD8002C63DD18EEDA
:10A68000900A0CF009F902460B4600204849F7F7FA
:10A69000C5FED5F804800646A0450F4638DD05EB1B
:10A6A0008405A8680CF0F8F83FA3D3E90023F7F776
:10A6B000A1FEF7F739FFF8F7A1FC0446E8680CF0B3
:10A6C000EBF839A3D3E90023F7F794FEF7F72CFF53
:10A6D000F8F794FC034608EE103A20460CF0DCF83C
:10A6E00032463B46F7F7AEFE68EE287A044617EE90
:10A6F000900A0D460CF0D0F802460B46204629463B
:10A70000F7F778FEF7F710FFBDEC028BBDE8F0819C
:10A7100005EB8808D8F808000CF0BEF822A3D3E9AE
:10A720000023F7F767FEF7F7FFFEF8F767FC0CF07A
:10A73000B3F832463B46F7F785FEF7F7F5FEBDEC7A
:10A74000028BBDE8F081E8680CF0A6F816A3D3E907
:10A750000023F7F74FFEF7F7E7FEF8F74FFC07EE99
:10A76000900A67EEA87ABDEC028B17EE900ABDE85E
:10A77000F081124B124A134878217B447A44784482
:10A78000F9F7C4FA104B114A114874217B447A44FA
:10A790007844F9F7BBFA0F4B0F4A104873217B44FA
:10A7A0007A447844F9F7B2FA8DEDB5A0F7C6B03E19
:10A7B0000000F03F50455254FB210940C6C700003D
:10A7C00010D100006AC70000ACC70000FED0000036
:10A7D00058C7000042C70000ECD0000046C7000088
:10A7E0002DE9F8432DED028B08EE103AD0F8103524
:10A7F00004460A9D4BB1D1F81005D2F81035164623
:10A8000050EA030213D1C4F81025256028460CF045
:10A8100043F802460B4621A1D1E90001F7F736FEC5
:10A82000F7F7B4FEBDEC028B6060BDE8F88360B35F
:10A830000D68002BE9D018EE100A0CF02DF8024636
:10A840000B4600201449F7F7E9FD80462846894663
:10A850000CF022F802460B4640464946F7F7F2FD57
:10A86000D6ED007A68EE277A064617EE900A0F4674
:10A870000CF012F802460B4630463946F7F7BAFD9F
:10A88000F7F752FE05462060C0E70BB13568BCE71C
:10A890002568BBE7AFF300800000F03F50455254FD
:10A8A000FB2109409C4600B583B04FF07C53CDF8A6
:10A8B00000C0FFF795FF03B05DF804FB07EE900AB8
:10A8C00007EE101A67EE877AF5EE407AF1EE10FA8D
:10A8D00004D4B1EEE77A17EE100A704717EE900A2B
:10A8E0000BF0BABF70B52DED028B0C4608EE102AA6
:10A8F000F8F784FB06462046F8F780FB034618EE7F
:10A90000100A08EE903A0BF0C7FF02460B460020F3
:10A910001749F7F783FD044630460D460BF0BCFFA0
:10A9200002460B4620462946F7F78CFD68EE887AEA
:10A93000044617EE900A0D460BF0AEFF02460B469A
:10A9400020462946F7F756FD07A3D3E90023F7F77A
:10A9500079FDF7F7E9FDBDEC028BBDE87040F8F733
:10A9600057BC00BFAFF30080000000C0B16B0240D5
:10A970000000F03F2DE9F84F2DED028B0C9C002CD0
:10A980002FDD074618460E46924608EE903A0BF029
:10A9900083FF02460B4600201449F7F73FFD80462F
:10A9A000894606EB840BBAEC018A56F8040B0BF0CF
:10A9B00073FF42464B46F7F745FD68EE287A04469A
:10A9C00017EE900A0D460BF067FF02460B46204635
:10A9D0002946F7F70FFDF7F7A7FDB34547F8040B36
:10A9E000E1D1BDEC028BBDE8F88F00BF0000F03F65
:10A9F0002DE9F04F8DB000AFFB604B1C9B000E4665
:10AA0000D91D21F00701ADEB010DEC46C7F81CD0B4
:10AA1000ADEB010DB7EE007A6D4606EBD671012E57
:10AA2000D7ED163AACEC017AA5EC017AC7F818D04C
:10AA30004FEA610140F3C1810446F0EE476A01200C
:10AA400004F1040E1C44FEEC017A34ED016A77EE49
:10AA5000865A77EEC67A35EEC77A76EEA76A013067
:10AA60008142A5EC017AECEC016AECDAD7E90654F4
:10AA7000002095ED007AD4ED007A37EE077A77EE74
:10AA8000A77A01308142A5EC017AE4EC017AF0DC8E
:10AA90000025DFEDCE2AF7EE005A481C80007861D1
:10AAA000081F400802304FEAC00EAC463D62BFEEC0
:10AAB000004AB6EE003AB0EE626AF0EE654A7546BC
:10AAC0007869C7E9012300F1070AF8687A62013062
:10AAD0002AF0070AF8623A601CF0010FEB46D7E94A
:10AAE0000632ADEB0A0D18BF90466A4608BF98467D
:10AAF0006B460432032ECDED004AEE46C2ED005AFD
:10AB0000104603F1080333DD072E75EEA56A40F306
:10AB10004E81B0EE657AF7EE007A02240DEB05095E
:10AB2000C7F82880D6EE877A96EEA77A03F1080850
:10AB3000C8459E4600F1080040ED017A434608ED05
:10AB4000017A04F10204EDD1D7F82880DEED007A15
:10AB500090ED007AD7EE267AA142C9ED007A07DDA2
:10AB6000DEED017A90ED017AD6EE877AC9ED017AB1
:10AB70007B699FED965A98444046002352ED017A36
:10AB800030ED017A01339942A7EE275A02F104020F
:10AB9000F4DAB4EEC46AF1EE10FADD46C7F828C064
:10ABA00065DBEB46ADEB0A0D6A4635EEE36A6B46B4
:10ABB0000432032ECDED004AEE4682ED006A1046C7
:10ABC00003F108032EDD072E76EE066A52DDB0EEA5
:10ABD000467AF7EE007A02240DEB0509D6EE877A65
:10ABE00096EEA77A03F1080CCC459E4600F10800CA
:10ABF00040ED017A63460CED017A04F10204EDD1D7
:10AC0000DEED007A90ED007AD6EE877AA142C9EDAA
:10AC1000007A07DDDEED017A90ED017AD6EE877AD3
:10AC2000C9ED017ADFED697A4046002312ED017A21
:10AC300070ED016A01339942E6EE877A02F104026F
:10AC4000F4DA25EE277AB5EEC07AF1EE10FADD4699
:10AC500013D4F5EE407AF1EE10FA0ED0B4EEC46AD9
:10AC6000F1EE10FAF0EE465AB0EE675A99DAD7F8DC
:10AC700028C080E099460224C2E73B6AD7F828C082
:10AC800001333B62FB68002BC0F29480F0EE652A32
:10AC90004FF00009C7F810C0BD6272EE865AEB464D
:10ACA000ADEB0A0D6A4665EE835A6B460432032EFD
:10ACB000CDED004AEC46C2ED005A104603F1080300
:10ACC0002FDD072E75EEA56A6EDDBC6AB0EE657AE3
:10ACD0000DEB040EF7EE007A0224D7EE267A96EEFC
:10ACE000A77A03F10805AE459C4600F1080040ED47
:10ACF000017A2B4605ED017A04F10204EDD1DCED79
:10AD0000007A90ED007AD7EE267A8C42CEED007A6A
:10AD100007DADCED017A90ED017AD7EE267ACEEDF6
:10AD2000017ADFED2A7A4046002312ED017A70EDB8
:10AD3000016A01339942E6EE877A02F10402F4DAFD
:10AD400027EE857AB5EEC07AF1EE10FAFB6A09F1CA
:10AD50000109C6BFF0EE652AB0EE675AB0EE656A2B
:10AD60009945DD4699D1D7F810C0BD6A7B6AF0EEEF
:10AD7000652AC3ED005A7B6A0CF1010C0433664569
:10AD80007B627FF4A9AED7E901433A68043BD5184A
:10AD90002068F8F717F944F8040BA542F8D1386A8F
:10ADA0003437BD46BDE8F08F9E460224A7E799469A
:10ADB0000224CBE6F0EE625AD8E73FF469AE0023F6
:10ADC0003B62386A3437BD46BDE8F08F00000000B2
:10ADD0002DE9F04F15464FEA820A0AF1070283B0C7
:10ADE00022F007024FEA8A03083300AFADEB020DF1
:10ADF000E846002DADEB030D6E46796075DD044627
:10AE0000C14600EB0A0B54F8040BF8F71CFC5C4538
:10AE100049F8040BF7D16C102201002130460832AA
:10AE20000BF01EFD002C04F1FF324FEA0212D8BFD6
:10AE30000022B7EE007AB6EE002ADFED332A0023B7
:10AE4000D7F80490324409F104010C325144012D29
:10AE5000D8BFF0EE477A2EDD40463346F0EE477A13
:10AE60004FF0000C90ED006AD0ED016A93ED005AAE
:10AE7000D3ED025A36EE066A76EEA66A93ED014AE3
:10AE8000D3ED034A83ED007AC3ED027AA6EE457A4C
:10AE9000E6EEE57A0CF1010CA44503F1100337EE60
:10AEA000047A77EEA47A00F1080003ED035A43ED2B
:10AEB000015AD7DB1346D3ED016A93ED026A77EEB0
:10AEC000266AC3ED027A77EEC67A76EEA77A67EE47
:10AED000827AE9EC017A494583ED017AB0EE627A33
:10AEE000B5D10C37BD46BDE8F08F05EBD5746410C5
:10AEF000A3000133A4BF0024CDE90044002D91D06C
:10AF00000C37BD46BDE8F08F0000000000000000D7
:10AF10002DE9F041022B079E64DD002E60DDA3F1D8
:10AF2000030E054600231446069A02EB8606581CBB
:10AF300001EB8007B2EC017AD7ED007AB4EEE77A44
:10AF4000F1EE10FA4FEA800010DD00F1040C8C44A1
:10AF50000AE0FCEC017AB4EEE77AF1EE10FA03F1C4
:10AF6000010300F1040001DD7345F2DB4FEA830CBD
:10AF70002044D0ED006A01EB8307604604EB0C0827
:10AF800097ED006AD8ED004A0F182044D7ED025A19
:10AF900037EEC64A76EEE44A90ED025A37EE677A0B
:10AFA00035EE665A75EEE77A75EEC65A84EE846A17
:10AFB000C5EE274A67EE867A34EEC66AE4EE847AF6
:10AFC00086EE255A87EEA56A65EE075A66EE077A81
:10AFD000E7EE257A76EEA76A9642E5EC016AA6D1FD
:10AFE000BDE8F081044B054A054839217B447A4489
:10AFF0007844F8F78BFE00BF60BF0000AEC80000C9
:10B0000064BF000008B50BF047FC0022124BF7F7B5
:10B010003DFA0022114BF7F7EDF9F7F785FAF7F74C
:10B02000EDFF0BF039FC0AA3D3E90023F7F70AFA86
:10B0300000220B4BF7F7DEF9F7F776FA07EE900AE6
:10B04000FBFE677A17EE900A08BD00BFAFF30080E1
:10B05000000000000046A44000E085400000F03FF2
:10B060000000E03F2DE9F84F07EE103A4B1E2DEDA2
:10B07000028B07EE903A08EE102AF8EEE77A37EEE8
:10B08000487A0029C7EE278A2FDD1BA7D7E900677A
:10B090001BA5D5E9004582464FF00008DFF8709007
:10B0A00000EB810B18EE100A0BF0F6FB32463B4624
:10B0B000F7F7ECF922462B46F7F7C4F9F7F734FA1D
:10B0C000F8F7A6F80BF0E8FB42464B46F7F7A6F96F
:10B0D0000DA3D3E90023F7F7B5F9F7F725FA4AF8F6
:10B0E000040BD34538EE288ADCD1BDEC028BBDE8D9
:10B0F000F88F00BFAFF30080000000000046A440BE
:10B10000000000C0B16B0240666666666666E63F98
:10B110000000F03F2DE9F04F2DED028B4F68ADF2AE
:10B12000345D002FCDE9042340F3868001240BAE6B
:10B130008B469FED478AB1468046ACABCDE90767A9
:10B140009A4606933B1901F10C050393099655F8AD
:10B15000040B0BF0A1FB3AA3D3E90023F7F74AF95C
:10B16000F7F7E2F9F7F74AFFB3EE046A07EE900A41
:10B1700007EE104A67EE867AF8EEC76A9BED007A12
:10B18000F4EEC87A26EE877AF1EE10FAE9EC017A4D
:10B1900017EE100A37FE888A0BF07EFB0646D8F8B9
:10B1A00000000F46F7F7CEF900222A4BF7F76EF9A9
:10B1B00002460B4630463946F7F744F922A3D3E955
:10B1C0000023F7F763F9F7F7AFF9039B01349C42CB
:10B1D0004AF8040BBBD1DDE9078718EE100A0BF023
:10B1E0005BFB00221C4BF7F719F9DFED1C8A0446C4
:10B1F0000D46099E06EB870958F8040B0BF04CFB33
:10B2000022462B46F7F7F8F918B178EE687A48ED40
:10B21000017AC145F0D1DDE90404DDF8603532463C
:10B22000019306993B460094FFF772FE0DF2345DE0
:10B23000BDEC028BBDE8F08FACAB0BAE0693EAE73A
:10B24000BC89D897B2D29C3C182D4454FB210940AC
:10B250000000C8C200409F40000049400000484232
:10B260002DE9F04F2DED028B8DB09A4616465F4CBE
:10B270005F4A7C4454F802B002AFDBF80C40DBF8C4
:10B2800000207C61DBF81C4052453C614FEA83049E
:10B2900004F1070323F00703C7E90060ADEB030DDA
:10B2A00040F09380B86D0D4605F066F98146B86DA3
:10B2B00005F062F99FED4A7B07F11803CDF8009085
:10B2C000FB6001938046DBF808305246294687ED43
:10B2D000067B87ED087B786905F058FABB6D002B7B
:10B2E00037DDDBF8183002AEBB6053462C44AA466B
:10B2F0004FF0000B354646469846D9F804300BEB24
:10B300008B0053F82000B8F1000FF86110DD00FB4E
:10B3100008F07B69AC4603EB80005346B0EC017A41
:10B32000F3EC017A77EEC77A9C42ECEC017AF5D126
:10B33000FB684246CDE900632946BB68386905F0E1
:10B3400025FABB6D0BF1010B5B45D6D15546C246C4
:10B35000B046D8F80430BAF1000FD3E9004631DD29
:10B360009FED218A04FB0AF006FB0AF33A690AEB17
:10B37000030C02EB80007A69396802EB830302EB6D
:10B380008C02B3EC017AF0EC016AF5EC017A37EE4D
:10B39000267A77EEC77A9A42A1EC017AA7EEA78ABD
:10B3A000EFD1484605F038F9404605F035F918EE7A
:10B3B000100A7B682C37C3E90064BD46BDEC028BE4
:10B3C000BDE8F08F9FED088AEBE70A4A0A4B0B486D
:10B3D0007A44B4217B4478440C32F8F797FC00BFE0
:10B3E000000000000000000000000000E65B01100B
:10B3F0001C000000CCC40000D0BB00007EBB0000DD
:10B400002DE9F04F2DED048B0D46910009EE903A99
:10B41000CB1D85B023F00703002A00AFADEB030D71
:10B420007BDDDFED498A6B4604460646B0EE689A3E
:10B43000EA464FF00008C7E90231DFF8109105EB4A
:10B44000010B786055F8040B0BF026FA3AA3D3E908
:10B450000023F7F71BF8F7F767F8F7F7CFFDB3EE20
:10B46000047A07EE900A96ED008A67EE877A38EE46
:10B47000278AEAEC017A18EE100A0BF00DFA424620
:10B480004B46F7F703F82EA3D3E90023F6F7DAFFCC
:10B49000F7F74AF8F7F7BCFE28EE298A07EE900A7C
:10B4A000A6EC018A18EE100A39EE279A0BF0F4F98F
:10B4B00042464B46F6F7EAFF21A3D3E90023F6F70D
:10B4C000C1FFF7F731F8F7F7A3FE07EE900A5D45E5
:10B4D00078EEA78AB6D1C8EE897A17EE900AF7F708
:10B4E0008DFDF2EE047A06EE900A66EEA76AF96820
:10B4F0007A68BB680A44D4ED007AB3EC017A77EE3F
:10B50000E67A77EEC77AE4EC017AA242F3D11437F7
:10B51000BD46BDEC048BBDE8F08FDFED0B7AC7EEC6
:10B52000A77A17EE900AF7F769FD1437BD46BDEC10
:10B53000048BBDE8F08F00BF333333333333D33F55
:10B54000000000C0B16B0240000000000000244079
:10B550002DE9F0472DED028B002782B008EE103A5E
:10B560000D9B154604460E46C2E90077C2E90277F4
:10B57000002B00F081800E9B002B00F0D9800C98EE
:10B580000BF08AF902460B46CDE900230022002386
:10B59000F6F758FF804618EE100A89460BF07CF942
:10B5A00002460B4640464946F6F724FFF6F7BCFF35
:10B5B000F6EE087A012768EE277A824617EE900A9F
:10B5C000C4F800A02F600BF067F90022804689467E
:10B5D000DDE90001604BF6F735FF02460B464046B9
:10B5E0004946F6F707FFF6F79FFFF6EE007A68EE9A
:10B5F000277A606017EE900A6F600BF04DF9002219
:10B6000080468946DDE90001544BF6F71BFF0246F0
:10B610000B4640464946F6F7EDFEF6F785FFF5EE98
:10B62000007A68EE277AA06017EE900AAF600BF000
:10B6300033F9002280468946DDE90001484BF6F7E0
:10B6400001FF02460B4640464946F6F7D3FEF6F7A1
:10B650006BFFE0605046EF600BF01EF902460B46B0
:10B660003BA1D1E90001F6F711FFF6F75DFF07EE08
:10B67000900AFBFE677A10E00E9B002B52D0DDEDA6
:10B680000C7A0123374AC0ED037AC0ED027A42609A
:10B690000260C5E90233DFED347AFDEEE77A6068D7
:10B6A000C6ED007A0BF0F8F802460B4628A1D1E966
:10B6B0000001F6F7EBFEF6F737FF07EE900AFBFE08
:10B6C000677AFDEEE77AA068C6ED017A0BF0E4F840
:10B6D00002460B461EA1D1E90001F6F7D7FEF6F7A8
:10B6E00023FF07EE900AFBFE677AFDEEE77AE0683B
:10B6F000C6ED027A0BF0D0F802460B4614A1D1E950
:10B700000001F6F7C3FEF6F70FFF07EE900AFBFE07
:10B71000677AFDEEE77AC6ED037A02B0BDEC028BE4
:10B72000BDE8F0870F4B036043608360C360B2E7FE
:10B7300001230C4A80ED018A80ED008AE260A2605C
:10B7400018EE100AC5E9003386E700BFAFF30080AA
:10B75000182D4454FB2109400000D03F0000E03F79
:10B760000000E83FFDAD803D000044422DE9F04F70
:10B770002DED028B4FF0000BF1EE007AADF22C5D57
:10B7800002AFD7F850E598460EF102047C60A400A1
:10B7900004F1070C2CF0070CADEB0C0D0DF10809B2
:10B7A000ADEB0C0D02AB0D46FB60114603EB8E03B7
:10B7B00009EB8E02BEF1000FCDF808B0C2F804B05C
:10B7C0000646C3ED017AC9F800B00BDD083C2246FD
:10B7D00009F104000BF06CF8FB6822464146181D85
:10B7E0000BF066F86B68002BBB60D8BF07F5287CB0
:10B7F00032DD0FF2E00BDBE900AB3068F6F7A2FEBA
:10B80000334B0022F6F742FE012407F5287C95ED24
:10B81000008A6646BB68C7E9040103EB0408C7F861
:10B8200000C007EE904AF8EEE77A67EE887A17EEE6
:10B83000900A0BF031F8D7E90423F6F703FE5246DD
:10B840005B46F6F723FEF6F76FFE0134444546F8F3
:10B85000040BE6D1D7F800C0BB6807F11C0A0193BE
:10B860007B68F9684A465046CDF800C0FFF750FBA8
:10B870006B68002B1EDD4FF0000805F10C06DFF8A9
:10B880005C9006EB830B10A5D5E900455AF8040B34
:10B890000BF002F842464B46F6F7F8FD22462B46DF
:10B8A000F6F7D0FDF6F740FEF7F7B2FC46F8040BCA
:10B8B0005E45EBD107F22457BD46BDEC028BBDE8D7
:10B8C000F08F00BFAFF30080000000C0B16B0240FA
:10B8D00000409F40182D4454FB2109400000344093
:10B8E0002DE9F04F2DED028BADF2445D934602AF92
:10B8F0007B6203EBD3735B10BB6001333B629B0045
:10B90000073323F00703ADEB030D02AADBF8048035
:10B91000ADEB030D7A6102AAADEB030D02ABB8F1FA
:10B92000000F81467960FA61BB6140F3E18007F165
:10B930003403B3EE048A9A460124C7E90A0807F5DE
:10B940002E76FB603E610BF10C05F5EC017AF5EE0D
:10B95000407AF1EE10FA00F0D28017EE900AF7F775
:10B960004DFB07EE104A07EE900AF8EEC76A67EE45
:10B97000887A9BED007AEAEC017A66EE877A17EE18
:10B98000900A0AF089FFBB6A804618688946F6F774
:10B99000D9FD0022644BF6F779FD02460B4640467E
:10B9A0004946F6F74FFD5CA3D3E90023F6F76EFD99
:10B9B000F6F7BAFDFB6A01349C4246F8040BC4DD7D
:10B9C0009846D7F828903B6A002B31DDD9F8000063
:10B9D000F6F7B8FD0022554BF6F758FD8146786A18
:10B9E0008A46F6F7AFFD0024C7F82C80C7F828B0C8
:10B9F000C8468B46D1468246FD69BE6807EE904A2E
:10BA0000F8EEE77A17EE900A0AF046FF42464B46F8
:10BA1000F6F718FD52465B46F6F738FDF6F784FD5B
:10BA2000A64245F8040B04F10104E7D1D7E90AB8AE
:10BA30003B6A0193FB6900937C69D7E90321434684
:10BA40002046FFF765FAD7F86C3521460093D7F802
:10BA500068357A6AB86900F0D5FDDBF80430002B50
:10BA60003FDD0FF2BC09D9E90089D7ED097A4FF023
:10BA7000010AB8EEE78A7E68BC69DBED008A03EB59
:10BA80000A0B07EE90AAF8EEE77A67EEA87A67EE5F
:10BA9000887A17EE900A0AF0FFFE42464B46F6F708
:10BAA000F5FC0022224BF6F7A5FCF6F73DFD07EE6C
:10BAB000900AFBFE677AFDEEE77A17EE903A04EB08
:10BAC00083031D680AF1010A2846F7F7BCFD034607
:10BAD0002846B360F7F7B4FDDA45F06006F10806D2
:10BAE000CFD107F23C57BD46BDEC028BBDE8F08FCD
:10BAF00007F13403FB6007F52E733B6163E70D4AE2
:10BB00000D4B0E487A4440F273117B447844203246
:10BB1000F8F7FCF8AFF30080182D4454FB210940DE
:10BB2000182D4454FB21194000409F4000408F4095
:10BB30000000E03F98BD0000B6B4000048B400002B
:10BB40002DE9F04F2DED028BADF2445D994602AF29
:10BB5000D7F86845D9F804B004EBD4746410BC601D
:10BB600001343C62A4007C60073424F00704ADEB90
:10BB7000040D02ABADEB040DBB61BBF1000F02ABDA
:10BB8000804639607A61FB6140F3178107F1340325
:10BB9000C7E9090BB3EE048A9A460124CB4607F5A0
:10BBA0002E763B61FE6009F10C05F5EC017AF5EEAD
:10BBB000407AF1EE10FA00F0078117EE900AF7F7DD
:10BBC0001DFA07EE104A07EE900AF8EEC76A67EE14
:10BBD000887A9BED007AEAEC017A66EE877A17EEB6
:10BBE000900A0AF059FE7B6A804618688946F6F783
:10BBF000A9FC00227C4BF6F749FC02460B46404666
:10BC00004946F6F71FFC76A3D3E90023F6F73EFC7E
:10BC1000F6F78AFCBB6A01349C4246F8040BC4DD8B
:10BC20009B46D7F82480D7F86835DE003B6A002BA6
:10BC300040F39C80D8F80000F6F784FC00226B4BA0
:10BC4000F6F724FC02460B46D7F86805C7E90A2335
:10BC5000F6F778FC4FF0000804460D46D7F81CA014
:10BC6000D7F8089007EE908AF8EEE77A17EE900A78
:10BC70000AF012FED7E90A23F6F7E4FB22462B4628
:10BC8000F6F704FCF6F750FCC1454AF8040B08F13E
:10BC90000108E7D1FB699FED568A00933C6AD7E91A
:10BCA00003120194BD695B462846FFF731F9ADEBFD
:10BCB000060D0DF1080BADEB060D02AB2868BB625B
:10BCC0000AF0EAFD00224B4BF6F7E0FB02460B467A
:10BCD00000204849F6F7FEF9F6F726FC012C8BED1B
:10BCE000018ACBF8000025D07B6806EB0B042B44BF
:10BCF0002E1D9A465D464FF00008DFF8F89056F882
:10BD0000040B0AF0C9FD42464B46F6F7BFFB02465C
:10BD10000B4640464946F6F7DDF9F6F705FC0835CF
:10BD20005645A4F108042060286084ED018A85ED61
:10BD3000018AE4D1BC6A59462246D7F87005FEF75D
:10BD40006FFA796900290ADB22463B68181D00EB6F
:10BD5000810052F8081B43F8041B9842F9D107F2FE
:10BD60003C57BD46BDEC028BBDE8F08F0193FB69EB
:10BD70000093BD695B46D7E903122846FFF7C8F870
:10BD8000ADEB060D0DF1080BADEB060D02AB28680F
:10BD9000BB620AF081FD0022164BF6F777FB0B46DB
:10BDA000024614490020F6F795F9F6F7BDFB00238B
:10BDB000CBF80000CBF80430BCE707F134033B615B
:10BDC00007F52E73FB602EE70B4A0C4B0C487A44A8
:10BDD0004FF4CE717B4478443032F7F797FF00BFC1
:10BDE000182D4454FB21094000409F4000408F40E3
:10BDF0000000000000002440CEBA0000ECB10000BA
:10BE00007EB100002DE9F84FB2F1000A2DED028B52
:10BE10003DDD0FF20419D9E9008904460D46DFED36
:10BE20003C8A9FED3C8AB3BBDFF8F4B000EB8A0A92
:10BE3000FB440BF1400BBBEC017AF4EC017A77EE9A
:10BE4000C77A67EEA87A17EE900A0AF025FD024637
:10BE50002F68164638460F460AF01EFD42464B46EE
:10BE6000F6F7F0FA02460B4630463946F6F7C2FAC4
:10BE7000F6F75AFB07EE900AF5EEC07AF1EE10FAEB
:10BE800048BFF0EE487A5445E5EC017AD3D1BDECD9
:10BE9000028BBDE8F88FDFF88CB000EB8A0AFB4418
:10BEA0000BF1400BBBEC017AD4ED007A77EEC77A48
:10BEB00067EEA87A17EE900A0AF0EEFC02462F68A9
:10BEC000164638460F460AF0E7FC42464B46F6F760
:10BED000B9FA02460B4630463946F6F78BFAF6F7C2
:10BEE00023FB07EE900AF5EEC07AF1EE10FA48BF98
:10BEF000F0EE487AE5EC017AB4EC017A77EE677AF5
:10BF0000544544ED017ACDD1BDEC028BBDE8F88FEC
:10BF10000AD7A33C00000000000000F6285CEF3FB9
:10BF20006CBA0000FEB900002DE9F04F1D4687B045
:10BF3000DDF8448092468946109B1146CDF800807A
:10BF40002A46129E139C159F0390FFF7E3F807EE15
:10BF5000908ADFF818B1B8F1000FFB44F8EEE76AF9
:10BF60006DDDDFED417A2B464FEA8802029205EB48
:10BF70008801B3EC017A994277EE877AF9D187EE9E
:10BF8000A67A86ED007AD5ED007A77EEC77AB8F119
:10BF9000010FC4ED007A0BD02B1D221DF3EC017AAA
:10BFA00096ED007A77EEC77A9942E2EC017AF5D104
:10BFB00042462046179B1699FFF724FF052321468A
:10BFC000009348464346149AFFF74AF997ED007AE2
:10BFD000029D149B2544F4EC017AF3EC016A77EEA0
:10BFE000E67AA7EEA77AAC4287ED007AF3D14FF05C
:10BFF0007E5304931E4B31465BF8032005AB01933F
:10C000009368D0680093136804AA00F0FDFBC9F898
:10C010000800DAF8100520B9C9F80C0007B0BDE82F
:10C02000F08F06220398DAF8001001F011FB0028C7
:10C0300008BF0120C9F80C0007B0BDE8F08F9FEDE4
:10C040000A7AC7EE267A42462046179B1699C6ED15
:10C05000007AFFF7D7FE0523214600934846434662
:10C06000149AFFF7FDF8C2E700000000FE4E011031
:10C070002C0000002DE9F04F2DED028BB3F1000CE8
:10C0800087B0029049DD04240025B7EE008AF5EE62
:10C09000008A2746CDE9031201EB8C0B0095CDF801
:10C0A00014C018EE100A0AF0F7FB02460B460020F7
:10C0B0001C49F6F7B3F9DDE9038A019706460F46F6
:10C0C000029B009A03EB8209F8EC017A67EE887A0A
:10C0D00017EE900A0AF0E0FB02465AF8045B144699
:10C0E00028460D460AF0D8FB32463B46F6F7AAF939
:10C0F00002460B4620462946F6F77CF9F6F714FA75
:10C10000C34549F8040BDFD1009B019F059A013F0D
:10C11000134438EE688A0093C3D107B0BDEC028B9C
:10C12000BDE8F08F0000F03F2DE9F047DFF80C91FB
:10C130000E46DDE909A4089FF944054611469846D4
:10C14000002C49D0002B6ADDA446334604EB88025C
:10C150005CF8040B944543F8040BF9D10B9B2BBB03
:10C16000374BDAF8082059F80330DB6803EB820319
:10C1700093ED007A87ED007AD6ED007A77EE877A34
:10C18000B8F1010FC5ED007A0EDD06F1040C2C1D8F
:10C1900006EB8806BCEC017AD7ED007A77EE877A59
:10C1A0006645E4EC017AF5D1BDE8F08742464FF0F0
:10C1B0007F533046FFF724F9214BDAF8082059F86D
:10C1C0000330B8F1000FDB6803EB820393ED007AD4
:10C1D00087ED007AD0DCE7E7002B20DD3446194AF2
:10C1E000DAF8003059F80200DAF8042003FB08F30B
:10C1F00002FB08FCC268C06900EB8C0008EB030C72
:10C2000002EB830302EB8C02F3EC017AB0EC017ACF
:10C2100077EE877A9A42E4EC017AF5D19EE70B9BA0
:10C22000002BC3D1064BDAF8082059F80330DB683D
:10C2300003EB82031B683B60B6E700BF204D011093
:10C240002C0000001C0000002DE9F04F99B004AF55
:10C25000D7F888408346A40004F1070C2CF0070CA3
:10C26000ADEB0C0D04A8ADEB0C0DD7F894507C6130
:10C27000786091461E46D7E92632CDE9023207F1B1
:10C280001C0301950093D7E921230C4604A9FFF76D
:10C290004BFFEB68FB60002B62D1DFED367AC7ED18
:10C2A000027A3046D7F888307A68B96FFFF7E2FE35
:10C2B000D7ED027ACDED007AFB6807F130080293E2
:10C2C000D7F8803007F1400A1B6807F12005019379
:10C2D000FB6F4246514628461B68FFF739F9C7F8FD
:10C2E0001080D7F888303246009355F8043B214639
:10C2F00023605AF8043B5846636058F8043BC4F87E
:10C300001035D7F88430FFF731FAD7F89020802322
:10C310000192D7F88C204946009258462246FFF7F2
:10C32000DFFA7B6904F214541E443B6909F5A169E4
:10C330009D42D6D1D7F88830002B04DD7A69796820
:10C34000B86F0AF0B5FAD7ED027AFB6FFA68C3ED61
:10C35000007AD7F8803054371A60BD46BDE8F08FB8
:10C3600019460622584601F0AFF90123B860FB6078
:10C3700097E700BFFDAD803D2DE9F84343682DED03
:10C38000028B002B2BDD01259146D0ED008A0C4657
:10C390009FED158A0026154F03EB050807EE905A0E
:10C3A000F8EEE77A67EEA87AC7EE887A17EE900A79
:10C3B0000AF072FA3B463246F6F71CF8F6F7E6F852
:10C3C00009EBC000D0ED017AF1EE677A0368013520
:10C3D000454504F108042360C4ED017ADED1BDECCB
:10C3E000028BBDE8F88300BFDB0F493C0000E03F53
:10C3F00007EE900AD1ED006AF8EEE77A92ED007A46
:10C400002DE9F04FA6EEA77A2DED028B17EE100A5C
:10C41000ADF21C5D16460F469A460AF03DFA72A32D
:10C42000D3E9002304460D46F6F730F80022744B9A
:10C43000F5F7E0FFF6F778F807EE900AFBFE677A6B
:10C4400017EE900A0AF028FA67A3D3E90023F5F75C
:10C45000F9FF0B46024629462046F5F7DFFFF6F7BF
:10C4600063F87B683060002B40F39E800125D04646
:10C47000CDF80CA0AA460DF11009CDF8009007F5F3
:10C48000247BD7F81055002D00F0948007EE90AA79
:10C4900096ED007AF8EEE77A67EE877A17EE904A23
:10C4A0002046F7F7D0F808EE900A2046F7F7C8F8CC
:10C4B000D8ED036A07EE900A98ED027A27EEE66A55
:10C4C000A7EE286A27EE278A16EE100AC9ED028A1F
:10C4D000A6EEA88A0AF0E0F945A3D3E90023F5F710
:10C4E00089FFF6F721F8014618EE100AF7F7F6F97A
:10C4F0007A680AF10104A2424BF8040B09F1080919
:10C5000008F1080850DB002D6CD00FF2E409D9E9DE
:10C5100000895546009BCDE90089B1461646DDF8F5
:10C520000CA0A43507EB85050AEBC40A03EBC4078E
:10C5300007EE904A99ED007AF8EEE77A67EE877A8F
:10C5400017EE90BA5846F7F77EF80346584608EEBD
:10C55000903AF7F775F89AED017A07EE900ADAED5E
:10C56000006A27EEC76A3B46A6EEA86A26EEA78AAF
:10C5700016EE100AC3ED008AA7EE288A0AF08CF99D
:10C58000DDE90023F5F736FFF5F7CEFF014618EE9B
:10C59000100AF7F7A3F90134A64207F1080745F896
:10C5A000040B0AF1080AC3DA0DF21C5DBDEC028B24
:10C5B000BDE8F08F03F0D0FF07EE900AF8EEE77ABF
:10C5C00017EE900A0AF068F907A3D3E90023F5F7FC
:10C5D00039FF09A3D3E90023F5F758FFF5F7A4FFC6
:10C5E00004465EE7A2464CE744174154FB2119403C
:10C5F00011EA2D819997713D00000000C0FFDF40D6
:10C600000000E03F2DE9F04F85B000AF1446C7E9C8
:10C6100001036B46A3EBC4039D46A3EBC4030A4688
:10C6200069469D46EA46AAEBC4008546A0EBC400D5
:10C630004FF0000CE846854604EBD476761013687C
:10C6400006F10109B9F1010F4FEAC405C1F804C0B0
:10C650000B60C7F80CD021DD6818131D8C468E4680
:10C66000024603EB860BF3EC017A0EF1080E5B45F4
:10C67000A2F10802C2ED007ACEED007AF3D10122D8
:10C680004FF0000E964240F804EC0CF1080CCCF888
:10C6900004E0A0F1080002F10102F3D15246B86BA8
:10C6A000FDF7BEFD002C70DD07EE904A5246F8EE15
:10C6B000E77A514600200AF1040353ED016A86EE41
:10C6C000A77A03ED017AD1ED016A86EEA77A0130EF
:10C6D000844201F1080103F1080301ED017AECD174
:10C6E0009AE80300032C88E803001BDD4346012180
:10C6F0005544D2ED037A55ED016A92ED027A15EDBB
:10C70000026A77EEA67A37EE067A01318E4203F19D
:10C71000080302F10802A5F1080583ED007AC3EDD4
:10C72000017AE6DC08EBC6030AEBC60A4C459AE838
:10C73000030083E803004FEAC60337DD4A460021C1
:10C740004344013294429960D96003F10803F8D15F
:10C75000D7E902024146FDF763FDB9F1000F10DD94
:10C76000DFED156A7B68FA68191D01EB860192ED11
:10C77000017AC7EE267AE3EC017A8B4202F10802D5
:10C78000F5D11437BD46BDE8F08F08EBC6020AEBC1
:10C79000C6054C459AE803004FEAC60388E8030043
:10C7A00095E8030082E80300C8DCD1E74146FA6857
:10C7B000B868FDF735FDD3E767F90A4100000000CE
:10C7C000034B044A7B449B5803EB001358687047A3
:10C7D0009446011018000000034B044A7B449B5808
:10C7E00003EB0013586870477C46011004000000FA
:10C7F000034B044A7B449B5803EB00135868704773
:10C8000064460110400000002DE9F04FDDE9099B6E
:10C81000B9F1000F5ADD0F460021064690461D462D
:10C8200000EB8302DFED2F5A0C4608464FEA830ADD
:10C83000002D27DCF5EEC05AF1EE10FAC8BF2046F5
:10C8400004F10104C8BFDFED285AA1452944524430
:10C85000EED1DBED007AB0EE656A77EE867ACBED4D
:10C86000007ABDE8F08FF4EEC65AF1EE10FA04F14A
:10C870000103294452441CDD99451ED02046F0EEA8
:10C88000465A1C469FED186A3B46C64606EB810C8D
:10C89000FCEC017AB3EC017AFEEC016A77EEC77A20
:10C8A00026EEA77A67EE277A6245A6EEA76AEFD151
:10C8B000D9E79945CDD01C46E4E7DBED007A77EE69
:10C8C000867A2046CBED007ABDE8F08FDBED007A6A
:10C8D0009FED046A77EE867A0020CBED007ABDE802
:10C8E000F08F00BFAEC59D74000000002DE9F04F31
:10C8F0002DED028B9500EB1D8BB023F0070302AFEB
:10C90000ADEB030D02AEADEB030D0C4602A9ADEB92
:10C91000030D0DF10808ADEB030DDFF82CC17961B3
:10C9200002A9ADEB030D02AB002AFC44B8603961EB
:10C93000FB607FDD4FF000094FF07E5009F10109E7
:10C940004A4543F8040BF9D104EB050B7D60B24670
:10C95000654654F8040B09F09FFF39A3D3E900237F
:10C96000F5F770FDF5F7E0FD5C454AF8040BF0D1F2
:10C970004FF07E53AC46F968344A0B605CF80240D5
:10C980003368D4F80CB0C8F80030A368D4F800A01D
:10C990007D68009307F11C030A467B6041465846B8
:10C9A00001935346FFF730FF0AFB00FABA680BEB1E
:10C9B0008A0B1060DBF8003039697869B9F1010F32
:10C9C0000B60036036D0934673190436103400F1BF
:10C9D000040908F1040801F1040ABB607E617A6968
:10C9E00019ED018AD4E902C5F2EC017A77EEC87A32
:10C9F00054F8103B7A613B61FA684146E8EC017AF1
:10CA0000CDF800C07E6828460196FFF7FDFE3B6921
:10CA10007A6900FB03F305EB8305D5ED007A37EE69
:10CA2000888ABB684BF8040F9A42EAEC017AA9ECB9
:10CA3000018AD4D12437BD46BDEC028BBDE8F08F0E
:10CA4000A6E52B4BF5E493402E45011004000000B1
:10CA50002DE9F84F2DED028B9300073323F00703E8
:10CA60002F4C00AF002AADEB030DE8467C44ADEB44
:10CA7000030D4CDD2B4B9346E4580B6822680546AA
:10CA800003FB02F2E3680E4603EB8203D3ED007A68
:10CA9000CDED007AC8ED007A17EE900AB0EE678A05
:10CAA00009F0FAFE1CA3D3E90023F5F7CBFCF5F758
:10CAB0003BFDBBF1010F286029D04FF0010A0DF1B9
:10CAC000040908F104080435216956F8042FE369C4
:10CAD00001FB02F203EB8203D3ED007A38EE278AE2
:10CAE000E9EC017A18EE100AA8EC018A09F0D4FEEC
:10CAF00009A3D3E90023F5F7A5FCF5F715FD0AF125
:10CB0000010ADA4545F8040B04F11004DCDBBD46EC
:10CB1000BDEC028BBDE8F88F93E099B665BC493F48
:10CB2000EC43011004000000D0ED007A90ED017A92
:10CB300037EE677AF4EEC77AF1EE10FA58BFF0EEEE
:10CB4000477A2DE9F843022A2DED028B0C469046D8
:10CB5000C1ED007A1BDD034600EB82070D1D083F87
:10CB60001E46D3ED017AD6ED006A93ED027A37EED8
:10CB7000677A77EEE67AF4EEC77AF1EE10FA58BFEC
:10CB8000F0EE477A04339F42E5EC017AE8D108F1F0
:10CB90008045013D00EB850090ED008A50ED017A63
:10CBA00018EE100A38EE678A09F076FE02460B4648
:10CBB0001EA1D1E90001F5F731FC06460F4618EE3B
:10CBC000100A09F069FE32463B46AD00F5F714FD48
:10CBD00028B930463946F5F7A7FC08EE100A631964
:10CBE000B8F1000F83ED008A1ADD0FF24809D9E988
:10CBF0000089002604350C4F2544206809F04CFEBE
:10CC000042464B46F5F7F6FB02460B4630463946A0
:10CC1000F5F73CFCF5F788FC44F8040BA542ECD191
:10CC2000BDEC028BBDE8F8830000F03F5045525444
:10CC3000FB2109407B14AE47E17A843FF0B50D1E1D
:10CC40003CDD02EB830E1C460023074616469FED93
:10CC50001C6A18461A46002C1CDCB5EEC06AF1EEC0
:10CC600010FAC8BF104602F10102C8BF9FED156A55
:10CC700095422344EFD1F0BDB4EEC67AF1EE10FA3E
:10CC800002F10101234415D5A9421046F3D0B0EEBC
:10CC9000476A0A4631469FED0B7A07EB830CF1ECAD
:10CCA000017AFCEC016A77EEE67A8E45A7EEA77A68
:10CCB000F5D1E1E78D42DED00A46EBE70020F0BD7A
:10CCC000A95F6358000000002DE9F0430D1E079E88
:10CCD00042DD1F4600238046DFED215A18461C46E0
:10CCE000914607EB8602002E1DDCF5EEC05AF1EEF0
:10CCF00010FAC8BF204604F10104C8BFDFED195A7D
:10CD0000A5423344EFD1BDE8F083F4EEE56AF1EEDD
:10CD100010FA04F1010133441AD5A9422046F2D099
:10CD2000F0EE665A0C46CE463946DFED0E6A08EB49
:10CD3000830CFEEC017ABCEC016AB1EC017A77EE6F
:10CD4000C67A27EE277A8A42E7EE876AF1D1DCE7D6
:10CD50008D42D8D00C46E6E70020BDE8F08300BF46
:10CD6000A95F6358000000002DE9F04F2DED028B04
:10CD70008DB0D0ED007AD0ED016A36EEE77AF4EEB0
:10CD8000C77AF1EE10FA164658BFF0EE477AB84B64
:10CD9000B84C7B4453F804A002AFDAF80C300546D7
:10CDA0003B61DAF81C309000FB60DAF82C3006F1B9
:10CDB000FF3BBB60C31D23F00703ADEB030D02AACD
:10CDC000ADEB030D7A6002AAADEB030D7A6202AA05
:10CDD000ADEB030D02ACADEB030D3A6202AAADEB75
:10CDE000030D02ABBBF1010FC4ED007A7961FA616A
:10CDF000BB6147DD042E40F323812A46A44601216E
:10CE0000731F23F00103033392ED026A76EE667A14
:10CE1000B4EEE77AD2ED036AF1EE10FA54BFF0EE09
:10CE2000675AF0EE475A36EEC67AF4EEC77AF1EE5C
:10CE300010FA58BFF0EE477A0231CCED015A994210
:10CE400002F108020CF1080CCCED007ADCD105EB04
:10CE50008302D2ED007A12ED017AD2ED016A37EE4B
:10CE6000C77A76EEE77AF4EEC77AF1EE10FA04EBC1
:10CE7000830103F1010337FE277A5B4581ED007AD8
:10CE8000C0F2B980284450ED017A10ED028A17EE05
:10CE9000900A37EEC88A09F0FFFC02460B4672A1E1
:10CEA000D1E90001F5F7BAFA8046894618EE100A72
:10CEB00009F0F2FC42464B46F5F79EFB28B9404686
:10CEC0004946F5F731FB08EE100A04EB8B0B8BEDAE
:10CED000008A324621462846FFF726FED7F810B0D2
:10CEE00033462A465846DAF80810FFF7A7FEDAF864
:10CEF000183006EBD678002E4FEA68083B6140F305
:10CF0000888000FB06F27B68D7F814C0B1180BEBE1
:10CF10008100E14619460BEB8202B2EC017AACECDF
:10CF2000017AF5EC017A77EEC77A8242E1EC017A78
:10CF3000F3D1012E00F08680D7E9085CD7E906100E
:10CF40000022D3F800E001324CF804EBD3F804E0FF
:10CF5000424545F804EBD4F800E003F1080340F83B
:10CF600004EBD4F804E004F1080441F804EBE8DB36
:10CF7000FB697A6A3969CDF80080D7F80CB0584659
:10CF8000FFF7A2FEBB693A6ACDF80080BD6804468F
:10CF9000DAF828102846FFF797FE002206FB04F473
:10CFA00000FB06F67B6904EBD47406EBD6766410BE
:10CFB000761004330BEB840005EB860153ED017A08
:10CFC000B0EC017A77EE877A43ED017AB1EC017A21
:10CFD000D9ED017A77EE877A0132424509F10809E5
:10CFE00003F1080349ED017AE8DB2C37BD46BDECBF
:10CFF000028BBDE8F08F92ED027A37EE667AF4EE9E
:10D00000C77AF1EE10FA58BFF0EE477AC1ED017A17
:10D0100038E77A6A1946F868FB69CDF80080FFF7AF
:10D0200053FEBB693A6AB868DAF82810CDF8008078
:10D03000FFF74AFE2C37BD46BDEC028BBDE8F08FF2
:10D04000012304E70024D7E90301FB697A6A00940D
:10D05000FFF73AFEBB693A6AB868DAF8281000941C
:10D06000FFF732FEC1E700BF50455254FB21094093
:10D07000C6400110400000002DE9F04701292DEDC8
:10D08000028B3DDD22A7D7E90067884605464FF0B1
:10D090000009012305EB8302D2ED007A12ED018A2B
:10D0A000F4EEC87AF1EE10FA1446A2F1040A03F184
:10D0B000010306D49845EDDCBDEC028B4846BDE883
:10D0C000F08717EE900A09F0E7FB32463B46F5F78A
:10D0D000A5F9F5F729FA034618EE100ACAF8003048
:10D0E00009F0DAFB32463B46F5F784F9F5F71CFA0E
:10D0F000B8F1020F09F101092060DDD00223C9E770
:10D100004FF00009BDEC028B4846BDE8F08700BF38
:10D110009A9999999999B93F012928DDF8B514A7E9
:10D12000D7E900672DED028B041D00EB8105B4ECFF
:10D13000018A54ED027A78EE677A17EE900A09F0C8
:10D14000ABFB32463B46F5F757FA58B118EE100ADA
:10D1500009F0A2FB32463B46F5F74CF9F5F7E4F946
:10D1600044F8040CA542E2D1BDEC028BF8BD704737
:10D170007B14AE47E17A843F2DE9F0472DED028B19
:10D1800014469A46ADF5A05D86B00DF5A252043264
:10D19000D2F800800DF5A2520DF58269083292EDA9
:10D1A000008A06460F464FF400620021484609F007
:10D1B00057FB23680DF58365BAF1000F45F8083C6D
:10D1C00012DDB0EE487A0AF101010DF2144304EBCE
:10D1D0008101221DF2EC017A67EE877A8A4227EEFE
:10D1E000087AE3EC017AF5D10DF54164494622460F
:10D1F0003046FDF719F922460DF5A0510DF61443FE
:10D200001431D3ED007A13ED017A67EEA77AE7EED9
:10D21000077A08338B4243ED037AF2D103AC3E46E2
:10D220002546BA460DF20C4992ED007AFAEC017AE5
:10D2300067EE877AF5EE407AF1EE10FA58D4B1EE47
:10D24000E77AA5EC017AA94502F10802ECD1DFEDFD
:10D25000328A3B4607F5806AF3EC017A9A4578EE0C
:10D26000A78AF9D19FED2C8A3D4654F8040B41461C
:10D27000F5F7D2FE07EE900A95ED007A67EEA77AF1
:10D2800067EE877AA145E5EC017A38EE278AECD182
:10D290000DF5A25288EE887AD2ED047A3B4627EE4D
:10D2A000277A1032D3ED007A67EE877AE3EC017AC1
:10D2B0009A45F7D10DF5A2530C331B688BB114A519
:10D2C000D5E9004507F58077306809F0E5FA224690
:10D2D0002B46F5F7B7F8F5F727F946F8040BB742F0
:10D2E000F2D10DF5A05D06B0BDEC028BBDE8F08774
:10D2F00017EE900A019209F0AFFA019A45F8040B73
:10D30000A94502F108028FD1A1E700BFAFF3008069
:10D310005B8FC2F5285CFF3F17B7D1382DE9F04F7E
:10D320002DED048B0C469346ADF6340D0DF66802D8
:10D330000DF1300ACDE9090492ED008A00214FF485
:10D34000006250460693DDF88848CDF82CB009F00D
:10D3500087FA5B46002B06DB0B9B50465A1C0A994A
:10D36000920009F0A5FA0FF26829D9E9008922464E
:10D3700051460998FDF758F8554600268E4F04345B
:10D380000DF5866B2346D3ED007A14ED017A67EE36
:10D39000A77AE7EE077A17EE900A09F07DFA42467F
:10D3A0004B46F5F727F802460B4630463946F5F767
:10D3B0006DF8F5F7B9F845F8040BAB4504F108042E
:10D3C000E0D1DDF87838002B40F0B8805346D3ED3B
:10D3D000007A67EE887AE3EC017A9B45F7D1069BE9
:10D3E0005C68002C40F3C98099464FF0010859F859
:10D3F0000C0B09F051FA04EB080BDFED708A9FED7E
:10D40000709ADFED709A0024CDE906016E4D40461A
:10D41000F5F798F822462B4606460F46F4F7FEFF2E
:10D42000DDE90623F5F70EF85DA3D3E90023F5F750
:10D430002DF822462B46F4F7DDFFF5F7A7F8034653
:10D440002246304639461E462B46F4F7D3FFDDE927
:10D450000623F4F7F7FF52A3D3E90023F5F716F8F4
:10D4600022462B46F4F7C6FFF5F790F8B0F5807F1B
:10D47000A8BF4FF48070B0425DDDDFED527A0AEB59
:10D4800086060AEB8000B6EC017A864277EE877A50
:10D49000F9D1F5EE407AF1EE10FA70D4B1EEE77AF8
:10D4A00099ED008A78EE477ADDF87438A8EE089A8C
:10D4B000E7EEA78A1BB3B4EEC78AF1EE10FA0CD5DB
:10D4C00017EE100A09F0E8F937A3D3E90023F4F7BF
:10D4D000B9FFF5F729F807EE100AB4EEC78AF1EEA6
:10D4E00010FA0CDD17EE100A09F0D6F930A3D3E9D3
:10D4F0000023F4F7A7FFF5F717F807EE100A08F175
:10D500000108D845A9EC017A81D1C9EE287A17EE35
:10D51000900AF5F773FDB2EE047A07EE900A67EE13
:10D52000877ADDF86C38C3ED007A0DF6340DBDEC6A
:10D53000048BBDE8F08FB0EE697AB1E78DED048A17
:10D540000DF68403D3ED007ACDED027A0DF5086374
:10D55000D3ED007ADDE90A23DDF87C18CDED017A00
:10D560000391DDF87018099800915146FFF704FE09
:10D57000069B5C68002C3FF737AF1448C9E717EEED
:10D58000900A09F069F9D9ED007A07EE100A77EEF2
:10D59000C76AA7EEA79AE6EEA68AB0E7AFF30080C7
:10D5A00000000060FB21893F666666666666E63FAE
:10D5B000666666666666F63F0000F03F1FB14F0A7A
:10D5C0006042A20D000000000000E03F0000C842E1
:10D5D0008DEDB5A0F7C6B03E012303FA02F207EEC7
:10D5E000102A90ED066AF8EEC75A06EE901A90EDF2
:10D5F000077A76EEC66A37EE467AF6EE007A86EE5F
:10D60000876AE5EE867AFBFE677AFDEEE77A17EE2B
:10D61000900A20EAE0708242D8BF02F1FF307047E2
:10D620000123934090ED066AD0ED076A07EE903A29
:10D6300076EEC66A07EE101AF8EEE77AB8EEC77A09
:10D64000C6EEA75AA7EE256A16EE100A704700BF6D
:10D6500070B5034601242DED048B084694409D6966
:10D66000DE69F5F7CBFC08EE900A2846F5F7C6FC14
:10D670000346304609EE103AF5F7C0FC034628464B
:10D6800008EE103AF5F7BAFC07EE100A78EEC98AF0
:10D6900038EE478A07EE104AF6EE007AF8EEC76ACF
:10D6A00088EE887ABDEC048BE6EE877AFBFE677A1B
:10D6B000FDEEE77A17EE900A20EAE0708442D8BFC8
:10D6C00004F1FF3070BD00BF38B503462DED048B6B
:10D6D000C06914469D6908EE101AF5F78FFC0346E1
:10D6E000284608EE903AF5F789FC0346284609EEED
:10D6F000103AF5F783FC0123A34007EE903A07EEBA
:10D70000100A78EEC98AF8EEE77AB8EEC88A88EE91
:10D71000A76AF0EE477ADFED076AE8EE067ABDEC1D
:10D72000048BBDE8384067EEA67A17EE900AF5F74D
:10D730006FBD00BF8E5D13402DE9F0472DED028BCC
:10D7400082B002AFD7E90AA54FEA8A0E6E1CB60076
:10D750000EF1070C2CF0070C06F10709ADEB0C0DD0
:10D7600029F00709BAF1000F044602A8ADEB090D34
:10D770007DDD944688469FED5A7A02460DF10809F0
:10D78000E644FCEC017AF3EC016A67EEA67AE64522
:10D79000E2EC017AA7EEA77AF3D1B5EE407AF1EE8A
:10D7A00010FA64D052462B46494601F0DFF82A466B
:10D7B0004146484601F006F9002DC0F28380C2467A
:10D7C0009FED478A43464644B3EC017AF9EC017A6F
:10D7D0009E42A7EE278AF7D10026DFF80C9107EECC
:10D7E000906AF8EEE77A484617EE901AF5F714FCBF
:10D7F000DAED007A07EE100A67EE877AB542EAECB6
:10D80000017A06F10106EAD1364E0523224640464A
:10D8100029460096FDF7ECF885424CD0002D4AD001
:10D820002846F4F78FFE02460B462BA1D1E90001F2
:10D83000F4F72CFE00268046894607EE906AF8EE43
:10D84000E77A17EE900A09F027F842464B46F4F7BC
:10D85000F9FDF4F769FE0136B54244F8040BECD14A
:10D8600018EE100ABD46BDEC028BBDE8F087002D16
:10D870001FDD2846F4F766FE02460B4616A1D1E9E5
:10D880000001F4F703FE00268046894607EE906A01
:10D89000F8EEE77A17EE900A08F0FEFF42464B4694
:10D8A000F4F7D0FDF4F740FE0136B54244F8040B1E
:10D8B000ECD19FED0B8A18EE100ABD46BDEC028B31
:10D8C000BDE8F087074E05232246294640460096CC
:10D8D000FDF78EF8EDE700BF50455254FB2109409B
:10D8E000000000000AD7233CC9767E3F2DE9F04FA7
:10D8F0004FEA8209DFF8B0C009F1070387B023F0CF
:10D900000703002AFC4402AFADEB030D41DD0FF22B
:10D91000900BDBE900AB02AD2E467D6080460C46E5
:10D9200015468944C7F800C054F8040B08F0B4FF4A
:10D9300052465B46F4F786FDF4F7F6FD4C4546F893
:10D94000040BF1D14FF07E512A46D7E900C5174BA1
:10D9500007F10C0AB9605CF8034053460026914673
:10D96000AA46A8F1040807F1080B7B607A682368CF
:10D97000E0680192A56851465A460095FEF744FFBB
:10D980000136B14548F8040F04F110040AF1040A05
:10D99000ECD11437BD46BDE8F08F00BFAFF3008077
:10D9A000A6E52B4BF5E49340543501101800000018
:10D9B0002DE9F8434FEA820E1F4C0EF1070323F0C6
:10D9C0000703002A00AF7C44ADEB030D2CDD1B4B9D
:10D9D0000546E358E9466C46E846A1F1040C0CEB19
:10D9E0000E0618685CF8041FDA6800FB01F102EB10
:10D9F00081021268664503F1100348F8042BF0D148
:10DA00004E460FF22C09D9E90089764454F8040BEC
:10DA100008F042FF42464B46F4F714FDF4F784FD4C
:10DA2000A64245F8040BF1D1BD46BDE8F88300BF1E
:10DA300093E099B665BC493F92340110180000008C
:10DA40002DE9F04F2DED028B8DB0D1ED007AD1EDA7
:10DA5000016A36EEE77AF4EEC77AF1EE10FA1E4666
:10DA600058BFF0EE477A904C904D7C4454F805A096
:10DA700002AF3A609A00D31DDAF80C4023F0070396
:10DA8000ADEB030D7C61DAF81C400D4602A9ADEB4D
:10DA9000030D3C617960DAF82C4002A9ADEB030D6F
:10DAA000796202A9ADEB030DFC6002ACADEB030D96
:10DAB000396206F1FF3B02A9ADEB030D02ABBBF1EE
:10DAC000010FC4ED007AB860F961BB6149DD042E35
:10DAD00040F3E1802B46A4460120711F21F0010193
:10DAE00001F1030E93ED026A76EE667AB4EEE77A00
:10DAF000D3ED036AF1EE10FA54BFF0EE675AF0EE80
:10DB0000475A36EEC67AF4EEC77AF1EE10FA58BFED
:10DB1000F0EE477A0230CCED015A704503F108036C
:10DB20000CF1080CCCED007ADCD105EB8E01D1EDC7
:10DB3000007A11ED017AD1ED016A37EEC77A76EEFF
:10DB4000E77AB4EEE77AF1EE10FA58BFB0EE677AF2
:10DB50000EF1010304EB8E009B4580ED007A00F38B
:10DB60008D80AB1853ED017A13ED028A17EE900AFF
:10DB700037EEC88A08F090FE02460B4648A1D1E96C
:10DB80000001F4F74BFC8046894618EE100A08F0B5
:10DB900083FE42464B46F4F72FFD28B940464946DE
:10DBA000F4F7C2FC08EE100A04EB8B0B3246214658
:10DBB00028468BED008AFEF7B7FF33462A46786980
:10DBC000DAF80810FFF73AF806EBD678002E81460F
:10DBD0004FEA680835DDD7E9000309FB06F27969E9
:10DBE00006EB020C01EB8C0C01EB82021946B2EC45
:10DBF000017AA0EC017AF5EC017A77EEC77A6245FA
:10DC0000E1EC017AF3D1012E1BD0D7E90856D7E910
:10DC100006100022D3F800C0013246F804CBD3F836
:10DC200004C0424545F804CBD4F800C003F1080312
:10DC300040F804CBD4F804C004F1080441F804CB44
:10DC4000E8DBFB697A6A3869DAF81810CDF80080E9
:10DC5000FFF73AF8CDF800800446BB693A6AF868E5
:10DC6000DAF82810FFF730F8BB682C37C3E90094C6
:10DC70009860BD46BDEC028BBDE8F08F91ED027A55
:10DC800037EE667AB4EEE77AF1EE10FA77FE877A2D
:10DC9000C0ED017A65E74FF0010E46E7AFF3008073
:10DCA00050455254FB210940EE3301104000000062
:10DCB0002DE9F041284C294D7C44645982B0E66935
:10DCC000E568E46A0096161E984601948768D0E9D4
:10DCD00000433EDD06FB04F08C460C46321805EB93
:10DCE000820205EB800050F804EB82424CF804EB12
:10DCF000F9D1B8F1010F2CD0012E4FEA660528D0DA
:10DD000006FB03F206FB07F3009802EBD2725210F7
:10DD100003EBD37300EB8200019A5B1002EB8302EA
:10DD20000023043151ED017AB0EC017A77EE877A65
:10DD300041ED017AB2EC017AD4ED017A77EE877A7F
:10DD40000133AB4204F1080401F1080144ED017A0A
:10DD5000E8DB02B0BDE8F081A03101104000000016
:10DD60002DE9F04105462DED028B10461C468846F4
:10DD700008F092FD46A3D3E90023F4F763FB95ED89
:10DD8000008AD5ED018A78EEC87A064617EE900A29
:10DD90000F4608F081FD02460B4630463946F4F73F
:10DDA00067FC60B118EE100A08F076FD32463B467B
:10DDB000F4F720FBF4F7B8FB08EE900A686095EDE5
:10DDC000028A78EE687A17EE900A08F065FD02463E
:10DDD0000B4630463946F4F74BFC60B118EE900A1A
:10DDE00008F05AFD32463B46F4F704FBF4F79CFB7F
:10DDF00008EE100AA860D5ED037A77EEC87A17EE20
:10DE0000900A08F049FD32463B46F4F7F5FB50B165
:10DE100018EE100A08F040FD32463B46F4F7EAFAE5
:10DE2000F4F782FBE860B8F1040F2ADD204608F021
:10DE300033FD17A3D3E90023F4F704FB06460F468E
:10DE400005F1100405EB8805F4EC017A14ED028A63
:10DE500077EEC87A17EE900A08F01EFD32463B4670
:10DE6000F4F7CAFB58B118EE100A08F015FD324657
:10DE70003B46F4F7BFFAF4F757FB44F8040CA5420D
:10DE8000E2D1BDEC028BBDE8F08100BFAFF30080B2
:10DE900093E099B665BC493F2DE9F0412DED028B29
:10DEA00090ED008AD0ED018A78EEC87A054617EE2B
:10DEB000900A884608F0F0FC3BA3D3E90023F4F76E
:10DEC0009BFB68B118EE100A08F0E6FC36A3D3E914
:10DED0000023F4F78FFAF4F727FB08EE900A686046
:10DEE00095ED028A78EE687A17EE900A08F0D4FC75
:10DEF0002DA3D3E90023F4F77FFB68B118EE900A55
:10DF000008F0CAFC28A3D3E90023F4F773FAF4F766
:10DF10000BFB08EE100AA860D5ED037A77EEC87AFD
:10DF200017EE900A08F0B8FC1FA3D3E90023F4F71A
:10DF300063FB58B118EE100A08F0AEFC1AA3D3E93F
:10DF40000023F4F757FAF4F7EFFAE860B8F1040F9A
:10DF500023DD17A7D7E9006705F1100405EB880555
:10DF6000F4EC017A14ED028A77EEC87A17EE900A83
:10DF700008F092FC32463B46F4F73EFB58B118EEEF
:10DF8000100A08F089FC32463B46F4F733FAF4F7FE
:10DF9000CBFA44F8040CA542E2D1BDEC028BBDE8FB
:10DFA000F08100BFAFF300807337A8762F1BB43F1A
:10DFB0007337A8762F1BC43F10B50446006808F0DD
:10DFC0006BFC09A3D3E90023F4F716FB50B1E0681A
:10DFD00008F062FC06A3D3E90023F4F733FAF4F760
:10DFE000A3FAE06010BD00BF2D53FC31C728BE3F2F
:10DFF000FCA9F1D24D62A03F10B501248C40F4F78A
:10E00000FDFFB2EE047A06EE900ADFED0D5A06EE41
:10E01000104AA6EE877AB8EEC66AC7EE256AF6EE13
:10E02000007AE6EE267AFBFE677AFDEEE77A17EED7
:10E03000900A20EAE0708442D8BF04F1FF3010BD9E
:10E040000000484208B501238B4007EE903ADFED0F
:10E05000125AF8EEE77A07EE100A85EEA76AB8EED4
:10E06000C77AFAEE046AE7EE066A16EE900A08F03E
:10E0700013FC0022094BF4F709FA05A3D3E90023A6
:10E08000F4F7E0F9F4F750FABDE80840F5F7C0B846
:10E09000000000C0B16B0240000048420000244074
:10E0A0002DE9F84F2DED048BB7EE008A82ED018A41
:10E0B0004D4B14461360D0ED017AF5EEC07AF1EEC7
:10E0C00010FA05460E465BD4B7EE089A474FDFF8C4
:10E0D0004091DFF840A1DFF840B1DFF84081D6ED94
:10E0E000007AD5ED008A78EEE78AF0EEE88A18EE3D
:10E0F000900A08F0D1FB3AA3D3E90023F4F77CFAA5
:10E1000090B384ED019AB0EE498AC4F80080D6ED50
:10E11000017AB2EE047AD5ED016A37EEC77AF4EEF1
:10E12000C76AF1EE10FA09D5F6EE007A28EE278AD2
:10E1300084ED018AD5ED016AD6ED017AB3EE047A59
:10E1400077EEC77AF4EEE67AF1EE10FAC4BFF6EE97
:10E15000007A28EE278A28EE088A276084ED018A53
:10E16000BDEC048BBDE8F88FF6EE007AF4EEE78A9A
:10E17000F1EE10FACABF57464F46C4F800B0C6E7E2
:10E180009FED1B8A82ED018A1A4BFAEE047A136026
:10E1900090ED017AB4EEE77AF1EE10FA11D59FED29
:10E1A000168A164B9FED169A82ED018A154FDFF8FD
:10E1B0007090DFF870A0DFF870B0DFF87080136047
:10E1C0008DE79FED119A114FDFF86490DFF864A09E
:10E1D000DFF864B0DFF8648081E700BFAFF3008050
:10E1E0009A9999999999C93F0000F04100006145B9
:10E1F0009A99993E00009041EC51B83DCDCCAC408D
:10E20000713D0A3EAF47E9426766E63E0000A24420
:10E210000000614400006143000070410000704252
:10E22000AF47E941AF47E940CDCC2C40CDCC2C41A4
:10E230000000A2430000A242000010410000104272
:10E24000D0ED007A9FED8A7AF8EEE77AF4EE477A1D
:10E250002DE9F0432DED048BF1EE10FA8B4E8C4C32
:10E260007E4436598BB0D6E9024890ED068AD0ED4F
:10E27000078A3668039440F0DE80086817461C461B
:10E280000D4608F009FB72A3D3E90023F4F7FEF86A
:10E290000022784BF4F7D6F80022774BF4F7F6F823
:10E2A000F4F742F9F4F7AAFE9FED747A06EE900AAD
:10E2B000C6EE877A3868CDED047A08F0EDFA66A3E9
:10E2C000D3E90023F4F796F8F4F72EF9F4F796FE65
:10E2D000B2EE047A07EE900A67EE877A0DF1200914
:10E2E0004A46214604A8CDED057AFFF7D9FE002E57
:10E2F00040F3978094ED007A9FED619ADDED047A0A
:10E30000E7EE497A012ECDED067A76D094ED017ACA
:10E31000DFED5C9ADDED057AE7EE697A4B46009613
:10E320004046039906AACDED077AFEF7CDFC00FB27
:10E3300006F608EB860393ED006AD4ED007AA7EEAB
:10E34000896A84ED006A9DED067AF0EE467A93EDD7
:10E35000006A37EE467A8DED067AD4ED016A93EDC8
:10E36000017AA6EEA97A84ED017A17EE901A4FF0A1
:10E370008040F4F751FE08F08FFA39A3D3E9002367
:10E38000F4F760F800223B4BF4F780F8F4F7CCF890
:10E3900007EE900AF4EEE87AF1EE10FA78FEA78A1A
:10E3A000B4EEE88AF1EE10FA38FE288A85ED008A8C
:10E3B00018EE100A08F070FA02460B4624A1D1E9C3
:10E3C0000001F4F763F8F4F7E1F8034660686B6066
:10E3D00008F062FA00222C4BF4F758F822A3D3E994
:10E3E0000023F4F72FF8F4F79FF8F4F711FF3860E3
:10E3F0000BB0BDEC048BBDE8F0834B46404603995F
:10E40000009606AAFEF760FC08EB8000D4ED007AC7
:10E4100090ED007AA7EE897AF0EE477A84ED007AE3
:10E42000A3E74B4640460399009606AAFEF74CFC2C
:10E43000D4ED007A99E7174B174A184840F2FE319D
:10E440007B447A447844F5F761FC00BFAFF3008069
:10E4500050455254FB2109402D431CEBE2361A3F34
:10E460002646E0598CA26340000000C0B16B024018
:10E470000000FA450040AF40000049409B209A3E12
:10E48000CDCC4C3F6666663F00002440F82B01105F
:10E4900030000000948B0000EA9400009C8B000088
:10E4A0002DE9F0412DED028B694B6A4D7B445B59A0
:10E4B00088B0D3E90276B7F5807F1D6840F0A6806A
:10E4C000006808EE101A144608F0E6F95EA3D3E9D6
:10E4D0000023F3F7DBFF0022554BF3F7B3FF0022D5
:10E4E000544BF3F7D3FFF4F71FF8F4F787FDDFED94
:10E4F000527AB4EEE78A06EE100ADFED506AF1EECA
:10E5000010FA86EE267A54BF18EE100A17EE900A1B
:10E510008DED027A08F0C0F943A3D3E90023F3F7A5
:10E5200069FFF4F701F8F4F769FDB2EE047A07EE3B
:10E53000900A67EE877A0DF118084246214602A834
:10E54000CDED037AFFF7ACFD002D53DD94ED007A9D
:10E550009FED3B8ADDED027AE7EE487A012DCDEDA5
:10E56000047A31D094ED017ADFED368ADDED037A5D
:10E57000E7EE687A434600953946304604AACDED69
:10E58000057AFEF7A1FB00FB05F506EB850393ED8D
:10E59000007A94ED006AA6EE087A84ED007ADDED4B
:10E5A000047A93ED007A77EEC77ACDED047AD4ED54
:10E5B000016AD3ED017AE6EEA87AC4ED017A08B0DB
:10E5C000BDEC028BBDE8F0814346394630460095EC
:10E5D00004AAFEF779FB06EB800694ED007AD6EDEF
:10E5E000007AE7EE087AC4ED007A08B0BDEC028B41
:10E5F000BDE8F081434639463046009504AAFEF74F
:10E6000063FB08B0BDEC028BBDE8F081124A134BEE
:10E6100013487A4440F233417B4478441032F5F792
:10E6200075FB00BFAFF300802D431CEBE2361A3FB1
:10E630000040AF4000004940000000009B209A3E8F
:10E64000CDCC4C3F6666663F50455254FB21094095
:10E65000AC290110300000001A930000188A000055
:10E66000C6890000F8B52DED028BDFF814C1454CCA
:10E67000FC445CF804C00D46DCF800701C46002F1A
:10E68000164690ED068AD0ED078AD3ED007A1CDDA0
:10E69000089BDCF80C2003FB07F302EB830191EDF0
:10E6A000007ADFED336AA7EEA67A012FF0EE477A03
:10E6B00084ED007A09D094ED016A91ED017ADFEDE5
:10E6C0002D6AA6EE267A84ED017A17EE901A4FF0A5
:10E6D0008040F4F7A1FC08F0DFF81FA3D3E9002382
:10E6E000F3F7B0FE0022244BF3F7D0FEF3F71CFF44
:10E6F00007EE900AF4EEE87AF1EE10FA78FEA77AC7
:10E70000F4EEC87AF1EE10FA54BF17EE900A18EE44
:10E71000100A286008F0C0F802460B4610A1D1E9A3
:10E720000001F3F7B3FEF3F731FF034660686B6057
:10E7300008F0B2F80022114BF3F7A8FE0AA3D3E9C0
:10E740000023F3F77FFEF3F7EFFEF4F761FDBDEC76
:10E75000028B3060F8BD00BF2646E0598CA26340B2
:10E7600050455254FB210940000000C0B16B0240EB
:10E77000CDCC4C3F6666663F0040AF400000244071
:10E78000E827011030000000F0B5059C0CB182EACA
:10E7900062020C6804F0070CCCF1080C63451D46BE
:10E7A00028BF6546E6085B1B875D42FA03FEACEBBB
:10E7B000050C0EFA0CFC4CEA070C2C4400F806C0C1
:10E7C0000C60002BE6D1F0BD10B5012482B000949E
:10E7D000FFF7DAFF02B010BD2DE9F0410025012658
:10E7E0000C6804F0070ECEF1080E7245174628BFDC
:10E7F00077464FEAD40C10F80CC0AEEB070E06FAC1
:10E8000007F84CFA0EFC08F1FF3ED21B0CEA0E0C86
:10E810000CFA02FC3C4445EA0C050C60002AE0D1ED
:10E820003BB185EA152585EA151585EA950585EA42
:10E8300055052846BDE8F0810123FFF7CDBF00BF95
:10E84000002B0FDD92ED007A01EB8303D1ED007A0E
:10E8500077EEC77AE0EC017AB1EC017A994282ED69
:10E86000007AF3D1704700BF2DE9F84F002B25DD6A
:10E870000FF24C09D9E9008993460E460746106805
:10E8800001EB830A08F008F84B464246F3F7DAFD3D
:10E89000024656F8045B144628460D4607F0FCFF76
:10E8A00002460B4620462946F3F7A4FDF3F73CFE4B
:10E8B000B24547F8040BCBF80000E3D1BDE8F88F70
:10E8C00014AE47E17A14EE3F2DE9F04FB2F1000BA0
:10E8D00083B042DD82460BF1FF300D46F3F732FE86
:10E8E00000244FF00008CDE90001DFF87C9007EE2E
:10E8F000904AF8EEE77A17EE900A07F0CDFF18A3DA
:10E90000D3E90023F3F79EFDDDE90023F3F7BEFD15
:10E91000F3F70AFEF4F797FE07F0BEFF42464B46B8
:10E92000F3F790FD0B46024649464046F3F776FD65
:10E9300002465AF8047B164638460F4607F0ACFFED
:10E9400002460B4630463946F3F77CFDF3F7ECFD03
:10E950000134A34545F8040BC9D103B0BDE8F08FDD
:10E9600050455254FB2119400000E03F002B25DBAD
:10E9700070B50546144600EB820E9FED116A002229
:10E9800005EB4406581C7600A31A002BA1EC016A83
:10E990000EDD2B46DFED0A7AA6EB0E0CF3EC016AD6
:10E9A000BCEC017AE6EE877A9E4541ED017AF5D11D
:10E9B00001328242AEF1040EE6D170BD704700BF55
:10E9C000000000002DE9F04F2DED048B14468DB0B2
:10E9D000013202FB02F39B00073300AF23F0070371
:10E9E000002C90ED008A7962ADEB030D40F3B98005
:10E9F000D0ED017ADFED658A77EEA87A4FEA8208DA
:10EA000008F10403834617EE900A7B6107F044FF88
:10EA1000024601F1004318EE100ABA62FB6207F0E9
:10EA20003BFF02460B46D7E90A01F3F72FFDF3F748
:10EA30007BFD07EE900AB7EE007AF0EEE76AF4EE9F
:10EA4000C76AF1EE10FA6D464FEA980940F39380D9
:10EA5000F0EE687A09F1010205EB8203012CC3EDA7
:10EA6000007A00F08D800BF10803C7E90384F7EE0C
:10EA7000008A4FF0020A1C460BEB0801396208F1CC
:10EA8000040108F1080605EB010BA8F104012E446E
:10EA9000B962BA6018EE100A07F0FEFEA0460B46F7
:10EAA000B8EC019ADFED397A4FF0010C0246594675
:10EAB000B1EC017A74ED016A0CF1010CD445E6EE7B
:10EAC000877AF5DB77EE897A17EE900AC7E900239B
:10EAD00007F0E2FED7E9002301F10041B861F961D6
:10EAE000D7E90601F3F7D2FCF3F71EFD06EE900A14
:10EAF000F0EEE67AF4EEE87AF1EE10FAD6BFF0EE38
:10EB0000687ADFED226AE6EEE67ABB68D8BF28EEC7
:10EB1000278A0AFB03F305EB8303C3ED006AFB6856
:10EB200003EB0B010A463346FBEC017A33ED017A25
:10EB3000E7EE267A5E45E2EC017AF5D17B698B46F9
:10EB40001E443B6A0AF1010A98451DD13C6909FB44
:10EB500004F4D7E909320134181D05EB840107F0EC
:10EB6000A7FE4FF07E537A6A34371360BD46BDEC82
:10EB7000048BBDE8F08FA7EEE77A28EE078A69E7F5
:10EB8000A8F10403BB62E2E7444683E7000000000B
:10EB900030B5002A039D0DDDA0EB850C0020AC00F4
:10EBA00003EB820E002D43F8040B04DA73450CF1DD
:10EBB000040CF7D130BD9FED0C6A04340846DFED3C
:10EBC0000A7A04EB0C0272ED016AB0EC017AE6EE0F
:10EBD000877A624543ED017AF5D173450CF1040C57
:10EBE000E8D0A3EC016AE9E700000000002A27DD75
:10EBF00030B51D46DDF80CE0034600EB8204AEEBB9
:10EC00008500F3EC017A91ED007A67EE877A72461F
:10EC1000002D0EF1040EC8BF01F1040C4EED017A77
:10EC200009DD72ED016ABCEC017AE6EEC77A90422A
:10EC30004EED017AF5D1A34200F10400E1D130BDDF
:10EC4000704700BF2DE9F04F994601339E00ADF6A5
:10EC5000040DF31D23F0070300AFB2F5007FD7F8D2
:10EC60002888ADEB030D30DA92460C463946FFF7A3
:10EC70002BFE4B46524669463846FFF777FE4A461A
:10EC800021466846FFF79EFEDFED147AB9F1000FCA
:10EC9000C8ED007A14DB214668463319F1EC016AAD
:10ECA000B0EC017AE6EE877A9942C8ED007AF5D1A8
:10ECB000F5EEC07AF1EE10FA44BF094BC8F8003007
:10ECC00007F60407BD46BDE8F08F064B064A074825
:10ECD000FA217B447A447844F5F718F800000000E4
:10ECE000CCBC8C2B7E830000748C00008E830000D3
:10ECF000002A20DD2DE9F04101242DED028B88460C
:10ED0000061D1D1D171907EE904AF8EEE77A4046DA
:10ED100017EE901AB6EC018AF4F77EF907EE900A26
:10ED200068EE277A0134BC42E5EC017AEBD1BDEC08
:10ED3000028BBDE8F08170472DE9F84F054640F29F
:10ED4000DC60EC682E68F4F701FF8246002870D082
:10ED5000B6F5FA5F70D0B6F57A5F40F082806868E9
:10ED6000CAF804403030CAF800608000F4F7EEFEC4
:10ED7000C0220021CAF8D40607F072FD04EBD47457
:10ED80006410B4F5A07F63DC3D4B4FEAE47B83FB6A
:10ED90000423042CCBEB630B2DDD0BF1FF30F3F7D9
:10EDA000D1FB0024804689460026364F0AF108052B
:10EDB0002046F3F7C7FB30A3D3E90023F3F742FB68
:10EDC00042464B46F3F762FBF3F7AEFBF4F73BFC2E
:10EDD00007F062FD32463B46F3F734FB02460B4632
:10EDE00030463946F3F71AFBF3F79EFB01345C45D6
:10EDF00045F8040BDCDB4FF4A06200210AF58470B7
:10EE000007F02EFD00230AF5C16003600AF20C60D2
:10EE10000360C02200210AF5C26007F021FD002333
:10EE20004FF400701A461946FAF7C8F9CAF8D00626
:10EE300028B15046BDE8F88FC0E90064A1E7124B45
:10EE4000124A13489B217B447A447844F4F75EFFCE
:10EE5000104B114A11488F217B447A447844F4F7CF
:10EE600055FF0F4B0F4A104878217B447A44784471
:10EE7000F4F74CFFAFF3008050455254FB2119408A
:10EE8000676666660000E03FE28200000C8B0000CF
:10EE900086820000C4820000FA8A000074820000AA
:10EEA00046820000E88A00006282000010B5B0B11E
:10EEB0000446D0F8D006FAF77FF92368B3F57A5FF5
:10EEC00004D02046BDE81040F4F77CBED4F8D40648
:10EED000F4F778FE2046BDE81040F4F773BE054A0B
:10EEE000054B06487A44AA217B4478440C32F4F757
:10EEF0000DFF00BF708A000058820000E68100000C
:10EF00002DE9F04F2DED028B85B011994FF420675C
:10EF10009FED5B7AD1ED007A97FBF2F7DFED596A4E
:10EF200067EE877ADDF840A0814618460AEBDA736F
:10EF3000B7EB630F87EEA67A00F39380FDEEC77AF6
:10EF40005C1017EE908A07F0A7FC9FED4F8ACDE981
:10EF5000000102266FF0604B2046CDF80CA0F3F7BD
:10EF6000F1FA4FF03332494B04460D46F3F76AFA93
:10EF7000F3F70CFB0346294620461D463AA3D3E986
:10EF80000023F3F75FFAF3F701FBB842B8BF384646
:10EF90004045044655DAA84553DA35A3D3E90023A2
:10EFA000DDE90001F3F74EFAF3F7BEFA06EE900A38
:10EFB000F0EE487A2346013509EBC402114691ED83
:10EFC000007AB4EEE77AF1EE10FAC8BF1C4603F1FE
:10EFD000010377FE277A9D4202F10802EED1F4EE9A
:10EFE000E67AF1EE10FA14DD04EB0B0309EBC30330
:10EFF00093ED007AB4EEE77AF1EE10FA09D593EDCD
:10F00000047AB4EE677AF1EE10FA039B48BF234608
:10F01000039301369AFBF6F0B842A0DADDED037AED
:10F02000DFED186AF8EEE77A9FED157A67EEA67ABB
:10F03000C7EE877A17EE900A05B0BDEC028BBDE8EB
:10F04000F08F0DA3D3E90023DDE90001F3F7FAF90E
:10F05000F3F76AFAAC4206EE900AA9DDF0EE487AC0
:10F06000BDE7CDF80CA0D9E79A9999999999E93F0C
:10F07000333333333333C33F333333333333D33F18
:10F08000000020450000FA45000000003333F33F44
:10F090002DE9F04F2DED048BE74CADF5815D81B08E
:10F0A0007C4402AFBC607A61FB60002800F0A5815F
:10F0B000D0E9003CB3F5FA5F804600F06881B3F513
:10F0C0007A5FEB4640F0A38102EBD27676100CEB30
:10F0D000DC7E002A4FEA6E0E4FEA860A40F3778103
:10F0E000D0F8D446ACEB020304F1C002104601EBA9
:10F0F000830301EB8C0153F8045B8B4240F8045B03
:10F10000F9D10AF1070323F00703ADEB030D7B6987
:10F1100002A8012B1DD084460025DFF82093C434BB
:10F12000F94409F1DC013A61DFEDC17A224609F1C7
:10F130001C03F3EC016A32ED017A8B42E6EE877A2A
:10F14000F7D10135B542ECEC017A04F10804EBDBB0
:10F150003A69A6F1180302EBC3010B46C03AC0316D
:10F1600053F8044B994242F8044BF9D1AEEB060335
:10F1700073453B6180F2248103F1420508EB85036E
:10F180008244F0EC017A67EEA77A5045E3EC017A0D
:10F19000F7D1F4467E61DD464FEA8E0308EB850524
:10F1A00008F5C16408F20C6BB7EE009AD4ED008A42
:10F1B0009BED008AAA46A146C7E9005C08F5847663
:10F1C0001E44F0EE687ADAED008A78EEE77A17EE00
:10F1D000900A07F061FB044618EE100A0D4607F08E
:10F1E0005BFB91A3D3E90023F3F72CF902460B460E
:10F1F00020462946F3F7FEF8F3F796F908EE100AD1
:10F2000078EE097AEAEC017A5645DAD1D7E9005C62
:10F21000C9ED008A8A4BBA68CBF8000052F8039017
:10F2200008F2146B08F5C26308F2CC6A09F1C00455
:10F23000C7F808C0BC225946184607F045FB0346EC
:10F24000DFED7B7A19464A4655F8040BCAF80000F0
:10F25000B2EC017AF1EC016A9442E6EE877AF7D1DA
:10F26000AE4245ED017AE5D1D7F808C007F118059F
:10F270002C462B46002207F5805118311A605A603F
:10F2800008339942FAD16B4B4FEAEC7683FB0C239F
:10F29000BCF1040FC6EB630614DD4246284600238A
:10F2A00008F10801D2ED427AB1EC017A844667EEAA
:10F2B000877A0133B342CCED007A02F1140200F1F7
:10F2C0000800EFDB2946D8F8D006F9F77DFF07F5EF
:10F2D000805207F11C031C32D3ED007A13ED017A42
:10F2E00067EEA77AE7EE077A0833934243ED037A95
:10F2F000F2D11023DFED4E7A1A4694ED207AB4EE67
:10F30000E77AF1EE10FAC8BF1A4603F1010377FE5F
:10F31000277A812B04F10804EFD107F5825300927C
:10F3200018331B6828460193A02217EE903A142147
:10F33000FFF7E6FD3B6907EE900A002B0EDD19464C
:10F340007A6908F58473423208EB820203EB810983
:10F3500052F8041B43F8041B4B45F9D198ED007A91
:10F36000B8EEC77AC7EE276AFB6817EE900AC3EDBE
:10F37000006A07F5825318331B6807F580571C375E
:10F38000C3ED007ABD46BDEC048BBDE8F08FACEB5D
:10F3900002039C453B617FF769AF03F1420501EB36
:10F3A000830200EB850001EB8C014FEA8C03F2EC49
:10F3B000017A67EEA77A9142E0EC017AF7D1EDE6A7
:10F3C0007B6901330EDBF446DD467E614EE70AF1D0
:10F3D0000703D0F8D42623F00703ADEB030DC032AA
:10F3E00002A8B6E6174A184B18487A4440F20711AB
:10F3F0007B4478441832F4F789FC154A154B1648BB
:10F400007A44E3217B4478441832F4F77FFC134AB2
:10F41000134B14487A44F4217B4478441832F4F7AF
:10F4200075FC00BFAFF30080666666666666EE3FF9
:10F430000000000067666666B81D01103488000091
:10F44000240000006A850000787D0000DE7C00005A
:10F45000548500003C7D0000CA7C0000408500000F
:10F460003C7D0000B67C00002DE9F84346682DED98
:10F47000028B002E07460C469FED6B7A0FDD00F1E4
:10F480000C0303EB8602F3EC017A9342A7EEA77A12
:10F49000F9D1B5EEC07AF1EE10FA40F3A98007EE8B
:10F4A000906AF8EEE77AC7EE277A17EE900AF3F73C
:10F4B000A5FDF2EE047A08EE100A206828EE278AED
:10F4C00007F0EAF9DFED597AB4EEE78AF1EE10FAC7
:10F4D0002CD40022564BF2F78DFF0022554BF2F749
:10F4E000D5FF49A3D3E90023F2F7ACFFF3F71CF8EB
:10F4F000F3F78EFED7F8103508EE100A93B1002E00
:10F5000010DD0FF20C19D9E90089012407F10C056F
:10F51000F5EC017AF4EEC87AF1EE10FA3AD401343F
:10F52000A642F5DABDEC028BBDE8F883D7F81035BA
:10F53000002B49D138A3D3E90023F2F783FF064615
:10F5400018EE100A0F4607F0A7F935A3D3E90023F8
:10F55000F2F778FF02460B4630463946F2F74AFF8B
:10F56000F2F7E2FF206007F097F90022304BF2F744
:10F5700041FF00222F4BF2F789FF23A3D3E9002399
:10F58000F2F760FFF2F7D0FFBDEC028BBDE8F84365
:10F59000F3F73EBE00F0E0FF07EE900AF8EEE77AE0
:10F5A00017EE900A07F078F942464B46F2F74AFF09
:10F5B000F2F7BAFF7E680134A642C5F88002A7DAE6
:10F5C000BDEC028BBDE8F8830022194BF2F712FF65
:10F5D0000022184BF2F75AFF0BA3D3E90023F2F7EE
:10F5E00031FFF2F7A1FFF3F713FE08EE100A86E7EA
:10F5F000114B124A124870217B447A447844F4F744
:10F6000085FB00BFAFF30080000000C0B16B02407B
:10F610007D489C982D22293FCDCCCCCCCCCCEC3F46
:10F620009A9999999999B93FCCBC8C2B00002042AA
:10F630000000184000003440787B0000F684000091
:10F640007C7B0000000000002DE9F04FB1F5FA5F6F
:10F650000D46044607EE902A83B002D0B1F57A5FDA
:10F660007FD107EE105AB8EEC77A67EE277A17EE09
:10F67000900A07F011F9F2F755FCF2F787FF81467F
:10F680002846F2F75FFF45A3D3E9002382468B4665
:10F69000F2F7D8FE0022404B06460F46F2F7D2FEA4
:10F6A000F2F77EFCF2F772FF33A3D3E90023804622
:10F6B00059465046F2F7C6FEF2F772FCF2F766FFC3
:10F6C0000346394630461F46F2F76AFCF2F75EFF02
:10F6D0002BA3D3E90023064659465046CDE900AB9B
:10F6E000F2F7B0FEF2F75CFCF2F750FF82463046CC
:10F6F000F2F728FF02460B4623A1D1E90001F2F7F9
:10F70000C5FEF2F711FF83463846F2F71BFF0246AB
:10F710000B461DA1D1E90001F2F7B8FEF2F704FF94
:10F72000666140F2171340F2FF16B5F5FA5F08BFA5
:10F730001E4617A3D3E90023E061C4E90198DDE97F
:10F740000001C4E903A7C4F818B025602662F2F7E7
:10F7500079FEF2F71BFF03462046636203B0BDE863
:10F76000F08F104B104A11483F217B447A44784473
:10F77000F4F7CCFAAFF300807B14AE47E17A643F34
:10F780007B14AE47E17AA43F44174154FB21194052
:10F790007B14AE47E17A743F0000E03F7B14AE4734
:10F7A000E17A943F46790000908300005E7A000081
:10F7B0002DE9F04F2DED028BADF5005D8BB006937A
:10F7C000036AD0F80C80029303EBD3735B101646E8
:10F7D00008EBD8720591C3EB620100294FEA62027F
:10F7E000C3F1000301910392049305DD0B463046FB
:10F7F00000219A0007F034F8DDE903329B1AC2F1C8
:10F800000009019A934240F3B5800793029B9FED54
:10F81000648A581EF2F796FE079B019ACDE9078984
:10F8200006EB8207099600244FF0000A80468946BD
:10F830001E46DFF874B19D1A2046F2F783FE56A3E8
:10F84000D3E90023F2F7FEFD42464B46F2F71EFED7
:10F85000F2F76AFEF3F7F7FE07F01EF852465B4632
:10F86000F2F7F0FD02460B4650465946F2F7D6FD38
:10F87000F2F75AFE07EE900A0134A542A7EEA78AD6
:10F8800047F8040BD8D1DDE907893346DFED457A27
:10F89000984528EE278A099E0ADDA8EB030292000C
:10F8A0009845D8BF0422002106EB830006F0D8FF5C
:10F8B000B5EE408AF1EE10FA64D4F1EEC87AF7EEB4
:10F8C000006AB8F1000F86EEA77A0ADD334606EB30
:10F8D0008808D3ED007A67EE877AE3EC017A9845E1
:10F8E000F7D10AA908460B4600220DF581540834C9
:10F8F0001A605A6008339C42FAD1029B012B1CDD2E
:10F90000039B06EB8302002352F8045B01334B4553
:10F9100040F8085BF8DB049B01989A00C2EB800278
:10F9200003F5007306EB800501EBC303164455F89D
:10F93000042BB54243F8082BF9D122460598FAF773
:10F940006FFC21460DF500550DF5C153069A28357B
:10F95000083353F8084B51F8080B42F8044B9D420A
:10F96000C2F8FC03F5D10DF5005D0BB0BDEC028BC8
:10F97000BDE8F08F984502DD9FED098A8DE7DFED48
:10F98000087A9CE718EE100A06F066FF07EE900A68
:10F9900095E700BFAFF3008044174154FB211940A5
:10F9A00000000000000000440000E03FF8B50546FC
:10F9B00008680C4606F070FF00220F4BF2F742FD7C
:10F9C000064628460F4606F067FF02460B463046BD
:10F9D0003946F2F70FFD064660680F4606F05CFFF9
:10F9E00002460B4630463946F2F718FDF2F79CFD09
:10F9F00065602060F8BD00BF0000C0BF2DE9F04188
:10FA00000E46114604464FF0000E30468C460E4618
:10FA1000069DE768D4F820801A4601F58053CCF89B
:10FA200000E0CCF804E00CF1080C6345F7D108EBDA
:10FA3000D874B8F1010F4FEA640431DD4FF0000CC7
:10FA400007EBD7777F1002EB870E05EB8703FEEC01
:10FA5000017AB3EC017AB04667EE877A0CF1010CBB
:10FA6000A445C8ED007A06F10806F0DB4FF0000C63
:10FA70003F1B05EB870EC4F5007502EB870301EB16
:10FA8000C505F3EC017ABEEC017A2A4667EE877A67
:10FA90000CF1010CA445C2ED007A05F10805F0DB7C
:10FAA000BDE8F041F9F790BB2DE9F047D0F800A090
:10FAB0002DED0A8B814650460AEE102A0AEE903A46
:10FAC000884606F0E9FE02460B464EA1D1E9000148
:10FAD000F2F7DCFCF2F75AFDB4EEEAAAF1EE10FA06
:10FAE000DDED12BAC9F8040063D805461AEE100A13
:10FAF00006F0D2FE02460B463DA1D1E90001F2F725
:10FB0000C5FCF2F711FD9FED3CCA09EE900A002DED
:10FB100029EE8C9A46DD9FED39BA0026384F013523
:10FB2000B0EE498ADFED358A012418EE100A06F09E
:10FB3000B3FE32463B46F2F75DFCF2F727FD08EBD9
:10FB4000C000D0ED017A90ED007A67EEA77AE7EE7B
:10FB5000077A0134AC4238EE098A78EEA78AE4D1FC
:10FB6000F4EECB8A3AEE2BAAF1EE10FAF4EECAAA22
:10FB700027DDF1EE10FA1EDB1AEE100A06F08CFEFD
:10FB800002460B461AA1D1E90001F2F77FFCF2F719
:10FB9000CBFC19EE90AA09EE900AB0EE68BA29EEF5
:10FBA0008C9ABDE73AEE2BAAF4EECAAAF1EE10FA4F
:10FBB000F8DA09EE90AAC9ED009ABDEC0A8BBDE80F
:10FBC000F087F1EE10FAF4DB1AEE100A06F064FE8C
:10FBD00002460B4606A1D1E90001F2F757FCF2F705
:10FBE000A3FC09EE900A29EE8C9A99E7AFF3008006
:10FBF00044174154FB21194083F9A2420000000040
:10FC00000000E03F50455254FB2109402DE9F043EC
:10FC10002DED028B054683B008680C46164606F0AB
:10FC20003BFE02460B4666A1D1E90001F2F72EFC2D
:10FC30000022694B80468946F2F7DCFBF2F774FC40
:10FC400000220746644B40464946F2F7E7FBF2F7CD
:10FC50006BFC4FF07E5302463146204600933B46F4
:10FC6000FFF722FF206806F017FE02460B4654A15C
:10FC7000D1E90001F2F70AFC0022584B8046894680
:10FC8000F2F7B8FBF2F750FC00220746534B404610
:10FC90004946F2F7C3FBF2F747FC4FF07A530246AE
:10FCA0003146204600933B46FFF7FEFED4ED008A26
:10FCB00018EE900A06F0F0FD064668690F46F2F766
:10FCC00041FC02460B463EA1D1E90001F2F7DEFB02
:10FCD000804689463046394642464B46F2F78CFC10
:10FCE00050B149464046F2F71FFC206008EE900AEA
:10FCF00006F0D2FD06460F462869F2F723FC0246BD
:10FD00000B462FA1D1E90001F2F7C0FB32463B467A
:10FD100080468946F2F770FC50B149464046F2F7FA
:10FD200003FC206008EE900A06F0B6FD06460F467A
:10FD300025A1D1E9000132463B46F2F7A7FBF2F7D5
:10FD4000F3FB08EE100ABBFE488ABDEEC88AF8EE47
:10FD5000C87A67EEA87A17EE900A06F09DFD1CA3FC
:10FD6000D3E9002306460F46F2F76EFC70B118EE99
:10FD7000103A013B08EE103AF8EEC87A67EEA87A1E
:10FD800017EE900A06F088FD06460F460EA3D3E94B
:10FD900000233046394684ED018AF2F72DFC20B16C
:10FDA00003B0BDEC028BBDE8F0830D4A0D4B0E484D
:10FDB0007A4440F245117B4478441032F3F7A6FFB1
:10FDC00044174154FB21194050455254FB2109402E
:10FDD000D8C1E75C48E00740000014400000F03F55
:10FDE0004C7D000062740000147400002DE9F04F97
:10FDF0002DED048B466885B0002E039367DD90EDF2
:10FE0000008A054618EE100A884606F045FD0124D2
:10FE10009FED479ADFED478A4FF0000ACDE90001D8
:10FE2000DFF814B10C3506EB04092046F2F78AFB23
:10FE300052465B4606460F46F2F7F0FADDE900232C
:10FE4000F2F700FB38A3D3E90023F2F7FBFA52469E
:10FE50005B46F2F7CFFAF2F799FB0346524630467B
:10FE600039461E465B46F2F7C5FADDE90023F2F794
:10FE7000E9FA2DA3D3E90023F2F7E4FA52465B46F0
:10FE8000F2F7B8FAF2F782FB864240DADFED286A31
:10FE900008EBC60608EBC000D6ED017A96ED007AB5
:10FEA00067EEA77AE7EE077A0836B04276EEA76AE1
:10FEB000F2D1F5EE406AF1EE10FA2BD4F1EEE67ACB
:10FEC000039BE5EC017A3BB901344C45ADD105B05B
:10FED000BDEC048BBDE8F08F07EE904AF8EEE77AB0
:10FEE00067EE887AC7EEA87A17EE900A06F0D4FC7F
:10FEF00052465B46F2F77EFAF2F748FB08EBC00089
:10FF000001684068F3F7EAFCC5F88002DCE7F0EE30
:10FF1000497AD5E716EE900A06F09EFC07EE900AA5
:10FF2000CEE700BFAFF3008000000060305F5440B8
:10FF300000000000DB0F493C0000E03F2DE9F04FDE
:10FF40002DED048B04468BB04868154603930F468D
:10FF5000F2F7F8FA82468B462668CDE904AB06EB49
:10FF6000D6704010F2F7EEFA804689460022BE4B6A
:10FF700050465946CDE90689F2F764FA42464B46A7
:10FF8000F2F784FAF2F702FBB0F10008D7ED008A2D
:10FF900040F35C81DFEDB59A07F10C0303EB8802B7
:10FFA000F3EC017A9A42E7EEA79AF9D118EE900A9B
:10FFB00006F072FC01249FEDAD8A9FEDAD9A4FF0E3
:10FFC000000ACDE90001CDE9086708EB0403DFF87A
:10FFD000B4B202930FF28029D9E900892046F2F7E2
:10FFE000B1FA52465B4606460F46F2F717FADDE9CC
:10FFF0000023F2F727FA00224FF08143F2F722FAAA
:020000041001E9
:1000000042464B46F2F742FAF2F78EFA07EE900AB2
:10001000FAFE677AFDEEE77A3046394652465B468D
:1000200017EE906AF2F7E6F9DDE90023F2F70AFA33
:1000300000224FF08143F2F705FA42464B46F2F7B1
:1000400025FAF2F771FA07EE104A07EE900AB8EEB9
:10005000C77AFAFE677A27EE287AFDEEE77A17EE7E
:10006000907A67EE097A17EE900A06F015FC424680
:100070004B46F2F70BFA02460B4600207D49F2F799
:10008000CDF952465B46F2F7B5F9F2F77FFABE4278
:1000900037DA9FED797A039B304403EB800205EB5E
:1000A000C60610463346B0EE476AF0EE476A05EBE7
:1000B000C701F0EC017A93ED005AD3ED015A0833F1
:1000C0009942E7EEA76AA5EE277AA7EEA56AF0D1D6
:1000D000C7EE265AC6EE267AF1EE655AB1EE676A89
:1000E00096ED007AF2EC016AD6ED017AA6EEA57AD9
:1000F000E6EE867AA7EE078A0836B142A7EEA78A0F
:10010000EED1029B01349C427FF468AFDDE90867C1
:10011000C9EE887A17EE900AF2F770FFDDE904ABBA
:10012000B2EE047A08EE100AF1EE087A28EE078A99
:10013000B4EEE78AF1EE10FACCBF012400240022CD
:100140004E4BC7F8104550465946F2F77BF9DDE9AA
:10015000068942464B46F2F799F9F2F717FA044638
:100160000022474B50465946F2F76CF942464B463F
:10017000F2F78CF9F2F70AFA002CDFED3C6A09DDA0
:1001800007F10C0303EB8402F3EC017A9A42E7EEE9
:10019000A76AF9D184429FED357A0CDCA31C07F1E4
:1001A0000C0207EB830302EB8002F3EC017A93422B
:1001B000A7EEA77AF9D1C6EE877A17EE900AF2F782
:1001C0001DFFF1EE086AB4EEE68A07EE900AB2EE81
:1001D000047AF1EE10FA67EE877A20DDBAEE047A3F
:1001E000F4EEC77AF1EE10FA28D50023C7F81035DF
:1001F0003046F2F7A7F902460B4619A1D1E90001F2
:10020000F2F744F9F2F790F907EE900AF4EEE87A83
:10021000F1EE10FA0BDB0023C7F8103507E0F4EE1F
:10022000C77AF1EE10FA02DD0123C7F8103518EE97
:10023000100A0BB0BDEC048BBDE8F08FB9EE007A6C
:10024000F4EEC77AF1EE10FAF1D5D1E7F7EE007AC5
:1002500060E700BFAFF3008044174154FB21194011
:10026000D005FD9EDB8F774000408F4017B7D13817
:1002700000000044000070400000000000409F406B
:100280000040AF400000E03F2DE9F84F4568476A65
:1002900005EBD5746610C7EB6404002C884604DDBA
:1002A00000214046A20006F0DBFA3E44A6421BDDD8
:1002B0007800F2F747F902460B4600202C49F2F786
:1002C000E5F882468B46002008EB840408EB86099B
:1002D00044F8040B06F0E0FA52465B46F2F78AF85F
:1002E000F2F722F9A145F3D14FEA450A05EB45059E
:1002F00005EBD575C7EB6504B4424FEA650509DD2A
:100300004FF07E5208EB860608EB840346F8042B78
:100310009E42FBD13D44A5421CDD7800F2F712F964
:1003200002460B4600201249F2F7B0F806460F4687
:100330004FF07E5008EB840408EB850944F8040B69
:1003400006F0AAFA32463B46F2F768F8F2F7ECF804
:100350004C45F3D1554509DAAAEB050208EB8500B7
:100360000021BDE8F84F920006F07ABABDE8F88F98
:100370000000F03F2DE9F04F2DED048BADF5805DD1
:1003800087B092460DF58252143212681E468C4692
:100390000346441E9AB101280CDD5046AAF104021E
:1003A00002EBC3020AEB830151F8045B914240F86F
:1003B000045BF9D100210AEB830242F8041C0DF51D
:1003C00001673A4600200DF58055183510605060E1
:1003D00008329542FAD17068002849DD0FF2701991
:1003E000D9E9008932469FED589A0125D2ED008A5D
:1003F000CDE90043CDE902CA00F1010B0C3607EE4E
:10040000905AF8EEE77A67EEA87A67EE897A17EEE7
:10041000900A06F041FA42464B46F2F737F80022BE
:100420004A4BF1F7E7FFF2F7B1F8B6EC018AFF2883
:10043000A8BFFF20D6F880A204465046F3F703F980
:1004400007EE900A68EE277A07EBC4045046C4ED25
:10045000007AF3F7F5F807EE900A28EE278A0135BF
:10046000AB4584ED018ACAD1DDE90043DDE902CA6A
:1004700004AE3946604632460093FAF753F8002C32
:10048000009B19DD51460DF58252C3F50070103204
:1004900001301568AAF1040206EB800002EB83022A
:1004A000D1ED007AB5EC017AF0EC016AE6EE877ADC
:1004B000E1EC017A8A42F3D10DF5825114310968D9
:1004C0005A0009B3A24218DD32460DF582511031AF
:1004D00009680AEB840A01EB84040DF5825110319E
:1004E000096801EBC303B4EC017AF2EC017A67EE20
:1004F000877AA342EAEC017AF5D10DF5805D07B069
:10050000BDEC048BBDE8F08FA242F6DD32460DF55E
:1005100082511031096801EB84010AEB84040AEB73
:10052000C30AD4ED007AB1EC017AF2EC016AE6EE8E
:10053000877AE4EC017AA245F3D10DF5805D07B02E
:10054000BDEC048BBDE8F08F000000440000E03FEC
:1005500044174154FB21194043F23900054B04492B
:100560007B441A6801FB02001860C0F30E4070471C
:100570006D4EC6411402011070B5061E1DDD082027
:10058000F3F7E4FA054650B306EB86018C002046EB
:100590002E60F3F7DBFA03466860B8B10022DFF89B
:1005A00050C00119C3F810C0C3E90022C3E90222F8
:1005B00014338B42F6D1284670BD0E4B0E4A0F48BD
:1005C0002A217B447A447844F3F7A0FB0C4B0D4A74
:1005D0000D4831217B447A447844F3F797FB0B4B69
:1005E0000B4A0C482C217B447A447844F3F78EFB69
:1005F000AEC59D74726C0000647500007A6C0000DA
:10060000C86C000052750000686C0000A66C000009
:1006100040750000566C000010B540B104464068BB
:10062000F3F7D0FA2046BDE81040F3F7CBBA054AFD
:10063000054B06487A443C217B4478441032F3F75A
:1006400065FB00BFF4740000546C0000066C0000F1
:1006500070B51C1E1EDD002A1CDD4FF0000C96003C
:1006600000EB8200C2EB42720D46D100A0EB060EF9
:100670002A467346D3ED007AB2EC017A67EE877AA8
:10068000E3EC017A9842F5D10CF1010C6445AEEB34
:100690000100EBD170BD00BF38B52DED028B08EE27
:1006A000102AD0E90020002A0EDD0D460446002362
:1006B000D4ED047AF4EEC87AF1EE10FA07DC0133D7
:1006C0009A4204F11404F3D1BDEC028B38BDD21A66
:1006D000013A013303EB830302EB820221469200CD
:1006E00000EB830006F0F0F828686968AA68EB68F8
:1006F00020606160A260E36084ED048ABDEC028B3F
:1007000038BD00BF2DE9F0470E461B4B1B497B440B
:100710005F581B493B6802467944D86801F050F89D
:100720003368002B26DD0025A946DFF85880DFF866
:1007300058A0F844FA44002472683B6802EB840233
:1007400041465259D868013401F03AF8042CF3D1EB
:10075000736809F101092B44186906F09DF83C689B
:100760000B4602465146E06801F02AF8336814351A
:100770004B45E0DCBDE8F0874A0701103C00000073
:10078000986B0000826B0000886B00002DE9F84F29
:100790001F1EDDE90A6B2ADD0446894690460025C6
:1007A0004FEA820AB8F1000F2ADDCC469FED167A97
:1007B00023465444F3EC017AFCEC016A77EEE67AC6
:1007C000A342A7EEA77AF5D11C46CBF80050D6E994
:1007D000002302EB820203EB820353ED017AF4EE75
:1007E000C77AF1EE10FA04DC0135AF42DAD1BDE888
:1007F000F88F17EE102A59463046FFF74DFFF3E702
:100800009FED017AE1E700BF000000002DE9F04F05
:1008100085B0DDE90EA8B8F1000FDDF84090019039
:1008200034DD002653451C463546A8BF54461F46B6
:10083000CDE90212DDF844B0002F9FED166A19DDF4
:10084000BAF1000F16DDDDE902EC0022019B03EB9B
:100850008600BEEC017AF0EC017AFCEC016A77EEDE
:10086000C77A26EEA77A67EE277A0132A242A6EE71
:10087000A76AEEDBCBF8005016EE102A5946484620
:100880000135FFF709FFA8453E44D5D105B0BDE8C5
:10089000F08F00BF00000000024B0A4601461868B6
:1008A00000F002B89C0B022038B5A1FB021434BB47
:1008B00000F042F8054630B350F8042C22F0030251
:1008C000043A242A0CD8132A0FD91B2AC0E9004461
:1008D00012D9242AC0E9024418D000F1100205E020
:1008E000214605F0BDFF284638BD024600232846B4
:1008F000C2E90033936038BD00F10802F6E701F069
:10090000F5FB0C2303600025284638BD00F11802D2
:10091000C0E90444EAE700BF024B0146186800F052
:100920000BB800BF9C0B0220024B0146186801F077
:1009300083BC00BF9C0B022001F10B03162B2DE999
:10094000F04F074683B023D8102900F2AF8000F0A3
:10095000AFFA102518230220BA4E33445C68A3F185
:100960000802944200F056816368384623F003037E
:10097000D4E902122344CA6091605A68083442F0F4
:1009800001025A6000F09AFA204603B0BDE8F08FE9
:10099000002B23F00705C0F28980A94200F286806F
:1009A00000F086FAB5F5FC7FC0F07B826B0A00F0A0
:1009B0008480042B00F26281AB0903F1390003F15A
:1009C000380EC3009F4E3344A3F1080C5C68A44565
:1009D00007D10DE0002AE16880F216818C450C46B3
:1009E00006D0636823F003035A1B0F2AF2DD70461A
:1009F000DFF868823469444500F0F280636823F0D0
:100A0000030CACEB05030F2B00F37481002BC6E93C
:100A1000048880F26381BCF5007FD6F804E080F0A2
:100A2000FF804FEADC0301224FEA5C1C013302FA2B
:100A30000CF256F833104EEA020E06EBC302083AE7
:100A4000C6F804E0C4E9021246F83340CC608310D3
:100A50004FF0010C0CFA03FCF44534D81CEA0E0FDD
:100A600007D120F003004FEA4C0C04301CEA0E0FB3
:100A7000F9D006EBC00A8146D646DEF80C300BE012
:100A80005A681C46DB6822F00302511B0F2900F351
:100A90000181002980F215819E45F1D109F10109FA
:100AA0000EF1080E19F0030FE7D158E10C233B605B
:100AB0000024204603B0BDE8F08F4FF400734020BF
:100AC0004FF03F0E7EE7B468636823F00309A94541
:100AD000A9EB050302D30F2B00F385805A4B0820A6
:100AE0001B6803F1100804EB0903009301F00CFBF1
:100AF000564AA84483461368013305D008F1FF38ED
:100B00004342804403EA08084146384601F0C6FAE9
:100B1000B0F1FF3F82464D4A00F0078104EB090324
:100B2000834200F200814A4B0BF1FF3C18684044BD
:100B3000186000F064811168013100F06C8104EBF1
:100B40000902AAEB020202441A601AF00702CDE978
:100B5000002300F02781C2F10802384692445A442B
:100B6000D04408EA0C01521A02EA0C0B594601F073
:100B700095FA421C019B00F06A81A0EB0A0000EB91
:100B80000B08186848F00102B442C6F808A058449F
:100B9000CAF80420186017D0B9F10F0F40F23E8157
:100BA0006168A9F10C024FF0050C22F0070201F078
:100BB000010111430F2A616004EB0201C1E901CC7C
:100BC00000F24D81DAF80420224B54461968814224
:100BD00038BF1860204B1968814238BF1860A6E002
:100BE000D6F804E033E7621945F0010543F001034C
:100BF000083444F8045C3846B260536000F05EF993
:100C0000204603B0BDE8F08FA26823443846D16087
:100C10008A60B2E6DC68A3427FF4A6AE0230E7E663
:100C2000BCF5206F4FEA5C2276D3142A00F2CD8007
:100C300002F15C035B32DB00F118F358083999428A
:100C400011D1A5E088070220801002207C07022035
:100C500050100220781002207C1002209007022001
:100C60009B68994204D05A6822F003026245F7D883
:100C7000D968C4E902318C60DC60E8E6142B63D9E2
:100C8000542B00F2AB802B0B03F16F0003F16E0EBF
:100C9000C30097E6D4F808C03846671945F0010547
:100CA0006560CCF80C30C3F808C041F00103C6E918
:100CB0000477C7E902887B60A150083400F0FEF891
:100CC000F7E622443846516841F00101516054F87A
:100CD000082FD3609A6000F0F1F8EAE6A4443846A1
:100CE0000834DCF8043043F00103CCF8043000F0A1
:100CF000E5F8DEE6621943F0010145F001053846EA
:100D00006560C6E90422C2E90288516044F80C30EB
:100D1000083400F0D3F8CCE64FEA9C1202F1390314
:100D20003832DB0088E7B44262D0B468626822F0EF
:100D30000308A845A8EB050302D30F2B3FF753AFD9
:100D4000384600F0BBF8B3E603F15C0003F15B0E3C
:100D5000C30037E65AF80839534540F0A08010F038
:100D6000030F00F1FF30F5D1736823EA0C037360C1
:100D70004FEA4C0C0CF1FF329A4204D3A3E64FEA3F
:100D80004C0C09F104091CEA030FF8D0484670E640
:100D900092104FF0010C0CFA02F24EEA020EC6F865
:100DA00004E066E70AEB0802384602EA0C02ABEB05
:100DB000020B0BEA0C0B594601F070F9431C019B26
:100DC0007FF4DBAEDDF800B0DBE6542A2AD84FEA28
:100DD0001C3202F16F036E32DB002DE7B3F5AA7F00
:100DE0002AD8EB0B03F1780003F1770EC300E9E595
:100DF0002E4B0BF1FF3C1868404418609BE61AEA42
:100E00000C0F7FF498AEC844D6F808A048F0010251
:100E1000CAF80420D8E6C2F800A096E60123CAF872
:100E200004308DE7B2F5AA7F24D84FEADC3202F114
:100E300078037732DB00FFE640F25452934224D825
:100E4000AB0C03F17D0003F17C0EC300BAE5009A00
:100E50004FF0000B083A9044A8EB0A0891E6384698
:100E600004F10801009301F0E7F9009BD6F808A00F
:100E70001868A7E640F254539A420CD84FEA9C42B5
:100E800002F17D037C32DB00D6E64FF47E737F20D7
:100E90004FF07E0E96E54FF47E737E22CCE67368AB
:100EA00066E7E80805F1080356E500BF5010022088
:100EB000014801F025B900BF48100220014801F0A7
:100EC00021B900BF481002202DE9F04F164683B02B
:100ED000002900F09E800C4606F10B058046FFF7C6
:100EE000E7FF54F8040C162DA4F1080920F00307BD
:100EF00062D8102200231546B542C0F0A280002B14
:100F000040F09F80974261DADFF82CB309EB0701CC
:100F1000DBF80830D1F804C08B4200F09A802CF046
:100F200001030B445B68DB0768D42CF0030C07EB70
:100F30000C03934245DAC30712D454F8083CA9EBDA
:100F4000030ADAF8043023F0030084440CEB070BA7
:100F50005A4540F3018107EB000B5A4540F3D78017
:100F600031464046FFF7E8FC0646002800F02C8199
:100F700054F8043CA0F1080223F001034B449342CF
:100F800000F0B4803A1F242A00F2E280132A00F213
:100F9000B38003462246116819605168596092680F
:100FA0009A602146404601F047F94046FFF786FF28
:100FB000304603B0BDE8F08F25F007052A46EB0F59
:100FC0009AE71F46D1E90223D3609A60781BD9F8CB
:100FD000043009EB07020F2803F001031FD83B433D
:100FE000C9F80430536843F0010353602646404675
:100FF000FFF764FF304603B0BDE8F08FC307AFD4FE
:1010000054F8083CA9EB030ADAF8043023F0030093
:10101000A1E7114603B0BDE8F04FFFF78DBC2B43AD
:1010200009EB050140F00100C9F80430083141F82E
:10103000040C4046536843F00103536001F0FCF890
:10104000D4E70C23C8F800300026304603B0BDE8D2
:10105000F08F2CF0030C05F110010CEB07038B4211
:1010600080F29280C0073FF57BAF54F8083CA9EBB3
:10107000030ADAF8043023F0030084440CEB07037E
:1010800099423FF768AF3A1F5646DAF80C1056F807
:10109000080F242AC160886000F2B080132A40F251
:1010A000AB8021681B2ACAF808106168CAF80C10C6
:1010B00000F2AB8008340AF1100221681160616807
:1010C0005160A16891605B1B0AEB0502404643F04A
:1010D0000103CBF808205360DAF8043003F0010371
:1010E0002B43CAF80430FFF7E9FE83E750F8043CCD
:1010F00023F003031F4469E723681B2A0360636826
:10110000436036D804F1080200F1080343E73A1FB0
:101110005646DAF80C30242A56F8081FCB6099603E
:1011200022D8132A1ED923681B2ACAF808306368FC
:10113000CAF80C303CD808340AF1100322681A604F
:1011400062685A60A2689A6034465F46D1463DE7BD
:10115000214605F0B9FB24E7D1E902133A1FCB6021
:101160009960D5E73346E9E72146304605F0ACFB08
:10117000EAE7A368242A8360E368C36028D004F107
:10118000100200F1100306E75B1B09EB0502404665
:10119000264643F00103CBF80820536054F8043C82
:1011A00003F001032B4344F8043CFFF787FE21E7DB
:1011B000A368242ACAF81030E368CAF8143010D0A3
:1011C00010340AF11803B9E74046FFF777FE3BE712
:1011D000236904F1180203616369436100F1180394
:1011E000D9E623691834CAF8183054F8043CCAF810
:1011F0001C300AF12003A1E732465EE72146304663
:10120000019305F061FB019B5DE7A168242ACAF800
:101210001010E168CAF8141003D010340AF1180253
:101220004BE722691834CAF8182054F8042CCAF87D
:101230001C200AF1200240E78807022070B500292F
:101240003FD006460C4610B1436B002B3CD0636E7A
:10125000B4F90C20DD0732D4900538D5214630464C
:1012600000F054F8E36A054633B1E1693046984727
:101270000028B8BF4FF0FF35A3891A0639D4216B77
:1012800041B104F14003994202D0304600F0D4FF4E
:1012900000232363616C21B1304600F0CDFF0023B1
:1012A000636400F019FA636E0022DB07A2811CD58B
:1012B000A06D00F023FF00F015FA284670BD002A4B
:1012C000CCD10025284670BD00F0E8F9BFE7A06D3D
:1012D00000F016FFB4F90C30002BBFD1636ED907B4
:1012E000EFD4A06D00F00EFFEBE7A06D00F00AFF59
:1012F000DEE72169304600F09FFFC0E7024B014660
:101300001868FFF79BBF00BF9C0B0220B1F90C20AF
:101310002DE9F04115070C4680464ED4496842F449
:1013200000630029A38163DDA66A002E42D000215C
:1013300012F48052D8F80050C8F8001065D101238B
:10134000E1694046B0470246501C6CD0B4F90C30FD
:10135000A66A590705D56368D21A236B0BB1E36BF4
:10136000D21A0023E1694046B047421CB4F90C3060
:101370004DD1D8F800101D2940D8304ACA40D707AF
:101380003CD523F40062DE04A2814FF000026260CB
:101390002269226001D5002943D0216BC8F8005092
:1013A00041B104F14003994202D0404600F044FFAD
:1013B000002323630020BDE8F0810E69002EF9D0E0
:1013C00092070D680E600CBF4B690023AD1B8B604C
:1013D0000BE02B463246E1694046676AB847B0F1F8
:1013E000000CA5EB0C05664406DD002DF1DCE1E701
:1013F000E16B002998DCDDE7B4F90C3043F04003E1
:101400004FF0FF30A381BDE8F081226DA1E723F406
:101410000062DB04A2814FF0000262602269226058
:10142000BBD52065B9E7D8F80030002B8ED01D2B36
:1014300001D0162BE0D1C8F80050BBE701004020D6
:1014400038B505460C4608B1436B03B3B4F90C003C
:1014500088B1636EDB0701D481050FD5284621468C
:10146000FFF754FF636E0546DA0702D4A3899B0594
:1014700008D5284638BD0546284638BDA06D00F081
:101480003FFEEBE7A06D00F03DFE284638BD00F0C2
:1014900005F9DBE7024A0349034800F09FBA00BFA1
:1014A000900B02203D120110A00B02200C4B416852
:1014B000994210B5044601D0FFF7C0FEA168094B60
:1014C000994202D02046FFF7B9FEE168064B9942E7
:1014D00004D02046BDE81040FFF7B0BE10BD00BFED
:1014E00084100220EC100220541102202DE9F84350
:1014F000314A0025314C04233149DFF8D89004F1FA
:101500005C00DFF8D4802F4F2F4E1160294608224F
:1015100025606566C4E90335C4E90155C4E905558C
:1015200005F09EF904F15800E662C4E90749C4E9F0
:10153000098700F0E1FD254B2946082204F1C4008B
:1015400063672567C4F8CC50C4F88050C4E91A55C5
:10155000C4E91E5505F084F904F1680304F1C000E4
:10156000C4F88430C4E92298C4E9247600F0C4FDAC
:10157000174B294604F596700822C4F8DC30C4F8ED
:10158000D850C4F83451C4F8E850C4E93455C4E91B
:10159000385505F065F904F1D00304F59470C4F8EA
:1015A000F090C4F8FC60C4F8EC30C4E93D87BDE8B5
:1015B000F84300F0A1BD00BFBC110220841002203E
:1015C00095140110911C0110B91C011009000100B3
:1015D000120002002D1C0110511C0110F8B5064626
:1015E0002A4800F08DFD2A4B1B68002B44D0294F60
:1015F000D7E90134013B04D524E05A1C04F1680406
:1016000020D0B4F90C50013B002DF6D1224B04F14F
:1016100058006566E36000F06FFD1C4800F072FD45
:101620000822294604F15C002560A561C4E9015542
:10163000C4E9045505F014F9C4E90C55C4E9115581
:101640002046F8BD3D680DB12F46D1E74FF4D67165
:101650003046FFF771F9044688B1042305600C3069
:101660002946254640F8083C4FF4D072A06005F0AA
:10167000F7F83C602F46BBE7FFF738FFB7E70348B2
:101680003C6000F03FFD0C233360D9E74C10022092
:10169000BC110220900B02200100FFFF10B5044690
:1016A0000A4800F02DFD636B23B9094B094A1B68FA
:1016B000626323B10548BDE8104000F023BDFFF789
:1016C00015FF0248BDE8104000F01CBD4C10022080
:1016D000BC110220AD140110014800F011BD00BF83
:1016E0004C100220014800F00DBD00BF4C1002203C
:1016F000F0B5144683B00E46074601AA214603F012
:1017000037F8002835D005463846FFF767FF04460E
:1017100000282ED031464FF4DB73019A384600F092
:1017200091FC061E1CDB636EDB0702D4A3899805BF
:101730002DD51B4B2DB21B4A2362E9051A4BE681BE
:10174000E461A581C4E90923184BE36215D4636EF3
:10175000DA0702D4A3899B051DD5204603B0F0BD4E
:10176000FFF7BAFF0023A06DA38100F0C7FCFFF7CD
:10177000B9FF0024204603B0F0BD02230022214619
:10178000384600F029F9636EDA07E6D4E2E7A06D87
:1017900000F0B6FCCDE7A06D00F0B4FCDDE700BFC3
:1017A0002D1C0110511C0110911C0110B91C0110BD
:1017B000024B0A4601461868FFF79ABF9C0B0220AD
:1017C0000EB410B583B0074C014605AB206853F842
:1017D000042B019300F024FE03B0BDE8104003B0D9
:1017E000704700BF9C0B02202DE9F04F994685B051
:1017F00002FB03F30E9C0193002B4DD0934606464B
:101800000D4610B1436B002B61D0636EB4F90C2010
:1018100013F0010144D112F4007748D0900452D45F
:1018200042F4005223F40053A2816366D4F804A06A
:10183000BAF1000F4EDBA2895346019F920750D4A4
:10184000B04656460FE005F033F82368214640467F
:1018500033443544A7EB060A236000F06BF90028F7
:101860007BD166685746BE42324628462168EAD395
:101870003A4605F01DF8CDF80490D4E90032D21BA9
:101880001F44636EC4E90072DA0705D4A3899B057F
:1018900002D4A06D00F036FC019805B0BDE8F08FD1
:1018A0009104BDD59F04C1D500230193F4E7A06D39
:1018B00000F026FCB4F90C20636E9004B0D59904B6
:1018C000B4D50197E0E79F04B0D50191DEE7FFF7BB
:1018D000E5FE9AE7A2890023019F92079A4663607A
:1018E000AED59F423A462168284628BF1A46904600
:1018F00004F0DEFF2368216BA7EB08074344236055
:101900006368A3EB0803636051B1002F38D004F182
:101910004003994202D0304600F08EFC002323633E
:1019200045444FF0000ACDE902B93FB3D4F810B0F6
:101930002146D4F800803046D4F814902560C4E9DC
:10194000045700F0F7F86368C4E904B91D44FA1AB3
:10195000C4E9008AC0B91746E7E7626EB246D0070D
:1019600002D4A289910523D5019B5344DB1BB3FB11
:10197000FBF30193019805B0BDE8F08FDDF80C9002
:10198000636ECDF804907FE7626EDDF808B0D6078D
:1019900007D4A289950504D4A06D029300F0B2FB90
:1019A000029B019A1344DB1BB3FBFBF3019373E728
:1019B000A06D00F0A7FBD7E794460A46014630B574
:1019C0001C4683B0034D634628680094FFF70CFF64
:1019D00003B030BD9C0B022000F072B92DE9F84332
:1019E0004FF00009074688461646D6E90154013DE6
:1019F0000FD4A389012B08D9B4F90E3021463846FB
:101A0000013302D0C04749EA0009013D68346B1C2C
:101A1000EFD13668002EE8D14846BDE8F88300BF14
:101A20002DE9F04186B002FB03F81D46174601ABD5
:101A30000C9C0646019103930123CDF80880CDF854
:101A40001480049310B1436B002B4CD0636EB4F937
:101A50000C20D80707D5910409D59B040DD500208B
:101A600006B0BDE8F081900530D591041DD442F454
:101A7000005223F40053A2816366304603AA214634
:101A800002F0B6FE636E03F00103B8B12BB9A3896F
:101A90009B0502D4A06D00F035FB059BA8EB030865
:101AA000B8FBF7F006B0BDE8F0819804E5D5A3894E
:101AB0009905D4D4A06D00F025FBD0E713B9A38914
:101AC0009A0513D5284606B0BDE8F081A06D00F058
:101AD00017FBB4F90C20636E9104C8D59A04CCD5D9
:101AE000D807BCD4E3E7FFF7D9FDAFE7A06D00F05E
:101AF00009FB2846E7E700BF94460A46014630B591
:101B00001C4683B0034D634628680094FFF788FFA6
:101B100003B030BD9C0B02208B8903F00903092B15
:101B200001D000207047024B1868FFF789BC00BF46
:101B30009C0B022070B505460C4610B1436B002B80
:101B400056D0B4F90C3000229E06626058D4580773
:101B500019D4D9064FD51A0739D443F00403A38109
:101B60002369002B3FD0B4F90C60B3071ED1226962
:101B70002846266A6369E1692260B04700286060F0
:101B800041DD002070BD216B0029E9D004F1400344
:101B9000994202D0284600F04FFB0022E36B2263FB
:101BA0006360002BDCD0A36B2360EAE701231C4AAF
:101BB0001C49A3811C48FFF711FF06F00903A68109
:101BC000092BD4D121462846FFF7A0FBCFE72146B9
:101BD0002846FFF735FC98B9B4F90C30A06023F023
:101BE0000803A061B9E72146284602F073FFBAE76F
:101BF000FFF754FDA5E7092243F040032A60A381C3
:101C00004FF0FF3070BDB4F90C3003D143F0200326
:101C1000A381F5E7002243F040036260A381EFE770
:101C2000900B0220191B0110A00B022010B50C46CE
:101C3000B1F90E1000F01CFA002803DB236D0344F9
:101C4000236510BDA38923F48053A38110BD00BF79
:101C50002DE9F0410C46B1F90C101F460546CB05A5
:101C600016460BD421F480513B4632462846A181CA
:101C7000B4F90E10BDE8F04100F022BAB4F90E102C
:101C80000223002200F0C8F9B4F90C10EAE700BF03
:101C900010B50C46B1F90E1000F0BEF9421CB4F9B3
:101CA0000C3004D043F480532065A38110BD23F48D
:101CB0008053A38110BD00BFB1F90E1000F084B9AC
:101CC0002DE9F04F0C4697B090461E46054618B1D8
:101CD000436B002B00F03381626EB4F90C30D707F0
:101CE00002D4980540F1078103F48473B3F5847F2F
:101CF00000F00C81D4F82890B9F1000F00F05A815F
:101D0000012E56D036F002070FD0636E1622D90787
:101D10002A6005D4A3899F0502D4A06D00F0F2F9D2
:101D20004FF0FF3017B0BDE8F08F2269BA46002AA5
:101D300063D0B4F90C3040F61A02134207D15A05A9
:101D400078D4A04A91455DD043F40063A381214635
:101D50002846FFF775FB002840F0278133464246AE
:101D6000E1692846C847013000F01F81216B41B16D
:101D700004F14003994202D0284600F05DFA0023A6
:101D80002363A38900212069082223F40263C4E9A4
:101D90000001A38104F15C0004F062FD636EDA07C8
:101DA00003D4A3899B0540F1CD80002017B0BDE886
:101DB000F08F21462846FFF743FBB4F90C3013F4AB
:101DC000805240F08A803346E1692846C847421C69
:101DD000074600F0EA80B4F90C3022695E0740F152
:101DE00081806368FF1A236B0BB1E36BFF1AB84461
:101DF0004FF0010A0026002A9BD12146284602F016
:101E000069FE96E7B4F90E1000299DDB6A46284664
:101E100000F0ECF8B4F90C30002895D1019A02F4E6
:101E20007042B2F5004F8FD143F48063A3814FF429
:101E30008063E364002E6ED1C346BAF1000F79D1FE
:101E4000A389DB0440F18980206D6268216B871AC9
:101E500000297BD0E36BFF1A17442069A26B121A8A
:101E6000BF1A1344BB4502DBFA185A457ED8E76C0B
:101E70000023E16928467F4207EA0B073A46C84734
:101E800001303FF464AF0023216B6360236923605A
:101E900041B104F14003994202D0284600F0CCF948
:101EA00000232363A389BBEB070B23F02003A3814B
:101EB00010D021462846FFF73DFE00287FF447AFAB
:101EC00063685B45FFF443AF2268A3EB0B035A44FE
:101ED000C4E90023082200215CE75E07276D226920
:101EE0003FF57FAF180782D52368002B3FF47FAF03
:101EF0009B1A1F447BE7A06D00F002F9B4F90C3087
:101F000003F48473B3F5847F7FF4F4AE214628464E
:101F1000FFF796FAEEE66A46B4F90E10284600F08E
:101F200065F800287FF413AF049B08EB030BBAF1AC
:101F3000000F85D0216B626841B1E36B8CE7FFF73E
:101F4000ADFBC9E6A06D00F0DDF82EE723680021A7
:101F500020691B1AFF1A134484E752460123E169E2
:101F60002846C847471C7FF470AFF0E6ABEB070785
:101F70003844DB1BC4E9000341B104F1400399423A
:101F800002D0284600F058F900232363A3890021DA
:101F9000082204F15C0023F02003A38104F060FC1C
:101FA000636ED9073FF501AFFBE6636EDB073FF5D4
:101FB000B7AEAFE6636E1D22D9072A603FF5B0AE1B
:101FC000A8E600BF911C011038B50022064D04465A
:101FD00008462A60F1F784FE431C00D038BD2B6808
:101FE000002BFBD0236038BD2C15022070B50C46A9
:101FF0000346084D0026204611461C462E60F1F788
:1020000077FE431C00D070BD2B68002BFBD02360F3
:1020100070BD00BF2C15022038B50C468446114611
:10202000074D1A460023204664462B60F1F75CFEFC
:10203000431C00D038BD2B68002BFBD0236038BD7B
:102040002C15022038B50C4684461146074D1A4619
:102050000023204664462B60F1F73CFE431C00D071
:1020600038BD2B68002BFBD0236038BD2C15022017
:1020700038B50C4684461146074D1A4600232046C3
:1020800064462B60F1F708FE431C00D038BD2B6876
:10209000002BFBD0236038BD2C15022038B5002260
:1020A000064D044608462A60F1F7E0FD431C00D0C7
:1020B00038BD2B68002BFBD0236038BD2C150220C7
:1020C00038B50C4684461146074D1A460023204673
:1020D00064462B60F1F7EEFD431C00D038BD2B6841
:1020E000002BFBD0236038BD2C150220014B186853
:1020F000704700BF9C0B0220704700BF704700BFB5
:10210000704700BF704700BF082802D14FF48050CD
:10211000704708B5FFF7EAFF162203464FF0FF307D
:102120001A6008BD20F0030110F00300C0F10000A8
:1021300051F8043B00F1040C4FEACC0C6FF00002A4
:102140001CBF22FA0CF213434FF0010C4CEA0C2C8A
:102150004CEA0C4CA3EB0C0222EA030212EACC126A
:1021600004BF51F8043B0430F4D0C2F1000102EA8C
:102170000102B2FA82F2C2F11F0200EBD2007047F4
:102180002DE9F8430646DFF8AC8008208946FFF7C2
:10219000BBFF05463046FEF78BFED8F808305F6877
:1021A00027F00307A7F11104A4EB09042C44B4FBA6
:1021B000F5F4013C05FB04F4A54208DC002130469F
:1021C000FFF76CFFD8F808303B44984205D0304602
:1021D000FEF774FE0020BDE8F88361423046FFF749
:1021E0005DFF01300FD03F1B104AD8F80830304651
:1021F00047F001075F6013681B1B1360FEF75EFE6C
:102200000120BDE8F88300213046FFF747FFD8F8EA
:102210000820831A0F2BDADD43F0010303495360D2
:10222000034B1B68C01A0860D1E700BF50100220A2
:102230007C0702208807022000295AD0F8B50C46F6
:102240000746FEF735FE734D54F804CCA4F108029E
:10225000A8682CF001030CF0010ED1184E688842DA
:1022600026F003067CD088194E60406800F001001B
:10227000BEF1000F2ED154F8084C05F1080C121BCA
:1022800023449468644560D0D2F80CE0C4F80CE0B4
:10229000CEF8084000287DD043F0010050600B606C
:1022A000B3F5007F2ED25809D9080123834068680E
:1022B0000131034355F831006B6005EBC103083B66
:1022C000C2E9020345F83120C2603846BDE8F84053
:1022D000FEF7F4BD70B9334405F1080C886843F08B
:1022E000010460456ED0C968C16088605460D350F5
:1022F000D6E770474CF00101B3F5007F44F8041CA9
:10230000D350D0D3B3F5206F4FEA532144D299096B
:1023100001F1390001F13804C10068186958083822
:10232000884203D155E08968884204D04C6824F083
:1023300003049C42F7D8C868C2E90210826038469C
:10234000CA60BDE8F840FEF7B9BD80BB1E44D1E9C4
:102350000213CB60996046F0010353609651B4E7D5
:102360001E44BEF1000F07D154F8083CD21A1E4497
:10237000D2E90213CB60996046F001035360264B0B
:10238000AA601B68B342A0D8244B38461968FFF7EF
:10239000F7FE9AE73344A1E714290DD954291FD831
:1023A000190B01F16F0001F16E04C100B5E743F0B4
:1023B000010050600B6088E701F15C0001F15B04F3
:1023C000C100AAE7C5E90422C2E902CC5460D35097
:1023D0007BE7A4100123A3406C6823436B60ABE749
:1023E000B1F5AA7F06D8D90B01F1780001F1770485
:1023F000C10092E740F25450814206D8990C01F195
:102400007D0001F17C04C10087E74FF47E717E24DA
:1024100083E700BF88070220800702208010022087
:102420002DE9F04FDFB01C4682460A910DF1B80845
:102430000C92129302F06EFC036818461A93FFF791
:1024400071FE082219900021404604F009FABAF101
:10245000000F04D0DAF83430002B01F0FC810A9B25
:102460005A6EB3F90C30D00740F13881990400F16D
:10247000478743F400530A9922F400528B811BB220
:102480004A661D0740F1BC800A9A1269002A00F0D2
:10249000B78003F01A020A2A00F0C1800023CDF8A9
:1024A00020A09E46CDE9333335ABCDF86CE0CDF8B6
:1024B00070E01C463293CDF834E0CDF854E09FED47
:1024C000927BCDE91DEE8DED167B0C9E089F904B07
:1024D000D3F8E45002F018FC324603462AA93846E5
:1024E000CDF80080A8470028034600F0B780C0F26E
:1024F000AD802A9A252A01D01E44E8E70C9B0546A8
:10250000F71A40F0AF8000234FF0FF32751C96F8A9
:1025100001908DF89F300E930B9207930135A9F12E
:1025200020035A2B00F2F680DFE813F09704F40042
:10253000F4008F04F400F400F4006D04F400F400DF
:1025400052036403F4005D03AB04F400A3045B00D6
:102550005B005B005B005B005B005B005B005B00A3
:10256000F400F400F400F400F400F400F400650159
:10257000F40096021604650165016501F400F4009B
:10258000F400F4000E04F400F400D703F400F400A7
:10259000F400BE02F4004F04F400F4009808F400C4
:1025A000F400F400F400F400F400F400F400650119
:1025B000F4009602BC016501650165014304BC019C
:1025C000B501F4003704F400C70396036A03B501AC
:1025D000F400BE02B2010703F400F400C608F400E0
:1025E000B201A9F13003002202EB820215F8019B2F
:1025F00003EB4202A9F13003092BF5D90E928EE7C5
:102600000A9D5046294602F0CDFA002841F0D887AD
:10261000B5F90C3003F01A020A2A7FF43FAF0A9989
:10262000B1F90E20002AFFF639AF4A6ED20702D464
:102630009F0541F1688323460C9A0A99504602F09F
:1026400045F80D900D985FB0BDE8F08F082200218D
:10265000404604F005F901231E4438E70C9B05466B
:10266000F71A11D00C9B339AC4E900370132349B1E
:10267000072A3B443392349312DC08340D9B3B44CD
:102680000D93002D7FF43FAF349BDDF820A0002B8D
:1026900041F02F8300220A9B3392B3F90C3011E0F2
:1026A00032AA0A99089802F053F840B935ACE5E728
:1026B000DA460F9B1BB10F995046FFF7BDFD0A9BF1
:1026C000B3F90C300A9A526ED40740F1D7805A06FB
:1026D00000F12F820D985FB0BDE8F08F9F0540F1AB
:1026E00018829E047FF5C5AE95047FF5CAAE0A9B9D
:1026F0009B899E0500F11D820A9B986DFFF702FDE4
:1027000017E200BFAFF300800000000000000000EF
:10271000E00C02200C95B9F1000FB5D00023012286
:1027200045AF8DF814918DF89F300F9310920B9355
:1027300018930992CDE91333079B349D13F084035A
:10274000AE4600F0E9809DF89F20EAB1339800265C
:10275000013001220135626007280DF19F02CDE9A9
:102760003305226000F35F8408346EB13398013082
:1027700028AA0235226007284FF00202CDE933056E
:10278000626000F35D840834802B00F097830B9B1C
:10279000109A9E1A002E00F3D080079BDB0500F1F3
:1027A0000481109B27601D446360339B3495013383
:1027B000072B339300F3E5830834079B5E0705D5A9
:1027C0000E9B099A9E1A002E00F348840999DDE9B0
:1027D0000D328A42ACBF9B185B180D93002D40F060
:1027E000AA83002333930F9B1BB10F990898FFF71F
:1027F00023FD35AC69E6129B4FF0FF320C95073391
:1028000023F00701A34BB1EC027B57EC176B12913D
:1028100027F000418DED207A2191DDE920AB8DED8F
:10282000167B50465946EFF7C3FE002840F0148649
:102830004FF0FF32974B50465946EFF7F1FE0546F1
:10284000002840F00986079B00223046394623F0D5
:10285000800307930023EFF7CFFE002841F0C683E3
:10286000B9F1470F9DF89F30CCBF8B4F8B4F002B9A
:1028700041F0688503220F93109258E799053FF5C0
:1028800026AF0A9CA06DFFF73DFCB4F90C301EE7A3
:1028900095F8009042E6079B95F8009043F02003DE
:1028A00007933BE607990C95880640F1B285129B89
:1028B0000791073323F007031A465B6852F8085B59
:1028C0001E461292002BC0F259820B9A002AC0F2C7
:1028D0004981079B23F08003079355EA060340F0E4
:1028E0004181131E18BF0123002A40F03B811A4684
:1028F0000F939DF89F305EAF349D191E079BAE4627
:102900000B9218BF012113F08403109209911892C1
:10291000CDE913227FF417AF0E9A0999561A002EAB
:1029200000F3B8849DF89F20002A7FF40FAF0B9B23
:10293000109A9E1A002E7FF730AF102E339ADFF8D0
:1029400060A123DD29461023DDF820B00A9D02E0B6
:10295000103E102E19DD013210315148072AC4E90A
:102960000003CDE9332104F10804F1DD32AA294640
:10297000584635AC01F0ECFE00287FF499AE103ECD
:102980001023102EDDE93321E5DC0D4601323544FC
:10299000C4F800A0072A6660CDE9332500F3A484BB
:1029A000079B0834DB057FF5FCAEB9F1650F40F3FA
:1029B000F28200220023DDE91601EFF70BFE00286A
:1029C00000F08D83339B0135364A01333495226004
:1029D0000122072B3393626000F35C870834299B44
:1029E000159A934280F29084199B1A9A1D44C4E967
:1029F0000023339B34950133072B339300F38D86EB
:102A00000834159B5E1E002E7FF7D7AE102E339B29
:102A1000DFF88CA040F3AB821027DDF82090DDF8C2
:102A200028B003E0103E102E40F3A1820133103590
:102A3000072BC4E900A7CDE9333504F10804F1DD23
:102A400032AA5946484601F083FE002840F000872C
:102A500035ACDDE93335E5E7129BB9F1430F0C9551
:102A600003F1040500F08586079BDE0600F18186F0
:102A7000129B45AF1B688DF8143101230993109305
:102A8000002312958DF89F300F930B931893CDE987
:102A9000133351E6FFFFEF7FCC720110C8720110B3
:102AA000507C0110E0690110129E00230C9556F82D
:102AB000047B8DF89F30002F00F04B86B9F1530F47
:102AC00000F0F486079B13F01003139340F0EE869A
:102AD0000B9B002BC1F2FF801A461399384603F076
:102AE000D3FE9DF89F300F90002801F001840F9ACB
:102AF000D21B109222EAE27209920BB101320992C2
:102B0000139B4FF0730912960B93189314930F9322
:102B100012E60A9DA86DFFF7F3FAB5F90C306A6E5C
:102B200098047FF5A6AC91047FF5ABACD7077FF591
:102B3000DEAD4FF0FF330D93CCE507990C958F0672
:102B400040F14784129B002207338DF89F2023F029
:102B500007035E6853F8085B12930B9B934280F265
:102B6000D98307910A2D76F1000380F0FC860B9B38
:102B700030359DF89FC00DF27717012B8DF87751F6
:102B8000B8BF01230993002313930123109300235B
:102B90000F93BCF1000F02D0099B01330993139BE3
:102BA000002B01F07E85099B02330993079BDDE929
:102BB000330513F08403AE46024600F0C881BCF131
:102BC000000F40F08582CDF860C0CDE913CCCEE592
:102BD000129B53F8042B002A0E9280F2A6830E9AC1
:102BE000129352420E92079B95F8009043F0040313
:102BF000079393E42B2395F800908DF89F308DE494
:102C0000002212990C9547F630030B9D51F8040BE6
:102C10009542ADF8A0308DF89F200346C0F24F8555
:102C2000079D25F0800545F002050795002840F036
:102C30000E870B98002840F00A874FF07809129110
:102C4000079A00239DF89FC05EAF02F0020209932D
:102C5000109313920B939AE707980C95810640F115
:102C6000A783129B073323F007031A46596852F8CB
:102C7000083B129200228DF89F200B9A002A3EDB1F
:102C800020F4906207920B9A002A3BD153EA01028A
:102C900014BF0122002235D110F00101099100F08A
:102CA000498330230DF277170B928DF8773110910D
:102CB0000F921892CDE913223EE5079A129B9206D5
:102CC0000C9503F1040140F1B6831B680D9A1A605C
:102CD000D2175A601291FFF7F8BB079B0C959D061F
:102CE00043F01000BDD4129B1A1D129B00211292BA
:102CF00000221B688DF89F200B9A002AC0DA20F46E
:102D0000806207925EAF03F00702DB08384643EAB1
:102D100041733032C90807F8012D53EA0105F2D199
:102D2000302A03D0079BDD0700F189845EAB0B9A44
:102D3000DB1B9A421093B8BF1A46099200230F93E7
:102D40001893CDE91333F7E4079B95F8009043F00F
:102D500008030793FFF7E2BB079B0C959D0643F022
:102D600010013FF5A4AD129B1A1D129B07911D681F
:102D70001292EE173346002BBFF6A7AD2D236D42FE
:102D80008DF89F3066EB46060B9B002BFFF6EAAEF4
:102D9000079B23F080030793E4E695F80090079BD8
:102DA000B9F16C0F00F0C58443F010030793FFF7EF
:102DB000B5BB95F80090079BB9F1680F00F0C1848E
:102DC00043F040030793FFF7A9BB079B0C9543F023
:102DD00010019B063FF5B6AE129B1A1D0026129BF2
:102DE0000B981B68B0428DF89F601D46C1F2FB80B6
:102DF00021F0800112920791002B7FF4B3AE0028DE
:102E00003FF41EAFAEE6089F384601F083FF4368EB
:102E100018461C93FFF786F91E900646384601F0C7
:102E200079FF836895F800901D93002E3FF476ABF0
:102E3000002B3FF473AB1B78002B3FF46FAB079B69
:102E400043F480630793FFF769BB079B95F80090F5
:102E500043F001030793FFF761BB9DF89F3095F89E
:102E60000090002B7FF45AAB20238DF89F30FFF7A2
:102E700055BB079B95F8009043F080030793FFF73D
:102E80004DBB294611F8019BB9F12A0F01F0B68319
:102E9000A9F13003092B01F28781002202EB8202A3
:102EA00011F8019B03EB4202A9F13003092BF5D97C
:102EB00042EAE2730D460B93FFF731BB0E9B099A72
:102EC0009E1A002E7FF763AC102E339ADFF838A6D7
:102ED00025DD294610235546DDF828B0DDF820A071
:102EE00002E0103E102E18DD01321031072AC4E92D
:102EF0000053CDE9332104F10804F2DD32AA59462A
:102F0000504601F025FC00287FF4D3AB103E35ACD1
:102F10001023102EDDE93321E6DCAA460D460132EE
:102F20003544C4F800A0072A6660CDE9332500F3D4
:102F3000E88308342BE432AA0A99089801F008FCC7
:102F400000283FF44EACDDF820A0FFF7B2BB0E9E88
:102F500009991893761A002ECDE9133300F35381A3
:102F6000BCF1000F3FF403AC0226FFF7F1BB0133C5
:102F70003544C4F800A0072B6660CDE933357FF7F0
:102F80001BAC32AA0A99089801F0E2FB0028DAD1BA
:102F9000349D35AC11E4159B0135339E04F10809CD
:102FA000012B06F1010640F315810123072E27604E
:102FB0006360CDE9336500F31184199B01361A9AD9
:102FC0001D44072EC9E90023CDE9336500F3F883DA
:102FD00009F10809159B00225C1E0023DDE916019A
:102FE000EFF7F8FA002840F0578101360137254401
:102FF000C9F80440072EC9F80070CDE9336500F325
:10300000F58009F108091B9B01361D44C9F80430FD
:10301000072E2CABCDE93365C9F80030B1DC09F1DE
:103020000804FFF7CABB32AA0A9908981F9301F057
:103030008FFB002887D1349D35AC1F9BFFF795BBD4
:1030400032AA0A9908981F9301F082FB00287FF4A6
:103050007AAF349D35AC1F9BFFF796BB102E339B88
:10306000DFF8A8A420DD1027DDF82090DDF828B0D7
:1030700002E0103E102E17DD01331035072BC4E996
:1030800000A7CDE9333504F10804F2DD32AA594630
:10309000484601F05DFB002840F0DA83103E35AC75
:1030A000102EDDE93335E7DC01333544072BC4E965
:1030B00000A6CDE933357FF789AB32AA0A99089883
:1030C00001F046FB00287FF43EAF349DFFF77EBB46
:1030D000002202261892CDE91322FFF739BB299965
:1030E000002940F33181139B159A9342A8BF1346E0
:1030F000002B99460ADD1D44C4E90073339B3495C7
:103100000133072B339300F3A1870834139EB9F1E1
:10311000000FA8BFA6EB0906002E00F3AF84079AA4
:10312000139B50053B4400F1AE86299E159A9642AA
:1031300003DB0799C90740F1AD85199A1A9915441F
:10314000C4E90012339A34950132072A339201F30D
:1031500006800834159A1744961BFF1AB742A8BF79
:103160003746002F0ADD23603D44339B67600133FF
:103170003495072B339301F322800834002FA8BF26
:10318000F61B002E7FF719AB102E339BDFF878A3C8
:103190007FF7EDAE1027DDF82090DDF828B003E0D2
:1031A000103E102E7FF7E3AE01331035072BC4E934
:1031B00000A7CDE9333504F10804F1DD32AA594600
:1031C000484601F0C5FA002840F0428335ACDDE9FD
:1031D0003335E5E7079BDB073FF5E7AE0123072E15
:1031E00027606360CDE933657FF70DAF32AA0A9996
:1031F000089801F0ADFA00287FF4A5AE0DF1D409CE
:10320000DDE93365FFE60223102E7146DFF8FCA2EC
:103210002ADD1F935346A446BA461025DDF820B098
:103220000A9C1F4602E0103E102E18DD01321031BC
:10323000072ACCE90075CDE933210CF1080CF2DD49
:1032400032AA2146584601F083FA0DF1D40C002829
:103250007FF42EAA103E102EDDE93321E6DC38463D
:10326000644657461F9B8246501C7518C4F800A040
:1032700007286660CDE9330500F3D4829DF89F20CE
:103280000834002A40F09080002B3FF480AA1346B7
:10329000FFF76DBA339AB7E7159B012B7FF7B3AEF3
:1032A000112BDFF864A240F3DC831027DDF820B097
:1032B00003E0103C102C40F3D48301361035072E68
:1032C000C9E900A7CDE9336509F10809F1DD32AAA2
:1032D0000A99584601F03CFA00287FF4E9A90DF15B
:1032E000D409DDE93365E4E732AA0A99089801F0C8
:1032F0002FFA00287FF427AE349D35ACFFF74DBA86
:1033000092047FF5BEA814E4079BDF077FF555AA5A
:10331000FFF76ABB21F080020792002B7FF422ACFA
:1033200055EA06033FF48CAC1CE495F80090129328
:10333000FFF7F4B8099A5EAF0B92109218920F92B1
:10334000CDE91322FFF7F8B9339B01356B4A0133FE
:10335000349522600122072B3393626000F35A8672
:103360000834159B0B4300F0E786199B1A9A1D44FD
:10337000C4E90023339B34950133072B339300F3C7
:10338000808604F108020029C0F2328715990133C2
:1033900017600D44072B5160CDE933353FF7F1AD90
:1033A00002F10804FFF709BA1E460023FFF7D0B95F
:1033B0000799129A11F0100152F8043B41F048812C
:1033C000079D15F0400000F093839BB228461292AF
:1033D00050E40799129A11F0100652F8043B7FF45A
:1033E000FDAC079810F0400100F08D839DB20B9B5F
:1033F0008DF89F60002BC0F2678420F0800112924C
:103400000791002B7FF4AEAB002D3FF419ACFFF712
:10341000A9BB079B129AD90652F8045B01F11B81E4
:10342000079B5B0640F1888345F3C03612922DB2AC
:103430003346FFF747BA079BDB0600F10C83079B77
:103440005F0600F13384079B9E0540F10483129BC5
:103450000D9A1B681A703DE4DDE9160102460B4621
:10346000EFF7A6F80646002840F0768729F0200BF3
:10347000BBF1410F40F06B833023B9F1610F8DF840
:10348000A03014BF582378238DF8A1300B9B632BF9
:1034900000F34484DDE91612002AC0F2058745AF27
:1034A0001F900F909DED167B8DED247B29AADDE901
:1034B000240101F045FC00224FF07F53EEF7C2FFDC
:1034C00002460B46CDE9102300220023EFF782F8D5
:1034D00008B101232993B9F1610FCDF84C903E4614
:1034E000BB460CBF064B074B09930B9BDDF824A092
:1034F000591E0B948946DDE9104513E0E06901107F
:10350000D8720110EC720110507C0110607C011027
:103510000022002309F1FF37EFF75CF8002840F0A4
:103520007C87B9460022B44B20462946EEF78AFF35
:103530000D460446EFF72AF80746EFF703F8024670
:103540000B4620462946EEF769FF1AF80730B9F115
:10355000FF3F324604460D4606F8013BD8D192465D
:10356000A64B0022DDF84C90CDE910453D460B9C62
:103570005F46EFF77DF840B90022A04BDDE910016E
:10358000EFF728F8D8B1EB0719D5099B3246CDF8EB
:10359000C0A0D97B16F8013C8B4209D1302002F83B
:1035A000010C309A531E309312F8013C8B42F6D036
:1035B000392B00F0F2870133DBB202F8013C079BA4
:1035C000299A43F00201F31B159309F10F038DF8BB
:1035D000B030531E002B2993C0F2B6872B22092B43
:1035E0008DF8B12000F3FC830DF1B202303302F804
:1035F000013B2CABD31A1B93159B1B9A012B1A442E
:10360000109240F34C86109B199A1344109321F4A6
:10361000806301F0020243F4807313920793109BBE
:1036200023EAE37309931F9B002B00F032864FF0CF
:103630002D0C00238DF89FC00B93FFF7ADBA3023FC
:1036400002380B9A07F8013C5EAB07461B1A9A42F8
:103650001093B8BF1A460992FFF770BB68480C95E3
:10366000079B129913F0200200F09B80073121F094
:1036700007014A6851F8083B53EA0205079E14BF48
:1036800001250025F60702D5002D40F0E98000262F
:103690008DF89F600B9E002EC0F2B880079E26F426
:1036A000906607960B9E002E40F0EC80002D40F0B7
:1036B000E9801291FFF7C4BA52480C95D0E70798F9
:1036C000944612914FF0780940F0020002210790D1
:1036D0004C4813915EAF03F00F011B09415C43EAB4
:1036E0000273120907F8011D53EA0201F3D15EAB20
:1036F0000B9ADB1B9A421093B8BF1A460992FFF748
:1037000046BA32AA0A99089801F022F800287FF4F4
:103710001AAC349D35ACFFF73AB832AA0A9908982A
:1037200001F016F800287FF40EAC349D35ACFFF79D
:1037300068B943F0200395F8019001350793FEF72F
:10374000EDBE43F4007395F8019001350793FEF741
:10375000E5BE0B9B3A460B97062B1296189228BF94
:103760000623CDE91322CDE90F730993264FFEF707
:10377000E3BF0822002130A845AF03F071F8129A88
:1037800030AB08981268394602F0A8FF0346109043
:10379000013300F00687109B23EAE3730993FFF7D8
:1037A0006FB9079D51F8043B15F010057FF464AF25
:1037B000079A12F0400600F093819BB22A465BE71D
:1037C00032AA0A99089800F0C3FF00287FF4BBAB27
:1037D0000DF1D409DDE93365FFF7FCBB32AA0A9984
:1037E000089800F0B5FF00287FF4ADAB0DF1D409C7
:1037F000DDE93365FFF7E1BB000030400000E03F4A
:10380000EC720110D872011000730110079D25F4AD
:103810008065079512914FF0000C079901F00201A5
:10382000139157E732AA0A9908981F9300F090FF66
:1038300000287FF488AB9DF89F20349D1F9B002AB1
:1038400000F046811E4635AC03463398FEF780BF34
:10385000CA46FEF72EBF5046FDF720FFFEF7FFBD1C
:1038600030258DF8A1908DF8A05000258DF89F503F
:103870000B9D002DC0F20083079D25F4906545F057
:1038800002050795129107999DF89FC001F002016A
:1038900013911FE732AA0A99089800F059FF0028EF
:1038A0007FF451AB349D35ACFFF799B80DF1C00AE8
:1038B000082200212B97504602F0D2FF0B9B002BD1
:1038C000C0F28283002509940F969B462C46089EE1
:1038D0000EE045A9304602F001FF421C05F1040547
:1038E000204400F0EB84584507DC00F0FB840446DC
:1038F0002B9A53465259002AEBD110940F9E099CE3
:10390000109B002B00F09383632B40F39384591C8E
:103910000898FDF711F80746002800F0B9860F90C7
:1039200008220021504602F09BFF109D2BAA394629
:103930002B460898CDF800A002F0F6FE854240F034
:103940009F86109900237B5421EAE1719DF89F2006
:103950000991002A40F042840B9212961892CDE908
:103960001322FEF7E9BE079B002209945EA903F427
:103970008063CDF83C90DFF89CB396461C46DDF89A
:10398000749023E0AB19AA463046394643F1000350
:10399000ABFB032C2CF0030202EB9C029B1A4FF0B2
:1039A000CC32EB1A66F1000602FB03F2BAF10A0F01
:1039B000A3FB0B530BFB06224FEA550570F10000E9
:1039C000134445EAC3754FEA53062BD3AB190EF1E6
:1039D000010E01F1FF3743F10003ABFB032020F0A0
:1039E000030202EB90029B1AEB1AA3FB0B3266F167
:1039F00000005B080BFB002243EAC27303EB830366
:103A0000A5EB4303303301F8013C002CBAD099F800
:103A10000030FF2BB6D07345B4D10A2D76F10003E8
:103A200080F0408300225EAB099CDB1B13920B9A53
:103A3000CDF874909A42DDF83C909DF89FC0B8BFD5
:103A40001A46CDF854E010930992FFF7A0B8B04899
:103A50004FF0780916E7129B0D9A1B681A60FFF762
:103A600039B901362544C9F800A0072EC9F8044029
:103A7000CDE933657FF7C5AAFFF7B8BB102E339B9E
:103A8000DFF894A240F3F78051462A46BA464FF039
:103A90001009DDF820B00F460A9D03E0103E102EFD
:103AA00040F3E58001331032072BC4E90079CDE9FA
:103AB000333204F10804F1DD32AA2946584600F0F9
:103AC00047FE00287EF4F4AD35ACDDE93332E5E79E
:103AD000002B00F0DC801346339835ACFEF747BE70
:103AE000079A12F400723FF4C7ADDBB23246C3E569
:103AF000079D15F4007100F0EA800146DBB228460C
:103B00001292FFF7B7B8079810F4007640F0D4800F
:103B10000B991D468DF89F600029C0F2D58007984B
:103B2000129220F080000790002B7FF41BA8002940
:103B30003FF486A8FFF716B8079B12929F0540F145
:103B4000B18045F3C0166DB23346FEF7BBBE0B9A8B
:103B5000079B551C43F4807ADDE916010B4600F003
:103B6000F2801AB9BBF1470F00F0A684002BC0F217
:103B70008C8400239DED167B1F938DED227BB9F184
:103B8000650F00F0FB8200F3F580B9F1450F00F0FE
:103B9000F582B9F1460F40F0F1800B9B159303239A
:103BA000009330AB159D04932BAB0195039329AB88
:103BB00008980293DDE9222301F096F9BBF1460F44
:103BC0000746054440F04D843B78302B00F03984A3
:103BD000299B1D4400220023DDE92201EEF7FAFCB7
:103BE000002840F0B483309B9D4240F2698530212B
:103BF0005A1C30921970309BAB42F9D3299ADB1BC7
:103C0000BBF1470F1392159300F0D180BBF1460F23
:103C100040F0D580079B139903F001030B9A00290C
:103C200043EA020340F3F684002B40F08383139BA6
:103C30004FF066091093079B5B0500F1B883109B5A
:103C400023EAE37309931F9B002B00F09C82099BDE
:103C5000CDF81CA00133099300231A460F932D239E
:103C60000B928DF89F3018921492FEF765BD1546A1
:103C70003A465746924601333544C4F800A0072B14
:103C80006660CDE9333569DC0834FFF748BA35ACF6
:103C9000FEF77DBD1744961BFF1AB742A8BF3746F3
:103CA000FFF76CBAEE173346FEF70CBE129B0D9A67
:103CB0001B681A80FFF70EB8DDB20B9B0E468DF81D
:103CC0009F10002BBFF699AB1292FEF74BBF0798DF
:103CD0001292FEF7CFBF3846FEF724FA9DF89F30C8
:103CE00020EAE07210900992002B3EF409AFFEF733
:103CF00005BF32AA0A99504600F02AFD00283EF47A
:103D0000C9ACFEF7DCBC886DFEF7FCF9FEF793BC8E
:103D1000D8720110CDCCCCCC507C0110591C089825
:103D2000FCF70AFE0746002800F03B84DDE9161286
:103D3000002AC0F2CD831F960F909DED167B8DED6E
:103D4000247BFFF7B3BB0029C0F2CB8306231F9669
:103D50009DED167B0B938DED227B10E732AA0A991D
:103D6000089800F0F5FC00287FF4EDA8349D35ACF0
:103D7000FFF7D5B9B9F1660F3FF40FAF0B9B089869
:103D8000019330AB04932BAB039329AB0293022333
:103D90000093DDE9222301F0A7F8079B0746DE0721
:103DA00000F14D82309B1B1A1593299B1393139B93
:103DB000DD1C02DB0B9A934242DDA9F10209139B41
:103DC0008DF8B090013B002B2993C0F2A0822B22EA
:103DD000092B8DF8B12040F3A382002207990F929E
:103DE0000DF1C70CDFF8F0E46546AEFB032A1E4672
:103DF0002846013D4FEADA0A632E0AEB8A02A3EB5A
:103E00004202534602F1300200F8012CEDDC30335F
:103E100005F8013C831E634580F016840DF1B10264
:103E200013F8015B634502F8015FF9D103F5BC7338
:103E30002CAA6B44C43B1B1A9B1A1B93FFF7DCBBD9
:103E4000139B159A9342C0F20A82079B13F0010F4D
:103E5000139B00F09982199A13441093079B5905FC
:103E600003D5139B002B00F3A082109B4FF0670932
:103E700023EAE3730993E6E6079D25F4806545F0A0
:103E800002050795C6E4149A18990A43159A00F09A
:103E9000E983B8188B46224629461C46DFF840A421
:103EA000DDF8749003461E9D1F97BBF1000F32DCB6
:103EB000149809F1FF39013814901C982944C2E97B
:103EC0000005339834910130072833904DDC0832D7
:103ED0001F1B99F800000B938742A8BF0746002FCD
:103EE0000BDD339839440130349107283390C2E90F
:103EF00000475ADC083299F80000002FACBFC61BFF
:103F00000646002E0ADC044414980028CDDCBBF1E0
:103F1000000F40F3F5820BF1FF3BCEE7102E3398F4
:103F200040F3EB8210941027344613950A9E089DA7
:103F3000CDF860A01D9302E0103C102C22DD013072
:103F400010310728C2E900A7CDE9330102F10802C8
:103F5000F2DD32AA3146284600F0FAFB002840F094
:103F60009E8035AADDE93301E6E732AA0A9908986E
:103F70000B9300F0EDFB00287EF4E5AF349935AAF1
:103F80000B9BA5E72646139D109CDDF860C01D9B8A
:103F900001303144C2F800C007285660CDE9330132
:103FA00060DC083299F80000ADE732AA0A99089857
:103FB000109300F0CDFB00287EF4C5AF99F8000007
:103FC00035AA3499109B98E700232BAA0898194624
:103FD000CDF800A002F0A8FB03461090013300F0DA
:103FE0006C832B978CE41292FEF7BBBD2D23B9F1A5
:103FF000470F8DF89F3000F3DC8003222B46B54F2E
:104000000F95109204220B9318930992CDE9133364
:10401000FEF792BB32AA0A99089800F099FB002893
:104020007EF491AF299935AC349DFFF79AB99DF88C
:104030009F301296003B18BF01230993109B0B93EE
:1040400018930F93CDE91333FEF776BB32AA0A9982
:10405000089800F07DFB00287EF475AF349D35ACE8
:10406000FFF754B832AA0A990898109300F070FB31
:1040700000287EF468AF99F8000035AA3499109BA7
:1040800041E732AA0A99089800F062FB00287EF402
:104090005AAF299935AADDE93335FFF774B9AA4635
:1040A000FEF707BB1E9A1C99A7EB020A504600F0C8
:1040B000F9FD99F801300BB109F10109AB19864AF4
:1040C0004FF0CC314FF0010E43F100030AF1FF37FE
:1040D000A2FB030C2CF0030000EB9C001B1AEB1A54
:1040E00066F1000603FB01F1A3FB023002FB06119F
:1040F00023FA0EF3014443EAC17521FA0EF6AB1917
:1041000043F10003A2FB031020F0030101EB900137
:104110005B1AEB1AA3FB023166F1000023FA0EF3DF
:1041200002FB001243EAC27303EB8303A5EB4303D4
:1041300030330AF8013C6AE4079BDE077EF53DABAD
:10414000199B1A9A1D44C4E90023339B349501330B
:10415000072B339395DC04F10802FFF717B932AA55
:104160000A9908980B9300F0F3FA00287EF4EBAE5E
:10417000299E35AC349D0B9BFEF7ECBF0B9B0133A6
:10418000159302230CE59DF89F30002B00F0D3819E
:10419000099A1F9B0132CDF81CA00F9309920B9333
:1041A00018931493FEF7C8BA00230D460B93FEF73D
:1041B000B6B903222B46494F0F95109222E732AA37
:1041C0000A99089800F0C4FA00287EF4BCAE299E33
:1041D00035AC159B349D9E1BFEF7D0BF099A0B93FF
:1041E0000132129618930992CDE91333FEF7A4BA5F
:1041F0004E421031DFF8E8A03EDAB94610245746A7
:1042000002E0103E102E35DD01331035072BC2E9D8
:104210000074CDE9333502F10802F2DD32AA0A99C1
:10422000089800F095FA00287EF48DAE35AADDE9F5
:104230003335E6E7002345AF0F93FFF771BB0B9BC8
:104240000022C5180023DDE92201EEF7C3F900289A
:1042500040F09C80309B9D423FF6C9ACCEE4159B5C
:10426000199A9A18139B002B109240F394804FF0E8
:104270006709E0E4BA464F4601333544C2F800A06E
:10428000072B5660CDE9333500F309810832FFF77B
:104290007DB81F9B9DF89FC00B93FEF77ABCC807A3
:1042A0007FF5B5A9FFF7AFB902F1004345AF2491FF
:1042B00025932D230F901F93FFF7F8B8B2460A9B62
:1042C0000022B3F90C300F9243F040030A9A938115
:1042D000FEF7EFB9C8720110CDCCCCCCCC72011076
:1042E000507C01100B9B099C0F9E1093FFF708BB9D
:1042F0001296002B00F044810B9B4FF073090B903A
:104300005A1C1093189009921490FEF715BA139B3B
:104310002D22C3F101038DF8B120092B3FF75DADCC
:10432000302207998DF8B22000220F920DF1B302CE
:10433000FFF75CB91346199A4FF0660913440B4412
:10434000109378E400230322CDE90F325AE6EB1BE9
:104350001593299B13935DE4079B23F08003079338
:10436000179B13F00043139300F0F8802D230322D2
:10437000B9F1470F8DF89F304FF00003CDE90F32B0
:1043800040F30981AD4F3DE6109367E5299B1393F8
:104390000B9B15930BE5C3F101034FF067091A441A
:1043A00022EAE273109209934DE44FF067091D99D8
:1043B0000B78FF2B00F052810025139A284603E06A
:1043C00001300131FF2B08D0934206DAD21A4B7824
:1043D000002BF5D10B780135F4E713921D91149061
:1043E0001895189A149B1E991344109A01FB0323E5
:1043F000109323EAE37309931F9B002B00F08C803A
:10440000099BCDF81CA0013309932D238DF89F3013
:1044100000230F930B93FEF78FB949460B9CDDF8F1
:104420004C905F460029FFF6CAA84A1C334630204C
:10443000324403F8010B9342FBD131444E1CFFF789
:10444000BEB800220023DDE92201EEF7C3F8002800
:1044500000F0C480299B1393EB18DB1B1593FFF727
:10446000D9BB00220023DDE92201EEF7B3F828B919
:10447000309B9D423FF6BBABDB1B1593299BBBF1E9
:10448000470F13937FF49BAC91E4DDE9161202F120
:104490000043229123932D231F93FFF770BB32AA71
:1044A0000A99089800F054F900287EF44CAD35AA1A
:1044B000DDE93335FEF76ABF0029C0F2958001239C
:1044C0001F969DED167B0B938DED227BFFF757BB5F
:1044D00002F1004324910F9025932D231F93FEF7A3
:1044E000E5BFDDE9161202F10043229123932D234B
:1044F0001F9306230B93FFF742BBDFF848C147E544
:1045000023461F9F14460D46CDF874900B9A934294
:1045100028BF1346FEF709BE9DF89F30002B00F020
:10452000C580099A1F9B0132CDF81CA00F930992F8
:104530000B93FEF701B91F9BCDF81CA00F930B93B3
:1045400018931493FEF7F8B8C2F101032D22092B3A
:104550008DF8B1203FF744ACFFF746B8B9F1470FEB
:104560009DF89F30CCBF354F354F002B7DD10322B6
:104570000B931893109214930F930992FEF7DCB8E3
:104580000B9B4FF07309109309930F9B189314938F
:104590000B93FEF7D1B82A4F34E5099B9B7AFFF7BE
:1045A0000CB80A98B0F90C30426E43F04001D607BF
:1045B00081813EF5BEAA98053EF5BBAAFEF761B91A
:1045C0000A9A536ED8073EF5B4AA938999053EF529
:1045D000B0AA906DFDF796FDFEF7ABBA159BC3F13F
:1045E00001032993FFF7F5BA01F1004322902393C9
:1045F0002D231F9301230B93FFF7C1BA129B95F84C
:1046000001900D4653F8042B42EAE27212930B928A
:10461000FDF784BF33B901234FF066090993109366
:10462000FFF711BB199B4FF066090B9A01331A442F
:1046300022EAE27310920993FFF705BBD4720110CE
:10464000D0720110507C011002231B93FEF7D4BFDF
:104650000798FEF74ABB1946FEF787BB002318935D
:104660001493BEE6BA180B9250E70322002310926F
:1046700004220B930992189314930F93FEF75CB8DE
:104680000A9BDDF820A0B3F90C3043F040031DE68F
:104690000A9BDDF820A0B3F90C300F9043F04003E3
:1046A00014E6139B18931493FEF746B81F9BCDF89E
:1046B0001CA00F930B93FEF73FB8DDF820A0FEE59A
:1046C000DB1B1593299B1393FFF7A4BA2DE9F04147
:1046D00098468B89ADF58D6D164623F0020307468B
:1046E00016A80D46ADF80C301AAB6C460093049337
:1046F0004FF48063029305934B6E1993CB89ADF809
:104700000E30CB6907934B6A099300230693FDF79C
:10471000F3FC3246434669463846FDF781FE061EE5
:1047200007DB69463846FCF78BFE002818BF4FF0C0
:10473000FF36A3895B0603D5AB8943F04003AB8109
:10474000A06DFDF7DBFC30460DF58D6DBDE8F08109
:10475000936810B514461BB918460023636010BD5A
:1047600000F046F80023A3600023636010BD00BF83
:1047700010B50B78722B36D0772B06D0612B2BD04F
:10478000044616230020236010BD4FF4C0644FF090
:10479000010C08204B7801316BB916E02B2B20F06F
:1047A0001C0E2CF0030303D14EF0100043F0020C5A
:1047B00011F8013F4BB1622B0BD0782BEED111F8E1
:1047C000013F4CF4006C002BF5D144EA0C0414605A
:1047D00010BD4CF4803CEBE74FF402744FF0010C39
:1047E0004FF48470D6E700240420A446D2E700BF2B
:1047F0009368002B00F0B780B1F90CC01CF0080FD3
:104800002DE9F04F174683B080460C4627D00B6940
:104810002BB31CF002033D682DD04FF0000ADFF8E7
:10482000B0B2B94656465E4533465246404628BF6A
:104830005B46002E00F08680E169676AB847002871
:1048400040F38980D9F808308244361A1B1AC9F817
:104850000830002BE7D1002003B0BDE8F08F2146DF
:10486000404600F09FF900287AD1B4F90CC03D68A9
:104870001CF00203D1D11CF0010976D14E460097FD
:10488000002E5BD01CF4007F2068D4F808B000F044
:10489000B280B3455A4600F2E0801CF4906F33D0EA
:1048A0006369216913EB4303A0EB010B48BF01339C
:1048B0004FEA630A0BF1010333445246534501D9D1
:1048C0009A461A461CF4806F00F0E5801146404677
:1048D000FCF732F8002800F0F4805A462169019074
:1048E00001F0E6FFA289019B22F4906242F080026F
:1048F000A28103EB0B0023613246AAEB0B03B34604
:10490000C4F814A0A36020604946019201F0DCFFC6
:10491000A368019AB246A3EB0B0123680026134457
:10492000A1602360009AD1449368A3EB0A039360CB
:10493000002B90D0B4F90CC0002EA3D1D5E900967D
:1049400008359DE7D5E900A608356CE721464046C5
:10495000FCF776FD70B3B4F90C3043F04003A3814B
:104960004FF0FF3078E7002070471E46BA46994660
:1049700018461F4600955EB3002831D04A46A1680C
:10498000B2426369206828BF324603EB010B2169FC
:10499000884201D95A4570DC934261DC3A46E169AC
:1049A0004046656AA847B0F1000BD4DDB9EB0B09AE
:1049B000CCD00120DAF808305F44A6EB0B06A3EB5D
:1049C0000B03CAF80830002B3FF445AF002ED3D1BB
:1049D000009A5668134608320092002EF8D01F68DD
:1049E00032460A21384601F04FFF002866D00130D8
:1049F000A0EB0709C2E72369834216D36269B2427A
:104A000013D86FF00043E1694046676AB34228BF9C
:104A1000334693FBF2F302FB03F34A46B847B0F187
:104A2000000A98DDA6EB0A067CE7B345DA4649465C
:104A300028BFB246524601F047FFA3682268A3EBA5
:104A40000A035244A3602260002BEBD1214640466A
:104A5000FCF7F6FC0028E5D07DE7B346324653E785
:104A60003946019201F030FF019AA36893469B1AE0
:104A7000A36023681344236098E739465A4601F03F
:104A800023FF2368214640465B442360FCF7D8FCA3
:104A900000288BD05FE74046FCF716FA0346002853
:104AA0007FF427AF21694046FDF7C6FBB4F90C300F
:104AB0000C2223F08003C8F800204EE7721C9146B8
:104AC0005DE70C22B4F90C30C8F8002045E700BFC0
:104AD00000FCFF7FB1F90C3070B50C46990796B019
:104AE00007D504F1430301222360C4E9043216B060
:104AF00070BDB4F90E10054600292BDB6A46FDF7A0
:104B000075FA002824DB4FF480612846019EFBF7EC
:104B100013FFB4F90C30A0B306F4704643F08003E1
:104B20004FF480622060B6F5005F2061A38162616E
:104B300035D1B4F90E10284600F0F0F8B4F90C3075
:104B400068B323F003034FF4006243F0010314E061
:104B5000B4F90C3013F0800F28460CBF4FF4806579
:104B600040252946FBF7E8FEB4F90C3048B143F084
:104B7000800300222060C4E904051343A38116B01A
:104B800070BD9A05B3D423F0030304F1430201215D
:104B900043F002032260C4E90421A381A7E74FF494
:104BA0000062EAE738B53E4B05460C461B6813B178
:104BB0005A6B002A5BD0B4F90C3019070BD5226967
:104BC0009AB113F0010221D0636900225B42A26016
:104BD000A361002038BDDA0659D558071BD42269D5
:104BE00043F00803A381002AEBD1990529D51806C3
:104BF00003F0800125D4D80742D49D073DD5A2609B
:104C00000029E6D043F04003A38145E09B0716D47A
:104C10006369A360DDE7216B51B104F14002914269
:104C200004D02846FDF708FBB4F90C3000222263BB
:104C30000021226923F02403C4E90021D0E7A26007
:104C4000C7E721462846FFF745FFB4F90C30226933
:104C500013F001010FD0616900204942A060A161F9
:104C6000002AB6D103F080010029B2D0CAE7184665
:104C7000FCF714FD9FE7980700D46169A160EFE796
:104C80006069A2604042A0610029A2D0BAE709226F
:104C900043F040032A60A3814FF0FF3038BD00BFCE
:104CA0009C0B022040EA01039B0730B501D1032A87
:104CB00017D8844601F1FF3E07E01EF8011F541E7D
:104CC00003F8011B29B122469C466346002AF4D111
:104CD00030BD002CFCD0944403F8011B6345FBD18C
:104CE00030BD0C468446256821460434A5F10133C5
:104CF00023EA050313F0803FDCD1043A4CF8045B4F
:104D0000032AF0D82146D5E7014B93F828017047D4
:104D1000E00C022000487047D00D022038B5002278
:104D2000064D044608462A60EEF7E6FF431C00D015
:104D300038BD2B68002BFBD0236038BD2C1502201A
:104D4000F8B5DFF860C021F0004300270446634552
:104D50000D461646176020D8844653EA0C0C1CD02A
:104D6000DFF844C00A4601EA0C0CBCF1000F09D17F
:104D700000220B4BEDF766FB6FF0350704460A4641
:104D800021F000436FF31E521B1542F07F55A3F232
:104D9000FE3345F400153B44336020462946F8BDF8
:104DA00000005043FFFFEF7F0000F07F2DE9F04F40
:104DB000036985B00C69A342C0F29080013C01F107
:104DC000140500F11408814655F824304FEA840C8C
:104DD00058F8242005EB8407013308EB840B9A4232
:104DE000B2FBF3F642D30020AA46C646CDF80C80AB
:104DF00003468846CDE901C505465AF8042BDEF87E
:104E0000001090B257454FEA124C06FB00508AB290
:104E10004FEA104580B206FB0C55A2EB00021A4483
:104E2000ABB24FEA1545C3EB224392B203EB1143F9
:104E300042EA03424FEA23434EF8042BDDD24146B7
:104E4000DDF80C80DDE901C558F80C3073B9ABF121
:104E5000040BD84504D307E0D84504F1FF3403D24E
:104E60005BF80439002BF7D0C9F81040484601F030
:104E7000EFFA00282EDB00224146944655F8040B39
:104E80000B681FFA80FEAF429AB24FEA1040A2EBC5
:104E90000E026244C0EB224092B200EB134042EAA1
:104EA00000424FEA204C41F8042BE7D258F8242066
:104EB00008EB84036AB9043B434504D807E09845EE
:104EC00004F1FF3403D253F80429002AF7D0C9F8BB
:104ED00010400136304605B0BDE8F08F002005B027
:104EE000BDE8F08F000000002DE9F04F816B9DB010
:104EF00016461F460446299DCDE9046741B1C26BA1
:104F0000012393404A608B6001F028F80023A363DB
:104F1000B7F10009C0F2AA8000232B60744B33EA7A
:104F2000090300F0AE80002200239DED047B51ECCC
:104F3000170B8DED027BEDF74DFB824668B1012327
:104F4000289A13602A9B13B16A4B2A9A13606A4B02
:104F5000069306981DB0BDE8F08F1AAB204601936A
:104F60001BAB0093DDE9022301F04CFBDDF8688008
:104F70005FEA1955099040F09A801B9D454405F25F
:104F80003243202B40F3CD81C3F1400309FA03F9EA
:104F900005F2124326FA03F349EA0300EDF7E4FAB7
:104FA000013D0122A1F1F873129219460022534BE0
:104FB000EDF734FA48A3D3E90023EDF743FA48A309
:104FC000D3E90023EDF716FA06460F462846EDF71B
:104FD000B9FA45A3D3E90023EDF734FA02460B46AC
:104FE00030463946EDF706FA06460F46EDF7CEFA9B
:104FF000002281460790002330463946EDF7FCFA3F
:10500000002840F07581A8EB0508079D08F1FF36E0
:10501000162D089600F25981394B03EBC503DDE9E3
:105020000201D3E90023EDF7E7FA002840F0808180
:10503000B8F1000F40F30F862E4410900F9508969C
:105040000A9000230E93269B092B61D8052B40F371
:105050006D81043B00252693269B023B032B59D8E8
:10506000DFE813F0890286027B027001012329F038
:1050700000492B601E4BCDF8149033EA09037FF4EE
:1050800052AFC9F3130942F20F73289A59EA06097D
:10509000136017D12A9B002B00F01487194B06933D
:1050A00008332A9A069813601DB0BDE8F08FDDE939
:1050B0000201154BA5F2FF35C1F31302CDF848A04C
:1050C000134372E72A9B002B40F038810F4B069365
:1050D0003FE700BFAFF3008061436F63A787D23F14
:1050E000B3C8608B288AC63FFB799F501344D33FD7
:1050F0000000F07FE1690110E06901100000F83F55
:10510000A87C0110507301100000F03F5C73011087
:105110000023269300212046E16300F0F9FE06906B
:10512000002800F06686069BA3631B9B002B03DB15
:10513000079A0E2A40F3E485002227924FF0FF32AF
:105140000B921192129A002A40F018821A9BC3F116
:105150003603089A0E9D1A4408920A9A90461A44F9
:105160000A920121204600F0BFFF0646B8F1000F69
:1051700000F07A85089B002B40F37685089A0A99FF
:1051800042451346A8BF4346C91AA8EB0308D31AE1
:105190000A9108930E9BC3B1002D00F0D6853146CD
:1051A0002A46204601F082F8099F064620463A46E4
:1051B000314600F0C7FF39460746204600F0CEFED4
:1051C0000E9B09975D1B40F0848501230E930121FE
:1051D000204600F089FF0F9B0746002B40F0068316
:1051E000269B012B40F35D83012308990B4413F0A8
:1051F0001F0300F05482C3F12002042A40F3F2841A
:10520000C3F11C030A9A19441A4498440A9208915B
:105210000A9B002B05DD1A460999204601F0A6F8E5
:105220000990089B002B05DD39461A46204601F0FF
:105230009DF80746269B022B109BD4BF4FF0000A17
:105240004FF0010A002B40F0E6820B9B002B00F38D
:105250002F82BAF1000F00F02B820B9B002B40F045
:10526000AE8239460522204600F082FE07460998A4
:10527000394601F0EDF8002840F3A182079BDDF8E4
:1052800018B003F1010A31230BF8013B39462046DF
:105290000AF1010A00F062FE1EB13146204600F01C
:1052A0005DFE0999204600F059FE00238BF800307E
:1052B000289BC3F800A02A9B002B3FF44AAE069817
:1052C000C3F800B01DB0BDE8F08F01231093089B18
:1052D000002B20DB00230A93079B002B16DA0A9A87
:1052E000079BD21A5B420E9300230A920F93AAE601
:1052F0004846EDF727F932463B46EDF76BF90028B3
:105300007FF481AE09F1FF3307937CE6089A0F938F
:105310001A44089295E6C8F101030A930023089302
:10532000DAE7C3F1200306FA03F037E6012593E636
:10533000079B013B079300231093C8E7B74B0693E5
:105340000333AEE64FF0010A279B079A13441193EB
:105350000133012B1E460B93B8BF0126172E40F3D5
:10536000A685012204235B001146013203F11400DB
:10537000B042F8D9E163204600F0CAFD069000284B
:1053800000F03785069BA3630B9B0E2B00F2248154
:10539000002D00F02181079A002A40F3E581A04901
:1053A00002F00F03151101EBC303D3E90067D30526
:1053B00040F154829B4B05F00F054FF00309D3E9F0
:1053C0000823DDE90201EDF761F8CDE90C0185B1B3
:1053D000DFF85082E80740F1D4803046394609F1C1
:1053E0000109F8E80223EDF72DF806466D100F4687
:1053F000F0D132463B46DDE90C01EDF747F8CDE947
:105400000C01109B53B10022874BDDE90C6730463D
:105410003946EDF7F1F8002840F0EE834846EDF705
:1054200091F8DDE90C23EDF70DF8804B0022ECF745
:10543000E1FF0B9B0646A1F15077002B00F0B380F3
:10544000079B18930B9B1393754B1399199303EBBD
:10545000C103DDE90C8913ED027B49464046CDE9E5
:1054600014678DED167BEDF791F80746069EEDF774
:1054700069F8303702460B4640464946751CECF742
:10548000CDFF80468946FFB2DDE91623BAF1000F51
:1054900000F0288200206649ECF7F8FFDDE91423CC
:1054A000ECF7BCFF377042464B4606460F46EDF719
:1054B000DFF8002840F04C844FF0000ADDF84CB0D3
:1054C0000C942BE00AF1010ADA4580F2CE813046D5
:1054D00039460022574BECF7B5FF0022554B0646E4
:1054E0000F4640464946ECF7ADFF89468046EDF74A
:1054F0004DF80446EDF726F802460B463034404698
:105500004946ECF78BFF32463B4605F8014B804697
:105510008946EDF771F8002840F0198442464B4661
:1055200000204149ECF77AFF32463B46EDF764F83C
:105530000028C7D0069A0C9C02E0954200F0FF8339
:10554000AB4615F8013D392BF7D001330692DBB29B
:105550002B70189B03F1010AA3E64FF0010A279B69
:10556000002B40F33C81279B1E4611930B93F5E6DD
:105570004FF0000AE8E64FF0000AF0E703F2334389
:10558000E7E56D1008F1080824E74846ECF7DAFF74
:10559000DDE90C23ECF756FF0022244BECF72AFF41
:1055A0000646A1F150770022234BDDE90C01ECF710
:1055B00035FF32463B4680468946EDF759F80028CC
:1055C00040F0588340464946324607F10043EDF724
:1055D00013F8002840F0F9801B9B002B02DB079A90
:1055E0000E2A2BDDBAF1000F40F047810A9B002BF9
:1055F00000F0F182089B002B00F0ED820A9A0899D6
:1056000013460E9E8A42A8BF0B46D21ACB1A0A92A4
:105610000893002E40F03C839046D8E55C7301105F
:10562000A87C0110807C01100000F03F00001C40AD
:105630000000E03F0000244000001440A64B1993F6
:10564000199B079A03EBC20393ED007B279B002B6A
:105650008DED047B80F25F830B9B002B00F35B835B
:10566000002B40F0B28000229C4BDDE90401ECF7F6
:10567000E9FE02460B46DDE90201ECF7D1FF0B998A
:10568000002840F0A3803123DDF818B020460BF845
:10569000013B00F063FC079B03F1020A01E61C23B7
:1056A0000A9A98441A440A92089A1A440892AFE552
:1056B0000E9B002B40F0DF81079B03F1010ADDF810
:1056C00018800125DDF82CB0DDF8249007E049466C
:1056D00000230A22204600F04BFC01358146394662
:1056E0004846FFF763FB5D4500F1300308F8013BD6
:1056F000EDDB0B9A0025CDF8249002F1FF38002A4B
:10570000069AD8BF4FF0000801329044099901224F
:105710002046029300F02AFE3946099000F098FED8
:10572000002840F3FB82069A02E0904500F00183D6
:1057300018F8013CC34608F1FF38392BF5D0013386
:1057400088F800303946204600F008FC002E3FF46F
:10575000A8AD002D3FF4A1ADB5423FF49EAD294662
:10576000204600F0FBFB98E500F06D82079B5A4A4B
:105770005D4205F00F0302EBC303DDE90201D3E94B
:105780000023ECF75FFE2D11CDE90C0100F08B83B7
:10579000534E4FF00209E9070ED509F10109DDE981
:1057A0000C01F6E80223ECF74DFE6D10CDE90C017B
:1057B0003FF427AEE907F0D46D100836EBE7279BDE
:1057C000DDF818B06FEA030A60E50021204600F01A
:1057D000C5FB279BDDF818B0C3F1000A61E5012382
:1057E00000211193E16327930B93C4E51A46014608
:1057F000204600F05BFD269B0746012B40F3738299
:1058000000230F933B6907EB8303186900F002FC48
:10581000C0F12003E9E43946099800F019FE002898
:10582000BFF613AD002309990A222046079D00F018
:105830009FFB119B05F1FF390990002BCCBF002580
:105840000AF001050E9B002B40F00781002D40F06F
:105850001283119BDDF81CA00B9330E79DED027BBA
:105860004FF002098DED0C7BB1E51B9B0C9C002BCE
:1058700003DB079A0E2A7FF7E3AE269A012A7FF709
:1058800061AC0B9B0E9A5D1EAA42C0F20E82002BE9
:10589000A2EB050580F2F782DDE90A32A3EB0208EC
:1058A0005FE4049B002B7FF49FAC059BC3F31303C1
:1058B000002B7FF499AC059B23F000431B0D1B05C7
:1058C000002B3FF491AC0A9B01330A93089B0133F0
:1058D000089301230F9388E4A87C01100000144072
:1058E000807C0110DDE91401ECF7ACFD069B1F7014
:1058F000139B012BCDE90C0100F0C382069BAA4645
:10590000139A03EB020B0022B94B40464946ECF7D1
:1059100099FD89468046ECF739FE0646ECF712FE03
:1059200002460B46303640464946ECF777FD0AF80A
:10593000016BD34580468946E5D16E1E139B1E44FC
:105940000022AC4BDDE90CAB50465946ECF752FD5A
:1059500042464B46ECF750FE002840F0FF8152468D
:105960005B460020A349ECF759FD42464B46ECF755
:105970007FFE00286AD11B9B002BFFF637AE079BEA
:105980000E2B3FF733AE199B079A03EBC20393ED3F
:10599000007B8DED047BDDE9049ADDE902674A4670
:1059A000534630463946ECF771FDECF7EFFD804683
:1059B000ECF7C8FD4A465346ECF744FD02460B4659
:1059C00030463946ECF72AFD08F13003069A137089
:1059D0000B9B012B00F0DE81C5F1010902944FF011
:1059E000000ADFF80CB24C46DDF82C901CE0DDE933
:1059F000042330463946ECF749FDECF7C7FD8046F5
:105A0000ECF7A0FDDDE90423ECF71CFD0B46024694
:105A100039463046ECF702FD08F1300305F8013B4A
:105A20002B194B4500F0B58152465B46ECF70AFD59
:105A30000022002306460F46ECF7CCFD0028D6D006
:105A4000079BAB46029C03F1010A2AE416F8013CCD
:105A5000B346013E302BF9D07BE5314600230A22C4
:105A6000204600F085FA119B0646CDF81C900B935A
:105A7000002D7FF4F2ABB8F1000F05DD3146424650
:105A8000204600F073FC06460F9B002B40F06A8115
:105A9000B146069D0B9A6B1E0297099F1A44049B00
:105AA00003F001030A920B9302993846FFF77EF93F
:105AB00031468246384600F0CBFC029980464A4681
:105AC00020460AF1300B00F0E5FCC3680146B3BB89
:105AD0000890384600F0BCFC08990890204600F079
:105AE0003DFA269A089B1A435ED10B9B002B00F0CF
:105AF000B881B8F1000FC0F2B0810A9BA846AB4252
:105B000008F801BB00F07C81394600230A222046B8
:105B100000F02EFA4E45074631464FF000034FF095
:105B20000A0220463AD000F023FA494606460023EE
:105B30000A22204600F01CFA45468146B4E720467A
:105B4000CDE908B7029F00F009FAB8F1000F089BF1
:105B500008DB049A269902F0010248EA010852EA99
:105B6000080232D1099901222046029300F0FEFB7F
:105B70003946099000F06CFC0028029B40F38D81AF
:105B8000392B00F046810AF13103AB460BF8013B9B
:105B90003546079B4E4603F1010AD3E500F0E8F9CC
:105BA0004546064681467FE7B8F1000FC0F23C81CA
:105BB000269A48EA02080B9A52EA080800F0348153
:105BC000002B9ADD09975B46029F392B00F021815B
:105BD000AB460133DAE70E9E002E59D1DDF828805E
:105BE000FFF7F5BA3FF414ABC3F13C0358E500BF2F
:105BF000000024400000E03F0B9B002B3FF4C5ACAD
:105C0000119D002D7FF7E8AC079B304639460022F6
:105C1000013B1893AD4BECF715FC02460F4609F11A
:105C200001001646CDE90C67ECF78CFC32463B468A
:105C3000ECF708FC0022A64BECF7DCFB13950646BC
:105C4000A1F1507700E49DED027B4FF002098DED4C
:105C50000C7BFFF7D6BBC8F1010310900A93079B9A
:105C600008930F93FFF7EDB90E9B002B3FF4ADAAFD
:105C7000FFF792BA3123DDF818B0002120460BF867
:105C8000013B00F06BF9079B03F1020AFFF709BB28
:105C90000E9A2046099900F009FB0023DDF82880C0
:105CA0001E4609900E93FFF792BA0E9B01210F9AA0
:105CB0002046EB1A0B9F1A44089B3B440F92089313
:105CC00000F012FA0A9B0646002B40F083809846AB
:105CD0000A972A460999204600F0E8FA012309901C
:105CE0000E93FFF774BA049B002B7FF489ADDDE9B6
:105CF0000412C2F31303002B00F09E800F9181E584
:105D0000079A744B03EBC2034FF0FF3293ED007B15
:105D10000B928DED047B069B5D1C3CE603D1029B40
:105D2000D8073FF500ADC34618F8013D302BFAD037
:105D300008E53123069A0AF1010A137002E5189B5F
:105D4000069201331893312302E40E9DC1E70C9CA7
:105D5000189BAB4603F1010AFFF7A3BA3546069A32
:105D6000FFF7EEBB7168204600F0D2F80546002828
:105D700000F0A180336906F10C010C3002339A0067
:105D800000F096FD29460122204600F0EFFA8146F8
:105D90007FE6029C02460B46ECF72CFB079B06466F
:105DA0000F4603F1010ADDE90423ECF761FC48B971
:105DB00030463946DDE90423ECF70CFC38B118F025
:105DC000010F04D0079B069A1893FFF7B9BBAB46A7
:105DD000FFF767BA0A99089A8A421346A8BF0B468A
:105DE000D21AA1EB030808920B9A8A18D31A0A93C5
:105DF0006FE7394B002240F2AF113848EDF786FFCC
:105E0000079A354609975B46029F02F1010A4E4602
:105E10007CE4079BA846069A354603F1010A39231C
:105E20004E4608F8013B83E41A4609975B46029FF9
:105E3000002A3FF797AEA8E6059B23F000431B0D11
:105E40001B05002B3FF4DDAC0A9B01330A93089B32
:105E50000133089301230F93D4E409975B46029F13
:105E600093E65B460997029F392BD2D0B8F1000F19
:105E70003FF789AE89E6119BCDF81C900B93FFF795
:105E8000ECB92E465CE5089B0B9A134408930A9BD9
:105E9000984613440A93FFF764B97FF476AEDA07A5
:105EA0007FF573AE6CE64FF00209FFF7AABA002146
:105EB000E163FFF760BA0246074B40F2EF21074863
:105EC000EDF724FF064B0693FFF743B8000024408C
:105ED00000001C40A87C0110607301107473011055
:105EE0005073011082B049B15AB16BB113780B6095
:105EF0001278101E18BF012002B0704701A9002AB5
:105F0000F3D1104602B070476FF00100F4E700BF14
:105F100038B5436C05460C464BB153F8240080B1AC
:105F2000026843F824200023C0E9033338BD21224E
:105F30000421FAF7B9FC034668640028EDD100207B
:105F400038BD0121284601FA04F56A1D9200FAF7CE
:105F5000ABFC0028F3D0C0E90145E4E731B1436C64
:105F60004A6853F82200086043F82210704700BFC7
:105F70002DE9F04107460E461C460D6901F1140E4D
:105F80000020DEF8001001308BB285424FEA11414B
:105F900002FB03434FEA134C9BB202FB01CC03EB21
:105FA0000C434FEA1C444EF8043BEADC3CB1B368B6
:105FB000AB4207DD06EB850301355C613561304698
:105FC000BDE8F081716838460131FFF7A1FF8046D6
:105FD000A8B1326906F10C010C300232920000F0D7
:105FE00067FC7B6C726853F82210316043F82260C2
:105FF000464606EB850301355C613561DFE7024605
:10600000024BBA210248EDF781FE00BF6073011018
:10601000D0730110B0F5803F034610D20304102066
:10602000B3F1807F01D208301B02B3F1805F08D347
:10603000B3F1804F10D29A0013D403307047002080
:10604000EEE71A010430B2F1804F06D29B0108D46A
:106050005B00F2D4202070471A46002AFBDB013097
:1060600070470230704700BF03680246590707D0E7
:10607000D8071DD499072AD55B0801201360704703
:1060800099B279B91B0CD9B2A1B11020190701D16D
:1060900004301B09990712D0D90701D401305B08DD
:1060A00013607047D9B241B1180718D10420F0E746
:1060B0000020704718201B0AE8E70820FBE713F0D0
:1060C000040F4FEA930106D002300B46E8E79B0825
:1060D000022013607047DB0804D120207047DB08E2
:1060E0000320DDE70330DBE738B5436C04460D469B
:1060F0004BB15868B0B102685A6000220123456173
:10610000C0E9032338BD21220421FAF7CDFB034661
:1061100060640028EDD1094B002240F24511084887
:10612000EDF7F4FD1C2201212046FAF7BDFB002803
:10613000F1D001220223C0E90123DEE760730110E0
:10614000D07301102DE9F04FD1F8108085B015699A
:106150000E469246A84505DB2A46534645468A46E2
:1061600090461E4605EB0804DAE90113A342B8BFC6
:106170000131FFF7CDFE002800F08C8000F11407FC
:1061800007EB840E774505D23B46002243F8042BEB
:106190009E45FBD814360AF1140906EB880809EB72
:1061A0008505464569D2A5EB0A030AF1150ACDF823
:1061B00008E0AE46153B039423F00303AA4594BFC1
:1061C0009B464FF0000B824605E0090C2DD1B045EF
:1061D00007F104074ED956F8041B8DB2002DF4D0F8
:1061E000CC463C46002301965CF8040B216886B23D
:1061F000E6458AB24FEA104005FB06224FEA1141FC
:106200001A4405FB001101EB124192B24FEA11430F
:1062100042EA014244F8042BE6D8019E07EB0B0248
:10622000536056F8041C090CD1D03B680022484644
:106230003D461C46944602889BB201FB02C202EB1B
:10624000144243EA024345F8043B50F8043B2C68EF
:106250004FEA134C8645A3B201FB0C3303EB124308
:106260004FEA134CE7D807EB0B02B04507F10407E0
:106270005360B0D85046DDE902E4002C02DC05E0B2
:10628000013C03D05EF8043D002BF9D0046105B059
:10629000BDE8F08F0246034B4FF4B1710248EDF7B1
:1062A00035FD00BF60730110D073011012F00303BD
:1062B0002DE9F0411446074632D10E46A4102CD0E9
:1062C0003D6C002D35D004F001034FF00008641040
:1062D0003BB92868B8B1054604F001036410002BEF
:1062E000F7D02A4631463846FFF72CFF36B17B6C93
:1062F000716853F82120326043F8216074B106467A
:1063000028680028E7D12A4629463846FFF71AFFB1
:1063100028600546C0F80080DEE73046BDE8F08121
:10632000013B0F4A52F823200023FFF721FE0646C7
:10633000C4E701213846FFF7EBFD054640B10123D4
:1063400040F27122C0E90432002338640360BAE7E6
:106350000246044B40F245110348EDF7D7FC00BF5D
:10636000707C011060730110D07301102DE9F047AB
:106370000C46904606464FEA62192769A36807EB68
:10638000621749687D1C9D4203DD5B0001319D421F
:10639000FBDC3046FFF7BCFD00284DD0B9F1000F03
:1063A00000F1140C0BDD09F105026346002100EB3E
:1063B000820243F8041B9342FBD10CEB890C04F1DD
:1063C0001403216918F01F0803EB81012BD0C8F1D9
:1063D0002009E6464FF0000A1A6802FA08F242EA7B
:1063E0000A024EF8042B53F8042B994222FA09FAB8
:1063F000F2D80B1B04F11502153B23F00303914265
:1064000038BF002304334CF803A0BAF1000F00D1C9
:106410003D46736C6268056153F82210216043F8B1
:106420002240BDE8F087ACF1040C53F8042B9942EC
:106430004CF8042FF9D8EBE70246034B4FF4EF7109
:106440000248EDF763FC00BF60730110D0730110C8
:1064500084460B690069C01A16D10CF1140C143172
:106460000CEB830201EB830310B401E0944508D2E6
:1064700052F8044D53F8041D8C42F7D005D24FF06A
:10648000FF305DF8044B7047704701205DF8044B06
:10649000704700BF2DE9F04F136983B00E6989463C
:1064A0001546F61A002E14D101F1140702F1140159
:1064B00001EB830107EB830301E09F427ED253F897
:1064C000044D51F8042D9442F7D080F082800126CB
:1064D00003E0FCDB00260D4691466968FFF718FDD6
:1064E000002800F083802F6905F1140B05F11002DC
:1064F000D9F8103009F1140500F114010BEB870EE7
:10650000944605EB830A88460023C660CDF804B0A4
:1065100055F8046B5CF8042F1FFA86FBAA4594B269
:10652000A4EB0B041C444FEA1643C3EB124303EBEA
:106530002443A4B244EA03444FEA234348F8044BFB
:10654000E6D8AAEB090209F11509DDF804B02646E0
:10655000153A22F00302CA4538BF00220BEB0208AD
:106560000A4408F10408141DC645454635D9A1EB77
:106570000B0105EB010C55F8042B1FFA82F9D61814
:10658000120CAE454B44B6B202EB234246EA024639
:106590004FEA2243CCF80060EBD80EF1FF33A3EBB7
:1065A000080323F00303234426B953F8042D013FC5
:1065B000002AFAD0076103B0BDE8F08F0021FFF791
:1065C000A7FC60B101220023C0E9042303B0BDE8A9
:1065D000F08F2B464D4699467FE71346E4E7024687
:1065E000064B40F237210648EDF790FB0246034B7D
:1065F00040F245210248EDF789FB00BF60730110AE
:10660000D0730110F0B5012183B016461F46FFF785
:106610007FFC0546002847D0C7F30A54C7F313038D
:106620000CB143F48013002E019315D101A8FFF79C
:106630001BFD019A012100F120036A6129611CB34D
:10664000A4F23344C3F135001C44089B1C60099B31
:106650001860284603B0F0BD68460096FFF704FDB9
:106660000346DDE9001230B1C0F1200002FA00F06B
:10667000DA4001430192002AC5E905120CBF01214D
:1066800002212961002CDBD1A3F2324305EB810208
:10669000089803601069FFF7BDFC099BC0EB41102F
:1066A0001860284603B0F0BD0246034B40F20F319C
:1066B0000248EDF72BFB00BF60730110D07301108F
:1066C000034649B1FF2A02D801200A7070478A2286
:1066D0004FF0FF301A6070470846704770B50546A6
:1066E00084B05BB11C460F4BD3F8E060234669B120
:1066F0002846B047431C0FD004B070BD094B00F5CD
:106700008274D3F8E06023460029F1D10A46284676
:1067100001A9B047431CEFD100228A2322602B60DD
:1067200004B070BDE00C022010B582B0049C009350
:106730004FF0FF33019400F07DF802B010BD00BFB0
:106740002DE9F04F8BB01C46DDE91478DDF8589048
:106750000290B8F1000F50D000291668C3464FF0E0
:10676000000508BF4FF0FF37924688460196039117
:1067700007E0019B013C53F8040B019300284AD029
:106780006546AF4235D9002C33D0DBF8003006A97E
:10679000019A0493DBF80430126805935B46029873
:1067A000D9F8E060B047431C1CD000EB050CBC4599
:1067B00026D8039B002BDCD000280DDD08F1FF322A
:1067C00006A9019E02EB000E11F8013B02F8013F01
:1067D0007245F9D180440196DAF800200432CAF8F3
:1067E0000020C6E78A210022029B05461960CBF8EB
:1067F000002028460BB0BDE8F08F00F58678ABE7A7
:10680000D846DDF810A0DDF814B02846C8E900AB82
:106810000BB0BDE8F08F0399D84609B1CAF8000063
:106820000CF1FF3500222846C8F800200BB0BDE867
:10683000F08F00BF10B584B0054C06980090079803
:106840000190044800680294FFF77AFF04B010BD7D
:10685000E00C02209C0B02205FF800F0550E002097
:106860005FF800F0211300205FF800F01101002014
:106870005FF800F0590B00205FF800F0F1020020F3
:106880005FF800F0250B00205FF800F0A91400204D
:106890005FF800F09D0B00205FF800F075110020FC
:1068A0005FF800F0B90200205FF800F0FD0A002058
:1068B0005FF800F0BD1300205FF800F039030020FE
:1068C0005FF800F09D0100205FF800F02512002025
:1068D0005FF800F08102002085180010F917001001
:1068E0002D18001015190010651800105D17001004
:1068F000AD18001049170010D9090010B118001088
:10690000A90D0010A91700109918001049180010BF
:10691000CD050010F50500101D6300101145001095
:106920002869011009FF01003EF001604110016873
:106930003EF80168451801603EF000000A2A2A2A44
:106940002050414E4943202A2A2A0A004E6F2073C4
:1069500070696E6C6F636B73206172652061766124
:10696000696C61626C6500004E6F20757365722002
:10697000495251732061726520617661696C616270
:106980006C650000486172647761726520616C61BA
:10699000726D20256420616C726561647920636C7E
:1069A00061696D6564000000486172642061737301
:1069B000657274004F7574206F66206D656D6F721F
:1069C0007900000052656C6561736500626F6F74D9
:1069D000325F77323571303830000000322E332E7E
:1069E000300000007069636F3200000072780000B0
:1069F0004A756C2031392032303236002C206675D1
:106A00006E6374696F6E3A200000000061737365F5
:106A10007274696F6E2022257322206661696C652D
:106A2000643A2066696C6520222573222C206C69EB
:106A30006E65202564257325730A00005553422096
:106A4000737464696E202F207374646F7574000012
:106A500052617370626572727920506900000000A3
:106A60005069636F00000000426F6172642043440C
:106A7000430000005265736574000000556E686144
:106A80006E646C65642049525120307825780A0084
:106A9000657020253032582077617320616C7265F3
:106AA00061647920617661696C61626C65000000E7
:106AB00043616E277420636F6E74696E756520780C
:106AC000666572206F6E20696E61637469766520F9
:106AD000657020253032580063322D3E6270665F4B
:106AE00062756620213D204E554C4C00433A2F558F
:106AF000736572732F70657465722F446F63756D63
:106B0000656E74732F4769744875622F4C696272A1
:106B100065436F6D2F6275696C642F5F6465707378
:106B20002F636F646563322D7372632F7372632FEB
:106B3000636F646563322E630000000063322021BE
:106B40003D204E554C4C000063322D3E656E636F08
:106B5000646520213D204E554C4C000063322D3E93
:106B60006465636F646520213D204E554C4C207C4C
:106B70007C2063322D3E6465636F64655F6265727D
:106B800020213D204E554C4C0000000028434F442E
:106B90004543325F4D4F44455F4143544956452874
:106BA000434F444543325F4D4F44455F33323030AD
:106BB0002C2063322D3E6D6F64652929207C7C205A
:106BC00028434F444543325F4D4F44455F41435452
:106BD00049564528434F444543325F4D4F44455F36
:106BE000323430302C2063322D3E6D6F646529299C
:106BF000207C7C2028434F444543325F4D4F444521
:106C00005F41435449564528434F444543325F4D05
:106C10004F44455F313630302C2063322D3E6D6F4E
:106C200064652929207C7C2028434F444543325FFA
:106C30004D4F44455F41435449564528434F4445D1
:106C400043325F4D4F44455F313430302C20633246
:106C50002D3E6D6F64652929207C7C2028434F449C
:106C60004543325F4D4F44455F41435449564528A3
:106C7000434F444543325F4D4F44455F31333030DD
:106C80002C2063322D3E6D6F64652929207C7C2089
:106C900028434F444543325F4D4F44455F41435481
:106CA00049564528434F444543325F4D4F44455F65
:106CB000313230302C2063322D3E6D6F64652929CE
:106CC000207C7C2028434F444543325F4D4F444550
:106CD0005F41435449564528434F444543325F4D35
:106CE0004F44455F373030432C2063322D3E6D6F6B
:106CF00064652929000000006E626974203D3D2012
:106D000028756E7369676E656429636F64656332A5
:106D10005F626974735F7065725F6672616D65282A
:106D2000633229002862657461203E3D20302E3098
:106D300029202626202862657461203C3D20312EC2
:106D4000302900002867616D6D61203E3D20302EA6
:106D50003029202626202867616D6D61203C3D206A
:106D6000312E302900000000776200006572726FDA
:106D700072206F70656E696E67206D616368696E01
:106D800065206C6561726E696E67206665617475F9
:106D900072652066696C653A2025730A0000000060
:106DA0006572726F72206F70656E696E67206D61BB
:106DB0006368696E65206C6561726E696E672043F9
:106DC0006F6465632032206D6F64656C2066696C4A
:106DD000653A2025730A0000726200006572726FC6
:106DE00072206F70656E696E6720636F6465626F95
:106DF0006F6B2066696C653A2025730A00000000FD
:106E00006E72656164203D3D206E6577616D703105
:106E100076715F63625B6E756D5D2E6B202A206EEE
:106E20006577616D703176715F63625B6E756D5D04
:106E30002E6D00005265616C20464654206F7074C0
:106E4000696D697A6174696F6E206D757374206203
:106E500065206576656E2E0A0000000073742D3E75
:106E600073756273746174652D3E696E76657273B5
:106E700065203D3D20300000433A2F557365727305
:106E80002F70657465722F446F63756D656E7473D2
:106E90002F4769744875622F4C69627265436F6D44
:106EA0002F6275696C642F5F646570732F636F6404
:106EB0006563322D7372632F7372632F6B69737303
:106EC0005F666674722E630073742D3E7375627311
:106ED000746174652D3E696E7665727365203D3D03
:106EE0002031000077203E20302E3000433A2F55CD
:106EF000736572732F70657465722F446F63756D5F
:106F0000656E74732F4769744875622F4C6962729D
:106F100065436F6D2F6275696C642F5F6465707374
:106F20002F636F646563322D7372632F7372632FE7
:106F3000696E746572702E630000000077203C3D1E
:106F40002050490066203C3D20312E3000000000DA
:106F50006E70203E3D203300433A2F5573657273A7
:106F60002F70657465722F446F63756D656E7473F1
:106F70002F4769744875622F4C69627265436F6D63
:106F80002F6275696C642F5F646570732F636F6423
:106F90006563322D7372632F7372632F6E65776131
:106FA0006D70312E630000006E64696D203D3D20E0
:106FB0006E6577616D703176715F63625B305D2EF7
:106FC0006B0000006D6F64656C2D3E415B6D5D2054
:106FD000213D20302E3000004673203D3D203830CA
:106FE00030300000433A2F55736572732F7065740B
:106FF00065722F446F63756D656E74732F47697486
:107000004875622F4C69627265436F6D2F627569B6
:107010006C642F5F646570732F636F646563322DDA
:107020007372632F7372632F7175616E7469736508
:107030002E6300002831203C3C20574F5F455F42C3
:1070400049545329203D3D206E625F656E7472691C
:10705000657300004E73616D203C204C50435F4DC2
:1070600041585F4E00000000433A2F55736572731C
:107070002F70657465722F446F63756D656E7473E0
:107080002F4769744875622F4C69627265436F6D52
:107090002F6275696C642F5F646570732F636F6412
:1070A0006563322D7372632F7372632F6C70632E5E
:1070B00063000000284673203D3D203830303029E1
:1070C000207C7C20284673203D3D203136303030F6
:1070D00029000000433A2F55736572732F70657451
:1070E00065722F446F63756D656E74732F47697495
:1070F0004875622F4C69627265436F6D2F627569C6
:107100006C642F5F646570732F636F646563322DE9
:107110007372632F7372632F6E6C702E63000000A6
:107120006D203C3D20504D41585F4D006E6C702DE0
:107130003E6666745F63666720213D204E554C4C69
:10714000000000006E6C705F737461746520213DF7
:10715000204E554C4C0000006E6C702D3E46732046
:107160003D3D203136303030000000006A203C3D8B
:10717000206E000065203E20302E3000433A2F550F
:10718000736572732F70657465722F446F63756DCC
:10719000656E74732F4769744875622F4C6962720B
:1071A00065436F6D2F6275696C642F5F64657073E2
:1071B0002F636F646563322D7372632F7372632F55
:1071C000706F737466696C7465722E6300000000E2
:1071D000433A2F55736572732F70657465722F442F
:1071E0006F63756D656E74732F4769744875622F90
:1071F0004C69627265436F6D2F6275696C642F5FB5
:10720000646570732F636F646563322D7372632FCF
:107210007372632F73696E652E6300006D6F646512
:107220006C2D3E576F202A206D6F64656C2D3E4C8F
:10723000203C205049000000656E7472696573201F
:107240003E203000433A2F55736572732F7065747A
:1072500065722F446F63756D656E74732F47697423
:107260004875622F4C69627265436F6D2F62756954
:107270006C642F5F646570732F636F646563322D78
:107280007372632F7372632F6D626573742E630064
:107290006D6265737420213D204E554C4C000000FA
:1072A0006D626573742D3E6C69737420213D204EB0
:1072B000554C4C0025730A00202025346420000022
:1072C0002025660A00000000494E4600696E6600EF
:1072D0004E414E006E616E003031323334353637F8
:1072E0003839616263646566000000003031323312
:1072F00034353637383941424344454600000000B2
:10730000286E756C6C2900002E0000004C435F4312
:107310004F4C4C41544500004C435F435459504539
:10732000000000004C435F4D4F4E45544152590000
:107330004C435F4E554D4552494300004C435F540A
:10734000494D45004C435F4D45535341474553001C
:10735000496E66696E697479000000004E614E00E6
:1073600042616C6C6F63207375636365656465640B
:10737000000000002F646174612F6A656E6B696E96
:10738000732F776F726B73706163652F474E552D46
:10739000746F6F6C636861696E2F61726D2D31342B
:1073A0002F7372632F6E65776C69622D63796777CF
:1073B000696E2F6E65776C69622F6C6962632F73DB
:1073C00074646C69622F64746F612E630000000046
:1073D0002F646174612F6A656E6B696E732F776FAE
:1073E000726B73706163652F474E552D746F6F6CB0
:1073F000636861696E2F61726D2D31342F73726312
:107400002F6E65776C69622D63796777696E2F6E71
:1074100065776C69622F6C6962632F7374646C6941
:10742000622F6D707265632E630000000000000023
:10743000FFFFFFFFFFFFFF7F06005250D3F07542B2
:10744000C469011006005250E182887FCC690110A6
:1074500006005250ABB36053DC6901100600525075
:10746000BBFF3CB6E469011006005250861C0302C3
:10747000EC690110060052505422A29DF0690110DF
:1074800005005250DE65F4685C8B03100D0A0000A5
:107490000600525053B4F4A13C6A011000000000F1
:1074A000506A0110606A011094190220686A011084
:1074B000746A011009025400030100807D080B006A
:1074C0000202020000090400000102020004052477
:1074D0000020010524010001042402060524060001
:1074E000010705810308001009040100020A0000D9
:1074F0000007050202400000070582024000000963
:1075000004020000FF00010512011002EF02014019
:107510008A2E090000010102030100000A00000098
:1075200000000306A6000800020002009C001400F0
:10753000030057494E555342000000000000000070
:10754000000080000400010028004400650076006F
:1075500069006300650049006E00740065007200F8
:107560006600610063006500470055004900440063
:1075700000004E007B0062006300370033003900DA
:107580003800630031002D003700330063006400D1
:107590002D0034006300620037002D0039003800F0
:1075A000620038002D0039003100330061003800DE
:1075B00066006300610037006200660036007D00EF
:1075C00000000000050F2100011C100500DF60DD38
:1075D000D88945C74C9CD2659D9E648A9F00000354
:1075E00006A600010000000000000000C5460010D3
:1075F00000000000C9460010D546001001470010E9
:10760000FD46001000000000000000007959001045
:10761000E9590010195A0010655A0010255B001036
:10762000E55B001000000000636F646563325F6318
:107630007265617465000000636F646563325F6446
:10764000657374726F790000400000003000000024
:10765000400000003800000034000000300000004E
:1076600000000000000000001C000000636F646563
:1076700063325F656E636F6465000000636F64650D
:1076800063325F6465636F64655F6265720000000A
:10769000636F646563325F656E657267795F37300B
:1076A00030630000636F646563325F6765745F65B4
:1076B0006E65726779000000636F646563325F64B2
:1076C00065636F64655F333230300000636F6465FB
:1076D00063325F6465636F64655F3234303000002D
:1076E000636F646563325F6465636F64655F3136E1
:1076F00030300000636F646563325F6465636F649C
:10770000655F313430300000636F646563325F64FD
:1077100065636F64655F313330300000636F6465AB
:1077200063325F6465636F64655F313230300000DF
:10773000636F646563325F6465636F64655F373090
:1077400030630000636F646563325F656E636F640E
:10775000655F333230300000636F646563325F65AC
:107760006E636F64655F323430300000636F646550
:1077700063325F656E636F64655F31363030000081
:10778000636F646563325F656E636F64655F313438
:1077900030300000636F646563325F656E636F64F1
:1077A000655F313330300000636F646563325F655D
:1077B0006E636F64655F313230300000636F646503
:1077C00063325F656E636F64655F373030630000FE
:1077D000636F646563325F7365745F6C70635F7061
:1077E0006F73745F66696C7465720000636F6465C3
:1077F00063325F6765745F73706172655F6269743D
:107800005F696E64657800000F0000000A000000E8
:1078100002000000636F646563325F7265627569C0
:107820006C645F73706172655F6269740000000070
:10783000636F646563325F7365745F6E61747572E4
:10784000616C5F6F725F677261790000636F64657E
:1078500063325F7365745F736F66746465630000A1
:10786000636F646563325F6C6F61645F636F6465EF
:10787000626F6F6B000000006B6973735F66667404
:10788000720000006B6973735F6666747269000052
:1078900073616D706C655F6C6F675F616D70000028
:1078A000696E746572705F70617261007261746597
:1078B0005F4B5F6D626573745F656E636F646500D7
:1078C00064657465726D696E655F7068617365008B
:1078D00064657465726D696E655F6175746F630070
:1078E00000000041000020410000404100006041D4
:1078F0000000604100006041000060410000604104
:1079000000006041000060410000604100006041F3
:1079100000006041000060410000604100006041E3
:107920000000604100006041000060410000A0C113
:107930007175616E746973655F576F450000000073
:10794000656E636F64655F576F45000066696E64BE
:107950005F616B73000000006E6C705F6372656145
:10796000746500006E6C705F64657374726F79008B
:107970006E6C7000AB5F57BA89564DBAEFF98C3A0E
:10798000DD2A9D3AF561E7BA6CB306BB7EBF433B87
:1079900040EC623BDD239FBB084BB6BB87DCF63B6C
:1079A000BC4F0C3CD09F38BCE8D751BC4A49873CFF
:1079B000693A9B3CBA60C6BC3A12E9BCEB71163D11
:1079C000CE0A3A3D1C827DBDC09FB2BDDC34193E5B
:1079D000B14BE63EB14BE63EDC34193EC09FB2BD32
:1079E0001C827DBDCE0A3A3DEB71163D3A12E9BCD0
:1079F000BA60C6BC693A9B3C4A49873CE8D751BC4F
:107A0000D09F38BCBC4F0C3C87DCF63B084BB6BB68
:107A1000DD239FBB40EC623B7EBF433B6CB306BBA8
:107A2000F561E7BADD2A9D3AEFF98C3A89564DBAED
:107A3000AB5F57BA9ACB8DBADF4990BA1D3073BA93
:107A4000ECB7DDB9D244103A8344033BDCDD723B32
:107A5000E696A83B0341B73BD9058D3B0676523AE3
:107A6000F5F49DBBBAC93FBCA51695BC40C2B4BCD9
:107A7000B361ABBC22DC51BCA60E533B0298DA3C8E
:107A80009869633D2CC1B03D451DEB3D1C060C3E85
:107A9000683E183E683E183E1C060C3E451DEB3DF8
:107AA0002CC1B03D9869633D0298DA3CA60E533B69
:107AB00022DC51BCB361ABBC40C2B4BCA51695BCC2
:107AC000BAC93FBCF5F49DBB0676523AD9058D3B49
:107AD0000341B73BE696A83BDCDD723B8344033BA6
:107AE000D244103AECB7DDB91D3073BADF4990BA11
:107AF0009ACB8DBA706F737466696C74657200008E
:107B00006332636F6E73745F6372656174650000E6
:107B100074776F5F73746167655F70697463685FC2
:107B2000726566696E656D656E7400006D62657381
:107B3000745F637265617465000000006D62657357
:107B4000745F64657374726F7900000000202020F8
:107B500020202020202028282828282020202020FD
:107B600020202020202020202020202020881010CD
:107B70001010101010101010101010101004040429
:107B800004040404040404101010101010104141E7
:107B900041414141010101010101010101010101D5
:107BA00001010101010101011010101010104242E9
:107BB00042424242020202020202020202020202A5
:107BC0000202020202020202101010102000000045
:107BD00000000000000000000000000000000000A5
:107BE0000000000000000000000000000000000095
:107BF0000000000000000000000000000000000085
:107C00000000000000000000000000000000000074
:107C10000000000000000000000000000000000064
:107C20000000000000000000000000000000000054
:107C30000000000000000000000000000000000044
:107C40000000000000000000000000000000000034
:107C50003030303030303030303030303030303024
:107C60002020202020202020202020202020202014
:107C700005000000190000007D0000000000000069
:107C80000080E03779C34143176E05B5B5B8934618
:107C9000F5F93FE9034F384D321D30F94877825AE4
:107CA0003CBF737FDD4F1575000000000000F03F02
:107CB00000000000000024400000000000005940C7
:107CC0000000000000408F40000000000088C3401A
:107CD00000000000006AF8400000000080842E418F
:107CE00000000000D01263410000000084D79741DB
:107CF0000000000065CDCD41000000205FA00242E1
:107D0000000000E876483742000000A2941A6D4255
:107D1000000040E59C30A2420000901EC4BCD64248
:107D200000003426F56B0C430080E03779C34143F3
:107D300000A0D8855734764300C84E676DC1AB4369
:107D4000003D9160E458E143408CB5781DAF154487
:107D500050EFE2D6E41A4B4492D54D06CFF0804462
:107D6000F64AE1C7022DB544B49DD9794378EA4477
:087D70004C96FE0F010000001B
:107D78003874011044740110507401105C740110BF
:107D880068740110747401108074011090740110EB
:107D98004FF0504330B5026893F900E0EFF31083D9
:107DA80072B6D2E8CF4F0121002CFAD1C2E8441FA5
:107DB800002CF6D1BFF35F8F90F90420002A21DB55
:107DC8004FF0000C144C22780168D2B2C1E88FCF72
:107DD80083F310882378934200D120BF20BF026824
:107DE800EFF3108372B6D2E8CF5F0121002DFAD1EC
:107DF800C2E8451F002DF6D1BFF35F8F90F904202C
:107E0800002AE0DA0022016880F804E0C1E88F2F38
:107E180083F3108830BD00BFAA190220034600B5BD
:107E28000268EFF3108C72B6D2E8CFEF0120BEF1F2
:107E3800000FF9D1C2E84E0FBEF1000FF4D1BFF325
:107E48005F8F93F90420002A0ADB01B10A60002041
:107E580000221B68C3E88F2F8CF310885DF804FBA1
:107E68004FF05042126801201A71F1E74FF050416B
:107E78002DE9F8430027044616461D46DFF87C9096
:107E8800D1F800802168EFF3108372B6D1E8CF0FE4
:107E980001220028FAD1C1E8402F0028F6D1BFF30B
:107EA8005F8F94F90410226800291CDB99F800C040
:107EB8005FFA8CFCC2E88F7F83F3108899F8003052
:107EC800634508D03046294601F06EF90028D9D01C
:107ED8000020BDE8F88320BF3046294601F064F948
:107EE8000028CFD0F4E7002184F80480C2E88F1F6F
:107EF80083F310880120BDE8F88300BFAA19022087
:107F080070B582B001A9064615461C46FFF786FFE4
:107F180038B94FF050439DF9042093F900309A4244
:107F280001D102B070BD2A462346304602B0BDE8F2
:107F38007040FFF79BBF00BF70B505460C4601F0C7
:107F48003FF902460B464FF47A704FF0FF3E6FF050
:107F5800004CE4FB002396457CEB030138BF7246D6
:107F68002846BDE8704038BF6346FFF77FBF00BFB3
:107F78000368EFF3108172B6D3E8CFCF0122BCF1CA
:107F8800000FF9D1C3E84C2FBCF1000FF4D1BFF3B7
:107F98005F8F4FF0FF0C074A80F804C01378013355
:107FA800DBB2137000230268C2E88F3F81F31088A8
:107FB80040BF7047AA190220002108B5134B4FF49F
:107FC800707299601248D960196159619961D961D3
:107FD800196259629962D962196359639963D963BD
:107FE800196459649964D964196559659965D9659D
:107FF800196659669966D966196759679967D9677D
:1080080000F0CEFF034B044A1A6008BD0000105070
:108018007815022040190220800110502DE9F04FF8
:108028001F4B85B0D3F858A0BAF1000F22D0002416
:1080380001254FF4E069DFF870801A4F01E0202C29
:1080480018D00AEA0502611C2346AB46CCB26D0083
:10805800002AF4D004F0010203F0FE06164407EBF0
:1080680046163046C8F858B000F00AFC28B93AEA73
:108078000B0AE4D105B0BDE8F08F00238DF8093074
:10808800B37801A88DF80830F38A0121ADF804907F
:10809800039300F013FC304600F098FBE7E700BFBD
:1080A800000011503815022000301150F0B5BB4BBC
:1080B80085B0D3F8985015F4003674D0B84BB94C45
:1080C800996A94F83B30B84A022B116000F0D480CA
:1080D800002694F87B30022B00F03B8194F8BB30EB
:1080E800022B00F07D8194F8FB30022B00F06C81AC
:1080F80094F83B31022B00F0448194F87B31022B39
:1081080000F0338194F8BB31022B00F0B68194F86B
:10811800FB31022B00F0A68194F83B32022B00F0D1
:10812800968194F87B32022B00F0868194F8BB325A
:10813800022B00F0768194F8FB32022B00F0668166
:1081480094F83B33022B00F0568194F87B33022BD2
:1081580000F0A48094F8BB33022B00F0998194F8C6
:10816800FB33022B00F0B4803EB9904B1B7823B947
:108178004FF400328E4BC3F890204FF44072874B77
:1081880001219B6C01A8C3F30A03ADF804200293F4
:1081980000F094FBEA064FF40036864C07D5FFF74B
:1081A8003DFF264603E0EA064FF01004F7D4EB0340
:1081B80022D57C4C46F48036A37E002B40F0998073
:1081C800012394F83A20E370002A40F0AD8001239F
:1081D8004FF4C061784A84F82330ADF8041092E86F
:1081E800030004AA02E90300194601A800F066FB8F
:1081F8004FF400326E4B1A65E90408D46A041DD4A2
:108208002B042AD4AE4240F0C58105B0F0BD00244D
:10821800624B46F480561C60FFF7CEFE4FF4807325
:10822800012101A8ADF804308DF8084000F046FBA4
:108238004FF400225E4B1A656A04E1D54FF480635F
:10824800012101A8ADF8043000F038FB1022584B8A
:1082580046F480461A652B04D4D54FF4A063012157
:1082680001A8ADF8043000F029FB4FF40062504B30
:1082780046F400461A65C5E794F83A60002E3FF4C4
:1082880028AF94F83C30002B3FF423AF002304F1CF
:10829800200084F83C3000F0C1FA1AE794F87A73A9
:1082A800002F3FF457AF94F87C33002B40F06481E3
:1082B80094F8BB33022B40F0F48094F8BA33002BC7
:1082C80040F0EB8094F8FB33022B7FF456AF3E4628
:1082D80094F8FA33002B3FF447AF94F8FC33002BA3
:1082E8003FF44BAF0023354884F8FC3300F096FA8E
:1082F80043E70221324B294A1966536E9F07FCD582
:108308004FF440520021274800F066FA254800F053
:108318005DFA0222264B5A661A66012394F83A201F
:10832800E370002A3FF453AF254A1366A2F50052C2
:10833800536ED807FCD54FF440520021214800F075
:108348004BFA204800F042FA0122194B5A661A6685
:108358003DE794F87A70002F3FF4C0AE94F87C3073
:10836800002B40F001813E46B8E694F87A71002F60
:108378003FF4C8AE94F87C31002B40F0ED803E46C7
:10838800C0E694F83A71002F3FF4B7AE94F83C3148
:10839800002B40F0D9803E46AFE600BF00001150E8
:1083A80000000B403815022028150220A6190220CB
:1083B800003011501000020000001050181902205F
:1083C800002011505815022094F8FA70002F3FF43D
:1083D8008FAE94F8FC30002B40F08E803E4687E646
:1083E80094F8BA70002F3FF47EAE94F8BC30002B9E
:1083F8007AD13E4677E694F83A73002F3FF4A5AE5B
:1084080094F83C33002B57D13E469EE694F8FA7216
:10841800002F3FF495AE94F8FC32002B5CD13E4619
:108428008EE694F8BA72002F3FF485AE94F8BC3209
:10843800002B49D13E467EE694F87A72002F3FF42D
:1084480075AE94F87C32002B76D13E466EE694F8F1
:108458003A72002F3FF465AE94F83C32002B63D19A
:108468003E465EE694F8FA71002F3FF455AE94F854
:10847800FC31002B50D13E464EE694F8BA71002FDD
:108488003FF445AE94F8BC31002B3DD13E463EE664
:1084980094F8BA33002B3FF462AE94F8BC33002B47
:1084A80071D194F8FB33022B7FF467AE94F8FA335A
:1084B800002B3FF462AE10E70023394884F83C33C0
:1084C8003E4600F0ABF940E60023364884F8BC325B
:1084D8003E4600F0A3F92EE60023334884F8FC3228
:1084E8003E4600F09BF92BE60023304884F8BC3068
:1084F8003E4600F093F9F6E500232D4884F8FC3059
:108508003E4600F08BF9F3E500232A4884F8BC3195
:108518003E4600F083F9FAE50023274884F8FC3149
:108528003E4600F07BF9F7E50023244884F83C3206
:108538003E4600F073F9F4E50023214884F87C32C4
:108548003E4600F06BF9F1E500231E4884F83C3103
:108558003E4600F063F9D0E500231B4884F87C31DF
:108568003E4600F05BF9CDE50023184884F87C30DE
:108578003E4600F053F9B1E50023154884F87C33F2
:1085880000F04CF994E60023124884F8BC3300F05C
:1085980045F986E7104886EA050100F009FE00BFA4
:1085A80058180220D817022018180220D8150220BF
:1085B80018160220D8160220181702205817022071
:1085C80098170220581602209816022098150220A3
:1085D80098180220D81802207C6A01102DE9F0476B
:1085E800848A058BC278A54228BF2546171E18BF66
:1085F8000127641B467882F00102A4B20346C270C8
:10860800848245F4806040EA4730A6BBD3E903265C
:108618006F1E02EB811E55B3052F98BF721C31D90E
:1086280002EB811C721CACEB0204022C2AD93246E4
:108638004FEA95094FEA890A06EB890852F8044B74
:1086480042454CF8044BF9D15545A7EB0A070EEB08
:108658000A040AD016F829600EF829602FB1567856
:10866800012F667001D09278A2701E699C8A2E44F0
:108678001E6140F400400CB940F4804001B1000490
:10868800BDE8F0870EF1FF3E2E4400E0013212F8FB
:10869800014CB2420EF8014FF8D1E6E78368024672
:1086A800186801B1000C5378C0F30900002B3CD0C6
:1086B8002DE9F041D2E90334461E03EB811E40B395
:1086C800052E3BD989014D1C1D44651B022D35D94A
:1086D8007346214600F47F774FEA9008FD1853F857
:1086E80004CBAB4241F804CBF9D1B842A6EB07065C
:1086F80004EB07030EEB07010AD01EF8285004F814
:1087080028502EB14C78012E5C7001D08978997070
:108718001469D38A04440344D382138B14618342BB
:1087280084BF00239382BDE8F081D38A0344D382B7
:10873800138B834284BF002393827047013C0EEB66
:1087480000011EF8013B714504F8013FF9D1DFE74C
:1087580010B50446836800211B68FFF79FFF636814
:108768001B685B0002D5238B834200D010BD2046D6
:10877800BDE810400121FFF791BF00BF084B1B6CFB
:1087880013F0020302D18278D20901D10020704788
:10879800C07EA0F10200B0FA80F04009704700BF27
:1087A8000000115008B5FFF7E9FF50B1054A064B24
:1087B800906A1B68A0F54870C01AC6288CBF0020B4
:1087C800012008BD00000B40281502200023C0E945
:1087D80004338376704700BF10B5836809B11C68FD
:1087E800214082B1114352050DD51A6854050CD4A5
:1087F800084A21F480641C60126C920703D40C238D
:10880800033BFDD28368196010BD8178024800F0EF
:10881800CFFC00BF00001150906A011030B54368CA
:10882800002183B004461D68FFF7D8FE134B40F4BF
:108838008052196CA37889070ED55B060ED025F0F7
:10884800A04545F000550021204663681D6003B02F
:10885800BDE83040FFF7C0BFDB09F0D0A38A002B8A
:10886800EDD0012120460192FFF7B8FE019A25F0CC
:108878000055024345F0A045E5E700BF0000115050
:1088880038B5857E044695B1FFF762FFA38A0BB918
:10889800284638BD2046FFF785FF20B101232377FE
:1088A8000025284638BD2046FFF7B8FFF8E781784D
:1088B800014800F07DFC00BFB06A01102DE9F043CB
:1088C80043780446023B0D4685B0042B13D8DFE8F5
:1088D80003F00348677042000021784B1A7822F0B1
:1088E80001021A701A7822F002021A7059701A7866
:1088F80061F382021A70724B1E687369EFF310827B
:1089080072B6D3E8CF0F01210028FAD1C3E8401F7F
:108918000028F6D1BFF35F8FB2612146304600F0E0
:1089280053FC00237269C2E88F3FB36983F3108850
:1089380048B94FF0E023D3F8F03DDB0708D500BE77
:1089480005B0BDE8F0832A466178207800F034FC51
:1089580005B0BDE8F0835B4A13780133DBB21370CE
:10896800C9E74FF00009584E4B463178DFF860816F
:10897800564F0FE03A6812EB431305D0DB691BB181
:10898800616820789847317809F101095FFA89F31D
:108998008B4217D89942EDD85B1A08EB4313EDE7E1
:1089A800464B1A78D707D3D51A7842F004021A70C2
:1089B800A1E7424B1A78D607CAD51A7822F00402E2
:1089C8001A7098E73D4E3378580737D4F378DA07AA
:1089D800BED5032300273A4A2178166862688DF8C5
:1089E80004108DF805307369CDF80670CDF80A705B
:1089F800ADF80E700292EFF3108272B6D3E8CF0F83
:108A080001210028FAD1C3E8401F0028F6D1BFF39E
:108A18005F8F3046B26101A900F0D6FB7369C3E8E5
:108A28008F7FB36983F31088002882D02A469DF887
:108A380005109DF8040000F0BFFB89E733784FF07C
:108A4800000823F00403337005231D4A8DF8053010
:108A580017682278ADF80E808DF804207B69CDF870
:108A68000680CDF80A80EFF3108272B6D3E8CF0FF4
:108A780001210028FAD1C3E8401F0028F6D1BFF32E
:108A88005F8F3846BA6101A900F09EFB7B69C3E895
:108A98008F8FBB6983F3108838B94FF0E023D3F880
:108AA800F03DD90792D500BE90E72A469DF80510FB
:108AB8009DF8040000F080FB88E700BF98130220AF
:108AC800F0130220A7190220A5190220C8110220BC
:108AD8000876011008B52DED028B08EE100A00F09B
:108AE8001DF8B4EE488AF1EE10FA06D6DFED0A8AD0
:108AF800B4EEE88AF1EE10FA02D4BDEC028B08BDA0
:108B080000F066FBC8EEA87A034621221A60BDEC85
:108B1800028B17EE900A08BD0000000007EE900ACD
:108B2800F1EEE77A17EE900A704700BF81F0004136
:108B380002E000BF83F0004330B54FEA41044FEA3A
:108B4800430594EA050F08BF90EA020F1FBF54EAD5
:108B5800000C55EA020C7FEA645C7FEA655C00F071
:108B6800E2804FEA5454D4EB5555B8BF6D420CDD42
:108B78002C4480EA020281EA030382EA000083EAC5
:108B8800010180EA020281EA0303362D88BF30BD65
:108B980011F0004F4FEA01314FF4801C4CEA1131BB
:108BA80002D0404261EB410113F0004F4FEA03331A
:108BB8004CEA133302D0524263EB430394EA050FA5
:108BC80000F0A780A4F10104D5F1200E0DDB02FA14
:108BD8000EFC22FA05F2801841F1000103FA0EF2A8
:108BE800801843FA05F359410EE0A5F120050EF16E
:108BF800200E012A03FA0EFC28BF4CF0020C43FA9F
:108C080005F3C01851EBE37101F0004507D54FF0AB
:108C1800000EDCF1000C7EEB00006EEB0101B1F5FB
:108C2800801F1BD3B1F5001F0CD349085FEA300041
:108C38004FEA3C0C04F101044FEA445212F5800F4C
:108C480080F09A80BCF1004F08BF5FEA500C50F1E9
:108C5800000041EB045141EA050130BD5FEA4C0CCC
:108C6800404141EB0101013C28BFB1F5801FE9D229
:108C780091F0000F04BF01460020B1FA81F308BF4C
:108C88002033A3F10B03B3F120020CDA0C3208DD18
:108C980002F1140CC2F10C0201FA0CF021FA02F1F3
:108CA8000CE002F11402D8BFC2F1200C01FA02F163
:108CB80020FA0CFCDCBF41EA0C019040E41AA2BF88
:108CC80001EB0451294330BD6FEA04041F3C1CDA50
:108CD8000C340EDC04F11404C4F1200220FA04F070
:108CE80001FA02F340EA030021FA04F345EA03011A
:108CF80030BDC4F10C04C4F1200220FA02F001FADC
:108D080004F340EA0300294630BD21FA04F029465D
:108D180030BD94F0000F83F4801306BF81F48011F6
:108D28000134013D4EE77FEA645C18BF7FEA655C69
:108D380029D094EA050F08BF90EA020F05D054EA3B
:108D4800000C04BF1946104630BD91EA030F1EBF40
:108D58000021002030BD5FEA545C05D14000494144
:108D680028BF41F0004130BD14F580043CBF01F537
:108D7800801130BD01F0004545F0FE4141F470011D
:108D88004FF0000030BD7FEA645C1ABF19461046F8
:108D98007FEA655C1CBF0B46024650EA013406BFF9
:108DA80052EA033591EA030F41F4002130BD00BFB8
:108DB80090F0000F04BF0021704730B54FF4806475
:108DC80004F132044FF000054FF0000150E700BFF6
:108DD80090F0000F04BF0021704730B54FF4806455
:108DE80004F1320410F0004548BF40424FF0000142
:108DF8003EE700BF42004FEAE2014FEA31014FEA85
:108E080002701FBF12F07F4393F07F4F81F06051D3
:108E1800704732F07F4208BF704793F07F4F04BF1E
:108E280041F40021704730B54FF4607401F00045FB
:108E380021F000411CE700BF50EA010208BF70475B
:108E480030B54FF000050AE050EA010208BF70474C
:108E580030B511F0004502D5404261EB41014FF4B5
:108E6800806404F132045FEA915C3FF4D8AE4FF0BD
:108E780003025FEADC0C18BF03325FEADC0C18BFA0
:108E8800033202EBDC02C2F1200300FA03FC20FAF1
:108E980002F001FA03FE40EA0E0021FA02F114443E
:108EA800BDE600BF88420DD98B1883420AD900EB72
:108EB800020C5AB3624613F801CD994202F801CD6B
:108EC800F9D170470F2A0DD802F1FF3CF2B10CF12D
:108ED800010C431E8C4411F8012B614503F8012F46
:108EE800F9D1704740EA01039B07F0B50C460ED054
:108EF80002F1FF3C03460CF1010C013B8C4411F8D4
:108F0800012B614503F8012FF9D1F0BD7047A2F19B
:108F1800100501F1200E01F1100300F1100C25F0ED
:108F28000F05AE4453F8106C10330CF1100C4CF8CC
:108F3800206C53F81C6C4CF81C6C53F8186C734577
:108F48004CF8186C53F8146C4CF8146CEAD101EB1B
:108F5800050C12F00C0F05440CF1100105F110037B
:108F680002F00F050E4618D0043DA0EB040E25F0C4
:108F78000304A4440CF1140C0F6801EB0E05043132
:108F88002F606145F8D1043402F00302A11923448B
:108F980002F1FF3C002AAED1F0BD2A46F8E700BF37
:108FA800830730B546D08418844604E003F8011BD3
:108FB8009D0704D09C46A4456346F7D130BD013ACD
:108FC8000244A2EB0C02032A29D9CCB20F2A04EBE3
:108FD800042404EB04442FD9A2F1100C03F110056A
:108FE8002CF00F0CAC44C3E90044C3E9024410332D
:108FF8006345F8D112F00C0F02F00F0E18D02EF0C6
:10900800030CAEF104051A469C4442F8044B624531
:10901800FBD125F0030404330EF003022344002A95
:10902800CCD0C9B21A4403F8011B9342FBD130BD1E
:109038007246F4E70346C6E79646E0E7844641EA07
:10904800000313F0030349D1403A23D30B680360AC
:109058004B6843608B688360CB68C3600B690361AE
:109068004B6943618B698361CB69C3610B6A036296
:109078004B6A43628B6A8362CB6AC3620B6B03637E
:109088004B6B43638B6B8363CB6BC3634030403163
:10909800403ADBD230320BD30B6803604B68436035
:1090A8008B688360CB68C36010301031103AF3D2FC
:1090B8000C3205D351F8043B40F8043B043AF9D28A
:1090C800043208D0D2071CBF11F8013B00F8013B5D
:1090D80001D30B8803806046704700BF082A13D36A
:1090E8008B07B1D010F00303AED0C3F10403D21A3A
:1090F800DB071CBF11F8013B00F8013BA4D331F892
:10910800023B20F8023B9FE7043AD9D3013A11F811
:10911800013B00F8013BF9D20B7803704B784370A0
:109128008B7883706046704730B586468007CCB22E
:1091380015D00EEB0205F44606E013F8011BA14218
:1091480007D0990706D09C46654563466046F4D12A
:10915800002030BD013A72449E46A2EB0C02032A5D
:109168000CD8002AF4D07346724401E09A42EFD03A
:10917800184613F8011BA142F8D130BD04EB0425B1
:10918800714605EB05458E4651F8043B6B40A3F14B
:10919800013020EA030313F0803FE4D1043A032AA4
:1091A800F1D88E46DDE700BF5FF800F0D910001057
:1091B8005FF800F0550400105FF800F0094B00104C
:1091C8005FF800F0F51100105FF800F0A9600010DA
:1091D8005FF800F0ED200110100000000000000012
:1091E8000000010000000000000000000000020074
:1091F8000000000000000000000003000000000064
:109208000000000000000400000000000000000052
:109218000000050000000000000000000000FF0042
:109228000000000001B5486801318E4600477046CD
:1092380009380149884701BDD10800100000000025
:10924800FFFFFFFFFFFFFF7F00000000000000009E
:10925800000000000000000000000000C00E022016
:10926800DD410010894100100141001071400010DB
:109278000000000000010000F413022010000C00A0
:1092880000000000000000000000000000000000D6
:1092980000000000FF0000000040354500C04145C7
:1092A80000404E4500C05A4500401C4500802245FC
:1092B80000C0284500002F450040354500803B454B
:1092C80000C041450000484500C00F450000164554
:1092D80000401C450080224500C0284500002F455D
:1092E8000040354500803B450080BB440000C84431
:1092F8000080D4440000E1440080ED440000FA44BA
:10930800004003450080094500C00F450000164590
:1093180000401C450080224500C0284500002F451C
:109328000040354500803B45008089440000964454
:109338000080A2440000AF440080BB440000C84441
:109348000080D4440000E1440080ED440000FA4469
:10935800004003450080094500C00F450000164540
:1093680000401C450080224500806D440040834435
:1093780000C08F4400409C4400C0A8440040B5444D
:1093880000C0C1440040CE4400C0DA440040E74475
:1093980000C0F344002000450060064500A00C45CD
:1093A80000E012450020194500002F440000484401
:1093B8000000614400007A4400808944000096441B
:1093C8000080A2440000AF440080BB440000C844B1
:1093D8000080D4440000E1440080ED440000FA44D9
:1093E80000400345008009450000FA430080094415
:1093F800000016440080224400002F4400803B44B3
:1094080000004844008054440000614400806D44DA
:1094180000007A44004083440080894400C08F449F
:109428000000964400409C440080A2430000AF43E3
:109438000080BB430000C8430080D4430000E143E0
:109448000080ED430000FA430040034400800944D3
:1094580000C00F440000164400401C440080224411
:1094680000C0284400002F440000614300007A43F4
:1094780000808943000096430080A2430000AF4368
:109488000080BB430000C8430080D4430000E14390
:109498000080ED430000FA43004003440080094483
:1094A80000C00F4400001644010000000400000042
:1094B80010000000E8170020010000000400000070
:1094C80010000000A81700200100000004000000A0
:1094D80010000000681700200100000004000000D0
:1094E8001000000028170020010000000400000000
:1094F80010000000E8160020010000000400000031
:1095080010000000A8160020010000000400000060
:109518001000000068160020010000000300000091
:1095280008000000481600200100000003000000A9
:1095380008000000281600200100000002000000BA
:1095480004000000181600200000000000000000C1
:1095580000000000000000000000C8410000484270
:10956800000096420000C8420000FA42000016437C
:1095780000002F43000048430000614300007A4385
:1095880000808943000096430080A2430000AF4357
:109598000080BB430000C8430080D4430000E1437F
:1095A8000080ED430000FA43004003440080094472
:1095B80000C00F440000164400401C4400802244B0
:1095C80000C0284400002F440040354400803B443C
:1095D80000C04144000048440000C841000048421F
:1095E800000096420000C8420000FA4200001643FC
:1095F80000002F43000048430000614300007A4305
:1096080000808943000096430080A2430000AF43D6
:109618000080BB430000C8430080D4430000E143FE
:109628000080ED430000FA430040034400800944F1
:1096380000C00F440000164400401C44008022442F
:1096480000C0284400002F440040354400803B44BB
:1096580000C04144000048440000C841000048429E
:10966800000096420000C8420000FA42000016437B
:1096780000002F43000048430000614300007A4384
:1096880000808943000096430080A2430000AF4356
:109698000080BB430000C8430080D4430000E1437E
:1096A8000080ED430000FA43004003440080094471
:1096B80000C00F440000164400401C4400802244AF
:1096C80000C0284400002F440040354400803B443B
:1096D80000C04144000048440000C841000048421E
:1096E800000096420000C8420000FA4200001643FB
:1096F80000002F43000048430000614300007A4304
:1097080000808943000096430080A2430000AF43D5
:109718000080BB430000C8430080D4430000E143FD
:109728000080ED430000FA430040034400800944F0
:1097380000C00F440000164400401C44008022442E
:1097480000C0284400002F440040354400803B44BA
:1097580000C04144000048440000C841000048429D
:10976800000096420000C8420000FA42000016437A
:1097780000002F430000484300007A43000096434E
:109788000000AF430000C8430000E1430000FA4373
:1097980000800944000016440080224400002F4441
:1097A80000803B4400004844008054440000614469
:1097B80000806D4400007A4400408344008089445E
:1097C80000C08F440000964400409C440080A2449E
:1097D80000C0A8440000AF440000C841000048424F
:1097E800000096420000C8420000FA4200001643FA
:1097F80000002F430000484300007A4300009643CE
:109808000000AF430000C8430000E1430000FA43F2
:1098180000800944000016440080224400002F44C0
:1098280000803B44000048440080544400006144E8
:1098380000806D4400007A440040834400808944DD
:1098480000C08F440000964400409C440080A2441D
:1098580000C0A8440000AF440000C84100004842CE
:10986800000096420000C8420000FA420000164379
:1098780000002F430000484300007A43000096434D
:109888000000AF430000C8430000E1430000FA4372
:1098980000800944000016440080224400002F4440
:1098A80000803B4400004844008054440000614468
:1098B80000806D4400007A4400408344008089445D
:1098C80000C08F440000964400409C440080A2449D
:1098D80000C0A8440000AF440000C841000048424E
:1098E800000096420000C8420000FA4200001643F9
:1098F80000002F43000048430000614300007A4302
:1099080000808943000096430080A2430000AF43D3
:109918000080BB430000C8430080D4430000E143FB
:109928000080ED430000FA430040034400800944EE
:1099380000C00F440000164400401C44008022442C
:1099480000C0284400002F440040354400803B44B8
:1099580000C04144000048440000C841000048429B
:10996800000096420000C8420000FA420000164378
:1099780000002F43000048430000614300007A4381
:1099880000808943000096430080A2430000AF4353
:109998000080BB430000C8430080D4430000E1437B
:1099A8000080ED430000FA4300400344008009446E
:1099B80000C00F440000164400401C4400802244AC
:1099C80000C0284400002F440040354400803B4438
:1099D80000C04144000048440000C841000048421B
:1099E800000096420000C8420000FA4200001643F8
:1099F80000002F43000048430000614300007A4301
:109A080000808943000096430080A2430000AF43D2
:109A18000080BB430000C8430080D4430000E143FA
:109A28000080ED430000FA430040034400800944ED
:109A380000C00F440000164400401C44008022442B
:109A480000C0284400002F440040354400803B44B7
:109A580000C0414400004844010000000500000027
:109A680020000000581D0020010000000500000033
:109A780020000000D81C00200100000005000000A4
:109A880020000000581C0020010000000500000014
:109A980020000000D81B0020010000000500000085
:109AA80020000000581B00200100000005000000F5
:109AB80020000000D81A0020010000000500000066
:109AC80020000000581A00200100000005000000D6
:109AD80020000000D8190020010000000500000047
:109AE80020000000581900200100000005000000B7
:109AF80020000000D818002000000000000000002E
:109B08000000000000000000E789E73B12339B3D9E
:109B180027878FBDD671BCBD182588BD4F5DB93D5F
:109B2800A35CDA3D4E43D43C444C89BC5A0E743B8A
:109B3800A9C0C9BC89ED6E3DDCF5523C0AF2733D03
:109B4800F01909BBF44E85BDD49AC6BD465D2BBD40
:109B580030621FBB0054713DD13D6B3CBBF0A33D4F
:109B6800753A10BC290909BB1FDAC7BDD3BDAE3D84
:109B78001A6DD5BC7A53B1BDDB511CBC36B0053E5D
:109B8800EAEB393D5ED5193DF209993DCEA74EBDA8
:109B98001F49093D24B811BDD176ACBD3602B1BD0F
:109BA80040FB113C1BD694BDB422CABD1C08C9BCDD
:109BB800DD9648BD302A89BD12D947BD5FD3033D24
:109BC8004164913D16316CBC234C113E703E35BD4D
:109BD800F911DFBDC286A7BC1E8BED3D1CED383CDC
:109BE800793AD7BCC766C73CEDD70D3E6C5E15BD4C
:109BF8007E71A93C9414983DE0645BBDECA49E3D45
:109C0800C5CB933DDF87033D9C69A2BD971ECDBCA4
:109C1800A52CA33DB2F1C03D6F10EDBD384D1F3DE1
:109C28005F79503DBAD7C9BCF5DA6C3D9928E2BDD9
:109C3800EBC8913D9AD27A3CE55F0BBDF24064BD1A
:109C480077DC303DCE3481BD3599313DF8A83FBC35
:109C5800317BD93B1F4A343B3FA9F63C2448A5BA7F
:109C6800624AE43D3943313D19CA89BB63F0B0BC4F
:109C78004AB6BABB4F04713DD1762C3E30F2723DE4
:109C8800CC9802BC1B67B3BD2A54973DAF78AABDD8
:109C9800CA52CB3DF33E8EBC6AF896BC0708663CB8
:109CA800228873BC6760E4BD9031B73DA374E9BCFA
:109CB8006E30B4BDF3599EBD7A3580BD6AF7AB39B5
:109CC800DF6DDEBC1E18C0BDB91BE43D526598BCF3
:109CD8001139BD3DBDC3EDBBC900D03C8FA93B3C8C
:109CE8007BBF513CA6B82ABD9659043CF640AB3C14
:109CF8007BDCD7BDD786AABD8D60E33CD4484BBD7D
:109D0800799234BDF9A152BD7D3FD53DCE354CBACF
:109D1800902F81BDF5D505BE4E62903DBE15093D1B
:109D2800CE37A2BCACE679BDF33AC23DF75624BDA6
:109D38006B80F23D6744693DC4EDB03DA4C2D8BB19
:109D48004AB3393D930035BD0A0FDABD7BC1A7BDC3
:109D5800535B8A3D62A201BD2B896CBC40DE6B3D22
:109D6800AF5AF9BDB72A49BD20EB693D95464CBDB0
:109D780065A6343D0E84843D0393BBBD34B9183DBC
:109D8800161747BD41F339BD0F7E623B016A6A3D34
:109D98007731CD3BB01F62BDCDCE82BDCEFFABBB10
:109DA800D87DA73D50350A3EB1C318BB30A0573DFA
:109DB800302CBFBD7FA5933D849EED3DDCD400BD16
:109DC8005000C5BBC5FF1DBD44A6FCBC008F283C88
:109DD800740CC83C4A96533DF452B1BD01FA3D3D5E
:109DE8005F46B13B2B8A573D3CF994BDD0D6A13D87
:109DF8005EF29F3DEF54C0BD6878B33BD63BDCBBF9
:109E08006F46CD3D9D1290BC2194373D8E23163D63
:109E18008AC8B03CCEC5DFBB7E1C4DBD31EB45BB0F
:109E280052BAB43DC32A5E3C518880BC556C4C3C48
:109E3800DB6D57BD792248BD6EFC09BD8ECC633DF4
:109E4800BC06BD3DB89087BDD97A863CF14987BD2F
:109E5800E869403D861D463BA450D63DB282DF3DB1
:109E680034DB953CB03987BC76C1E0BB1EC18D3B65
:109E78002316913DC520103EFF23D33C0B410E3DD8
:109E88001500A3BD6C054D3DE414DDBD38D81B3B62
:109E980008ADC73DE317DE3CC8CEFBBD32CB1EBBC9
:109EA8006841A8BC089081BDD591C3BD3E2321BEA1
:109EB8005A7E20BDD9B4D23C1957DC3C52499DBAD0
:109EC80070400B3DB43EE5BAF1487C3D40DC55BCE2
:109ED800BABCD9BD33A78BBD98DB3D3D2C9F65BD72
:109EE800A1DA203EF4324ABD1D045D3D892951BDE9
:109EF800B74343BD2C0EA73DBDC5833D0D89FBBCB3
:109F0800BC0291BD9BAD9CBDDD9773BD10794B3CE8
:109F1800897C973D5875D6BCDD951DBD9EB7713DB2
:109F2800329112BD193AF6BC8BDF14BD91D357BDDF
:109F3800CA6D7BBC16DAB9BCB68010BDF7225A3C94
:109F4800BA138C3D14E93EBDF52B1DBCB51927BDD0
:109F58006D37213E58569ABDF33AE2BD9C69023DE1
:109F6800CFDAEDBCB26579BC3FFD273DA92FCBBD4B
:109F78007311DFBD43580DBC1B2A463C1BD8AA3CB5
:109F880069C6223C8A01B2BD95F4703DF12BD6BB5F
:109F98007313B53C1844A4BB261D653BB4213F3D53
:109FA800572551BDBEBE16BD7FDD89BD67D5E7BB50
:109FB800FC35393E45BDE0BC3E42CDBC072421BD41
:109FC800526297BD8C6750BB452FE3BDBBF12EBDD8
:109FD800BAD8B43B67610FBD0515B5BD6B0B2F3EF5
:109FE8005000C53A21CDF8BDCFF3873DB3EC89BD0C
:109FF800EAE8B83B2D05A43D7E552EBD3D7FDABB72
:10A00800DFA815BD656FA93C62812F3DE129E43CBD
:10A01800F549EEBC263920BE1E17D53B187C1A3DE3
:10A028006A68033D185A1D3D50DFB23C6B0FDBBD1B
:10A03800983230BDDDD0943C9832903D96CCB1BB7F
:10A0480094C111BD3179E3BD5CC823BDB08F4E3DCD
:10A05800C900103DEA03893D44A426BD29EB773D9C
:10A06800AA60143D069C253B772F77BCCAA8723D91
:10A078003B3AAE3C8E032FBCE60297BC3430723DAF
:10A0880098F8E33D81785DBD4F90D83D80D852BDAA
:10A098001F8054BCF2B1BBB90F43CBBD077C9EBD3A
:10A0A80050348F3D5F2820BD9DBD93BD93FC48BDB6
:10A0B800C842B4BD9C53C93B83A53A3A0EF3A53DAB
:10A0C800151EB43C008B3CBDA2EC6D3DDA03ADBA65
:10A0D800D6E63FBD643D35BC67D7DD3D613596BAF0
:10A0E800A3CD91BD9C35383D96093FBBB0C659BB41
:10A0F80052F22A3DD2ABC13D46425B3D3128133D69
:10A10800A660CD3DF8FF713DF86C5DBD593247BC86
:10A118006B1111BD1137A73C36E695BD5DE0723D68
:10A12800CBD725BD6F12C3BDBE697ABB26E2ADBDD4
:10A1380076E05C3D569BDF3D0516C0BBDFA815BD2C
:10A1480068CFA53D787D26BDD769A43CA0A86C3D05
:10A158002E74A5BCF512A3BD36CC50BB554D50BDD1
:10A16800EE42033E18420E3D2D5B6B3DA05310BDE1
:10A178007FDD69BD6344A2BA93E4F93D67D391BD1D
:10A188005D8C41BDA20954BD45D7453DE3C457BDCB
:10A19800FBE8D43C50348FBC3BACF0BC42CEFB3C1B
:10A1A800215C413D0B0D44BD427709BD4ACFF43CCB
:10A1B800F5B9BABD50FEAEBD8E23D6BCC0B3BD3D09
:10A1C80071A98A3DF757AFBD58C6A63DE3C2413DC8
:10A1D800C3D8023D039747BDD76C25BD81423D3D9D
:10A1E800594F2D3C5A2B1ABD1399393C71E82DBD96
:10A1F800F52F19BEDAC70A3D596A7DBDE02D103C1E
:10A20800758F6C3DA35AC4BD0F971C3DED66C63DC6
:10A21800AA2909BDAE1111BEAD3168BCE8F8E83C09
:10A228000DFBBDBD36035CBD4206B23DC47B0E3D91
:10A238007A510B3E287CB6BB698BEB3C26C71D3C8C
:10A24800E2B0343D884B4EBD73A087BD412AC53B63
:10A25800E0136B3C6877C83C3C30003AFBB1893D61
:10A268001096B1BC7138F3BDB0E2143D5F0C25BD4A
:10A2780095619C3DB4580ABCC24BB0BD384C34BD46
:10A28800E962D3BC9754ED3C024617BCCA31593D2C
:10A29800B9C110BDCD903ABE62F3D1BDBCB3B63DD5
:10A2A800BBD4883DB0C7043D5707403D2C9A0EBD2E
:10A2B8002F3156BD6DE4BA3CA1BB043E404F033E6E
:10A2C8000D5446BC1959B2BD8D0A9C3BD63AB13DD6
:10A2D800FDBB3E3D7270C93D014C99BC6094203D68
:10A2E800E1D2B1BCE73576BDFFB1F0BD69E1B2BBE3
:10A2F800D8D4793DB6696CBD4372B2BCA4FD0F3D9C
:10A30800D4F0CD3DE2757DBC4580D3BCDE710A3CFE
:10A318005D16533D8DEDB5BAA6B8EABDB22B6DBD3D
:10A328007D772B3DEE0A7D3DF9303B3DA3E5A0BD91
:10A3380031B38FBD827346BD374FB5BDA01AAF3C50
:10A34800D2AA96BB2AC6B9BD43FE19BC257497BDCF
:10A3580017B711BD67F24DBDC711EB3DBF2C0D3EC0
:10A368006799853D50896B3B7DCF88BDFF7714BECB
:10A3780098302A3EDC0D223DBEF7B7BC4E7FF6BCB6
:10A38800999A843C616DEC3D7A55C7BD64C99CBC03
:10A3980033A7CB3D520C103B2591FDBCCFD7AC3C2D
:10A3A8004DF439BDCEFB3FBD2097B83CE46A84BD6F
:10A3B8009A44BD3B49F6483DB24AE9BCEDD79D3CBD
:10A3C800FA445E3D56B8E53C139C3A3D4791B5BB0F
:10A3D800EC176CBCAEF5C5BC842E61BD4A0896BDB1
:10A3E800AC73AC3D7AC5133DACA98CBD91459A3B85
:10A3F800058CAEBD2BBEA13A2D7C3D3DE5D44EBDAE
:10A408004F3CE7BCE1D2B1BD4CA59FBA3A1EB33C64
:10A418006D72783BD6E514BAA6B9B5BD080224BD5D
:10A42800710213BD8DEE60BDC573963D223307BE24
:10A43800A46F52BCCC608CBD0ED8553CB1DCB23D8B
:10A448002E1E1E3D664DECBD2CEF2ABC2B14E9BB1D
:10A458006CD1C23D6F0F42BD679CA6BDC7A0933C9F
:10A46800594FADBC5C58F7BDE3FE233D3F1EFA3B98
:10A4780007B7B5BD0DA922BCD600A53C1E17553D92
:10A48800508CACBC6CE9F1BDD368D23D57B564BD06
:10A498005C21AC3B05A47DBDA96A823DBDC36DBCF2
:10A4A80034F6A5BC4E9BF13C791E5CBC0611A9BCD8
:10A4B800F0F8B63D71218F3A596D3EBD142115BE95
:10A4C800444FAABDFAEF21BEEBFD8EBE87A66C3BBA
:10A4D8009AD0643DD76984BD9ECEB5BD01DAB63D3C
:10A4E8008CA3F2BC2E37B8BDB9E08C3CE27688BDAF
:10A4F800CF6956BD0804BA3DF04DB3BD9835B139A2
:10A508004391AE3DAD18AEBB460AC53D3430923DD1
:10A5180026C49CBD31989FBD026127BD97E4803D4C
:10A52800C5392A3D43FF843C6C778FBC740A723C62
:10A538001CD0D2BC302DEA3C41F58F3D4088643DAB
:10A54800AE10D6BC0F9A9DBD2767A8BDC501343D86
:10A55800E62113BD00551C3EFFCA4ABDF1B7BD3CFC
:10A56800C05C0B3CE56337BDE33424BE3FABCC3C59
:10A57800D49BD1BC2DB192BD27301DBDF433B53D60
:10A588005BECF63D9E603F3D06A0B13DA930363AF2
:10A598003E0881BC6C0AE4BCABCC24BE9D9FC2BD06
:10A5A800E690143D977414BCB70977BC639B14BD3F
:10A5B800514ED4BDF19F6EBD0F0D4BBD6265B43CCD
:10A5C8004BCADD3DE17929BB2176863D793D98BCB2
:10A5D800EB383EBD7619FEBCCCEE893DFDBF6A3C2A
:10A5E8008929113C587380B9DCD7813D863DEDBA85
:10A5F800C93C323D4606B93D2BC182BD29D0A73C96
:10A60800FE9CA23DB680903DCE71EEBDF0A4053D06
:10A6180022358D3D83F7553D176536BDE545C63D69
:10A62800EA07F53C986810BC71AA353D48352CBE40
:10A63800185A1D3CE7AB643D4050CEBD3719D5BC18
:10A64800F19CAD3C05A352BD7102133D77DB85BB80
:10A658008B87F73C780A79BD2061183D12F6ED3BEF
:10A66800392AF73D25ECDB3CF2776F3D096CCEBD0E
:10A67800EF5616BC5402E23C2BDDFD3D55DC38BCE0
:10A6880015E5D2BCB534D7BDE929F23D1E882CBDED
:10A698000D1CD0BC0ADA643A3E2050BC8E5BAC3D3F
:10A6A800E3518ABDABE80FBE8F8B2A3D7E526DBC4D
:10A6B80053B131BDD89F44BDB4739ABD95D35E3DA7
:10A6C800FBC998BC8ACA06BD2C2C283EFE0D5ABD73
:10A6D800F60A0B3D5A9CB1BCEB564FBCB1C017BD36
:10A6E8004C6BD3BA9EB25ABDA4C76FBC4414933CFA
:10A6F800B3CDEDBDA515DFBCD4480B3D6DE610BD4F
:10A70800C005D93C759318BD77DC903D1843993D39
:10A71800EA20AFBC596912BEA94DFC3DEC6A723BF8
:10A72800770FD03C6308803C2A749E3DB29F053D5C
:10A73800EFFEF83D5DDCC63DFCFC773A80D466BD93
:10A74800594C2C3D2F16063C5793A7BD59C4D0BD74
:10A75800B516863D72335C3B3ACE8D3D1382953DEE
:10A76800878B5CBDF77435BD118FA43DF112BCBD5C
:10A778005567353DF705F43B9F3DF7BD903262BC08
:10A7880049A0C1BC655584BD9450FA3C0ABF943DAC
:10A79800B56D983DFEBAB3BDB398D8BCD5CA843D53
:10A7A800185E493DFF79BA3D0FB7C33C677D0A3D46
:10A7B800944BE3BCEE5EEE3D9758D93D8A0368BDE5
:10A7C800022C72BC6404143DA27D2CBB8D60633DD9
:10A7D80088848F3DB0E48A3D48E1FABC07405C3D7F
:10A7E80010AEA0BD4BE8AEBC5072E7BDAB41583DC2
:10A7F800D9CE373D363F9EBD33A921BC90DBCF3D36
:10A808001C7B963DA873C5BC444C493DCA349ABBD1
:10A818004D87CEBC09155CBDA9BD48BD579412BD76
:10A82800FEF15E3D83863E3DC30FCE3C687532BD6A
:10A83800E97E0EBD0A1170BD711DE33B2B69453CD5
:10A84800CBBA3F3D2E8C04BE5C3BD13C3467FDBC8B
:10A85800AAB69B39EC6B5DBD3127383E56F1A63D53
:10A868009D9CA13B7D05E9BCD00B97BD42252E3CA4
:10A878000FEDA33D7828CA3D8FA765BCD5EA6B3D8F
:10A88800FA61843A6EC1923D24628ABDA356983D0E
:10A898009207E23D7E7294BC6BBADEBDD5CC1A3D00
:10A8A8003DB6E53CC09742BD4B7200BDE692CABDBD
:10A8B800587215BDCCCF8DBC1EA4A7BACD5C60BCA8
:10A8C80066DC543D9B8D153DBAA2B43DC538FF3CAE
:10A8D8003DF031BD503685BDB665C03C1B2FDD3C13
:10A8E8009B90D63DC2A478BC84BC1EBD9BE788BBA8
:10A8F8009294743BC7A17E3D1EFAAE3D1D739EBD6A
:10A90800412BD0BDE95FF2BD25ADF83B026167BDC3
:10A91800207CA83D9FE9A53C6CE911BD003A0C3D9F
:10A928001C7ACBBDA6D37ABD56F1C6BC6B4AB23BE6
:10A938002D9622BDC6A3D4BC268A90BB17674C3D72
:10A94800BD3A473B8A73143D20F0C03C0D52F0BB22
:10A95800E00E043E552F9FBD7C6172BD583A9FBCE6
:10A968005DC0CBBC2C2E8E3B560BAC3D15E39CBD7D
:10A97800376ED1BD6B61163D1E3310BDBE69FABB83
:10A988009EEFA7BB910FFABC1F68C53D3BA759BDF9
:10A99800A8A70FBB5394CBBC22714F3D6BF1293D47
:10A9A800A8E030BD2AAD3F3D3A7650BDCC5F613D51
:10A9B800C80B093EE9B6C4BCEE96643A54C469BDF6
:10A9C800962625BA98512C3D717104BECEA683BD3A
:10A9D800ECF91A3D0EF987BDA46C913B5A63003E11
:10A9E8000FD37EBDAA2C8ABDB8AEB83D10CD3CBDF4
:10A9F8003CBDD2BCB5FFA13DE46999BD3A1E33BD4B
:10AA0800417E96BD32B08E3D2A39A7BCCDACA5B8E3
:10AA180071AC4BBD4D4CF7BD1A6E40BDE467233D8C
:10AA2800A514943DCA87203C42EDB73B763539BD25
:10AA3800A1DAE03B959F143DB43A993DF015DDBB92
:10AA48008A1E783C198F92BD9AEA493CE5D18DBAA5
:10AA5800800E733C12C2A33D37C5E3BC5CADD33D49
:10AA68004EED8CBCDA59743CA13068BDE888FC3CDA
:10AA7800A4FFE53CA67E5E3BB80696BD36EAE13DFE
:10AA8800726A673DB9E137BDA587E13DCD59DFBDA4
:10AA98009F3A56BD4F3DD2BADD45B8BD2E0178BDAF
:10AAA80071CADC3DC897D03C97C68FBDD97A06BA23
:10AAB80019C6FDBD7F6D3D3D00E2AEBD7B4FC53D76
:10AAC800FA61C43D810485BD7A1A903DCC600C3D85
:10AAD800DCB71A3DF6979DBD8DB5FF3D4A9613BC70
:10AAE80063B925BCFCC2AB3D22E3513DB45A203DBD
:10AAF80082CA783C83C0AA3D82E6F33C9A413CBDB9
:10AB0800E59BCD3D1F4D753BF19C0DBE4A072BBD06
:10AB1800A60B313C8CBC6C3D36E916BE3351C43DA6
:10AB28003FAD22BC98A7D3BD7E5704BD486DE2BD9A
:10AB38008194F83DD8BA143E42E98B3CCC0AA5BDB5
:10AB48002C11A83CF51138BDB9A72BBCBE111D3D71
:10AB5800D52563BB1213D4BA2E90A03C3946B2BC9B
:10AB68005A7E003EB96F353C04CA863D840F253DA8
:10AB7800FCC3163CB3B453BDE2CB043E414806BE09
:10AB8800616B363D8E95183CF5F4D13DA0519ABDC8
:10AB980086915E3D9013A63C7F673BBD9D63003D5B
:10ABA8009E62D5391442C7BD931ADAB959A5F4BBC8
:10ABB8008F3438BD8944A1BD4DBA2D3D2A72883DD8
:10ABC800745DF83CFDF58ABD588F7B3DA180EDBCD6
:10ABD800B1DB673D3351843B077E14BD78F269BC15
:10ABE800726CBD3CCA5100BCA8A70FB98EC9E2BCA3
:10ABF80028B602BE55BDFCBB624B0FBC8716D9BC3C
:10AC0800C7D5483DFAB73BBE2E1A723D2731883D5D
:10AC180010768A3C5324BFBD8E95B83D6361883C4D
:10AC2800DBFDAABD7EE5C1BCF2962BBCC136E23C79
:10AC3800B58C143E2385323ACEC4343D75AC12BD72
:10AC4800A1BAB93B9E43B9BDB3D1B9BD0AF70ABD94
:10AC58009F1D303D33C4B13CE35340BD0038363D01
:10AC680016A1D8BCACE679BD6AA4253C9B00C3BC40
:10AC78000B42F93C73F478BC65561FBE2BDB87BCCE
:10AC8800FBCEAF3C053667BB11E074BDD4F2033D83
:10AC980035095E3A9676CABD44C0A1BDE6E5303DA9
:10ACA800060E883DB9377F3DA5F9133ECBF3E03B4F
:10ACB8003B378DBD67463F3DF981CB3DF793313D2D
:10ACC8004C706ABCD2FE07BDCA5441BBB2D8263DFF
:10ACD800EEE9AA3DF60C213DC45C523D6808C73B2D
:10ACE800D17496BD6074B9BD2D5FF7BDE19B26BDDB
:10ACF8008142BD3DA663AEBD1AC2B1BCFA7ABE3B65
:10AD08007138D33D4D81CC3CA19DD33C739C9BBDF8
:10AD18001D39123D39B9DFBCDEAD1CBE232D153DF2
:10AD2800FAED6B3DA12DA73DDD5ED23A62F75DBD20
:10AD3800195807BD09C46BBC403192BD7B31143D25
:10AD4800EFE1123D1A6E40BD2BDD1D3D1E5337BD90
:10AD58003ECF9FBDB5C2F4BC691EA03D3673A83D69
:10AD6800B7D52C3CED625A3D1C981CBD895E86BD4A
:10AD7800728C643DCB9D193D164C9C3DE223E2BC90
:10AD8800DA8E293CA14CC33DCB86B5BD8C11493D1B
:10AD98003812E83D753D513D800F1E3D9D9D0C3D8F
:10ADA800BB2965BDDA7018BDC79B7CBCDE550FBEDC
:10ADB8009AB5143D54FF203D790522BC8CF337BD6C
:10ADC800BDA6873C17B751B8CD3CD93DF7587A3C5A
:10ADD80001F827BBF567DFBDB98D46BDA8AA10BD30
:10ADE800EACA273E1617073D9E0A38BD137C533B17
:10ADF8009561FCBD024B2EBCF33D633D464170BBE3
:10AE080049F793BDCEA6E3BD16DE853D4E292F3CFE
:10AE18003F3B203D7EC7F0BA3128F3BDF7C77B3DE5
:10AE2800471E08BB488A08BD936F76BDD2A7D5BC1C
:10AE38004EB7ECBAB70DA3BD52499DB89010A53DC9
:10AE48008ACA063DF6EE0FBD59854DBBBDC3EDBCA4
:10AE58002EC9C13DE02E9BBD9694BBBC01C372BCFC
:10AE6800802D6F3DBC5CE4BD4EB5163D1E1B81BCFC
:10AE7800E19BE6BDF167F83CC4EAAF3D11ACAABC62
:10AE880018B3653D2C81D4BD7EFDF03D93C628BD29
:10AE9800D8BC2A3D5AB8ACBD9E060C3D672A443C36
:10AEA80048DDCEBBA643273D9A4312BDD8F50B3DDE
:10AEB800753BFB3D0D50BA3D5ED559BD012F73BDA5
:10AEC8001F67BA3D295DBABD5B96EFBDFA27B83A50
:10AED8004BAF0D3EFB238C3C473A83BD78F0D33D06
:10AEE800821DFFBC2B51F6BC11A83E3D9FAC08BE8D
:10AEF800DD412CBDBCC90F3E051600BEC040103D4B
:10AF0800404E98BAD218ADBC412A45BC7880C73D9E
:10AF1800E6CDA1BDECDD1FBDA33A5DBD1D57133EB7
:10AF28003F74A13D6D8C1DBA0073ADBCF16823BDA3
:10AF3800A835CDBC1C5F9B3D33A6203DAEF2043D39
:10AF4800E57D1C3D4B391FBD0E16AEBD2F1606BD47
:10AF5800D4D2DCBCCC7FE83D240FC4BCD862F73D1A
:10AF68009C197DBB8BC0D8BCAA0D0EBEB66AB73D76
:10AF78009A95ED3CB66455BD4A7FAFBD59E0EB3DAF
:10AF88007A00AB3D0A13C63C48C1F33DF0528ABD76
:10AF980074089C3C0E15E3BC494CB0BDA9A062BD29
:10AFA8007E8DA43C76E3DDBCC00644BDBDE354BD44
:10AFB8001E3310BD991073BDB8748CBDE066713D29
:10AFC80031CD343D317CA4BD583CF53DA9893EBD09
:10AFD800B74684BDB3EBDEBCEA5E173E0FBA043D4C
:10AFE80078B9883CFD14C73C153AAF3D82E2C7BA30
:10AFF800FFE9863C2B4C1F3D3909A5BC815FA33C6A
:10B008002D98383D4AEF1B3D6CB0B0BD8319D3BCB9
:10B01800AC02353D4D2FD13D83A384BDECC1643DC9
:10B02800A8E5473DF94CF6BC7C0F17BCD1E8EEBD4E
:10B0380040DE8B3D3FE3423D3DEE9BBD1EFD8FBD97
:10B0480058E5423D4607E4BD5C91983B15E291BB4B
:10B05800B553F33C158F8BBB9B5A363CEAAE6C3C20
:10B0680073122A3E6EFA733D1E1B813A707A57BDE1
:10B07800B91A593CA27CC13DC687D93DE5ED883C4B
:10B088003F8FD1BC0459CFBD064B953D9C8CEABD82
:10B09800CF2FCA3C60AF303C3F0154BD54AA043D99
:10B0A8009DA04DBD94A1AABD2D5C563D05C50FBD03
:10B0B8006B0BEFBDD7F7E1BD85B05ABD5C3A863D55
:10B0C800280AF4BC7095A7BC27880A3E9DB987BB9F
:10B0D8004E5EE43D7F6DFDBC13F4973CBC5983BCC8
:10B0E8004F24983C5AB8ACBD862047BD888299BC8D
:10B0F800F146C6BDDBA6B8BDB8019F3CEC3327BD01
:10B10800789C22BCCF87C7BD5931BC3D6039023D10
:10B11800BF81C9BC4E0908BE8A77A03D5EF7B63D1F
:10B128003C6A8CBDB938AABC5AD4273D780B64BD9B
:10B13800AD302D3E76E2F23CF914A03DC8944FBDE7
:10B1480067B5C0BB6F48A3BBD2A7D5BD34828DBD40
:10B15800F207033E83A53A3CB79649BADFA37E3D82
:10B168003484A3BD6B80D23A88DAB63DBF4311BDA3
:10B178000091FE3CD4D1F13C98DAD2BD4D9E32BC50
:10B18800292283BDE220A1BCBB7C6B3D143E9B3DC4
:10B1980015E211BCA7CD78BD86AD59BD01F8A73B16
:10B1A800A9FB803DDA75AF3DD7FAA23CD5E8D53D7D
:10B1B800C218B1BD4416693DE0A1683D4B0254BCBC
:10B1C8002CF0153DCBF70CBCE6AE25BD34492C3D23
:10B1D800F6402B3D2BC1E23CB7F0BCBD77DABA3D57
:10B1E800C1CA21BD95D7CA3C193AB6BD4B768C3D2C
:10B1F80002D4B43D40BE44BD15E291BCE5D5393D0D
:10B20800492EFF3DB4AB10BDBD73683D3CF4BD3D58
:10B2180052495D3DB7D180BCB3B27DBDE3C1163D97
:10B228001E51A13DBF9A83BC842B203BABAEC3BC4F
:10B2380089D193BD280AF4BC3E05C0BB70977D3CFC
:10B24800CD3D043ECA6ABABD2865923D070886BD51
:10B25800F73FC03B7847C6BBEA06CA3D6D8C5D3DEB
:10B26800014C993CAB980A3D69E308BCF6D254BD41
:10B2780035466B3DFE26243EE82FF4BA211E893C54
:10B28800410E0ABD08E87E3D212310BE54FCDF3C78
:10B298002810763DBBB9F83C7368F1BD1CF0793DC8
:10B2A800C896E5BC20B6B4BD6EDB77BB85CC15BEB1
:10B2B80022A6A4BD22FF4C3D5803143D77BE9F3CF7
:10B2C800EA03893D87BFA63C054DCB3C986A66BD1D
:10B2D800CF4C10BE7CB9AFBD8143A83C047374BB8E
:10B2E800ED48253E0B604ABD5DA36539E7E019BB13
:10B2F800B35D61BD36E58A3DC284013ED577FEBCAB
:10B308000953F4BDA29AD2BD2C81943A76A8263C62
:10B318007D95DC3DB56FEEBC7AFE74BDA450163D3C
:10B3280024EEB1BCF3E630BD48C414BB91D101BDD5
:10B338004A5E1D3CF0FBB7BCFE2915BD51DA5B3DEA
:10B3480063277C3D217450BCBEF64C3D2041F1BCC6
:10B358006630063E3F02FFBD6152DCBDE06847BC77
:10B3680036B1403CFC532A3B33C0853C0B4279BD87
:10B3780024B4A5BD91EDFC3C516944BB47C9ABBCA5
:10B3880055A442BC1A53B0BD9D491B3D73814B3C2B
:10B39800F850623D6891EDBB90F72A3DA2B8633D35
:10B3A800740CC8BC61E28FBCA834A2BDB9C4113CFE
:10B3B800C669383EE8305F3D7442E83A0476B5BC69
:10B3C800C808A8BDA8FF2CBC4D4C27BE293FA9BC66
:10B3D800EE0992BC4850FCBC80D33BBD79AFFA3D26
:10B3E800E8DD58BD2C9F05BEBD70C73DCF13EFBD2E
:10B3F800FF3E233DBD70673DA7E973BD357A75BD36
:10B40800A9D898BC35F10E3D4AD3603DFE0FB03B3C
:10B4180057CC88BDA96A02BEB471443D91EF923DF4
:10B42800F08AE03C088ECBBB79B0C53C94A3C0BD84
:10B4380070EEAF3B5C3E12BC97AD953DBFB769BCA3
:10B448003A3DEFBCE8D9CCBD959C93BDBF0A703C92
:10B45800CF108E3D02BC453D7FDA88BD9147B03D97
:10B468003677743C4F3B7CBCA0E238BDB7D3D63CA2
:10B4780032746C3AFE7F1CBDE54310BD1E196B3D4E
:10B48800A8E5C73D43E795BDC975533DB72A09BD32
:10B4980017D8E33CD6A8073B53B3C7BD6F106DBDA3
:10B4A80067B8013E5455A8BDBCAD94BD1711C53B46
:10B4B800C7D7BEBD4D0F8ABC18B2BABCB8C80D3EBE
:10B4C80027C0B03BD15C67BD467DD23D71E5EC3C01
:10B4D80043CB3ABD8DED75BD7252F83DABB2EF3C32
:10B4E800E6ACCFBD8FA67A3DE753073DF69B89BCF6
:10B4F800529C833D386A853DC5FE323C2AA7BD3C37
:10B508007369DC3D0630E53C910CB9BD7DADCBBC23
:10B51800A306D3BB5513443DAE8042BDF8A7B43D46
:10B52800A8E246BCD9D0EDBD27A009BA155810BE6F
:10B538001D05883C0C07823D7638BABC5A4840BD88
:10B548009127893DF0FA8CBD533E843C94A5D63CA6
:10B558007A8931BD54E084BDDACACB3CC22F95BD8F
:10B56800F5D8F63D8F8A9F3D49A0413DE2E73F3C33
:10B57800B9DE36BD50A8273DDFFB9B3D3F53CFBD0D
:10B58800289BF2BC965C85BDB9C1503D05A7BEBCE1
:10B59800A4345B3D793BC23C4966F5BB17BA123D02
:10B5A8002503C03C547163BD422784BB8411FBBB97
:10B5B800E9B9C5BD683EA7BD2921183D0EDD0C3E81
:10B5C80060AD9A3DFCABC7BD78EEFD3D7B4F653C59
:10B5D800AD2FB23D721AA2BC2906A8BDF321A83C22
:10B5E800C042E63B5D6EB0BC8F8914BD0B45BABD49
:10B5F800C2FC35BE317818BCD5E900BD802818BC1E
:10B6080021CB423D46D0B8BD8FFBB63D79E9663DBA
:10B61800AD6BB4BB5DA3E5BDC7BC8E3B28EF833DD6
:10B628001B9B1DBDE61E12BDF65C263D5454FD3B1A
:10B63800E814243EC5FF5DBDF0F8F6BBFAB74B3CF5
:10B64800713BB43C47ADB0BC0FEF99BD1A6DD5BC8A
:10B658009753823C58FF273D06D9B23CF8E20B3D90
:10B66800D5D046BD2D78B1BDA96A423D3FC8323A12
:10B6780048A72E3D3620C23C728CC4BD4162BBBC7B
:10B688005776C1B9A3AC5F3BBD6F3C3D88B9843DDB
:10B698007EFC253C1BA004BEAAEFBCBD4D87EE3D39
:10B6A80032595C3D3B191C3D7D79C13DFF04973CF7
:10B6B800978D0EBDE1B6963D8EE5DD3D4930D53D11
:10B6C8002A534C3DD046AEBCC504B53CA6D4853DF6
:10B6D800B341863DE1ECB63D3483F839B72A89BBDE
:10B6E800FDDB25BD693B86BD7653AABDE0BE8EBC99
:10B6F800D26D493D643D35BDF69B093CF5A18B3DB6
:10B70800207E1E3E71AEE13CC34403BCD8F0743CBD
:10B718001B2B313D9032223D60B00BBE4C5299BC80
:10B72800DB8A7D3DA20D003D240D6E3D075F18BDEF
:10B73800A4E3EABD51A2A5BD17105ABDC4969E3D0B
:10B748007901763C8E79BDBD7B2FBE3B5C3A86BDC8
:10B75800CD3CB9BB7EE195BDC9C6C33D08E6A83D51
:10B768009ACF793D0B5D89B95F7F12BD1DE3AABDF4
:10B778008927FB3D431AB53D65E16BBCC30E63BD2C
:10B78800226FB9BB4DBD8E3D19E684BD8A92103C2F
:10B79800B6F4A83D7171543D23BE13BD96D1083D42
:10B7A800E2AFA9BD30F2B2BD5DDD313B60E7C6BD99
:10B7B800670A9DBC7FA6DE3C01188FBD23A218BC7A
:10B7C800EE5A423DF487263D29EB773D5E63973B71
:10B7D800DDEB24BD74D451BDA4C1EDBCC63192BD0E
:10B7E800D0B5CF3D46451C3C8121CBBD6B2B763D6A
:10B7F800D63946BD6B27CABCF2D2CD3C588D65BD43
:10B8080098C06DBDF86C5DBD39D3043CC5ABAC3C8C
:10B818000282393D543797BCC328E8BD0186653C90
:10B82800A3ACDFBB3D0D58BD4831403D4E999BBD93
:10B83800F8E20B3CADDFACBDD4298FBBD4993B3DBE
:10B848001F679A3D8EE989BD78D06C3C34BD043DB4
:10B858001B65BD3DDD5F7DBD07ECAABDD9B4523D7A
:10B868009ED2013D3351A4BD774C5D3D1B2FDD3C7D
:10B87800DCA096BD014D043D1382153DF5833ABC0D
:10B88800D23AAABC293EFEBD4451C03D8318E8BC4B
:10B898003750203D467EFDBCE0BDA33DF60CE1BA25
:10B8A80098FB643C22AB1B3DCF81E5BA0E9F34BDAB
:10B8B8005EF1043E10AF6B3C8E76DCBA45F681BD76
:10B8C800978F24BB1B0DA0BD2CA010BEF9DAB33C8A
:10B8D8001FBCD63DC2F7BEBD7CD675BD1D5B8F3D76
:10B8E8007D25903B8F71C5BDDE00733DBB0C7FBDD0
:10B8F800C13898BD2250DD3DE469B9BDB0FF3ABDFD
:10B908006E18453D4F78493D4B762C3D9813343D94
:10B91800BE6CBBBD999A44BDD997ECBC1A53903DF7
:10B9280029EC623D94C1D1BC8B1B373CBADA0A3C86
:10B93800054EB63CCFBC1C3DCC0A453D9F3B413D26
:10B94800882F93BC12DD33BCDAC8B5BDBC900E3D60
:10B958001A329E3CCBDB013EFD312DBC1363593DB1
:10B968004DBC033DEA784CBA51DA1BBE6A8569BC06
:10B97800E0D8B3BC5A2F06BE67657BBDE623E93D18
:10B98800C7BA783D917CA53CD2FCD13D83A53ABC91
:10B99800302E55BD8D978EBDFA63BABD1B9CC8BDB0
:10B9A8005EF38A3DBF46923CECF95ABD069F26BD20
:10B9B800FA2AF9BD3A1F9EBD59F8DABD378D6D3D9B
:10B9C8003CDC8E3DC8B34BBC317A8E3D67EE61BD21
:10B9D800772BCBBC529877BD1748D03D88846F3CF5
:10B9E800E9D4153DD74E94BB0377C03DC11AE7BCD7
:10B9F8009963393D6554193E85B270BC776602BCBF
:10BA0800221BC83DED65DB3DD045A3BDA9DAEE3C60
:10BA18004FCAA43C10B0D63D7C7F83BD7310F43D63
:10BA2800C921223DBD38F1BCB22FD93B5918E2BD1E
:10BA3800871A853B0F26453DC13878BDC9CB1A3CCE
:10BA48001F14543DB29B59BD910E4F3DBA2EFCBAFE
:10BA5800EE05E63CD2544FBD946D60BC82A8FB3A1B
:10BA6800478EB43DEBA9953D4AB5AF3D26C888BD84
:10BA78001DC9653C26E52E3D8578343E3C2D3FBDED
:10BA880083A10EBD69AB52BD0E4DF93D86C869BD97
:10BA980008CCC33C90A0383DAC376ABDFE60603D21
:10BAA800C98E8DBCB63116BE62F8083B19E684BC57
:10BAB80032AB37BDEB1AADBD74231CBE72DD943DAD
:10BAC8007D21E4BB95B80E3C9083023E7D047EBB8D
:10BAD80066C0593D782A60BC4DF6CFBCF8DEDFB9A8
:10BAE8007040CBBCB37DC8BC3A7866BD596D7E3D0D
:10BAF800E771F8BD102259BD0874863D73639ABD7D
:10BB08008F360EBC721781BD5A10AA3D3276E23DBF
:10BB180030621FB9BF1002BE98FB643D00CA5F3C8B
:10BB28001399B93B9FE83ABB1E87413D66D9933AC2
:10BB38001362CE3D9FAC183DB401D83C26DF2CBD26
:10BB48005E4CB33C09DDA5BC312768BD36AB9EBD54
:10BB58008AE8B73D8E946D3D75C7223D2272DA3D65
:10BB68004D0F8ABCB6D782BC191E9B3DEB0048BD61
:10BB78003BE37B3C59C305BD79B100BEA0327EBD15
:10BB8800B3256BBD14087BBD31D0953D24434E3D94
:10BB980019545B3D064B75BDDA1D52BD2C616D3DD8
:10BBA800A2267ABB91B49B3DD369DD3B6E4D7A3DAD
:10BBB80058C51BBD61A5123E06D7BC3DA27E97BCE9
:10BBC800D9247F3DE272BC3B8C4B15BD6E688A3D23
:10BBD800ABD0003DCDADD03D5A62A5BD69A93C3C76
:10BBE800C9B04ABDBE3184BCECD9B3BD46EDDE3D1B
:10BBF800AC8E1C3DAA65CBBD95464CBB7521563D08
:10BC0800DF31DC3D0E6914BDB5E0853DE883253D97
:10BC18003E9769BD1FDA07BDBD70A7BDA9C29FBC0D
:10BC280049F6083DDFF85A3C6B7D91BCD238D4BC4C
:10BC3800BFD6A5BC0039A1BDC6A43FBC2864E7BCDB
:10BC4800CC968C3D28F1D9BDD4D2DC3CA2F184BD80
:10BC5800A06E803DD84892BC0A2D1B3E1FBC363DC5
:10BC680040FB91BC40D9143C904906BD0950D3BC57
:10BC7800CA379B3D4DF79A3D607825BD6BD86F3D1F
:10BC8800FDA02EBDEB74C03DDCD5CBBDD6E4693D2F
:10BC9800ADA7963D01184F3CEF7487BD9E23F23C3B
:10BCA80033A8763D626AABBDEB7460BD4CAAF6BDA5
:10BCB8006E15C4B91DAED53B745C0D3D920722BD0F
:10BCC80078D02C3D07B60A3DC2F9D43D176275BC41
:10BCD800817B9EBDE44952BD737FF53AFB5B423DD3
:10BCE80098FC0F3EA1DBCBBCFF78AFBCD6E33EBDD2
:10BCF8006FB9FA3CD526CE3D89609C3DDE019EBCDD
:10BD080011DFC9BD946BEABD2BD931BC80F40DBDE0
:10BD1800D7DCD13C56F05BBBBB0BB4BDD6C7833D6B
:10BD2800B7B49ABD8788BBBD6683CCBCBBEEADBC3F
:10BD38005C5A8DBC7B3069BD7A6C4BBBD68DF73CA9
:10BD4800ECC1A4BC8C144ABCA394103DFA27B83AA1
:10BD580094A2253E715684BDACE483BDF984ECBB46
:10BD680082A8FBB82D5D41BD75C8ED3DCC4667BDC9
:10BD78000AA28EBDB16CE6BB231546BC855BBEBC72
:10BD88006F12833C6C0723BD8F34983D02814EBCF3
:10BD9800F183733C58E66DBD9AE9BE3D00FD7E3DDA
:10BDA800B61325BD7380E03C7AC503BE4D86233D9E
:10BDB8000839EF3D86CA3FBC7F854C3C65FB90BC8B
:10BDC800F4E06E3BC2A4F8BBA31DF7BD99A006BD65
:10BDD800C79C873D846100BDA6F10BBD95D8153E73
:10BDE800DDD1FFBC6FF100BE0F2AF13D84D72EBD17
:10BDF80047567EBD713D4A3D9FE9E5BD4B8F263CC8
:10BE080013BB96BD2A6F473DA0C4E73C6C76A43CA3
:10BE18005DBF80BD4C52D9BDF241CFBC410B893DBD
:10BE280083DAEF3CD0F0E63C33DD6BBBDE5A26BD4F
:10BE3800BEDCA73C1FBC763D3D0D583DD23A2ABC1E
:10BE48002369B7BCD7C181BDF12AEBBC3813133DB8
:10BE5800D4EF42BC543BA33DC74876BB34D99F3D81
:10BE6800026292BC7B31143C24809BBCE6400F3DAF
:10BE780035248E3D0CE79ABCAA281EBD7BD8AB3D65
:10BE88006DFF0A3D39F115BD7C0CB63D0D7257BDED
:10BE9800BD1975BDC618583D11E58BBD954882BDC5
:10BEA800861E013E1EFE1ABCB1BF2CBD4D1336BC0A
:10BEB80040A695BD2158553D058757BD34A1493D3C
:10BEC800D201893D460C3BBD9D81F13D65C65B3D78
:10BED800A1F22FBC801134BD054F113E8BE1EA3A27
:10BEE800F14711BDB8B1B93D0132343D39B95FBC34
:10BEF800D28E9B3CBF46023E1101873AD14197BA88
:10BF0800359BA73DC3A0CCBCC362D4BD85949FBD5F
:10BF1800C5CB133DEDB68B3DEACF7EBD46EBE83D84
:10BF2800630C2CBCADC286BDCA6C503D569DD5BDB8
:10BF38001BBAF93D9D11E53DDD981E3C0A2F41BC19
:10BF4800C8CEDB3A927A0FBD95EE2E3C384BC93CF1
:10BF5800C0B252BCF167F8BC96792BBC8ECB383C8A
:10BF68002EC72B3E59854D3B1DAFE03DBBF1EE3B47
:10BF7800395E813AB7D0953B40A1DE3D35D1E7BD6A
:10BF880065AB4BBC477279BC62D7963DBC0552BDC8
:10BF9800B7989F3DC4ED50BCE9D23FBCAD31683C79
:10BFA8008A20CE3C8A55C3BD101FD83CA0A8ECBC43
:10BFB8000CE66FBDD26E04BE40A6353C18B57B3D7D
:10BFC800A208693D9A956DBDE624D43D17D778BD82
:10BFD8005793A73D4C542FBD8FFF82BCC93EC8BCA8
:10BFE800BF2CED3C8BA45DBC88842F3DE0BDA33CF9
:10BFF80002B829BEE10CFEBCCB0E71BCAF79D5BC32
:10C00800C3D5013D369109BECE70033D7B9FAA3C46
:10C018001EA8533D011403BE624E503DB806B63CFF
:10C02800FC8D96BDCD0619BCD960613CA71F143D97
:10C038009C89C93D9678C0BCDA71C33CF10D053CBA
:10C04800B806B63C0AF2D3BDB4213FBD022B07BDEA
:10C058005E2E823D2C67EF3C4DF64FBC1972AC3D0D
:10C06800FCAB473C60E550BD3106D63C005431BDC1
:10C0780096210E3CC74CA2BC1C0829BE18786EBC81
:10C08800024742BDC45F933C962324BD7B87DB3DBA
:10C098007F17B63CB151B6BD01FB88BDABB26F3C52
:10C0A8008BE2953DC8288F3D22C1943D8081A03CFC
:10C0B800CC242ABD2234023D060DBD3DC502DF3C1D
:10C0C800E55F0B3DE96554BD22FFCC39FAEC003C35
:10C0D8006A13073E33198E3DE78B3D3D6AA4253D23
:10C0E800D4EE17BDF29500BD5E12E7BD29B0803CC5
:10C0F8005724C63D255DD3BDC85BAEBC0ADC3A3CBF
:10C10800FD15223EEA42ACBCD5ED2C3DABE84FBD57
:10C11800BDC68E3D40BF2FBD3693EFBDC80B693CF1
:10C12800D0D6C13DA29CE83C9B202A3D6F9B69BDAF
:10C138008FFF42BD5B0AC8BC8CF80EBD54E3253C9A
:10C148001970163D630D57BD9A0AF1BA2E1F09BD25
:10C15800A3C85ABDBB2A90BDBC3FBE3D5F07CE3DBC
:10C1680026E0D7BCFB03A53D62A0EBBC9BE873BDF2
:10C1780071AEC13DD3FABB3DD8B9293DE17C6A3CDB
:10C1880064903B3D23BCDD3D9016A7BD3F8E663DC8
:10C19800E8BE0C3EFB1F603D750305BD7D3D5F3D60
:10C1A8004C18CDBD68AED3BB71A9CA3C3EB4EFBD37
:10C1B800FF2012BCECF88F3D9CFC16BDC3456EBC3D
:10C1C80039B4C83CB26579BC0378EB3D040433BD8F
:10C1D800AAB9DC397F6D7DBD59F70FBDC6C0BABCA1
:10C1E8002AA9033E9F3E02BD3599B1BD1903EBBB99
:10C1F80098DA92BD5CE7DFBBEBA8EA3C88BCE5BBFC
:10C208003E22C6BDF7AE11BEDE57E53CD28C853D59
:10C21800A56A7B3DAB3F423A5CE70FBE38328F3CA4
:10C22800D78775BC6B7F27BD295F50BCA2B34CBCB8
:10C238009E26B3BC45DA06BDBCCE863CFDF6D53D90
:10C24800EED0303C558887BD50719C3C8A1EF8BAA8
:10C2580041448A3D58CBBDBD522675BD63273CBDC0
:10C26800239F573D000080BD8925853DD332D2BC30
:10C278005DE218BE9FC8533DC631123D4C8E3BBD92
:10C28800912BF5BBCC998DBD23F3183E16312CBDEF
:10C29800897C973C7B88A6BD6DE2643D15376E3D71
:10C2A800E220A13C73BC823D9F034BBC683EE73B48
:10C2B800552F1F3E7EAA0A3D1E6E87BC2009FBBB78
:10C2C8004297303D6A6BA4BD618EDEBDD462F0BC7E
:10C2D8004110C03DE3C281BCD7898BBDBC03BC3DC6
:10C2E800F2EB873B09A56FBDBC41743D4E5EC4BDF2
:10C2F80056D7A1BBEF6FB03DEA97E8BD29779FBC41
:10C308002F3116BC2AFE6F3BF04FA93B5FD218BDF8
:10C31800027E0DBBEA068A3C8786053E1591213DC3
:10C32800E3C2013D526598BD180501BD99F4773DFA
:10C338006C929F3C5B61FABC4E2B45BDCF8466BDB9
:10C34800A5F9E3BCE0A1A83CCEA538BC32E5C33CC6
:10C3580066F9BABB6DE43A3C9431BEBC5E11DC3D73
:10C368000EBC1ABDA25D853BB08C8DBCB43AB9BD7C
:10C378005B61FA3B09C1CA3D6C4044BDEBE48CBC2F
:10C388005AF5B93CA7CB82BD6B62413DB894333DA9
:10C39800AA6014BD6AF7AB3AD6AAFDBDE2B11FBDCB
:10C3A800C24B703DF4A8983D24D3213DF7E4E13D0C
:10C3B800519F643CCF2DF4BD5CAA12BD1D1E42BD29
:10C3C8008178DD3C8A9290BB02BC05BD992A18BDD4
:10C3D8000C40233BA2263ABDE90E223EC901BB3CD4
:10C3E8009BC6F6BCA70444BD6ABFB53D79901EBC88
:10C3F8003D7FDA3DD196B33D86E4E4BC6D91343D92
:10C40800D578E9BC3D7C993CE84B8FBD8DD310BDF8
:10C41800F83853BD2785F9BCECA092BC815CE23C9E
:10C42800B56D98BC740BFDBD0A849D3C64756B3D6D
:10C438005FCEECBC6D1D9C3C39441C3D624AA4BDDA
:10C448005E2C0C3D5E14BD3C8196AE3C94A42B3D05
:10C45800B039E73D965CC53C7175C03D66F5EEBDEB
:10C4680067657B3CF14987BDC380C5BD5D6A843B78
:10C478006C06B8BCB919EEBDDBDD433DBB7B80BBA8
:10C48800448996BD006F013B3AEBD3BCB003E73C4F
:10C49800E544FB3DDE1C2E3CCE1C12BD5AB7A13D27
:10C4A80007B21EBCE3C5423ABC1F17BEFAB48A3CA9
:10C4B8005039A6BC6971C6BD819573BE2A8FEEBC82
:10C4C8001D588E3C5B5F24BD8CA15CBDE8C11D3E40
:10C4D800BA8358BC5648793C1FD69BBCD49890BDAB
:10C4E8004E28043D8E3B253DBEA4D13DD255BABC55
:10C4F800D7FAA23C7D224F3D9EEA103C18D00BBDD6
:10C50800C407363D064A4ABD40DA0FBE959F943DA2
:10C518006C5E553C5932C7BB32E7193D8FC6A13B0B
:10C52800FFE9A6BD9738723B556C4C3D3602F13B8E
:10C53800BF49D339890AD53CFAB40ABC8E3BA53D1C
:10C54800B16B7B3D8733DFBDCD58B4BD151D49BCEC
:10C558004F03A6BD6491A63C47CBA1BD2BBF8C3D24
:10C56800FFB366BCC6862EBD2636BF3D2CB7343D0C
:10C57800F9DB9E3924D3813D97C8C53D8AE8D7BDEC
:10C5880075E91F3D18972A3C9C4F5DBD38F9ADBD34
:10C59800E7ABA43D0DFA12BDEDB90C3E8B19813DF8
:10C5A8001A1A4F3DAF42CA3CFF9600BD9B72053E2A
:10C5B800E8F77DBCEF8DA1BD68769DBDD52563BC30
:10C5C800C8B496BD71CB473D4DF4793BDBF9FEBC51
:10C5D8001217403DCADDE73C4371473D6AFB073E01
:10C5E800A60A863DA4A8733D6EA72DBD3A3F35BE69
:10C5F800103D693DE57E87BB96404ABDA64628BDED
:10C60800159121BDCD7685BC2B1895BB33FE7D3D9C
:10C61800240CA3BD99805FBDECDE0ABC69E388BC2D
:10C628000988493D7102D33C8639A1BD359ABC3D84
:10C63800ABB4C53D244885BDD559AD3C58FE9C3D9D
:10C648002EC8163CCE0017BDBDA687BC8F17523C1E
:10C6580027C2063C500045BB6840DD3D999E303DF1
:10C66800D25279BD817B9EBC18B2BA3C0F7EE2BA29
:10C678007B327F3D2FFA8ABCDFA7AABA77676DBCE9
:10C688009F392BBD67800BBDABCB49BED3D909BD44
:10C698002C4502BE2594DEBDFD312DBC672C9ABB0E
:10C6A80003D27EBCF244B0BDE1B50B3DCB9FCFBDFC
:10C6B8004887073B992B83BB49D536BD12878CBD6C
:10C6C80007ED553D84D643BDAE6231BD3E26123DD1
:10C6D8003FE12C3DA22765BD8925653DE57ADBBC98
:10C6E8006D744EBCBF4868BD53CDACBCB1C3D83D1A
:10C6F800E6B2D1BC4E80A1BD94F85CBC49B9FB3C04
:10C708004BE402BD6CCB003D7979BA3C2AC8CF3CDA
:10C71800BD8EF83D09DE903DB22BADBD17F2C83D88
:10C72800E412C7BC3A4070BD31EC30BD768B40BCDA
:10C73800B55333BDF278BA3DD4D191BD40DEABBC20
:10C7480093C9A93DC5AA01BDD8BAB4BDBA9E883D52
:10C758002C2AA2BDFD1447BC0344413C7C7D2DBC62
:10C76800BC24CE3DAA9DC13D2252133DA391CF3C8E
:10C778008319933DB7981F3C31B224BD2FFCE03B91
:10C78800055177BC23832CBEB7EB65BD9B5A763D1C
:10C798003DB83B3D9E3F8DBD59850D3D15C7813C3C
:10C7A800A512BEBD0F0C603DE8120E3EF33AE23A08
:10C7B800E3FBE23BF04FA93B72158B3C26FD3D3D68
:10C7C800738276BD15E126BD8BDF94BDDA3AB8BC1D
:10C7D8002288F3BC282885BD3678FFBD6005383D22
:10C7E800F208EEBCCB2E18BD5182FE3CBD1C763D36
:10C7F800EE93233C2A8D183C8CF7E3BB9414D8BDE8
:10C80800ED45743DAF44A0BC53948BBD451388BD22
:10C81800FB73513A821EEA3CF7C8C63D6286C63DA4
:10C82800E8A4F73CD9D00DBDA41AB6BD4435253DC2
:10C838008A3E9F3C25B24FBD26E057BB5183E9BCD9
:10C84800A08A5BBD0FD67F3DDFC490BD9CE186BC4E
:10C85800312512BD4F5C8E3C4567193C9DB9473D5B
:10C86800EFA8313DFA25223D0951BEBC994889BD42
:10C8780066BF2E3D81785D3DE84B2FBDA112B7BD47
:10C88800D8D4F9BCE5D14DBDA2D3733D4B74B63DA8
:10C89800E8C0F2BCF853833DAE62B1BD516603BB3C
:10C8A800191CA53DA698033A7CB864BB1958C73D26
:10C8B800BCE8CB3D3C30803C2D40DB3B66109F3DC7
:10C8C80001C2873CC903113DC2853CBD9C348D3CE7
:10C8D8004D3147BDBF99183CDFDF103E42E98B3C24
:10C8E8006F63333D0A0FDABD2E74153EC7806C3D69
:10C8F800EC51383C817A73BDADDEE13C1A51DA3C2B
:10C90800D5B40B3C0344413B58561ABDBFB99FBD33
:10C918006895B9BD1422603BFB743CBDD3F9F03B6C
:10C92800541B9C3C16BD03BE83DF863C6135963B99
:10C9380058FEFCBCAC8EBCBD4CA51F3DBB9BA7BD27
:10C948006397883D96E741BD5C3A663BD159263DE1
:10C9580016C13F3DF1BDBFBC9C8B7F3DEE3FB23C55
:10C96800CE35CC3C4F029BBCF1A144BD93A9823D7E
:10C9780016316CBCFA294EBDB39A2E3D8462EBBDCC
:10C9880005C5CFBD77857E3D11FCEF3CC6FA86BD57
:10C99800B746E43DBDFF4F3D0804BABCF8A90A3EBE
:10C9A8009085683B8BC3093E3BAB45BDDA1EBDBDD8
:10C9B800BC23E3BCC1E1853CBEFA78BD85EAA6BDCF
:10C9C8002657B1BB33DED6BC5DC512BE94A5563D15
:10C9D8006A4E9EBDCD1F13BDA3E62BBD274FD9BD03
:10C9E800D4298FBB662D853DA25DC53D0D505ABD2E
:10C9F8002B6D313DEDB64BBDD00A4C3D2C66043D48
:10CA08006329523DAE661DBCE8DB52BEFA97A43BD3
:10CA1800747A5EBD4C8EBBBCF46BCB3DE3FBE2BBD2
:10CA2800D4D29CBD8D60E3BD9961E33D65351D3D64
:10CA3800704477BD368F833DEF8E0CBD25ECDB3C13
:10CA4800B1DCD23CD3FA9BBD73D627BE1231653D0B
:10CA58003F0069BDB9FD723C6D39F7BDB43DBA3DC3
:10CA6800338B103D104115BD25CF753D6075A43D34
:10CA78002E56143DCBA1853DA20BAA3D7EC770BDA5
:10CA880004AFD63D7B3154BD95D835BCDD5ED2BBF5
:10CA98009142593DFCA5C53C7782BD3D0CE66F3DF2
:10CAA8007BFA08BDDF52CE3C4E4695BCC423F13D0F
:10CAB8001AA3353D58E62DBD074533BDEA20AFBC66
:10CAC800C9C8F9BD2639E03C76FC573DBD6DA6BC0A
:10CAD8000A31173D4A40EC3D492EFF3C302D2A3D96
:10CAE800F4C1723D1B7F22BD1002B2BD0F4426BEA9
:10CAF800772BCB3C13F2013D9FCDAA3D13290DBDE9
:10CB0800399B8E39FF7A05BCDE1E04BBB01E073E7A
:10CB18001F48BEBD234DBCBDD7BE80BDEC14ABBB0A
:10CB28005C59823D80634FBC77D62E3D6B2A8B3D86
:10CB38002C491E3DF7E51CBE9354C63DDECBDD3DBA
:10CB4800772FB73D0A2F41BD997E893BC93931BD41
:10CB5800503A11BD823B503DF244903DFCFBAC3D48
:10CB68008ECCA3BD255C48BD19726C3D5ABDC33C33
:10CB78008B88E23CE09C913C22507D3C711CF8BCC7
:10CB8800253BB6BCE352553DDA911ABE7EC42FBB95
:10CB9800DB8B68BD50A7FCBD85E9BBBDF12BD63B3F
:10CBA800761BD43B257512BE9F02603DF3E630BD6F
:10CBB8008D0B073D6FD6E03C2DB0073D47E807BE1B
:10CBC80011AC2ABCE509A4BDE7FC94BC2288F33A61
:10CBD80003ECE33D9DDAB9BD1171733D82C68CBD8E
:10CBE800E9B5B93D3B8D14BEF3AF85BDA113823DB8
:10CBF800707B82BBD0F066BDB7B670BB60CD813CA0
:10CC0800A45096BD30F2323D2FDC393B7FBE8D3DBE
:10CC180068B2FF3DBB5E5ABDFEB627BDD942903D06
:10CC2800662FDBBD39479DBCA7EB09BD62BEBCBA08
:10CC3800419AB13CA27FE23D7CF05ABDA5BC56BDED
:10CC48008E3F113DA5D7E6BC37DF48BDB1F9B83CEA
:10CC5800350B34BC08E83EBBF1B953BD7F679BBDBB
:10CC6800058A183D8B6B9C3D4A460E3DDD4001BD53
:10CC78008E8F963D2D0ABBBA307F853CC1A98FBCEB
:10CC880091485B3B5056CCBD747E8ABDD44635BDB9
:10CC98005C1C95BCFDDAFA3CD845513C925C3E3DA3
:10CCA8006A6AF9BDB48E6ABD41EFED3D00ABA3BD24
:10CCB800A0FA873DDA394D3D58E457BC0B9C6C3DD2
:10CCC800C51C44BD2B4FE0BDBD0116BE39D6053D80
:10CCD800AC014ABD05A869BDB1FAA3BD378BB73D04
:10CCE800E5B93EBDC8B1F5BC433B273DB5DEEF3CD9
:10CCF8003D1019BDC66E1FBCA33BA8BDCEE3F0BD59
:10CD080011C6EF3D3D10193D45F5563AED62DABDC5
:10CD1800058802BC66DC543A2503103E7BA0153D0D
:10CD280097727E3DF62686BDA96AC2BD027FF83D90
:10CD3800139B8F3CA5F78DBC917C25BD828B95BC40
:10CD4800CA17343C5DC2A13CE6CDE1BC9293093DD3
:10CD5800D4F02D3DCAFA4DBBFC8E613C0A66AC3D51
:10CD680096400A3DB08C8DBC16881EBC4C6BD3BB5C
:10CD7800C3B6053D3E77023D48BFFDBC6CB331BD2F
:10CD88004F07B2BBB1FC79BCCA345A3D703F603D15
:10CD98004F9484BDC5C8123CC39C10BEEBFD06BDB4
:10CDA800E90D77BCF913953C0055DCBA4D83123E6A
:10CDB800E3A59B3DF2EB873ACAA747BD5EBBB43CEF
:10CDC800DE3CD53C896107BCF33E4EBD17B8BCBC00
:10CDD800E86815BDFBE553BD79210D3EDC0E0DBDA0
:10CDE800EE26F8BBEA758BBBBA84833D8BF9993D77
:10CDF800EFC6C23D3D10D93CEDF0D73C6E6A203CF1
:10CE08004DBA6DBDD4605A3D855E9FBDC15308BD06
:10CE18007F32A6BD5E2E62BD94DA8B3BF3AD8F3CAC
:10CE28001C28F0BB8E06F0BD21EABE3DC005193DA9
:10CE38007920323B931C303C09C2953C083D9BBD90
:10CE480004E4CBBCD66EBB3BE047B53CF0DE113DFD
:10CE5800D238143D6214043D67F0D73DA11297BD46
:10CE68009B568A3C5B7D75BD1AA24ABDA791963D2B
:10CE7800A2F1C4BC8B4ED6BD9CFAC03C39B874BD77
:10CE880014B233BD8FC5B63C6F1283B9789B97BD7A
:10CE9800F75B4B3E2865D23D1686C83C280B9F3D64
:10CEA8009AEE75BDFC5495BC533D19BEFAB921BC28
:10CEB80034B9D8BD978BF83B825525BE7E6E28BD08
:10CEC800E2CCAFBC9FC8133C282885BDECF7E43DF5
:10CED8003C6ACCBCBDC4983DEF53D5BC38BC80BDC2
:10CEE80067B7163C2A8F8E3DC91EA13D1EDD08BDC1
:10CEF80052B55D3D9835B13BF44E85BCA54D553DC9
:10CF0800A262DC3DE1468ABD5D6DC5BD280C0A3DC7
:10CF1800431C6BBC5325CABC986A663D2C4833BD7C
:10CF2800B43A79BD532289BB62A1963D26DF6CBD18
:10CF3800FF5888BCBC5AEE3C7094BC3BCFDBD83C55
:10CF4800DAAD253D4850BCBDC8CF46BDE90F0DBD83
:10CF5800990EDDBD37C7B93D389EEFBD07D3303DCB
:10CF6800E527D5BB9E7E10BD5F43F03DD00C023E49
:10CF78001539443DF0DFBCBAB070F23D435607BEE8
:10CF8800EDD3F13B7428C33CB3D2A4BC0378ABBD4A
:10CF9800DEAC413DBBEDC23CCDCD973D402F5CBCE6
:10CFA80038C0CC3CE6CC763DC98E8DBDAF5D2A3EFF
:10CFB800CC79C6BCCA5481BD137D3EBD151C9EBD2F
:10CFC800DC9B5FBD8B51D7BB2254293C6138D7BB52
:10CFD800707B823B6E509B3D5F9B0D3C739C0B3E70
:10CFE8001F4AB4BB36E50A3DB7F187BD8B6D02BE5B
:10CFF80061DEE3BBDEE5223DA69C8FBD7E8C793DDC
:10D008003FFF3DBDC16ED8BCDA03ADBB87FCD33D45
:10D0180076C3B6BCCA1A75BB5EBE75BCB7B41ABDBA
:10D02800A9D9A33D3EB1CE3C704261BD5C71913D32
:10D038009EB21A3C001C9BBDA4375C3C61C6543DA3
:10D0480087FADD3C2F1490BDED2A64BD5DF9ACBCB8
:10D05800CA33AF3CF277EF3C3E40273EE4A004BD24
:10D0680098F8233C1F6544BC8F8BEABC48A72E3B2D
:10D07800DFFD713C28991CBC5F980CBDEBAD813C71
:10D08800DAE2BABD31B34FBCFFE8DBBDE5D10DBD77
:10D098004A7B43BD6492D1BDB22E2E3D5915E1BBEA
:10D0A8009529663CF0A530BD9B90563D0C7342BD5A
:10D0B800A2B2613D4CA51F3C63D009BD2A6FA7BD34
:10D0C800B0E3BFBA19E684BC984F16BD465B15BBE2
:10D0D8009AB3BE3C795C14BDB3D3CF3D766D6FBDBA
:10D0E8008445853DE9F2663BED2AA43B5B07C73DD5
:10D0F80032591CBD1F6A1BBDE0BD23BC419F08BD42
:10D10800287C36BD103D293D3734853D20F0C03898
:10D118009E78CE3D17A0ED3CDD4302BD20F13B3E9D
:10D128009F901DBCBEC02CBC6F2FE9BC6519E23BAB
:10D138003A9075BCD252B93D3A0333BE2FFCE03C5D
:10D14800C5AA813DE0DA49BDCC63CDBAEF3ABB3D13
:10D158009CFAA0BD228C9FBB9B9181BD9EEBFBBA24
:10D1680015018E3D8E77A73D3596703D43E7953D79
:10D17800BF45A73D52D243BD3B54D3BC532289BBC4
:10D18800DEFF073DBB7B00BEB37CDDBD6308003D11
:10D198007D25103D6268F53C492E3F3DA27C413D0E
:10D1A800A1A0B4BD4F75083DA75AEB3DF87049BD25
:10D1B8007D97D23C7A8A5C3D001B103D29920F3E38
:10D1C800784570BDD1CFD4BCD009A1BCD54073BCC3
:10D1D8002673ACBC49D70CBD836CF9BD5891313E60
:10D1E800DAE3E5BDB2F3B6BC74D4913D378DED3CBE
:10D1F8003B553E3D65A88A3D664BD6BC971D22BE71
:10D2080020B6743C88B9243DA91526BC6D1A5BBDAF
:10D21800C8B5A13B2BC338BCB83F973D0CE7BA3D16
:10D228001E19EB3DEA5B66BCDA2053BDDA579E3D1A
:10D238005B60CF3D27FA3CBDEA5DBC3C23BD88BDA1
:10D24800433886BD789A4C3D0A8332BD8F17523CCD
:10D258008E95183C66DC143D18CF603DFACF1A3D18
:10D2680084BBB33CF372583C083BC53B8DEFCBBD48
:10D278005C02703D69373ABDAE0E80BCFB76B2BD2C
:10D2880069E29DBCCFBD07BD6F63333D28D4F33D34
:10D29800938DA7BD7670B0BCAA4990BDB83F57BD65
:10D2A800D9219E3DDE21C538D2E54D3D94F8BC3DDF
:10D2B800CCB6533D90A2CEBCB77E9A3D9B3CE53C94
:10D2C8005ABB8D3D1633023DB1BFCCBDD3C08F3B99
:10D2D800030734BBCCB267BD7844253E6AF72B39C7
:10D2E800486BAC3D36AEFFBDC8254E3DBB48213C22
:10D2F80048DF643DBB26643D19AFF93C2848EC3C47
:10D3080092088DBA64AE8CBC1479D2BD95641DBDEB
:10D318009D0D09BEF7CC12BDDA8C93BD0E87A53CD6
:10D32800FCA8863CEE77C8BD3F722B3DC7B90D3DC2
:10D338008F37F93C4CAAB6BD053667BC5C1F56BD95
:10D348009FB0443CF44FF0BCA9A539BCD28DD03D68
:10D35800BBB7823D5567353D1712D03D0E160EBD41
:10D3680045BDE0BC67D391BC3140A2BD4C6D893D41
:10D3780068EBE0BC0DC6C8BDC9CB1A3CC9AF1FBD20
:10D38800917D20BE8A20AE3D9DB9073D84D7AEBCB5
:10D3980035B7E23D69FC42BCBC77D4BBADFBA73DC9
:10D3A8003CF4DDBC43CBBA3DA0A957BCFA4248BC0B
:10D3B8009C69C23BEC892E3C9DF2C8BD2DCDADBB0E
:10D3C8001E88ACBC26E26DBD609395BDBA68C83DA9
:10D3D80073A1D2BD24B510BDCFF5BDBDD5CBCFBD92
:10D3E8003E5B47BD6957613D6631D13D8A057E3D4B
:10D3F800A016833C7D75153DFCA9713D048F2F3D1A
:10D408003A76D03C4BABA1BCBEDBDCBD8A3F0ABD43
:10D41800782634BD3B5689BDD845513DA1B9CE3C8F
:10D4280038A316BE914685BC25ECFB3D9605133DF9
:10D438000D8DA7BCACE4233DCAE27E3C6EA3813CC3
:10D44800554CA53D2C9A8EBD2E5519BEED45B43CC4
:10D4580034F710BC4088243D12F8C3BDEA04743D7B
:10D46800D602FBBC494D7BBD2AA73D3D54FED53DA8
:10D47800D7A6313D73F6CEBAC9AE743D3A24D5BDB0
:10D48800CE6E2D3D541C47BD884762BCA56B66BD5A
:10D49800AA80DB3DDE3E6B3D7DB3AD3DA489F73C04
:10D4A800522CB73CA73D25BD8CB9EBBCD7F6F63D51
:10D4B800BB0A293D917E3BBD815BF7BCE4D8DABD50
:10D4C800EEB4D5BDE34F943D4F206CBBF12B56BC59
:10D4D80067D2263D60E8B13D9D4CBC3D113A883D80
:10D4E800973AC83CD05EFDBC1FD706BD1F2F24BE8F
:10D4F800778629BCB5338CBD14048F3C5298373DD0
:10D5080083A44F3DFA7E8A3DC214253D87C2E73D7C
:10D518002DB51EBD464386BDB3D1D9BD7442E8BC06
:10D52800B3CEF83D317BD93C751F00BC76C1603D58
:10D5380071E4C13DF5D7CBBDCF68AB3B31EFF13DD1
:10D54800153A2F3D244885BD3BC7003DE410313DC9
:10D55800F7E54CBDE59A823CCC61973DF7760B3DEB
:10D5680085D12C3CC3A0CCBC6D75B93C57B2E33C0B
:10D5780013B74A3DAABA473D047033BB2EAB30BC43
:10D58800FD66E2BCD1EAE4BBE047D5BDF9A388BD9E
:10D598002EE57CBDFA4589BD4C5259BD28EF63BBC9
:10D5A800DAAE50BDE541FABD4FE5B43CE0102A3B88
:10D5B800D34C773C1711C53BB587BD3B44F73CBE00
:10D5C800F1D50EBDCAE113BDB1F7623DF4A3E13B4D
:10D5D80084F1D33DAB0681BD4DF8C53D0D8B11BD22
:10D5E8005055213C21CBC2BDAFB40C3C0072C23CAB
:10D5F80017670CBD8750E5BDF9A328BDEDBB223DDB
:10D6080080D8D2BD789C823DBADC203DDAFFE03D6F
:10D61800A301BC3D4A44F83C9F5BA8BD0A31B73D15
:10D62800A1866FBD895CF0BCC93D1D3DE8167A3DF9
:10D63800B96ECABC096BE33DFFAE0FBDCC40E5BC7B
:10D6480002B76E3C2F16063B543501BD9A0A713D50
:10D6580077BE9FBC9C3322BB06A0D1BC95D213BE1B
:10D66800C100823DBAD9FF3D85EA66BC84BB33BCA4
:10D678000685013D210424BD9AD18F3B17D3CC3CAC
:10D688003D9E563DA8565FBDEA7696BD3081DB3C8F
:10D698005D51CABC71A9CA3CBF46F23D75E8743CED
:10D6A800954707BEB169A53CE7E31A3D7ADFB8BDE7
:10D6B8006EFC493D2C80A93DB77BB9BC3F58C6BB21
:10D6C8006FF21BBD77F56ABDBED8DBBD12D9073D29
:10D6D8001FBDE1BC36EAA1BC3C4AE5BD3484E33C4D
:10D6E800AB0681BD6E1459BD2F8A9E3C420A1EBCF2
:10D6F800CEA538BCC782423C1041D5BBA051FABD6B
:10D70800030A753D75202B3DAAB7863C179F02BDBD
:10D71800CBB914BD7862563C09A9BB3DE4BF803D36
:10D72800713C5F3DE6AFF0BD46B332BCB03AB23DA6
:10D73800825575BCDA2013BD18EC46BDCAA99DBC3C
:10D7480071C931BD5308E4BBA585CB3B2A8C2D3D5F
:10D758006C416F3CB1DCD2BB5DDE9C3C63D29F3D2B
:10D768000E65A8BCD063943C0B9715BDDA545DBD1B
:10D778008E06F03B36CE663D263409BD11AAD4BCD0
:10D78800BD8D4D3D074488BDE064BB3D1823923DE7
:10D798005DE248BD352604BDDF1BC3BDC4EA0FBC2E
:10D7A800D4D6483DDD42173DB9C3A63C79CD1B3ED2
:10D7B800952C273D815981BD2043C7BCBFF38BBC45
:10D7C8008E93423C71007DBCAE4AA2BCB0E3BFB9A7
:10D7D8007CF230BB107795BD63D2DF3D11E0F43B9E
:10D7E800B2834ABD0C595DBD61C6543DC4969E3C8A
:10D7F8008542043E8011B43C2E53133BE36E103D2A
:10D808003292BDBC9C6F843D984DA0BD10B101BD46
:10D81800846100BD3082C6BB5F0B3ABDDB148F3C10
:10D82800427789BD3EEC05BE2E55893D4CE0563DFC
:10D83800A29C28BD268A90BB80453E3D132B63BD24
:10D848008445453D39B61EBCAF5FB03C414AEC3B10
:10D85800828ED63DDF87A33DCBA2B03D731395BD25
:10D8680087C0913AC214E5BC9BE291BDD28B5ABCE9
:10D878005ABA023C1823F2BDF3569D3D93E178BD98
:10D88800E3C3ACBD338C3BBC61FD1F3CED0B683C76
:10D8980023BD283EF12F82BC7D08AABC522B1C3E1A
:10D8A800FA9A65BC0D6E2BBDE4A1EFBD0B9840BC88
:10D8B800B7F0BCBB88F6B1BD69000FBE0C7904BDDA
:10D8C8000C22D23CED7F00BC030B20BDCEC1D33D62
:10D8D800E7732EBD61A8C3BB118AADBA6FF55CBDF5
:10D8E800F2B13BBA1B9C483D374F053E363AE73C00
:10D8F800D5967A3D289DC83C6BB9B3BCA4FFE5BB5F
:10D908006D8F5E3DD07E24BCD866C3BD7AC4A83D69
:10D91800BF9A03BD0DA576BCE068073DC2A1373BA1
:10D92800672AA4BD42EDB7BC86919E3D92E77ABCBA
:10D93800548E093DCB4CE93CF6D0BE3CF3AD0F3DCF
:10D948006A17D33B5263E2BD7496D9BD62480EBDD7
:10D958005A47D5BD46990DBD821EEABD0893A23D22
:10D9680025E7C43BEBA77F3B8201A43DAA9D613D0F
:10D97800BF49533CC214853D785E6A3D3465E7BDB6
:10D98800CEFB7F3B7AC4E8BC11E24ABC62665FBD4D
:10D9980068AF9E3D31D28B3BB210FD3DA777F13B7E
:10D9A8004D81CC3D05A7BE3C1AF7E6BCDDEAF93D42
:10D9B800950E16BD8CA001BE20960DBD3CBCE7BCE3
:10D9C800B13385BDA9F6693CDE593B3C5B7B9FBB07
:10D9D80089D1333D59FA103D7348EA3C705B9B3D51
:10D9E800289BF23DC58C903D3D9854BDB8012FBE93
:10D9F800E63D4E3D7F315B3D17678CBCDD28B23C70
:10DA080077DBC5BD15E2113C997E89BA145BA13D4F
:10DA18007842CFBD33DED6BC6FD9A1BC9D8412BD80
:10DA280000C45D3D14598B3DE886A6BCCAC1CC3DF7
:10DA380048E2C53DFC5540BDD525E3BAB11A4B3D7A
:10DA480033DE563D06F101BD8318E8BC7A89B1BBC7
:10DA5800FC523F3D8046693CEC51083E5DDDB1BB60
:10DA6800E0F3A3BDFC1708BDED4A0B3D3A07CF3CD8
:10DA7800E4F30A3D80EF36BD1A170EBD7425A2BD2A
:10DA8800A88B24BE20961DBEF2426ABE2E9020BBF3
:10DA98005EF6ABBD43552CBEE3352F3C195847BC49
:10DAA800BD378636A8C435BDBC78BF3C4A979EBDF5
:10DAB8003C86473C9F3E82BCEC6731BCEEB580BDDE
:10DAC8007829F53C57B198BD64575ABDA5854B3D9B
:10DAD800A88A693DD1E6B8BC0A487B3CF8A53EBD9A
:10DAE800B0C99A3C088ECBBC34F790BBA169293EDB
:10DAF800539576BD00FEC9BD568285BD02D7153D3A
:10DB080062F71DBD62C0523D6571BF3D8847223D29
:10DB180031B6F03D4C1CB93DF790F0BC6D56DD3D7B
:10DB28009DB987BCC6A4BFBD76E147BD04C63ABD52
:10DB3800A27CC1BCE9818F3D88D5DFBD43E6CA3AE6
:10DB48004F3B9C3DDDEDBABD38F68CBD9F71613908
:10DB5800B58A3EBD166BB8BC9DBBDDBC1A34743C9F
:10DB6800AAD3A13D6613103EFC6E7A3D525F163C67
:10DB78002251C83DBE15093D766EDABB99B7EA3B1E
:10DB8800DF50F8BB7E70FEBD2105CFBC0806903C77
:10DB9800DEB02D3DD34B0CBD0CE5843D0AD7233BAD
:10DBA800C66B0EBE29771F3CADF9213E5B246D3C48
:10DBB8003D631F3D5890663D43C6A3BBD76B9A3D56
:10DBC800AC52FABCCA151EBDA0FD48BD628470BC2B
:10DBD80052469CBDB18A07BE27F535BEABECBB3DAE
:10DBE80065726ABD713B94BD6764503D21E6523D44
:10DBF8006666E63C8B8BA33B999D053D28602BBE52
:10DC0800B7F1273D3CBCE7BB1BF5B0BDF81B2DBDEC
:10DC18006FD9A1BC29CF3CBC1B2D873DC173AF3D3B
:10DC28003A3C043C410D5FBC9C887EBDB48EAA3D45
:10DC38009085683A84479BBDC0E7073C41F4A4BC83
:10DC480082548ABC179EB73DD89ED9BD3AE852BDCA
:10DC580023DD4FBCE55E603D4CFD3C3C2862B13D98
:10DC680089605C3D0987DE3CA52CC3BC7AE023BDF6
:10DC780083DCA53DF985D73CB91CAFB97AABAEBDFD
:10DC8800DB4FC6BC7429AEBD05C4C43DDCD6F63D29
:10DC980023F734BD13D6463BA8A8BABDAF0AD43B78
:10DCA8003482ED3DBBECD7BCB5A7643BC747AB3D61
:10DCB800933AE13DB30CF1BC67D47C3DD8D8653DBF
:10DCC800F3E7DBBBA794573CA1DA80BD323C76BCB6
:10DCD800C8CE5B3BBD53013DDDCDF33DCC42BB3CE3
:10DCE800FCC7C23CADDC8BBDCAC1EC3DD480013D54
:10DCF8009BAF123C1B82E33BDD416C3CFE640C3C59
:10DD08006D3701BDAFB0E0BBE5B853BDDB86B1BD33
:10DD1800D6E0DDBD2EE3A63BCB81DEBD8F360EBD42
:10DD28005E4D5E3D7026C6BDF419503D5DF9ACBC34
:10DD3800CF13CFBC78D5A3BDE23FDD3CD5200CBDC9
:10DD48007843BA3D840EBA3BDE019E3C395F2C3DD8
:10DD58007E707E3D211D9E3CC45B273DB14E15BCA7
:10DD6800D4B8B73CD1B183BBCB6779BD60B1063DB0
:10DD780020B84ABCB98C1BBD4E62903C378CA2BD02
:10DD8800140750BD3D44A33D522A21BD59BEAEBD26
:10DD98004775BA3D6457DA3C1B4681BD0683CB3DC7
:10DDA80027A3CABC0553AD3D86A9CDBD202596BD88
:10DDB800DA916A3C43C5B83C26ACEDBD9B0083BDF7
:10DDC8006BBA1EBC526382BDB9DE06BEB72A893C57
:10DDD800C8440ABEEB0173BB0BEF32BDAC19F9BDE9
:10DDE800E94317BD6CCB003EC8B6AC3D31B5253C08
:10DDF8008FE1913DCA4F2ABCFA43733D6B7D913C3C
:10DE0800A94E073D809D9BBC47AC05BE7102D33C23
:10DE1800189895BCB3F075BDD712023E9A0906BD95
:10DE280094BFDBBD802C84BD3178B83D2EE326BC81
:10DE3800986D87BDEC2FDB3DB03D33BC280C4A3BC9
:10DE4800CDE49B3C5513C4BC4C8A0FBE5796683B27
:10DE5800B8AD2DBD153A2FBC80603EBE1F2E793D52
:10DE68006D1CB13BAB7562BC533FEF3CF67BA23DEA
:10DE7800D9948B3DBA66923DF511F83C9599B2BD9F
:10DE8800AF7C963D6DE2E4BCA06EA03BF52C08BDCE
:10DE9800B5C2943D6398933CB119603DD47FD63C9C
:10DEA800923EADBBBC210D3D508A16BD6344A23DD8
:10DEB80068E7943D11A7933B9C3021BD5FEF7EBC82
:10DEC800C45C92BDFA0C283C21218A3D0934D8BB98
:10DED8004F22423D08E7933DD8BBBF3C384BA93D94
:10DEE8008BFC7A3C572511BD4C8B9ABD9606FEBD1E
:10DEF800AB4203BD3830793DED9F273CB22F59BD69
:10DF080011C7BA3C79AE2F3D492F2ABD8E92073EE4
:10DF1800603CC3BDE3E19DBD52D66FBD83A790BDF4
:10DF2800C3D8423D707B023D4E2B05390683EB3D3D
:10DF38007845703DF661BDBD261A843D9487C53D80
:10DF4800DE93873D25CE8ABA1FBD213D299706BDA0
:10DF5800BB9886BDA5D8D13ABE4CB43D340E753DAC
:10DF6800093242BD85289FBD7958283C2B4C5F3C1F
:10DF7800EC87583B342DB13B65532E3AC5CB533C07
:10DF88006DC59EBDC7B98D3DEC3121BE8A566E3C2C
:10DF98004C89C4BD514BB3BDE7FB89BD5649E4BCB0
:10DFA80006D9B23B3D47C4BD61A4D73DACE037BDFF
:10DFB80041F0383DEED0B0BA2E1B1D3D223402BED2
:10DFC800C2DEA4BD04E8D7BDC26B97BCBB430A3C04
:10DFD8009ECED53D460AE5BCB41CA83DD1CBA8BC15
:10DFE800533F2F3D4584DFBDDFA5D4BC0E4BA33D79
:10DFF800C6A3143D2E91ABBDCB850ABDED63053D8F
:10E00800394286BDBE33DA3B62F8083B17B6C63DD7
:10E01800FCFBEC3D9C6E59BCC8448ABD1D72033E96
:10E028004489B6BD7F4DD63C693B26BDBD1A20BB91
:10E0380043588DBC0E4E043E9370E1BDD60085BD9D
:10E048005BB6B63D64ACB6BC2B310FBDACE0B73C9B
:10E0580091BA9DBC9B551FBDCF138FBD477790BD0F
:10E068006C418F3D965CE53D81CCCEBBD06314BC42
:10E07800D314C13D59A574BC47AA6F3B454B9EBC00
:10E088000A2ED63C323A80BDD00B97BDFC56EBBB6E
:10E09800E107673CAC3C813C0A31573D1D90843D0B
:10E0A800100824BE73D6A7BB89609C3DFC8DD6BDE5
:10E0B800AF60BB3DE6AEA53C4704E3B9CF67803D02
:10E0C800C2A177BDBA1417BE178387BD09C4EB3B3D
:10E0D80054E57BBD39D51ABD87DE22BDC0EB733D43
:10E0E80017BCE8BCB39898BD3B346C3DC79FA83CAF
:10E0F800F71E2EBD0459CFBC63EE1ABDB28540BED3
:10E10800F38F9E3D54E5FB3CFA9BD0BCF0528ABD90
:10E118006364493B04E44BBD1FDB023E5395363B29
:10E1280047C7F53D05E18ABDD89ED9BC93E2E33DDA
:10E13800C635BE3CCDE8C7BCC5AE6DBCF62947BDEB
:10E148002E8FB53C10246F3C8F8C55BD0118CF3AEB
:10E15800624A843D2427933C41BCAE3C2978CA3DA1
:10E16800E59917BCA13028BDE3DD113C089362BCDA
:10E17800D4EF023D42D19C3D473EAFBBD44334BDB2
:10E188001902003D5776C13979CE163D7A34953D4E
:10E1980087FA1DBDFF58883BE31603BEE9B559BD94
:10E1A8005378503DC13B79BC761B14BD9AB1C83D2C
:10E1B800BA138C3D938A46BD9FE965BD1B4C43BC91
:10E1C8001E6F723DD15C273C857A7ABDA9F83FBCA9
:10E1D800423F13BDBAA169BD4914BA3DAA27F3BC91
:10E1E80041D8293D19ABCDBCEF56063EDE00733D44
:10E1F80048DDAE3D1AC2B13C65A5493D5709163DFB
:10E2080044DF9DBDE3DD913C88D7B5BDFA61843B11
:10E2180051678EBD376CDBBC245E1E3C8FA7653C06
:10E2280041F464BD6938C5BDE42DF73D13B8F53C2C
:10E23800AD89053DCDE9B2BA50530B3D662F5BBDA4
:10E248001F2DCE3A670A9DBC55A1813B4C6BD33B31
:10E2580066DB893D80D7E73C4278243EEC8A59BD8D
:10E268005036653CEFACDDBCEB715FBCBB48213D73
:10E278008C135FBD94BDC5BDE5D3A33D315E33BDF1
:10E28800C137CDBC312853BB7F129F3CBADA4ABD97
:10E2980065C31A3E8FC40B3D5DC2613D0054713D9C
:10E2A800C47B8EBC5F60D63CC26901BEAAB69BBC6B
:10E2B8007B11EDBC81D165BCB18831BE498406BDF6
:10E2C80038DB5CBB7F87223D0A4DF2BD1DAAE93DC4
:10E2D800D47E2BBD7E6E283DE23F1DBD72C2C4BDFB
:10E2E800B30805BD58AB763DA801833DF2EEC8BC26
:10E2F80016C0943C0E1222BC9DBD33BD98F8A3BB3A
:10E308004BEA043E5A63D0BC5E30F8BD003A4C3D3F
:10E31800172E2B3CE36D25BD92597D3D1EC18DBC4A
:10E328006FB80FBD2C2E0EBC42CE7B3D69C321BDFC
:10E338006AA4A5BB5B23A23D01F73C3D5A12203CD1
:10E34800BADD8B3D67B8A1BD3D5F33BDF417FABC9C
:10E35800938C5CBDF7945C3DF10E10BEAA45E43D7C
:10E368005796683BB5C274BCA987183E2638953DB8
:10E3780073F38D3B90157C3C01FA7D3D8885FABD91
:10E38800213D05BDDEC9273CC68844BD7D7901BE57
:10E398007CB8643D687A893D2E3CCF3D145C2CBB2B
:10E3A800EDF1023D30BA3C3DC03CA4BDED81D63D07
:10E3B8009E2809BD0B5F9FBD446C70BDA016C3BDF0
:10E3C800C47AE3BDC784183D7FDF3F3C15E2913A2C
:10E3D8001399B9BB3604473DFB78283DF73AC93D48
:10E3E80021AF073D352AF03C6A32C3BD6E8B92BD22
:10E3F800FED523BDD28BDA3C28D493BDAA7C0F3D31
:10E40800D90503BC1A5245BDFBB0DEBB64909B3DE9
:10E41800DE3C55BDE882FABB01DD173D0BB611BDE8
:10E428007842AF3DB4C70B3DA3914FBD44A8523DC0
:10E438006211033D098809BE8D2AC3BAE42FAD3D98
:10E4480004AF96BCE57EC7BD6BD82FBDDEC7D1BC77
:10E458004FCED0BC42B32B3DCDE6113E344A973B5C
:10E46800BF4828BD880FECBCF5647EBC33FEFDBCFC
:10E478009AB1E83CA930B6BCB2B98ABD37C6CEBCA1
:10E48800075C57BD37E2493C10E6F6BD7159853C3B
:10E498006669A7BD6614CBBDCAFACD3CA569D03C58
:10E4A8007024503BAE4997BDBCEA013DAF78EABC49
:10E4B8006BD2ED3CFEB7923CE36FFBBCAD6ED5BDB5
:10E4C8008EAC7CBCA5A186BD750646BD397C52BC08
:10E4D800BDE43F3D183F0DBCDCB9703D26365FBD3D
:10E4E800DB6B013DE31A1FBD79B1303DC79EBD3DD1
:10E4F800F52A92BD800B72BDA8E49CBA2079E73A50
:10E50800D21C99BD126BF13C9888B73D8A22A43B76
:10E5180069FE583D9F3E823C840E3ABDE944223E46
:10E52800B8951EBD032505BD0001EB3CDE593B3CFB
:10E53800A7E7DDBB76FD423D7D2114BEF6D3FFBCC7
:10E548008AAF963D53E83C3CDAE305BC4D2F713D5C
:10E558005A11B5BDE2AF093D6AC10BBDAA80FBBC2B
:10E56800CF49CF3DD0EDC53DDB32E03CB6F4283D88
:10E5780085EAA63D8C67D0BC50C6F83B5D52753D18
:10E588003F58463CF964E5BDA4E3EABD0053863C28
:10E59800B550B23DC4B3843C27F9513D2237433CC2
:10E5A80052D3AEBD6C5ED53C83BE143E61A542BD60
:10E5B8006EF89D3D1EE1B4B96D710D3D7764CC3D9B
:10E5C800E962B3BDE99B74BD015170BDF242BA3C2A
:10E5D8003755F7BA823CDBBD4B1EEFBD7155093E7E
:10E5E80042EE62BD0DFCA83B4E7B8A3D200AA63D4B
:10E5F8001005933D9FAA823DDAC960BBF417DABDC6
:10E6080056B68F3CC218113B7BDA61BC2A0307BDA2
:10E618005D37253C3945C73CB3433C3DE047753D34
:10E628009608943D92080DBC3DD777BC9487453D2C
:10E6380025042B3D9BFE8CBDC153483C16DAB9BD61
:10E648002CA010BD11C4393D9F05A1BD65A79FBC75
:10E65800F488113D25E86F3D08043A3D05E01F3D6B
:10E66800F1F535BCE1D4473D718DCFBC62DCADBD61
:10E6780061A5023D33C4313CDA394D3C7CED59BDCE
:10E68800ECDE8A3C566434BD30D58C3DE753C73D3B
:10E698003353FABDA950DD3C3F0154BDC87A6ABD69
:10E6A8000FB6983DC231CB3BD4298F3D74F0CC3D99
:10E6B800E6E69B3D772E8C3BAE62F13C0B42393D42
:10E6C800DB13643D7CED993CDFDD8ABD9545213D3A
:10E6D800CC08EF3CF7AD16BD030A053EBA82EDBC87
:10E6E800D9761A3D0210D7BDB2130E3E38328FBB11
:10E6F800D751553D5C38503D72FCD03C1D1E42BB85
:10E70800ADA5003C0C3D62BD70B699BD282CF13911
:10E71800BEBEB6BDEE95F9BCF88CA4BDE65DF53B72
:10E7280078288A3DD3669CBDC30FAE3DE4F8213DF1
:10E7380000C5083DCB8635BD3563D13BA795A2BD45
:10E74800ECA43EBB315EF3BCEB1F44BD1E1B813DF8
:10E75800AF97863DFBACB23C9D4B913D2716F8BB6D
:10E76800DFA7AABAD35083BD35468BBD520F513DA2
:10E77800286291BCEDF182BD1FF8983CE23F1DBDB7
:10E78800F9BACCBDE86A6B3D3C4CFBBB59BF193CA0
:10E79800C4CFDF3DD6AB483C541F48BD976FBD3D45
:10E7A8003C11443CA3017C3DD315ECBC04E877BC88
:10E7B80031EBC5BCB21108BDD42CD0BDCB4A93BC3B
:10E7C80075055BBB7E194CBD2A1900BE9C51033EE2
:10E7D800630E42BDDF19EDBC2461DFBDBD7087BD8E
:10E7E800C6327DBC5663C93D8D9B5A3D4C88393C29
:10E7F800213B2F3D8C81353D3E05803D228AC93D18
:10E80800AEF5853DB4AD26BD6F49EEBD516904BD79
:10E8180024615FBC1EFD6FBD24EDA63D1D1C2C3D73
:10E828003754CCBD74B595BC594FAD3D3927F6BBAF
:10E838001B6628BDF7035E3DFB76923CFBAFF3BC3D
:10E848000135753D4CC245BDEE60E4BDC823B8BC7A
:10E858004AF0063B8E5CB73C5F5E00BEE7736E3DD8
:10E86800705E1C3BE71DA7BD37E2493DCE34213E13
:10E8780000706C3DEA58A53BE926D13DE4F3AABDFA
:10E888003677343D0F48C2BD4B3C203D93A681BD31
:10E8980065DE6A3DC5E2773D9EEBDB3DCADDE73BC1
:10E8A800369119BC7DB34DBC4F7588BD23DDEF3D56
:10E8B8007AE1CE3C191D10BCAB5E7EBDE351AABD0A
:10E8C8006CCEA1BD12C0AD3D274B2D3DD4B962BD64
:10E8D8007D09153D0BD3073E76FBAC3D3F8E663D6B
:10E8E800ECA43EBCE5EE73BD39B5B3BDFFE916BE79
:10E8F80010B056BD7C2A27BCA10F16BC463F9ABC57
:10E9080066A11D3CE2727C3DD7BE803CD5CEB03DB1
:10E91800B9C27BBD33DF41BC180581BD8368ADBC7E
:10E92800DB32003E226C383D4D49563DC0B2D23CE8
:10E93800A0E0C23DE8FABEBD3546EB3CBFD6653D1A
:10E9480071AE813D399C39BD226ECE3CEA41C13C55
:10E95800585890BD3D2C943D9F5ABD3D567F443D2F
:10E968007365D0BC3AE7A7BAEA42AC3C909F0D3D2C
:10E978009DA0AD3D9204E13BCD2129BC87C43DBD9E
:10E98800284616BCAEBBF93CB001F1BD2A70B2BC3A
:10E9980062480EBDDCB9B0BDE9F13BBD01301E3C9B
:10E9A8006D3C18BDF794FCBDDBA58D3C3FFDE7BC75
:10E9B800CE52923D93356ABDBCCE06BD98C30EBEFD
:10E9C800A6B6D4BC48FE20BD98301A3CEE405DBDCA
:10E9D800D8469C3DCDCA76BD4B75E13DEA5A7BBD14
:10E9E80076521F3D53ECC8BD47E73C3DCA36303D23
:10E9F8000AA2EEBCA56BC6BD5CCAF93BE15EB93D97
:10EA08000A82C7BD5A2B5A3DC9C76E3D2DB55E3D1A
:10EA1800EAE8783D6C5C7F3C842C8BBD5EBE753D1E
:10EA28009A081BBD3526C43BB2F24B3A54E53B3D30
:10EA3800FB3C86BD098A9F3DFA62AFBDFDF9363AB7
:10EA480087DEE23C9B01AEBC54FE35BB4F590D3D01
:10EA58000D5145BDB5A4233CDE1E843AB8959EBD34
:10EA68002502D53C77D60E3E40FB113CA54BFF3B1B
:10EA78002BDC723D1DAA69BDEF74673C8314BCBCD6
:10EA8800B988AF3D32718BBD7409A7BD637AC23BAB
:10EA98007C48F83B90157C3D0DC29C3D5B94D93A6F
:10EAA800D2FEE7BD2D94CC3CFCA9B13DE09D7CBDD8
:10EAB8004BAEC23D2EFEB63D022EC8BC3C17C63C2E
:10EAC800CC0784BC6CCD96BD3E3C8BBDD6FC983D36
:10EAD800A9F83FBDE7C75FBDC768BDBDE84CDA3BD5
:10EAE800723708BD20425CBD46B5483DE94919BBAF
:10EAF800D9EB5D3C87C3D2BBF11046BC38DAB1BD57
:10EB08000135D53D46EA7D3DC3D4DE3EAC3A2B3FC8
:10EB18008351813FB9369C3F6B82C03F6570E43FAB
:10EB280060AB0840CAE01640399C27400C3C2F4097
:10EB38007D96373EF393AA3ED029003FEA044C3F26
:10EB4800641E853F7F139E3F917ED33FCD92EC3F5D
:10EB58002D092840A1843340309E893E2191B63E3C
:10EB68004583183FEFAC853FAFEB9F3FFCDEB63FD8
:10EB78004AEFD73F29AEEE3F16C1154019E22040B3
:10EB880043E7F53D1D8F293ED029F83E828B753F1E
:10EB980062679E3F30BBC33F8733EB3F0CE50640BF
:10EBA80009331F4012143140B3D1193EA4FE6A3E06
:10EBB80056D4203FCF14763FC824AB3F6C95CC3F4A
:10EBC8000ABAF53F6BF10D4073632240A29C3040B6
:10EBD8001689893E4A24B13EBBD3113F7236413F64
:10EBE8003CA26A3FD717C13F1EA7E43F6F2AFA3FEE
:10EBF80061A61740D21D204034F87B3E4110F03EFC
:10EC08006EA7293F06D8633FD0D5923FC555C13F6F
:10EC1800C6F9E33FE2230640E9F12940433933408E
:10EC2800EB3A443E79AE8F3E5055C93E5E9C1C3F40
:10EC380021C8B53F3997DA3F72BFEF3FCC7F064016
:10EC480041F11140A5F71F408C2CB93ED5CD013FAD
:10EC5800BC3B4A3F00E3853FFD4DC03FEBA8D63F94
:10EC68002EE2F33F38670A4026AA1B40D0D0254041
:10EC7800E527553E86AC963E5BB3E53EFEB8313F90
:10EC8800465D5F3F3F00893F5F07DA3FA3CC0A40FC
:10EC9800B2461B405EA22640D445A23E787C033F84
:10ECA800CC9A343FDFC26A3FD786963F6FD3A73FDF
:10ECB800492ECF3FF86B024052D51C40E414254042
:10ECC80088DA763E9065C13E4087053F9E9A373F79
:10ECD80084BBA73F641EC53F5743DE3FDE54064052
:10ECE8001F111340249725405393703EEC51903EDA
:10ECF800BCC9473FD769B83FCD01CE3FB3D2E03F4B
:10ED08003815FD3FD4820940A9872640713D2E4021
:10ED1800A1F7363E027F783E737FD53E4B56353F8E
:10ED280083A3743F1F9D963F0612E43FC47C0340B3
:10ED380092051240D6AD1C408FA8B03ECC97D73E66
:10ED4800C5AA3D3F232D953FA297A93F0091BE3FFD
:10ED58000FB9E13F61FDF33F80481940D68B294048
:10ED680079937F3E7409B73EAD4F053FC6E1583FE2
:10ED780024D6B63F0E84CC3FBB9BE33F8B6C0B4045
:10ED8800CD751A40642324400B29973ECE00133FCB
:10ED980082E29F3FA167BB3FB020DD3F0EA1F63F57
:10EDA800611A0640A83A1240E04A24401D3D2E4010
:10EDB8007311AF3EFCC7DA3EE44D223FD6E04D3F2B
:10EDC8004DD7673FDEABAA3F8929E53FF645F23FBD
:10EDD80051881C40C49426406457BA3ED74C023F21
:10EDE800E9D72A3F4144723FF701B83F7632D03F16
:10EDF8006FD3E73F7380024029AE124011DF1B40FA
:10EE08003770273E4A088E3E9483D13EBBED663F5D
:10EE18007233983F5379AB3F5FB5E63F83FAFA3FC9
:10EE28009BC92940556A344006F49A3E8C31B83E55
:10EE380080B5263F66A09A3FCD3BB63FC729C63F5F
:10EE4800A3E9F03F6DFF0040B0AC1040B30C254083
:10EE580097AB1F3E211D5E3EDD7CC33E2BA1273FA5
:10EE680024628E3FD482CB3FD97CEC3F2905FD3FFD
:10EE780054570E40F86B2E404FCA8C3E7502B23E76
:10EE8800986E123F836D3C3F70ED643F80F1D03F38
:10EE98001119F23F16A40340EA952640A5312E40E9
:10EEA80033341E3ED74D793EDD43B23E6683303F54
:10EEB8009B72C93FC2A3D93F1FBAF83F4980064099
:10EEC800642324409E7B31403DD1953EC5E7EE3E0C
:10EED80076C24B3F7F13863FCBF3B43FDA1BE03F4C
:10EEE80064060440B5C3154063452740533F31408D
:10EEF800BBB9783E8716B93EC74C0E3F2C294B3F0D
:10EF08009FAA6E3F8369B43FF792EE3F249C00406E
:10EF18005EBA1D40FF5B2B402BF7623EAA7FB03ED6
:10EF2800E8F70D3F28BA3A3F207B913F66A0A63FFD
:10EF38002CBCC33F42780A401D551940831727400F
:10EF48000FD5243EADDA653E253BBE3E247B203FEF
:10EF5800029A943F87DCB83F2F86D63FA29CF03FA9
:10EF680038A11E4060022B40E84F5B3E3BE4AE3EBA
:10EF780005342D3FB1367A3FB1A7A93F3D2CDC3F80
:10EF880051A504408BA617406DA82840B2D7314040
:10EF9800C230503E3831943ED7DFEA3EEE056A3F34
:10EFA80088BA8F3F15C6A63F45BBCA3FA583F13F28
:10EFB80010060C40A0541B405C8E8F3E5B42BE3E48
:10EFC800DD27533FFED48C3FC93C9E3FD00FB33F53
:10EFD80037FDC93F25060140349D1740446E204047
:10EFE800D8B82E3E0CE9803E3691C93EA1BC1B3FE5
:10EFF80014D0A43F7C2CB93F338AE53FD656024053
:10F008007FD91340FA273040F7E9383E84D6933E3B
:10F0180000E47C3F4642B73F25AFD63F5934F53F21
:10F0280004FF0740598612402CBC2540CC4530408F
:10F038002A91343EA053883E390EE43ED4D6343F5C
:10F04800581A603F3E22B63F191CE13F19FFFA3FAC
:10F0580095481A4012832640745C5D3E9E26933E76
:10F06800C91DF63E2540813F5249A53F8A02BD3F52
:10F078005EA2F23F541D04400A2E124046EB1E4089
:10F0880072C2343E14418C3E5D8BCE3EE354773FD2
:10F098001101A73FD6E2B73FEAECF83F056E0540FD
:10F0A8006FD822407DCB3040F8A89F3EA2ED0C3FA0
:10F0B800E02C613F44518C3F9869A33F842ABD3FAF
:10F0C800B9AAE83FB5E00940BEDE2340E6E8314092
:10F0D8005114383E6649803ED670E93ED40E833FCF
:10F0E8000FD19C3F6DE2BC3F0708DE3F4A98F53FD1
:10F0F800056E0940200C1C40D6C48A3EB51AEA3E6B
:10F10800D480193F4430523F08AC703F67B8993FEC
:10F11800A0C3EC3FE04AFE3F38152340E3193040D6
:10F128003CA1373E3CF47D3EC251DA3ED82A513FDD
:10F138000B98A43F9352C83FD4820740111E134036
:10F1480034A224403D2C304089B2BF3E1A33093FD7
:10F1580062A2653F60B0973F91B8CB3FEEEBE03FCE
:10F1680075E5FB3FF5840B40E1451D4055D9274027
:10F178005FEC3D3EDFC4903EFDA1D13EDB51283F10
:10F188000C405B3F61C3833F8CA1F03FBD6F0440DF
:10F1980038101640CA3230405A7EC03EC215143F5D
:10F1A800384A423F29E96D3F4451903F5435A13FC9
:10F1B8004720DA3FBEDE07408481154026E41F4021
:10F1C8006F0E673EEDD8B83E096E003F878B483F0B
:10F1D800014DA83F74EFB93F4469DB3F425BFE3FF6
:10F1E800DE710E40EA5B2E40D579143E997E813E51
:10F1F80041D4213FE1EE9C3FBEA4C93FFE65F33FE9
:10F2080087F90A40C5FE1840A4AA2B4041D43340D0
:10F218008926303E3DD4863E5BB3E53E41BC3A3F4D
:10F22800E2E77B3FFDF6953F04E7E03FDBBFFE3FAB
:10F2380058901440815B31407863713E9CC5B33E61
:10F24800BDFF4B3F8121873F9C6DA63FC2C0CB3F8E
:10F25800DEABF23FECDD0740B6BE1A4073632640D2
:10F268003C13823E9984A33E6B47E93EA3068B3F3D
:10F27800E813D53F8E3BF53FF7C703405AF00E40E1
:10F2880039EE1C40F88D25408446C03ECA343E3FC6
:10F2980092E8913FB83BAB3FD526DE3FE7E300401D
:10F2A8002029144084F01E407DB329405C5530402D
:10F2B800CB2D7D3ECD56F63E8CDA353F3FC9653FB6
:10F2C800E17F8F3F65C7A23FE3C7E43F9CC40C4082
:10F2D8008D7F1B4023672F408B87673E32759F3E8B
:10F2E800016C003F2C2C583FE370AE3FF302C43F43
:10F2F8002384E33F07B6FE3FD6FF0B40AAF1164032
:10F308000C90483EACAA973EBB0B1C3F7B82483F03
:10F31800062A9F3F7D05B93F338AD13FEF720140EE
:10F32800A6F21E405C5A2940B8E66E3E5550993EFA
:10F33800CB11F23E4EEE9F3FD09BBA3FC009CD3F66
:10F348004C6CEA3F3832FF3F5C382640F758304073
:10F358005C212C3E3A90653E41F1C33E7BA1183FAB
:10F368006AC1873F8EAFA53F8B89CD3F529BEC3F4B
:10F378008FE416409C6D244050FCA83E944EE43E19
:10F388000666293FB1DB5F3FE319803FECFAB93FDE
:10F39800AAD4F83F42EC0440DA201B40E83027406A
:10F3A800AFD0673E6119933E7783043F06654E3FB1
:10F3B800A48DA73FDB50F13FCC450A408B54124047
:10F3C80036B02140E04A2A40CC0B503E16A6FF3EFC
:10F3D800E529633FC6169E3FF640BB3F9560D93F7F
:10F3E800B8E9FF3F8AAB0E40429524407311314083
:10F3F800B4749D3E7CB7C13ED8D7123FEB53363F1D
:10F40800ADA4593F508DA73F21C803406DE210407D
:10F4180040DE1F4005512B407B6A8D3EBE9F023F58
:10F4280020D22F3FC920673FFE439A3F40FBA93FA8
:10F438009604DC3F287E0240B26810401B9E2C4098
:10F44800B2D5253E1F9D6A3E6E88C93E43012F3FB7
:10F45800C2A3913FE84DA93FF050E43F0E15FB3F92
:10F4680086E6184089B52840802A4E3E31B58D3E43
:10F47800FB1FF03E6D8E773F96ECBC3F23F3D03FE9
:10F488005A9EFB3F3CA00C40FDC11E4032E62C407A
:10F49800B2BC5B3EDC7EA13E0B62F03EE8BF3B3F68
:10F4A80021B0923F8E92A33FDC29DD3F4C890E406C
:10F4B800382D1C4078972B4044DE823E310ACA3EE4
:10F4C800014F3E3FD7507A3F747B993FD3F6B33F05
:10F4D8002A8CF53F9D630E400DAB1E40FB742A40FD
:10F4E8008AE47B3E448BB43EB75D043F44864D3F7F
:10F4F800CF83C73FDCD7E53FA1D6F83F8F8D0840C3
:10F508004C541540FEB71E40B5C2AC3E50FBF53E0C
:10F5180025795E3F6EDD913FBEBCD03FC156E93FC5
:10F528002ECA04401FBA124011AA1E403E052840A8
:10F538000247623E30BBB73E0057123FE9B6403F34
:10F5480015E06F3F906B933FBD52D63F82FF03405B
:10F5580012C22340D23A32401FF8883EA2D5A93EB3
:10F5680040860A3F1CEB8E3F959FB43F1635C43F3B
:10F57800637FE53F957DF73FA2EE0F40A33B284010
:10F588009549AD3DC235D73DF547983E2BBD6A3FFD
:10F5980070CEA03F7094C83F7654F13FD5260C40FA
:10F5A80064752140C4B132408141523EE50E933E1C
:10F5B8005776393FAF25843F3E96BA3FA032D23FB7
:10F5C8000B7BF63FB83B0B40397F1B4059C02640A8
:10F5D800A3226E3E3B6DAD3E9C8A003F52275C3FA6
:10F5E800BEA4853F76719F3F5C3DE73F34F4FF3F03
:10F5F800D8B6104050701D409351953ED522C23E5A
:10F608004146203FAEF44A3F2789753F3CA0C03FA2
:10F618001D03DE3FC8B5F53FAD512740E1402E4000
:10F62800BB26443EE1B6863E2385DA3E1E521C3F89
:10F6380092E8893F5E2EEA3FA1670140FB790D40C1
:10F648009E5E1B40FE482740CD3EC73E24F22D3F1C
:10F6580092586A3F9FB0843FDA1BA03F0916CB3F00
:10F66800419F0240190412402159244026012E408E
:10F67800A913503E5F419A3EA2D2F03EF9302B3F8B
:10F68800700B5A3FB6F67A3FF111C93F5E680240E7
:10F698001F80124088682C4047AE9B3E95D6CF3ECF
:10F6A80084D4353FD673763F2C7D903FD8BBAB3F93
:10F6B8005249D13F6935EC3F691D05400B7B20401D
:10F6C8004FE62F3E5F7B763E1399D13E9C53493FD0
:10F6D800D1919C3F9C16B03F978BD83FB6DBEE3F4D
:10F6E8001E6D1640B79C1F4010CD6C3E3B558E3E9C
:10F6F8005FD00E3F78B4A93F5986D43F00C6E33F98
:10F70800FB7400404A070B407F301C4072BF294001
:10F718008C9D403E66DC843ED638D33EB6F51F3F0E
:10F72800AFEC563F4850843F2C2BD13FCF49F73F91
:10F73800C6BF0F40D13F1B40D6FCB83E1EC4D63EC4
:10F748006CB14B3F4DA1973F8BFDA53FA60ACA3F21
:10F7580077BEEB3F7EA9FF3F359822401AFA2B402F
:10F768007D7A8C3E4889AD3E7D21FC3EFCA8763FE3
:10F77800A037C13FA96ADA3F3A58EF3F5AF0044030
:10F78800D0B81040726D1C40A4FCD43E39F0263F1E
:10F798005001843F9D80A23FDF4FC93FAEF0E23F5A
:10F7A800594C0040A0370B401D8F1B40E02D2640D0
:10F7B800A5DA773E1CECBD3EEACD083FA376433F71
:10F7C8005726803FFA9B903F0052D73FC8410940D7
:10F7D80048C4144007CE2D408E3FC13E2E92163F9E
:10F7E800DCF0433F59147A3FB5A6AD3F45BBBE3F59
:10F7F800CD75DE3FEB6E004019AD0D4045F5184064
:10F808005839443E9278913EFD88CF3ED925823FB3
:10F81800B263B73F6E17C63FDC2EE83F3BAAFA3FFC
:10F8280018211E407A8D2940AA9B8B3EDFF8B23EF4
:10F83800FE47223F467C933F82E7A63F1119C63F09
:10F848002DB2F53F840D034096042440D3C12E40C9
:10F8580014772C3E7E00723EA7CAD73E07D3543F8A
:10F8680070B18A3F73D7C63FC3BBF03F0B24044037
:10F878002CBC174041822840E694603EB85B9A3E13
:10F88800677C033FADDC433FA054833F0DE0C13F9D
:10F89800B515034092E80F40E3FC1F406F0D2A4066
:10F8A80099476E3E1C26B23E3F8BFD3E3E05383FD3
:10F8B8003125B63F8D7ADC3F1496F03F04900A401C
:10F8C80060E51A40FDBC2540AA628A3E9279AC3EAA
:10F8D80082572F3FEDF0933FAF5FD83F0439F03F99
:10F8E80044C00140BC790E408D971C407D3F2540A7
:10F8F800384B193E9D65463ED63BB43EC826053F6B
:10F90800F6EF523FE3A5B73F2EE2D73FF706FB3F9E
:10F91800FDBC1740425B2C408177823E6119D33E83
:10F92800D2FC193FF67C453F2575963F7233B03FB0
:10F93800EFFEC43FEDF0F73F2D261A405A1224403F
:10F9480076526F3EB136B63E5DFE173F1B4C433FC5
:10F95800DBBFA23FE02DC83F2315E63F670F0640F7
:10F96800EA782240FC8C2D401E53373E21CB723E54
:10F97800BB2BCB3EE960853FD717D13F809FE13F46
:10F9880078EE07400AA21440E8A42540F415304058
:10F9980049653A3E2F88803E6781DE3E7FDC363FF0
:10F9A8008A74733F1B0DB83F1023E83F780BFC3F68
:10F9B8001956094072A71640CB64003F9C30313F6E
:10F9C800E44E593FB020893F7FDEAC3F48A7BE3F99
:10F9D800DCBAEB3F86AC0640CBDB154083FA20400F
:10F9E800328F8C3E0950C33EA2D4063F90116C3F23
:10F9F8001FF4B83FBA6BC93F2DECED3FA245044058
:10FA08002A3A1240D21D2840CBA2B83E1348153FCF
:10FA1800ECBF7A3FB285A03F4182BE3F7216E63FF7
:10FA28009E0C0E400ADC1E40FD822F40802B374082
:10FA38007F4B103E9696613EF69A1E3F917C513F51
:10FA480007B6863F2384AB3F5C55EA3FA392084044
:10FA58000D542240841230407847963EB98BC83EF8
:10FA6800AF424A3F2176763F5E85943FA167C33F08
:10FA78004C1AE73F48A70240C82417404E282440A4
:10FA8800BD544C3EB9C5943E54E1E73E0E84303F28
:10FA98008317A13FF376B43F5070F13FAF990E4002
:10FAA800B3CD1D406F812E40E605983E4B74B63E9F
:10FAB80008C7483F3F1D7F3F07B6923FF9DACF3F5F
:10FAC8004E62E83F82730240B9702640302A2D40CA
:10FAD800E467533E26538D3EAE9C093F5C754D3F0F
:10FAE80065369C3F062FD23F6E8BEE3F712000405B
:10FAF80021C80D40DE7625402CD4AA3ED8F3ED3E31
:10FB08009A5D273FD45F773F9D4B8D3FAC8BAB3FD2
:10FB18000D71E43F4911F53F44171E407FF62B4015
:10FB2800C5393A3E34BF7A3ED7BEC03E0BEC0D3FD6
:10FB38002A3AAA3F7FBCE73FD00F0340D0F20C40DF
:10FB4800884B2A40B64A344075B0E63EDDB4253FBE
:10FB58000280733FF65D9D3F9083C23F64E9D73FC3
:10FB68009E24034050191140F91420406EA32940E7
:10FB7800A246613E8124A43EA801DB3E21E7193F4D
:10FB8800F8E1403FD3F86D3F33F9DE3F624A124057
:10FB9800923F1E40F4F82F4020EEAA3E59C4D83EAA
:10FBA80087A6283FA301843F247F9C3F8DD1AE3F89
:10FBB8002271F33F1AC0074070941240DAFE2140C8
:10FBC800AE0C2A3E02846F3E1B47C43E1E6C293F82
:10FBD8003F009D3FB728B33FFAB8E23FBABDFC3FAC
:10FBE800761A0B40EA3E244030D4413ECD72793E2D
:10FBF800A0FAC73EB1A7B13F2D5BCB3FD9B1E13FDA
:10FC0800E9D405406C3E144065FC25403B53304028
:10FC1800A834223E6B46663EB81EC53E64202B3F84
:10FC28006F65713F6FBBB43FC2A3D93F33FEE93F55
:10FC380036CD0340BD522C4008E8A63EAA2AEC3E29
:10FC480001FA593FD3D9853F185BA43FD712C23F69
:10FC58003D0FE63F2FA80540C9021C403524284027
:10FC6800F913653EB610943EF8FF213F41D65B3F3D
:10FC7800FB5CC53F2996DF3F54C6F73F17D40B40BE
:10FC88008BE01940095025404DBC0B3FCCD1733F48
:10FC9800FD9FAB3FD027C23F6B60EB3F31D30040A5
:10FCA80097AD0F408ACD1940EAE725404F3B2C40DD
:10FCB8002940743E7CBAB23EDA39FD3E9DD77C3F7E
:10FCC80023DB953FCD92AC3F65FCBB3F65011340FC
:10FCD800EB3929406F643240C5AD8A3E384EE23E6A
:10FCE8007CEF273F0DC5613F1B2FA13F80D4B63F56
:10FCF8001A8BE23FD5CFFF3F5951194021C82940FF
:10FD0800D7161E3EACE3583E419DFA3E3C4C7F3F21
:10FD18001AFA9F3F0647C53FAFB1E33FF085F93F69
:10FD2800CA6C14409FE527401D59893EDB32A03E2E
:10FD38002DD0163FCA1AA13F904EC93F7E74D63FB8
:10FD4800FAD5F43F6B82044060EA1140581C244005
:10FD5800EACF2E3E3A5D663E5F7EBF3E5A4A0A3F74
:10FD6800D0B8943F87E1BF3FE882F63FD4480540CA
:10FD78009FC80F40E40F1E404012A63EC8B2C83EBE
:10FD8800E5F1343FBA67553F7103823FAAD4C83FB3
:10FD98009834DE3FEA210840FDBC234002D92940BF
:10FDA8001955363EF163843E508DBF3EC26D093F02
:10FDB800B6DBAA3F8239E63F5C55FE3FAC1C0C40DF
:10FDC80050AA1B40DA1B28402BA14B3E6A87D73E1E
:10FDD8006E52513F80D4963F23BEBB3F5C20E93F23
:10FDE800E5440D40BC5C1E40FB3F2F40E6793640A1
:10FDF80040DD403EE90AA63E2FE1F03E9A3F4A3FE9
:10FE08003E216F3FFA27983FC98EF13F9161034029
:10FE180046B11C40DA55284047204E3EF435BB3EDB
:10FE28008EC9063FB725423FCCEE913FDF37A23F50
:10FE3800C538D33F378EF03FC0950640276B264024
:10FE4800A54C0A3E897E2D3EB85C9D3E18CF003FEA
:10FE58007250823F6D56B93F31CEE73F75930840E7
:10FE6800E8BC1E4062A130403447363E1B81883EC4
:10FE7800F1D8C73E0ABE6D3FC234C03FBE87CF3FF0
:10FE8800B988EF3FB1A70140EE252540CA5431405B
:10FE980022177C3E8A3CD93EB1DE243F59194D3F9A
:10FEA80063B48E3FA48DA33FCA6CC03FFFCA044011
:10FEB800C0EC12409C162040BB5FA53E7E57DC3E3E
:10FEC8008AB0213F091B863F41659C3F179FB63F7B
:10FED8002098F33FE40F02401B1221403F572D406A
:10FEE8004F03963E7977DC3E73821E3FBE684B3FD8
:10FEF800543AA43F9B8FD33FA5A0EB3F107A044010
:10FF080011AA1840D9CE2140C686063F10AD493FF8
:10FF1800CC978F3FF298B13F4F58D63F0FD6F73F57
:10FF2800AC560E40EBFF18400B98284015912F4017
:10FF38009758993E2382D13E132C1A3F2270643F72
:10FF48001939873F897BA03F249CBE3F96E7D13F64
:10FF5800D55B1B40A99F2940CFF6D83E2D3E053FD3
:10FF6800F94C423F0248853F7E3A963F253BB63FD3
:10FF780017BCE83F48DCF73F643B1740DF1A2840CE
:10FF880054C31E3E976F7D3EBD35243FB45A743F1F
:10FF9800D1CB9C3FF9A0BB3F573EEB3F19CA054068
:10FFA80060E51C4091D52D4076FF803EA299D73E52
:10FFB800A6F0343FCAC4793FBB44A13FA791C23FD2
:10FFC800D97CE83F2DCF0740ED641E40ECDD2D4085
:10FFD800A2625C3E40C09A3E78083B3FBC76653FD3
:10FFE8000AA2923F6362AF3F36B0D93F9F7101408A
:08FFF80018211240614F1F4067
:020000041002E8
:10000000AB09923EE338E83E47E6293FF88C5C3F77
:100010001C7C813F75AB9F3F27F7D33FC03EEE3F2F
:100020005A0D25401CCE2E40E4F4253EC1AC603E66
:100030009C32BF3E6D6F0B3FEF388D3F6570CC3FFC
:10004000A4E4F53F772D094019041A404E452A4093
:10005000BA4AAF3E99F1023FF46C6E3F65E4943FBB
:100060002063B23F2A3ACE3FBA83FC3F61710C4015
:1000700018211E407A8D29406284803E986EBA3ED7
:10008000D09A0F3F931D3F3F1E8A823F27DA953F4C
:10009000B537C43F927912400BEF2440C7462E403B
:1000A000D047A13E3694FA3E9E7E383FDAAA603FA2
:1000B00085948B3F287EA03F465FB93F3A23F63FA9
:1000C00080601040FE261A40A5DB323EB873713EB8
:1000D0004679C63E4AED0D3F5B949D3FCC62BA3FE8
:1000E0005E11D83F242808406B7D1740AC3926406C
:1000F00095465C3E7C0FAF3E9E98853FDF4FA93F03
:100100009869BF3F40F6DE3F4A07FB3F36590F4034
:10011000A4DF22405A0D2D40E220613E99819A3E93
:10012000BD8F033FF299343F76A6603F0DE0A53FB7
:10013000D578D93FFB57FE3F1A6E12405BCE1F4069
:1001400081CE943E499EBB3E3DB8273F3BC2853F92
:100150000309963F452AC43F4980E63F8A76F93F26
:10016000999E2040423E2A4078D36D3E76A6A03E1E
:10017000DD96283F6825713F2849BB3FC72ED53FF4
:100180001765EE3F21C80140622D22401EE12C4040
:100190001F30A73E817C0D3FD9948F3FA96AAA3FAB
:1001A000A791C23F7AFCEE3F944D05403047154081
:1001B0005CC926407C2C2F40F2D1423E944CAE3E8E
:1001C000444DFC3E785F3D3FEF3C653FCC288A3F85
:1001D0001153D23F10CCE53FFB791F4029AE2E4092
:1001E0002F32913EC53DD63EB059163F13F15E3FCA
:1001F0000C93B53F1EDCC93F0456E63F0D71044029
:1002000015911140D5091C40F968713EE71DB73EB4
:1002100077BD003F4E97813FFF21A13F7632B43F2B
:10022000BAF7E83FA358FA3FAA60204043FF2E40A8
:10023000058C8E3EA7AFAF3E1898593FABCF9D3F80
:100240002FDDAC3FC499CB3F75CDE43F72DC054058
:10025000A4A52240AF7C2A408FE0263EACFE783E2B
:10026000CEE3E03E6E502F3FBF45633F4F40BB3F64
:10027000DBDCF03FFED402405E851240B81E2D400C
:100280005BB4703E705CBE3E9205143F1D90403FD3
:100290002B18813FBEF6BC3F4A07E73F9E5E1140E8
:1002A0002DEC2940A089324054A81E3E9010653E96
:1002B000E17EB03EE2E42A3FC971BF3F36B0D53F90
:1002C000EA78044054A91340132C2840FFEC334033
:1002D0007174753E50FDAB3E2574373FD3DE903FC1
:1002E000D9EBB93F03CFD13FD7C0064092E81140C8
:1002F0004221204080D42A40FA42683E0B9BA93E0E
:100300006406F23EC5E7263F7E19483F68229C3FBF
:10031000CA54E93F734B0540FC1D1C40FC182740A4
:1003200061C6643EB41CB83E5DE2083F20D43D3F48
:10033000F7E99C3F43E7B13FDA20CF3F5EA20040A0
:100340007D3F0D40056E1D405D6B2F3ED768893E99
:100350004D81C43E93E25B3F452AB03F2A74C23FC1
:10036000B3EAE33FEA21F63FB5E02740865A33403F
:100370004A7F0F3E6A6A593E42EEE23E43AB773F08
:100380009ED2A13F88F4C73F63EEF63FB8E90D4027
:1003900015C62A40022B35407FA2623E70EDA43E76
:1003A000B79BF83E0C8F513FF983813F2D78993FE1
:1003B0002E39B63FE6AED53FCF140A40813E1740F6
:1003C0009D47BD3E5391063F581E383F2A8D703FD2
:1003D000DC9D913FD3F6A73FD5CACC3FE9D4E93F96
:1003E000EDBB1640DC292540F90F593E7BFAA03EB3
:1003F0009B71FA3E103D3D3FC05BB03FDBF9C63F0D
:10040000F584E93FED2A0A4063971640683F2E4085
:1004100075CB2E3E8CBD973E4D2D6F3FE21E9F3F0C
:10042000BB27C73FC8EAEE3F753C0A409A421740D7
:100430002271254013442F4029CE413E399D9C3ED8
:10044000253CE13E33DC483FDB169D3F5ED7AB3FAA
:100450001D38CB3FE4A0E03F28271C40F1292E4067
:10046000BFB9973EDF34C53ED2AC1C3FB2688A3F6D
:10047000C45FA33F84F5B73F548CEF3F2E1C004070
:10048000A7B315405DF928401E196B3E581EA43EC7
:10049000556C043F5D19783F683F923FB823D03FC9
:1004A000AF5FF03FB2630740CAFD224033502D409A
:1004B00084D77E3E8923D73EC87D3B3F4A46863F50
:1004C00024D6A63FA4FCCC3FB77FF93F50530F4042
:1004D000707C2940A4A534401895543EF8AA953E56
:1004E0005C3AFE3E1E6E5B3F4755973F492EB33F39
:1004F0009869DB3F7D22EF3FC5C90140EDD80C4034
:10050000ADF8663E1536CB3E4AB20A3FEA945F3FED
:100510007DE8963FA358A63F29AED63FB1BFEC3F3A
:1005200096261540912C30409010353E18EE6C3ECA
:1005300051DBBE3E5131023F9B8F933F2F6EE73F11
:100540002636074026011040D69024403EE82F4032
:10055000E04CB43E2D09043F87F9823FE44EA13FB1
:10056000E7C6B83FFD9FCF3FE9B7EF3F5969064067
:100570005D501F4052F22A4014202A3E22E2863E5D
:100580006F84BD3E910E173FD13B413FC5C6703FC2
:10059000F584E13F842AF93F0B7B1C402F863040D5
:1005A0005F25AF3E25ECF33E3BFE273FDC0D5A3F77
:1005B000BF82803FA1A1933F19E2D83F1E33044080
:1005C000685C10406B2B1C40D1B0683E71C6C03EC9
:1005D00011AB033F5017653F3E22923FFB3AA43FC9
:1005E000A96AEA3FF931FE3FF5671540793B324091
:1005F00088125D3E32028A3EE6212F3FABECB33FCC
:100600002D60D63FE084E63F86030B40BBB8154023
:1006100048DC2540F5B92E40E6E8713E37FECC3E79
:10062000849F083F7B16403F4D10693FF5678B3F25
:10063000F06DDE3FF5D6F43F3F520C4027142C40BE
:10064000C64D2D3EA9DB913E7E8F6A3F06BB953F8E
:10065000D482B73F0B7BD23FB9A5F53FFB570A4089
:10066000E7E31E408EAF2B40419D8A3E844AAC3E5C
:100670003387F43E8577853F2A8CCD3F82FFE53F67
:100680009413F93F183E0A40D8B616403F57214010
:100690000C57D73E5E0E273F19FF8E3F23F8B33F1E
:1006A00064AFDF3F0F45F93F6DFF0C40C0091740B5
:1006B000CB102340ACA82B409527903E4A42CA3E1F
:1006C000E7E2233FC9CC713FAED3983F7F4DAA3FAD
:1006D0000DFDDB3F950E0C402A741C40EE082540B2
:1006E00065A79F3E302BF43E8928223FFD87583F67
:1006F0000490AA3FB7EEBE3F36C8D83F0EA10240D5
:1007000038841240211F1C40E128093EE59B4D3EE4
:1007100053B1253FE57C6D3F382D983F0551AF3FE4
:100720002F8BD93F0E84FC3F8AE512404D672B404A
:100730000BB6513E32728E3ED80DE33E179FA23F5C
:10074000ECDDB33FAB09D23F0681E93F0BEF14402C
:100750008060264022713140A2623C3E8BF9793E96
:100760006039D23E419C233F105D9C3FC8D2B33FCD
:100770001A6ED03F2783F33FD5CA0A409CA213408C
:1007800039EFAF3E9695DE3E3BA62A3FC5395E3F28
:10079000AA43863F2332C43F30F0E83F9066FC3FD7
:1007A000107A124052B81C40BABA733E5B06A43E9F
:1007B000DD41283F8EE86A3FDDD2A63F221ADD3FA9
:1007C0009A94FE3FE09C0B409F591C40A340274059
:1007D0009AB0A53ECA880B3FD11F6E3F89EF9C3F60
:1007E000D157B83FBADAE23F16A40340854216401B
:1007F000CD1E2C400A853440A2EE933E9982CD3E18
:10080000D7FB1D3FC921563FB2847D3FFC6FA13FFE
:100810005CE6F43F0F0B0740EBC5144082A8234071
:10082000B953AA3EF12BF63E40F9273FCF6A613F0C
:10083000F3C8833FB2809D3F8F70E23F9B55F73FE7
:10084000DDD20C401574254015013E3E38DC873E54
:1008500012A1D13E66DD1B3F0D71843F5E859C3F3A
:100860008E40F03F50FC0A40F2D21940F4A62A40D4
:1008700023BF1E3E57B5643E86A9CD3E42218A3F26
:100880009B38B53FD15CCF3FCDE902406E8B104025
:10089000766C2840B858334033DD3B3E8EB2863EFE
:1008A00090F4D93E41BC223F0326983F87C4AD3F18
:1008B0004699C93FB2800540637A124007B620408E
:1008C0005725A13EC70FED3E5E13263FBCAD603FEE
:1008D000B35E803F1006A23FA3580040ACAD0C4071
:1008E00063D11E4020B52D40E1467A3E180BA33E51
:1008F00089EC0B3F5A2A4B3F48BFA93F3524DE3FC6
:100900006C09F93F97560740B22E14403CA01E4098
:100910008908A73E70250B3FB1C37C3FE8F6A63F90
:10092000C9ABD73FA779F33F46420D400AF41740C1
:1009300092AE23408CD62D400395213EF60C913E7D
:10094000205DDC3E990E293FA1A14F3FC03E923F62
:10095000B459BD3FB0FEDB3F8AE52A406C3E3640CD
:100960001328623EAC57913ED2A9473FA297893FD8
:100970007FF6A73F952BD03FCE36EB3F4304FC3F9D
:10098000BDFB0940658D26402D24103E00A8523E37
:10099000C328D03E8330433F5648853FB055BE3FC5
:1009A000BE4DEB3FC55507403D612340096D3140C9
:1009B00063D20F3E07B6CA3EB9C74A3FF2D28D3F57
:1009C000B589B33F16C1CF3F24B9F83FBC960E405E
:1009D00049F4224037893140F2606B3EBF44AC3E5F
:1009E00052ED0B3FFE654F3F30D8993F9D63AC3FC2
:1009F00016A4E93F91F2054066491240884B1E401B
:100A0000984F663EDC0FA83EBE6B043F6FF25F3F1F
:100A10008D9C813F09E1B93F520FD93F9DF40040C1
:100A200099BB2040630B2B40DEB07D3E3FE6AB3EE2
:100A30003AEB0B3F29CE353FE9D4953F3928DD3FCE
:100A40003E3FFC3F5B250A4086E61E4010402840A2
:100A5000B0E7CB3E2E1A0E3F17EF633F7B838F3FED
:100A6000FAD5B03F1BF5CC3F63EEEE3F5743044051
:100A700024EE19401FA2254019544B3E60E6933ED8
:100A80007EC3F43EF391283F40125A3F0378833FE0
:100A90003316C53FDE590140DF1525400130324095
:100AA00069C99B3EDC47BE3EF65D293F56D4883F70
:100AB00039B49C3F1FBAB43F481BD73FA054EF3F07
:100AC0008C67064048BF134088BD403E9510843E69
:100AD000CC63DD3E3D2C3C3F89B5A83FD925BE3FC8
:100AE00082FFE93FDFF8024037A613406C431D4008
:100AF000F4A47C3E8F34983EE0BE1A3F92CBA73FD1
:100B00002E04C93F3D2CD83FD0F2F43FFE480340AD
:100B1000AB95234012C22D40C11B223E2123703EC3
:100B20002120DF3E7FFB2A3F1C23753FA0329E3FE2
:100B300075E5CB3F78B9E83F47AC1340CE3631403E
:100B4000A9F5D63E895C003F0953443FA25D893F29
:100B5000473D983FD977BD3FF31FE23F0309F63F7A
:100B60009C6D22401D772C4026DF8C3EEACEAB3EAA
:100B700000AD2D3F3F6F8A3F1CD3CB3F8AE5E23F5C
:100B8000DF32F73F3B010940FB5C1540406A1F40E4
:100B9000207EBE3E2A585B3F3FA99E3F8D7AB43FE0
:100BA000C05BD83F7077EE3F1EA70440D88111404C
:100BB0001A1722407B312C40677BA43EF790D83E29
:100BC000D8D71A3FB01E4B3F2C80693F0D71903F24
:100BD000ACE2E53F33160B40B30C17401E502240E9
:100BE0007D59CA3E9549193F98A1453FC85B723F60
:100BF000255D9B3F884BAA3FB285D43F4013FD3F04
:100C000058900A406C04164060B1663E5ABAA23E43
:100C100066FAED3ED4608E3F1B4CAF3F3789C13F33
:100C20007502F63F126B03403BFC25401FBF31406D
:100C3000FA45A93E14CCD03EBCE93A3FD53EA13F8F
:100C40000EDBBA3F9886CD3F919BFD3FC6C408405E
:100C500074D21D4088802B40AF425A3EF0509C3EDB
:100C6000CDCB013F6D8C293FDC46873F0D6CBD3FEE
:100C7000D200D63FCD920640F3AB1740533F2540FC
:100C800007EE603EE599973E5913E33EBA681C3F74
:100C90008DB84C3F2C9AD63F2D95FB3F85CE094011
:100CA000892420401D5A2C404E25333E5EF6833E5B
:100CB0008D41BF3E08750D3F87E1B33FBE9FCE3FDC
:100CC00069A9EC3FDF89074025581440C58F2D40A6
:100CD000F2B2563EB955983EFF95413FCA328C3F1D
:100CE000B537C83F6C21EC3F05A30640F1BA12406E
:100CF00080482140C47C2B40A8382E3ED313763E3A
:100D0000EB8CE73EC2352F3F5D4E613F3CF7AE3F77
:100D100063EEDE3F0E670840E15D204015E32E40A4
:100D2000836B8E3EEDF0EF3EE61F353FA08B5A3FC2
:100D30000803873F5AF09A3F863DC53FFE2B0B4084
:100D400041481A404D2D2740C8791F3E959F743E5B
:100D5000ECA6B43EA4FA1E3F1B81B83F5452CF3FCD
:100D60002C9FE93F9DD7FC3FA99F214092E82F404F
:100D70008925653E4D818C3EC845F53E46414C3F38
:100D800038DBD83F9066F03F6DA8084031EB174044
:100D90005C1B2640E1B42E40D0B61A3E7C0B4B3E85
:100DA0009C32A73E6249093F728C583F9621923F80
:100DB000A1F3BA3FB9A5E13F87A70140E2580B4034
:100DC000936FDE3EBC3C1D3F7D3D633F40A4833FAF
:100DD0007C7E983F9C33B23FD0B8E43FACFF0340E9
:100DE000FC181B4098A32740D717393E90F58C3E3E
:100DF000BDAACB3E69FF5B3F0473B43F26FCC23FF4
:100E00003255F43FBB4405402CF11840E59B2F4080
:100E1000984C8D3E8D27023F18D0633FB3D2A83F38
:100E20004D10D13F31CEF33F0FD10A406EFA17403B
:100E3000AD862E403A4036401EFD1F3EA776863EC8
:100E40005935D03EF4333D3FD9B1853FE8C1993F94
:100E50003ECBE73FC05B0040933A2540518333408F
:100E60009414483EA27D843E19A9273FFA09533FB6
:100E7000715AA83FEC17C03F520AE23F6A1804407B
:100E8000E5D51540CEDF20408B4E363ED5229A3E2A
:100E9000F510ED3E0C57373F9274993FDE93AB3F10
:100EA000DDD2EA3F946A0140E3A51940BCAE31406F
:100EB000B744AE3E05F8CE3ECEFF573FD105853F45
:100EC000BEDE993F62A1DA3F151DF53F40D90A40C9
:100ED00095602140F7E427404AB55F3EC652943EF4
:100EE000F52D073F412A513F84F0903F834CCA3F84
:100EF000BF60EB3FB9DFFD3F7A700940C347164042
:100F0000E61FA53E9486EA3E0B99273F737F753F07
:100F100081218F3F3529A93FBF60F33F62F802402E
:100F20007A19174095822A40B96C443E3830813E88
:100F30001442C73EB1C3143F3ACCC33F9E41F73F72
:100F4000DE590540374F11404547244036B02D400B
:100F500075E8FC3EC2F8353F64757B3F601F993FE2
:100F60009BACB53FFB79CF3F08C9F63F54520940CF
:100F70005A811B40AD86264078435A3E98889F3E52
:100F8000E469D93E30481A3F27A53C3F24D6823F2A
:100F90000803FF3F65FC0D40F2242740A56B364057
:100FA000A585933E0D6FDE3EA81A213FD82C5B3FEE
:100FB000E813A53FAC56B63F371AF03F889D09406D
:100FC0000E841640965B22402BDF233ED1406C3EC0
:100FD000F434D03E1BD45E3FD908943F8B37B23FE8
:100FE000C0ECE63FC9C8F93F81780D40DD0C2F40C9
:100FF0001BD86A3E3082963E28D3003F22FD9E3F9A
:10100000ABE7BC3F88F4CF3FBFD4FF3F7D3F0940F3
:10101000F7062540933530409A94223EDB50613EDE
:10102000BB0DBA3E25E8133F118D763F6F64963FA6
:101030005B7CDE3F6D56FD3F6B650A40E65C2A40F7
:101040000A2FB13EECBEE33E548C373FD521973F8B
:101050002A6FAF3FAAF1C23FA032F23F7C44044066
:10106000CA541940952B2840FC6F9D3E4356C73EFD
:10107000D0D31C3FEE22783F0B63C73F2783EB3F63
:101080002D95FF3F46080B409AEB1A4041822240C3
:10109000D927E03EDB193A3F0F45A53F226CC03F00
:1010A0009CF9E13FC026FB3F3E790A40CB841540C6
:1010B0007E18254064582D40A4C16D3ED8D7AA3E65
:1010C0002043073F81ED343F14059A3FBA83B03F78
:1010D0007E3ACE3F47E6094013F225403E053040B8
:1010E0000B998B3E4165EC3EEC32203F9EF0563F23
:1010F00050C7AB3FD994BF3F9291DB3FF2CD084040
:10110000BCAE1740A33B264086583D3E36CA9A3EA9
:101110006DE6E83ECD5B613F535C8D3F9F71A53F1F
:101120004A7BE33F05C0F83F486D1C40CFDA2740BB
:101130007E02883EC3B9AE3E5AA00D3F27DA913FEA
:10114000DAACB63F7FBCC73F598BF73F63620540BF
:10115000FE2B194044DD294038F32B3EB746543E60
:10116000069CBD3EA989063F34F4833FDE1FAF3F96
:10117000FA27E43F5DFE0340F14B1540E6AE214007
:101180003EB4AF3EB729DE3E25AE373F9CC5633F38
:10119000E7A9863FEFFED83FF966034069570D4047
:1011A000BAF72640F4F82D4041B95D3E56499C3EC1
:1011B000B24BE43E81B13A3F00E3D13FAE9EF33FF4
:1011C000166A0340F6280E40FCA91B40715A2440C1
:1011D0006B65E23D72FE563E0744583F304C963FE9
:1011E0006900BF3FF2B5E73F64580B4027311C4010
:1011F00066A02C4069743540E9995E3E44C1AC3E1E
:10120000145EFA3E1408433F0135613FE1D19A3F35
:101210008941FC3F30BB07404625274032AC324075
:10122000AF07433EC0CC973E849FF03E55F74C3FFE
:10123000FD828D3FDFA6A33F172BC23F85B6D83F67
:10124000A852074011DF2D40AE0C0A3E9433343EC5
:101250004ED1993ECC5EFE3E39459F3FA31EBE3F18
:10126000D74CEE3F136608400F0B1F4040873140BC
:10127000DA37573EE2788E3EE8FADE3E21736D3F64
:101280003AAFCD3FCC7FE03F0091FA3F55A40A40F2
:101290005A8119409CF92F4079E55A3E006FA13ED2
:1012A000618A023FF9BD353F27F8763FF8AA8D3FA6
:1012B0005DF9B03F8811004079AF14400A2E2440F8
:1012C000691DCD3E6363063FE76D4C3F12A5813F2C
:1012D000BC57913FE3C7BC3F8998FE3FD4600840AC
:1012E00095822040467C2B40B7627F3E2909C13E53
:1012F000CD06053F0515413FDDD2BA3FF645D23F49
:101300005C1BEA3FFCFB04403316134003EC1D401A
:10131000E65CF23EDB182F3F14B3863F331BB03F31
:101320007828C63F07B1DF3F4BEA0840BA66144051
:10133000EA092740DF4F2F4022C5503E3BFFAE3E1B
:101340008369F83E5952623FD47D8C3FF67FA23FBD
:10135000056EBD3F3602E13F637F29400AA234405B
:10136000AFCC8B3E61FACE3EE42E0E3F315D743F32
:101370000647A53F1613B33FA987DC3FECA3F33F15
:10138000B8010B40C24C2940F759253D2829F03DB2
:10139000A0FC1D3FEE5C643F7E52A13FCA54C53F96
:1013A0002A00EE3F64CC094000E31F40CEC230402B
:1013B0008997073E3B6E583EE0103E3FDE8E883FE9
:1013C000D460AA3FA60FC93FEE08EF3F5F7B0840FD
:1013D00018B21E4004CA2E406006733ECF2EA73EB0
:1013E0004ACF1C3FE4684A3F5B797D3F6FF5B43FCD
:1013F000527EDE3FABECF73F17BC0A4082E71C4051
:101400007C448C3E3BC4CF3E5391123F21056F3F3D
:10141000A566873F07F0B23FC6A2ED3FB8AFFF3FDA
:101420000B5E26407FA43040361E4C3E43C5983E9E
:10143000DAC7E23E6CEE203F96CFA63F1CF0D13FCC
:1014400021EAE63FB83B07405F071840FF212340F1
:10145000D74BB33EBA83003F9640523F28F2843FB9
:10146000E544AF3FC3D3CB3FC095F43FEF030A4001
:10147000FF781D4003CF29405F28903EA5BECC3E9B
:1014800002B7123F34D8403F938E663F26FC863F1A
:10149000A67ECA3F906B0B40DB8A1B40336D274012
:1014A0005C76B03EEA240B3FAB26343FB6BE5C3FD1
:1014B000465F993F774AAB3F4B1FCA3FA8E30340C3
:1014C000CBA1134087161F4071FF613EAD51A73E6F
:1014D0003947053F6550413F95D4A53F88D7B93F6F
:1014E0004E62D83F9FCD0C4066831A40126B274056
:1014F000BE178F3E3315AA3EE0304D3FBF48AC3F8C
:10150000BF65BE3F17D9D63FA60AF63FBA6606406A
:10151000FB7925402FA82D40116D273ED542593E1D
:10152000DDEDBA3ECF84063F3AAE5E3F49BA9A3F00
:1015300077A1E53F70940240FF04134034111E4030
:101540001F31923E84D7AE3E030A413F37C3953FD9
:10155000ED81A63FECC0C13F0395D93FE6E8F13FDE
:10156000A43625405C3D2D40D5957F3E08E7BB3E27
:10157000855D203FDFF9713FE319B43F6EC0C73F7F
:10158000D673EA3F29CB0E40AED81D40A8E32940D0
:1015900076188B3EB9E2E23E3E05943FE206B43F48
:1015A0003598D63F23A1ED3FCC0B044083C00E40BD
:1015B0002A741E40E1EE2840DBBF923E6309DB3E09
:1015C0006727233F36AC4D3F68047F3FBD18A23FDD
:1015D0009643D73F0B410040F2411940CEAA254027
:1015E0005C3BA13EB58BE13E7CB41C3F8368653F0C
:1015F000EE77BC3F44DDDB3F14D0F03F3A5D064060
:101600007BA01740C8B51F40185D2E3E76A6803ED1
:10161000AE9ACF3E73676A3FEE3D903F7EE3B73FA1
:10162000957DDB3F6154F23F30642340E9432F4016
:10163000D40E8F3E399DAC3E520C3C3F72F9A33F15
:101640004D84BD3F1552CE3FFC35ED3F3A58FF3F2C
:1016500090A01A40BCE829402FC1293E4D82673E28
:1016600054C8D53E679C3E3F31B1853F4777C43F64
:101670009A7CE73F1FF4F83F05DD0840BA83264017
:10168000E676873EA75DAC3EADC20A3F03CF353F4D
:1016900085D0693F9EEFD33F5CACE83F6FD80E40EA
:1016A0006D90214031252A409CFD213EFB3D713E3D
:1016B000D13BAD3E08AA0A3F32ACCA3FCA15E23F51
:1016C000C0950040E2920F408E402040399C31404E
:1016D0001F4CAA3E7576023FDEAB523F70B6893F83
:1016E0002D26BA3F164DD33FC7BAFC3FF914104020
:1016F000C76322400CB02F40F38F863EC72BB83E05
:101700003E59053FAA29353F4E80513F3D2CB83FF9
:10171000EC51FC3F639C054003CF1F40465F2940CE
:10172000FBCB6E3E3D98CC3EEBC91C3F408A463F0A
:101730000F7F993F8B89AD3F9FCDD23F52B8084074
:101740005BEB154001872C408D47193E4E43743E9C
:101750004A97BE3EE76F223F62BEA03F6E86B73F0C
:10176000AC90E23F48E1F63F89292740A7CB3440BF
:10177000EC4D0C3E1958573ED36B173FBF0E903FB0
:101780004D15B03FE9B7D73F2CBC05405704194071
:10179000DF152D40240B36401F9D5A3EB39AAE3EB6
:1017A000E6AD0A3FFF03403F234A8B3F664E9F3F13
:1017B0006215C73FCC97FB3F8E060C40B48E184095
:1017C00071AE993E5A84FA3EA434533FB1BF843F70
:1017D000F1D7983FF376AC3FE3A5D73F9E98014001
:1017E0008ECC1D400D6C2F40151C2E3EAF93823EBB
:1017F0009417C93E57243A3FABE7B03FF432CA3F93
:101800003884E63FCEC2FA3FDC111240A9A42E4034
:10181000AC1A343EFF23BB3E965B8E3F3064B13F33
:10182000BD35DC3FE128FD3FFFB20F40A9FB1A4068
:10183000E04A284089413040FE7D263EB41E7E3E6F
:1018400043C5E83EAA61433FCF4D773FB823A43F4D
:10185000E388DD3F0612F83F29AE1E404EB92A400C
:10186000361E843E5915B13E18780E3F43377B3FF4
:101870009D46AE3FA1BEBD3F8FA5EF3F71200A4000
:101880006F2F17409D85234022C26F3E8D9BB23E35
:10189000583A073FF7E57C3FF8FC983F0309B63F0D
:1018A00043E2FA3FD5260840CB9C264083C0324015
:1018B0000403383E52280F3F68205E3F1C5F8B3F79
:1018C000DA8FA83FE926C93FA60AF63F0AA20C40D4
:1018D0005A122040B1A22E40A0FC5D3EFF1F9F3E49
:1018E0008D98F93EBBD26E3F7FD9993F1CEBAE3F3E
:1018F0008273E63FB81EFD3F13270B405B5F22401B
:10190000F25C3F3EA722CD3E45B9143F44A6583F66
:101910009D4B8D3FD925A23FE3DFEB3FF6400140D1
:10192000643B1F40EFE62D40A697283E5CAE7E3E0E
:10193000EF59C73EAAD7453F2B359B3F8A59AF3F4A
:10194000DBA7014087C411407385274057CF334040
:101950001B2CB43E1634053F76356D3F7E1D9C3FF3
:101960007042C13FB1A2D63F94FBF53FB81E07407D
:10197000EECE164084F022408FFE773EA306BB3E9B
:101980007193013F164D373F207F5D3F0F7F813FB1
:10199000CBB9E43FE8DE0740D17416407D223140E8
:1019A00073DAD33EB83F0F3F645D3C3FBFD26D3F1B
:1019B0009B208A3FF432A23F22A6F03F65C2094035
:1019C00004CA1440118D2240BDA6573E23BDA83E37
:1019D0001B81F03E09E1493F2D959B3F89EFA83FD0
:1019E0001F11DB3F7EC603404AB50F40B6D62940E3
:1019F000FFAF4A3EB01F823E73BAF43E49119D3F8D
:101A000038A1D03F253BE23F7BF70B407AA5184039
:101A10005A1226403F6F2E40B56B523E0BEFAA3E46
:101A20004B1F063F70CE343F40138D3FEB909F3FDE
:101A3000280FD33F95B701403507124089983040B1
:101A40001ADB6B3EAD15A53E27A15C3F59A3923F23
:101A50006171AC3FF9BDC93FF354E73FF94E004017
:101A600000AE1640BE9F2440A94B663E3065903EB6
:101A7000E6B2013F917E933F1E33D03F7C44E03F6E
:101A8000B3CD014026010E401F4B1F40D1E82A4034
:101A90007BA1A03EBD1E203F5A0D953FDAE1BF3F1E
:101AA00038F3DF3F982F014060C81040917E1B4003
:101AB000594C2C40D7A33440A851C03E5247133F45
:101AC000158C4A3F9F8E6F3F88688C3F34F4AB3F44
:101AD000376CE73FE3FC0B40184321409A772C40DA
:101AE00026AB723EE831AA3EE162F53E992E583FA0
:101AF000787FAC3F3ED0BE3F598BD73F45810240F7
:101B0000350C1340EB561D40E624043E3333533E60
:101B10001D02233F42775D3F9D85913F65A5AD3F07
:101B2000E336DA3FC555F53FCF2C21408C67304076
:101B3000E8DA473EEB74883EC05FD43EE7A99E3F9B
:101B4000F4F8B93FBEDECD3F62A1EA3F280F034063
:101B5000274E1E40AFCE27405ED5293E46D3593E84
:101B600001DABE3E3540093FC9C8813FFF78AB3F2F
:101B70002C0EC73F020EF93F361F0F4086381C401F
:101B80000393833E44DCBC3EE7C8223F75734D3F60
:101B90006AD98A3F1635B83F1349E83F9AB60740DD
:101BA00054521D4000C62740F4865B3E1422983EE6
:101BB000F8E2E33E8CB9333F99BBAE3F16F6EC3FFB
:101BC000384A044067440D4071201E400E322740C1
:101BD0008B71AE3EE737083F616E6F3FFCE3953F88
:101BE000B35EB03FA5BDD13FF88DFB3F16C10F409E
:101BF000BA662840139B334000FD9E3E59F8D23E02
:101C0000471D153F21CD443FC9205F3F3F578F3FC0
:101C1000A392F63FD8470D40C30D1A408CBE284012
:101C200058557F3EA914E33E15AC213F74624F3FE7
:101C3000B3419A3F0FB9AD3F48BFCD3FF4F8FD3FE8
:101C400033500D407B4929402F86123E6EC23D3EE7
:101C50007382A63E2506013F5036913FF4F8A93F16
:101C60002A3AD63F0D710040F7E91840F0BF2F40E7
:101C70004703683E730F993E906AE83EED807F3FD0
:101C80004182B23FAC73CC3F861B0440BA490E4040
:101C9000E73A1B400872244093563C3E16A7823E0A
:101CA00032E8D43EA7CE1F3F666B853F87FE993F43
:101CB0001B12C73F14050840569F1940E65C2A4096
:101CC000C11C8D3E2860BB3E1EA8273FB8777D3FD4
:101CD000C6DC953F4148BA3FBEF60440BF2B1040DA
:101CE000032620409BE62B40EF3C513E4A60933E4A
:101CF0008924CA3E3BE4423F5227C03F6171E43F22
:101D0000C2C0F73FF7C70940475A1640C4EB22400C
:101D10008D9AAF3ECC0C073F0DDF6A3F378E943F64
:101D200099F0BF3FA583E13FE7180640D751134024
:101D3000B3982240CD752C40213B4F3E14AFAA3EB4
:101D400006DAF53EDB6B353F14CB513F257A8D3FEC
:101D5000FB3FE73F5F07FA3F011827403D0A33404A
:101D60006E339D3E3BA8BC3E863C1A3FEFE68D3F5E
:101D7000A7E8B43F7AAAC33FE735E63FD639FE3F2E
:101D8000B7D10A4011FC1B40DF87133E8BA8493EA8
:101D90004B23C63EFBAD513F2F17A53F4B02D03F13
:101DA0001D72F33F07B60840CDE91E40614F2D403C
:101DB0009300353E7A89893E357E293F8447873FA7
:101DC000E223C63FD40EDB3F4C89FC3F87FE0F4029
:101DD00099D82240B3B53040B900443E2102963E26
:101DE000B900FC3E46EF4C3F035B853F87A7A33F0E
:101DF000B116EB3FE5D5014001F60F408C2D284090
:101E0000B3F0A53EDD5CCC3EBDFB2F3F63635E3F80
:101E10005AF0823F9981CA3FF54AED3F3EAEFD3F01
:101E2000A5832340F3542B4011AC6A3E520D9B3ED8
:101E30006C7CF63E2251343F79B2773FC004EA3FD2
:101E40002A3A0640C68A10409E242340FC182D40A2
:101E5000E02AEF3EB360323F1283703FA2288C3FEE
:101E60006E86A33F2B87BE3F4EB9F23F5F240A40E8
:101E7000F7581E40473D2A40C7A0333EEBA76F3EB0
:101E8000C43FBC3E5F7A033FF5633F3F4013813F51
:101E9000FDA4CA3F2766034025401740F6972B4014
:101EA0004D0FD23EE4DB0F3F96783C3F4FE9743F45
:101EB0004A5E913FF2EAA43FFD13E03FE206F83F9D
:101EC0003AAF094059511F403273513E4B238E3E69
:101ED0005394073FA114393FF298993F7042B93F9C
:101EE000C499DB3FF7E4F53FDEE51640B77A2040C2
:101EF0006C98813E46B29F3E6A6D323F62F8A83FC1
:101F00005DA7C93FED47DA3F115300407DCB0A4042
:101F1000718F1D402E902A40B395273E959C733EAD
:101F20005168C93E89071C3F92B15A3F77848B3F65
:101F3000BF60C33FCCD1EB3F7B1408408E752B4074
:101F400070B2E53E99D9073F5A0E503F832F8C3F20
:101F5000F3939A3F09A7C93FCB2DF13FF9310240D6
:101F600084642340ED0D2C40D882863E6170AD3EE6
:101F7000533F033F0074803F8A76BD3F51A0CF3F5F
:101F8000F20CEA3F691D09403ED01640E8BC2040F3
:101F9000938FD53EFCFD223F53AE843FD4F1A83F42
:101FA0009E07D73F3ECBEF3FD4B704402BF60F4000
:101FB000A67E2040CEAA29406D03873EFC1BEC3E46
:101FC0008C651E3FBF99543F6284803FDA55943F31
:101FD000D999E63F494B0140AE9E1340F88D2F4002
:101FE000F88AC63E473A133F95D33A3FD8D76E3F5B
:101FF0007E3AAE3F15A9C03FAB26E03FD06104401A
:102000000DA615407E351F40C2DD393E6005883E75
:1020100065C5E83E6E8B8A3F3FC6A43F3A23CA3F60
:1020200077F3EC3F9834064043E71D404D67294065
:10203000802A8E3E70B3B03E05331A3F07F0963FBC
:10204000BF82B03FE0D6C53F912CE83F2636FB3F2C
:10205000A7791F4059862A40A99F373EAF087E3E88
:1020600013F2E93E98FB383F3E3F903F6B2BCA3F4F
:10207000BD52E63F8EAFF93FD2FB1E406C432D4070
:10208000D0EEA03E7025C33E8DD01B3FD8443A3FD2
:10209000F9F5633FA81DCE3F02B70840F88810400D
:1020A000172B2640096D2D408316423E113A883E7B
:1020B000B8E6D63E5AD5263F1F80B43F6E51D23F78
:1020C0006A6AED3F1AA31140BF7D1F4069352E405B
:1020D0005E49823E8446A03E261A183FE99A813F17
:1020E000ED2AD83F27BDF73FA5A00740766C1240E8
:1020F0004A4622405DBF2A4070EC093E2008303E2F
:10210000BD009B3E1B62FC3EF948663F19569D3F51
:10211000BFF1DD3F07D30040D6901C4061892F40BE
:10212000041D6D3E31EABA3E5A462E3FCF9E633FB4
:1021300064408E3F0DE0A53F3A75C53F4963FC3FC3
:10214000255D1B403771284098DD633E64789C3ED6
:102150001FF6063F3F01303F7637973F3BFCD53FA8
:10216000118DEE3FFA9B0440FA9B28408FDF3140EF
:102170007C0F373EEB1C733EF914C03E2B505B3F87
:10218000253BD63FA228E83F16130140546F11406B
:1021900047722140F8192F40412D463E1C97893E39
:1021A0007714E73E7AE3403F641F7C3F5986A43FA3
:1021B00061C3D73FD82AF13F16DE054031940F4066
:1021C0001FBBF33EEACF263FE0114D3FEC4C813F71
:1021D00036E59E3F2A8CAD3F5053E33F7B8305405D
:1021E0005C77114012141D409DBC583E90DD9D3E11
:1021F00049BDD73EF3AF5D3F419AB53F4243C73F2C
:1022000090A0E43F164D0140B3B50C405C722840ED
:1022100010AE503E5A49FB3E444C813F8733A33FAA
:102220006171BC3FABB2E73FC4EB0A409F021C4068
:102230002D602A40936F32401E8A323E9912813EB1
:102240001FBA2C3F079A573F300D873F8195A33F18
:10225000596ED93F0E840440718F194055132A409E
:10226000DBFD7A3EC0E9A53E7BFA203F828B6D3FC5
:1022700020D28F3FBC3FCA3F4777F03F917E03405B
:1022800045F516406DFF224007073B3E99F2813E1F
:102290004CC2C53EC6321D3F6CB2AE3F65DFC53F86
:1022A0002592024050010E400FD11A409CF9274060
:1022B0008A59973E7F4FBC3EC8D1303F7C0F873F45
:1022C00082E2973F567DD23FE8D9F83FFE7D064037
:1022D000C6F92340C53D2C40D82D623EEA42943ECB
:1022E00029EB233F5073523F8F70923FACADC83FF4
:1022F000B919E23FF33CF43F179F064011DF23403A
:102300006491CE3E77BB063FB9713B3FC4B1663F97
:102310006397843FCE70AB3FC959E43F2592F83FA5
:10232000F5BE1740091B2840CCEE593E4963843E58
:10233000FB73F13E24802F3F3BC2A13F2B18E93FA6
:10234000077C0A40257512402332284037713240FD
:102350009967CD3E965D243FFA27843FDA389E3F49
:10236000BDE3B83F21E5D73F1A6E0040E89F0E401D
:10237000739D24405C552E40ED2D753E7BA3AE3EF3
:10238000DE39FC3E3D27353F22A5613FE9F1833F21
:102390006210DC3F14051640520F2540B4713040E6
:1023A0005C93963E6EFAC33E46D1133F1630813F92
:1023B000B211A83F9FABB53F5951DF3FDD07064043
:1023C000A27F12402A741E405DE12D3EAE9B723EFC
:1023D0002C7FCE3E2D95233FEA95963FEC12AD3FE4
:1023E0006631D53F0473F43F919B0940E0D62D4000
:1023F0006B7F573E9D4A8E3EACAAE73E598BB33F5A
:1024000013B8C13FC347DC3F4EB4F33FF2D2114093
:10241000535C254043902F405E67233E8ACA663E48
:10242000FA7DBF3EAFD1363FA470813F3194AF3FBC
:10243000137ED93F4390EF3F5ABB0140A86F1F4026
:102440007B67843E22A80E3F2BD9513F5DF9843F24
:102450009296A63F8E01B93F6E51EA3F6B48064007
:1024600027881440E4A0224097576E3E0682903E93
:102470000CC9213FCF10663FD5CAC43F9A42EF3FF7
:102480001618044065010F4000E31F40978B284059
:102490009983143F64797F3F3815A93FEBADBD3F69
:1024A00065A5DD3FAB04F33FB6B907407D9112400F
:1024B000FFEC2140CCB4294096EC583E4B3B9D3E6E
:1024C000CD1EE83E7711723FDF1AA03FD3C1BE3F59
:1024D0009FB0DC3F8BFD114047032440992A3040D8
:1024E000C9E8A03E3EB3FC3EC3F32A3F0681653FE8
:1024F0006458A93F7EC6BD3F5070D53F78B9FC3FB8
:10250000B4591B40439023407CD53A3E63EF853E4F
:102510008A05D63EE084863F3A75A13F59C0B83F50
:102520001F2ED53F2332F83FCD751C405DDC28407F
:10253000205E773E74269D3EC28AFB3EC58F8D3F4E
:10254000AB04C73F8750D53F0343F63F0F9C054080
:10255000C2861740B8E9294061A5423EB37B823E5E
:10256000D17AE83E147A393F8AAB8A3FFD6AB23F9E
:102570003238F23FE2AF0540B7971440C5FE1E4027
:102580002DED9C3EEE97C73E6DC7383F7FF7563F17
:10259000CFF78F3FD881D33F7155E93FE97D114097
:1025A000C66D2440BADA2A4036AB3E3EF3028C3E7A
:1025B000EC32C43EFB93103FBE6AC13F9E29EC3F04
:1025C000A4C7FF3F226C0C404CE018407BA0254084
:1025D0003CF8993EFDD8F43EFCC7523F9851903FDD
:1025E0007AAACB3F6688EF3F9D2E0B40B3CD1940B2
:1025F00065FC2740D712324091606A3E9A78B73E18
:10260000E82E013F66BE4B3F28B8803FB988933F14
:10261000FB3AF43F8FFC07408CD617408D0B3340BC
:102620009F02303E0E317E3E779DDD3EDC48553FB9
:10263000E23B853F1878A23F9FB0D43FAB95F53F72
:10264000672C0A404ED129405D53103E1955463E35
:10265000F9A0AF3E17F30F3F04E7883FD68BC53F85
:102660003C88E93F0517FB3F26AA1D4087503140B3
:10267000CE34313E3F8D7B3EE7A7B83E10EB753F31
:10268000B875CB3FF94ED83F4DF8FD3FE9260940DC
:102690002FA82540029A3040BFF1753E8A22DC3EC9
:1026A000452F233F5B5E493FE8D9883F3F009D3F70
:1026B000CC45BC3FC6DCF93FDD7B0C400D6C2740B0
:1026C0006858BC3E7C9CF13EF0173B3F76898A3FC0
:1026D00012F79C3F4A41BB3F46CEF63FAB5B0340FF
:1026E00007081A40BF652A40711B7D3E2C67B73E24
:1026F000C233093F0729483FB98DAE3F8B4FD13FC9
:102700005053E73F2F34FF3F2FFA1C40707726408D
:10271000CD22E43E151A303F289B8E3F2788A63FE6
:102720003EE8C93FC269F13FC3640E401CF01B4044
:102730005C382A40B7B43040CA885B3E780BAC3E68
:1027400023C0F93ED270423FDE73783F910F923F33
:10275000CA89BA3F34F4CF3F94A41340FCC62D403D
:10276000772DC13E22FDEE3EB553373F4EB98A3F2D
:102770004DD6A03F83A3B43F0B0CE53FF9DAF73FFA
:102780000F280D40B5FD234035EC173E44BE5B3E9F
:10279000A1860B3FE126573F0ABF983F4486BD3FC5
:1027A000FF5BE53FC15605404A461A40B7452B40FE
:1027B0003E031A3E2F8A8E3ED0EC4A3FB3077A3F43
:1027C00047039C3FE8DEB33F2B35E33FBF650A403C
:1027D00023102340B1C42F40E4F8713E9642A83E36
:1027E0008080213FAB04573FBA6B853F5F41A63FD6
:1027F0001D5AD03F6974EB3FAB2113400A9D1F4027
:10280000C9FFAC3E5FEFFE3E4016363F20B5593F54
:102810007BF57D3FC4999F3FDBF9DA3F2A8C054069
:10282000FDBC21401C422D402159303E8B37723E69
:102830005BECBE3EF86F063FC85E973F672CDE3FFD
:10284000EBA8F63FEF550740486D1440E8BC224026
:10285000BAA2D43E5AF31F3FFC17683F62158F3F60
:10286000711BB93F8EAFD53F8065F93F7C0F0B40A0
:10287000384A204091ED2A40BDE4873EE481D03EB5
:1028800028281D3F5F08513F69E57A3FC6F9933F0D
:102890002FDDE03F24971140F6D11F4057952D4082
:1028A0008B898D3E17B9EF3ED046263F5512513FDA
:1028B00055FB983FAE81AD3F2B4DC63FEDB6F73F80
:1028C00095F10D40A4531B408E75413E84D48D3E3E
:1028D000D448D33E48312C3F6A6AAD3FCBDBC13F81
:1028E0004699D93F4F400940CD7518405682254042
:1028F0000074783EEA78B43EAAB8693FFC00AC3F69
:10290000F65DCD3FADA3E63F52F20040425B0C4086
:10291000E97D1D40B0722840137C433EC059923E71
:1029200081ECE53EDBA4423F064C743F946A973F3E
:102930006DA8D83F8C67F03FBFB711404AD21D4009
:102940006FF4613E9FCA993EF0C0383FA582723F46
:10295000AD2FA63FBB0FC83FFF5BE13F2DB2F13F5C
:1029600083692040B8232C40B6485A3E84F4943EF4
:1029700066FA313FC70D6B3F8868B03F0CE5D03F2A
:10298000A987EC3F4D3200405FEF16406EA3274011
:102990006D3CA83E1A6A043F34F46F3FA228B03F52
:1029A0005B94C93F39D6E13F98C003406C5B0E4051
:1029B00077672540F46C30401D737E3E57E8BB3E80
:1029C000DEE80F3F6B29403FEB1C673F3FE3923F40
:1029D000FB96D13F62BEF43FD07E1A40CAC3264068
:1029E000E4129F3EA7AEF43E49B92B3F11C5703F9C
:1029F000878AB53FC520C83FD40EE73F164D074034
:102A000048161840104022402D5B833E5513D43E9B
:102A10009C360F3FC2357B3FFD87983F766CB03FB9
:102A2000D0D5D63F31B6EC3FA7E82440A06C30406B
:102A30008735953E8385AB3EC409403F4013A53F93
:102A40007FF6B73F79CCCC3F9ACEE63F17D4FB3F19
:102A500012832640EDF52E40AAF0473E541C8F3ECF
:102A60006E4CE73E232C263F4A25543F6C04CE3F54
:102A7000C51BF53F8CD605402A741440CD3B22403F
:102A8000A9A3633EB14DAA3E118CF33E98692F3F36
:102A9000DAE1833F3A5DDE3FACE2F53FE7351840CF
:102AA000E73A2D40B0553440FBC9283EF0DA753E78
:102AB000D53FB83E384B4D3F44C0C13F8E23D23F37
:102AC000E1970240FFEC0F4035461F40ABB22D406E
:102AD00080EE5B3EDF1B933ECC98123FA791923F66
:102AE00076FDAE3F2558E03F02B7024065360E4006
:102AF00055C122403BAA2C407F86673ED427A93E81
:102B0000ABE9F23ED810303F85974C3F84F0A83FA8
:102B1000ABE7F83F97FF0440098A17409C8A2040A2
:102B2000B2687A3E97C9C83EC2BE0D3FE1D13A3F76
:102B3000E0B99F3F8464B93F300DCF3FE7C6044002
:102B400061C31540E52721401497333EE3E2A03EE0
:102B5000205DE43EAB224C3FFA0AAA3F1349B83F3E
:102B60007E8CE53FD443F83FD2001E40832F2E4099
:102B700055BF523EEA5B963E22A7E73EAE81893FB3
:102B8000B8E4A43FAFEBD33F8FC2ED3F15571740DA
:102B9000A6F22840BA1433409702823ED009C93EBB
:102BA000E86B163F95D54C3F74EF793F6AC1973F6C
:102BB0005F0CC93FF623E93F24D105405856164023
:102BC0009C19A53E0F63D23ED13B393F0DC3873FD1
:102BD00068CB993FFF3EB33FE622CA3F16F6E43F7B
:102BE00092741D40607627401D56583E78269C3EC4
:102BF000D53CDF3E5AA0453FA3CCBE3F83C0D63F65
:102C0000FC6FF13F96430740EBE214406E8B2E4081
:102C1000FCA6703EA356D03E8D625D3F374FA53F68
:102C20003FA9DA3F6822F83F7B830B40B98D1640FD
:102C30002315244066882D40BB0E353E9088893E82
:102C4000BF44E43E89B7523FD5CF833FCEC2A23FB7
:102C50003ECBCF3F0FD6E73FA9BC1940904E27404F
:102C600075AB773E89B4AD3E1CEC013F9678803F52
:102C700024289A3F0CB0AF3FCF6BF83FD97C064079
:102C8000D6AD1840F4E02A40486B6C3E6F63AB3E13
:102C90004018003F0743613F4BCD823F9352C43FF2
:102CA000D942FC3F0B410840FD4D244014E82D4023
:102CB0009352983EB534E73E81B43F3F1B107D3FB1
:102CC000F4E0AE3F5DA7CD3F3884F23FAE2A0B4023
:102CD0001C5F21403E963040200C4C3E84D38A3EFF
:102CE000D40EFF3E3ECC5A3F5F07963F789CAE3FE6
:102CF000D68BE13F240BFC3F481B0B40BFF1134038
:102D00005281633EC687D93E0AA0103F5D6E543F94
:102D1000C1E2843FA1D6983F9F3CDC3FE5D5ED3F23
:102D2000F5A11B4015742F40FC533A3E3D43683ECD
:102D300052F1C73E3C6C0E3FAB3E873FACCAC63F2C
:102D4000E3360840668310405C8F2640EF553340E1
:102D50005917B73EECA6103FD595933FF5D6AC3F3B
:102D6000594CC43F1EF9DB3F249CFA3FEF380B401F
:102D7000925C2040616C2B40B326263ECC7D723E97
:102D80000A82BF3ECF10123F287F3F3F9E0C963FE6
:102D9000D864E93FD86403409CE120409869314001
:102DA00008919C3E8386EE3EA626253F5AF5613F5C
:102DB000CA15923F7828A23F60CDD93F302F0040FE
:102DC0009FC80B40EC511A402F366D3E17F0C23EA3
:102DD00057B50C3F8060563FA6D59C3FC39EAA3F87
:102DE0009300ED3FC2A30740452A1440E4DA2E4089
:102DF0008B19713EA6D3923EA54F2F3F5B5FAC3F30
:102E00009D68C33FA20BDA3FD07E06408C4A10403B
:102E100084F02440EF032E409E7B6F3E9D9DE43E58
:102E200086E61A3F2A8D503FEE08873FEBE2963F39
:102E3000630BD13F48C4EC3F9AEB0840B4E52E4009
:102E40000D1D8B3E0B99AB3E3B735B3F8D7AA03FD4
:102E5000718FB13FB5E0D93F5CC9F23F253B0C40D3
:102E600052B81E40AF7C26405115733E910CA13ED6
:102E7000F86DE03E9483693F0AF4C93F6C5BF03F14
:102E80003B1902404E9C0C4073631A40B0552240DF
:102E900003EBB83EC2F7123F300D833F77F8BB3FDC
:102EA0004564D83F616CF53FDFFD0B40BF601540C6
:102EB00089D22A40419A3340EE948E3EE927CC3E97
:102EC0008BC6123F99D6563F3A75893F726D9C3F2B
:102ED000F888D83F9F930A407C2718403E5C2240E8
:102EE000F470923E4F59E53E92741D3F4B75593F29
:102EF00065E4A83F9756BB3FB98DE23FE010004024
:102F00009F1F0C4007D31C40E1B4603E726B9A3E99
:102F10000B252B3FA8705C3F48E19A3F6BD4BF3F25
:102F20001860DF3FC45AF03FCD1E144087A72740EA
:102F30000AF5643E664DB43EA54D193FD2E39B3F72
:102F400055F6AD3F23BECB3F14B3E23FE2AF0D4099
:102F500045F023401F112F40001A353E8847723E2E
:102F6000774BCA3E3E77223F3316913F36E5AA3F64
:102F70007C9BE23F919BFD3F47380D40F9BD1540DA
:102F80006362AB3EAEF5CD3E3CBF283F7E19483F65
:102F90008BA8793FB81ED53FFD9FEF3FBB0A03408A
:102FA00083861E4017BC2440B7265D3E68CB913E09
:102FB000A834063FC30D483F0EDBAA3F59DDE23F70
:102FC000BD18FA3FF06D0C400C022540F27B2F40FB
:102FD000C1AC983E6CD1FA3EC91F503F2783973F42
:102FE000B18ABF3F9609D73F6AF606408542144032
:102FF000361F2B40C78036401840A03E57B5D43E00
:10300000F8351E3F282B663F07B68A3F70B6A13FB2
:103010005396F13F4C8E0F4045D81A40BF82244052
:103020009B567A3E1BBBDC3EB1FC193FE129503F69
:1030300094138D3FB24B9C3FE0A1D83F4B1F024001
:10304000F9310E4075AB274060921A3E4451603E04
:1030500092CCB23EED7F1C3FBEDE893F0612A03F00
:10306000C22FF53FEE5F0540CDCC1C40FAB8324090
:103070005B7D253E1938603E7408E43E6E886D3FE6
:1030800048BFB93FE65CE23F155208405778174009
:10309000BE9F2A406519344039B4483EF031983E0D
:1030A000A699FE3E5C20313F30818B3FF207A33F63
:1030B00094C1C13F016A00409D851140419F244059
:1030C0003FA8AB3E52EDEB3E6A682F3F3A1F5E3F92
:1030D00087C4813FE561BD3F72C4004060C80A40BB
:1030E00022A6244081EC2D40ACE4833EC686AE3E51
:1030F00026E0FF3E42D2573F27C2B23FD174EA3F9B
:10310000D3300240B0E60A40350C1B408D97224078
:10311000EDD7D53E45B8213FAB96743FC841993FA6
:103120005474D43FE89FF03F9FCD0A40ADFA16405B
:103130006DFF244021B02C40F6F0253E7DCF803E2F
:10314000933AE13E7731293F1F66673F97FFA83FDB
:1031500023F8CF3F82A8E33F34F42140732E33405D
:103160004983833E6F46A53E69742F3F77108B3F9E
:1031700029B3A13FD4F1C83FDE02ED3FF1F4004096
:1031800002F11040D09B1C405532003E2C66343E6C
:10319000E319AC3EF016483FCFA0993FF050B83F3E
:1031A0000118E73F16F604401C991D40813E2F4050
:1031B000537BD13DEAE9433E4D49463F48BF893FF5
:1031C000774AAF3F7446D03F978BFC3FA01A0F4021
:1031D000EBFF2640DD073440C89A313E76346E3E20
:1031E000E1B5FB3EAC1A583FD3308C3F6076AF3F21
:1031F0005036D93F4D4A0340543A1440962120405E
:103200001ADB833E14ECAF3E3271273FB9C7563FFD
:103210002428863F6B65BE3F40D9DC3FA9DEF23FE4
:103220007A8D1B40068125404CA64A3EC4788D3ECF
:10323000C66CE13EA181343F3238A23F27C2DE3F57
:103240000A9DF73F4DDB0940E09C1940E9F127401A
:10325000C8B5D13EE7C6183F1BD77B3F3D44973FDB
:10326000D881AF3FFD4DC03F520FE13F403001409C
:10327000BD521840C9E52540F6616D3E8F70AA3EEB
:10328000268FF73E8603253F541A513F85226D3F16
:10329000569FB33FA3E90E406BF11D40E36B2B40FB
:1032A0008868843EDE1CAE3EE8A42B3F4B91683F0D
:1032B0002AC68D3F1366BA3FEB39E13FAD51F73F68
:1032C0005C3D07402BD9134053CD3C3E122F7F3E2F
:1032D0002A55D23E1381163F52B8A63F2A52C13F0B
:1032E0001FBADC3F92AEFD3F091B12402E041B406B
:1032F000B51A823E876CA03E85EC283F6406A23F4B
:103300008CDBB43F323DD53FDAACF63FD786064082
:10331000F54A2340EC122B406078253EF52D733E94
:1033200032C9C03E9818233FF7B1523F349D913FB8
:103330004A24D93F3B19F03F13D5194089EF284063
:1033400051DDC43EFC01EF3E7BA43D3FDD26703FD6
:1033500016FB873F1630C13FD2E3DF3F787AF53F57
:103360000E15234005FA2A4045F1AA3E45B7D63E40
:103370001C95233FF9DA8B3F62A1C23F2D21D33F39
:1033800067EDEE3F3C880940A93016409964204023
:10339000FC38DA3E09DF2F3F51319E3F8FE4B63FC4
:1033A0009548CE3F707CE53F3220014045F50E4008
:1033B000AA0E234042952C4040A1863E242ABC3EC2
:1033C00032CA073FFFEA3D3F755A5F3FA7E8883F93
:1033D000D66EDF3F89EA03406F2A1240A5A01F4046
:1033E0009EEBAB3EA9170C3F9B59373FA1486B3F63
:1033F000CF49A33FC347B43F03B2D73F6FD3FB3F8F
:10340000D0ED0D4068961C409417693EA777A93E01
:10341000E8DDF83E890C8F3F9609A73FF14BC13F8D
:10342000E5EDE03F5036F93F2D0928401E163240A9
:10343000423EB83E5C8EDF3E8D29403F14CB993F23
:103440007E35AB3FB823CC3FCF31FC3F2849074006
:103450004EB92440AAB72E40B6F4583E8FA99B3EE1
:103460001C44033F4EEC293F840D8B3FF510D13FA8
:10347000E1B4E83F0A4B0840740719400473264042
:1034800057CC483E3F388F3E3675DE3E06F31F3F31
:1034900041B9453FB9C2B33F9F71F93F834C0A40E0
:1034A000EC5128408D9C31400989343E2769863E85
:1034B0001958BF3E09C3143FF792C23FD23ADE3FCC
:1034C0001574F73F8CF808409AEB1640AC39304041
:1034D0007286823E4D48C33E45624E3FD7178D3FB0
:1034E000276BC43F2D09E03F7446FC3F4F3B0A4029
:1034F000CB2D1D4064232A4049F4423EB8CA933E76
:10350000FBEBE53ED09C2D3FE0F74F3FA583B93F55
:10351000BB44DD3F60B0FB3F43E22840FD873240C3
:10352000679A803E82E4C53E37FF1B3FE00E4C3F6A
:10353000AD17833FEE42973F4D32BA3FEECE00408B
:10354000C98E1F4045BB2C4059A72A3EC64E883E17
:103550002235C53EFA44363F63EEB23F0B24C43FEA
:10356000813EF53FCBA10540622D2440A987324022
:10357000062D743EC0B09C3ED40BE63EB153603F76
:103580008CBEC23FA88CF73F569A0840C026114017
:103590000A682240C5202A406283253E7232613E7D
:1035A0006BD7B43E8A3B063FEB38763F3E969A3F58
:1035B000C30DD83F4A5EF53F145C0A40B285144003
:1035C000F4C4D33E38DB183F0D344B3F807D7C3F45
:1035D000B211A43F0BD2B43FCF83D33F9E0701402B
:1035E0001496184041D4214089246A3E37E1AE3E0A
:1035F0003144F63E38157D3FEE7CAF3F191CBD3F90
:103600003B36EE3FB003014077BE15404A7B314068
:10361000B5A7843EC7D5183FA4377C3FC72EA93F26
:103620004B59D23F1A8BFA3FBC7912408CD61F40BF
:10363000F9DA2D40CC0B36408F1B3E3EEBFC9B3E17
:103640008578E43E8C4B5D3FC6BF8B3FE50AA33FC8
:1036500022A6F83F541D0640DE932140D82A31406F
:1036600070ED343E4C6B833E0DE33E3F32566F3F70
:103670003F52A43FE353B83F62F3E13F53D00740CA
:10368000A1D6184092CB25403E5C423E4B208D3E59
:1036900019CAE13E6344523F43C5A03FFE9AB43F7E
:1036A0000803F73F60B007408E5819406CB22640BF
:1036B000069D883E71E5AC3EB9C4513F7D3F913FC8
:1036C0008104A53FB875E33F57CFFD3F27310E403A
:1036D00050C72540ACAD2C40BF46523EFB928D3EBC
:1036E00076FD063FAC373A3FBB27833F9EB5D33FBD
:1036F0002CBCF33FA9FB024067F20D4089291D4015
:103700005F45963E4757D93EAB211D3FF0C4743FFD
:103710004226913F0C93A93F4C8EE73F0D1AFA3F8A
:1037200070CE124038DB2440CF833B3E40A47F3E26
:10373000D09DC03EF33D0B3FFFE7AC3FC91FF43FB8
:1037400057EC05408D5D1040C4EB20408E062C40A8
:10375000698C0A3F12304A3FAC8B873F5B7CA23FAB
:10376000CC7FC03F5DE1D93FDC2EFC3F693A0B4086
:10377000BCCB1F404DBE29406FD46A3EABCFAD3E9F
:10378000F25CE73E0F45293FA5BB4B3F4772893F9F
:1037900002BC01402B350D404CA61E4090832E40AC
:1037A0008CF6A83E1AC2013FB54E2C3F0A2D633F4E
:1037B00056489D3F92B3AC3F5001E43F878A054095
:1037C000D2C61140D0B81E40D9B50D3E10CD4C3EEA
:1037D00076E2CA3E98DD4F3F639C8B3FB7EEBA3F1F
:1037E000376CDF3F1FBFF33FBA491640FFCA2C407A
:1037F00070D2343E0EF9773E9BACC13ECAC3963FB1
:10380000BF48C83F46CED63FAFCEF93F2EC5074092
:1038100086202540232D2F403A5A153E662F4B3ED9
:1038200088D9AB3EE5ED0C3F8386823F2783AF3FCF
:10383000BD18E63F6CCFF83F84470D402AC62F40A5
:10384000F228C53E39F2003F7907343F6FF5883FD3
:1038500091D0AE3F226CBC3FCCB4E93F8B370A40DD
:103860000DC3174093572140F7E4913E7DAEC63E0D
:10387000D2E1013F560E613F0803C33FD55BE33FF2
:1038800022FDF63F77150A40DEAB1C4094872540A9
:103890008E73FB3E6093413F65AAA03FF8DFC23FB5
:1038A000F966E33FB8CC0140CF4E12405A811B402D
:1038B0008A762B409BAC3140AA44813E21CBCA3E44
:1038C0009C88363F658B5C3FF27B933F6076AF3FD1
:1038D000E197CE3F6744094090BD2440179A2D40A0
:1038E00065C5903ED17AE03EA9121D3FE205593FE1
:1038F000E960A13F0A85B03F9C33D23F75CD0840B7
:1039000060931740126B2140C6DD503EBEF6A43EC8
:10391000DAADF53E8600743F390B9B3F8AE5B23F36
:10392000F180E63FB62DFA3F9ED21940AAB7244057
:10393000DF70873E5A83B73EF1F6203F1D3D8E3F34
:10394000508DAB3F56D4C03F91F2FF3F4C6C0C40C2
:10395000BE871D4007B62A40DAFE353E5F0C653E45
:10396000DA02CA3E9E610E3FCA89723FF914C03F17
:1039700050E4DD3FCE88F63FEDBB10403EE81B40F3
:10398000D6E1A03E7F2EBA3EBD563A3FCF145A3FF5
:103990003BE4863F2029E63F80B7FC3FB8AF0B40B1
:1039A000986E2240AD4C2840E49E4E3E560E8D3E11
:1039B000E04DCF3EEF593F3FA301C03FC9ABEB3FC6
:1039C000FDD9FF3F0E840E40EDD81E4040D92A405D
:1039D0000056073EC841A13E0E4C523FD717993FB3
:1039E000809AB63F4E97D93FEA5B024039B4144003
:1039F000BEDE2B40AE0D354027BC643EE5D5B13E62
:103A000098FA013F2D07463F58C9773F2C2B913F2D
:103A100032E6FE3FD89E1340F65D2140E17A324007
:103A2000B81FA03E174AE63E4C52153FF6296F3F9D
:103A30008060A23F49BAAE3FD3DEC83F41F1D73FD5
:103A40007CF20440CF142640A989FE3D5C04263E4A
:103A500090DA943E936E273F09A79D3F42ECC43F06
:103A60001E50F23F6FD30B404B02244009163340E7
:103A7000554C353ECBD8803E365CBC3EDD99693F27
:103A8000C85EC73FDDB5D83F1B12F33FF19D044030
:103A900005691640B8582940174A763EDDB4C13E44
:103AA000363D0C3FF817413F912B793F0F458D3F35
:103AB0009886C93F92CB014027830D407103244073
:103AC000F207DB3E61DD043FDE72453FF6EE6F3FFD
:103AD0005D168B3F8C10CE3FE17AF03FE9600340EA
:103AE000062F2240BF0E2A4040C1653ED5CCA23EE3
:103AF000E71BE13E3F1C503F0C02B33F6935D03F0E
:103B0000B1A7E53FC74B074047C913403ACC1F4018
:103B10000A0000000900000000020000886E00207A
:103B20000500000009000000000200008846002097
:103B3000050000000900000000020000881E0020AF
:103B40000000000000000000000000000000000075
:103B5000A4702D405E4B4041EE7C3F3DAA482FC0F3
:103B60002ECBF73D243906419D46CABF3B6E64BF4C
:103B700085B6983FB532F5BF68973F3EEDB651C068
:103B8000CE1CAA3EFE43F5C04A5EBDBF03F8F94114
:103B9000B988C33F0EADDD41B43D06BFFC00A8406F
:103BA00009A70D3FA60AEE4068EC57BF94FBF9BF8A
:103BB00093E31040BFC309411494123E3064174090
:103BC00056D31D3FF662A43FDD0CDBBF0BC6B041F0
:103BD000670A813F082C8B41F78EDABDD89EB53F2E
:103BE00012840BBEAA60644176C3DABF5541A4C1FA
:103BF0001635D43F4A0759C0B85C0D3EB5A69EC0E5
:103C00001267093FCDCCF8BFB404493E586813424F
:103C1000A0E0A23FB673B44179932BBF1EF9F3BF66
:103C200090A1C33E0FD6CC40EBC441BF28D59CC069
:103C3000D526EA3F40A49340F838A33EE4A03C3F99
:103C400072E11C3F9FCD04C050FFD1BEFB4BC6416B
:103C5000A054E33FED0D53412106DA3DE7FFD5BD0A
:103C6000A6D1443ED8F022419886E9BF9BE6F6C033
:103C7000B16C6E3FAF258B40BD1C9E3E83C082C0A1
:103C80005456CB3E41F13CC1618947BDC1E8244255
:103C90007C99603FB5660F42DC8142BF5F09F43E0C
:103CA00012857A3FE696F540BAF798BF317C4240DC
:103CB000F5F32840CF4E5AC0CCB6433EE89F66404D
:103CC0001A4DCE3E58CA8A3FB2BA09C05DDC904157
:103CD0008BFDC53FD2290541EC8512BEF06D82C037
:103CE000D3BE19BE56BCBB40C347B4BF780B50C04F
:103CF0009A77C83F789C26C17572363E90A023C142
:103D00008F6DB93E46EEE9BCB29D8FBD2720C34101
:103D1000AB41183FC6DC8B410BEF92BE24EEDCC0FA
:103D2000A0FCED3EBA49234122E080BF17B765C130
:103D3000AD17154057436CC0C5E6AB3E950E1A4013
:103D40003884823F2BF649C0A835A1BFA5BDFF40EE
:103D5000618E1840DE719D419373C2BDB77A1AC05F
:103D60009B5A563ECC45D5405B250EC0419FB03F87
:103D7000096DA53F12F702401879793E9A0764BF92
:103D80002288DB3E7632E6C0088F8EBF985D2542E2
:103D9000F7062740BE1FF9417497E4BE2B3022403E
:103DA000E9EEFA3E0E15944065018FBFAB784FC027
:103DB000D751E53F8EA306419CC11F3E6FBC3B3EE1
:103DC000724E083F26E4494039B543BFAC1C9441CC
:103DD00029D0733F3F573C413946AABE48A8B13E5F
:103DE00057044F3E03786B41784508C0AAF178C16B
:103DF0001C42AD3F0EA1F6BF289E33BCF2B082C17B
:103E0000AD50CC3EB39832C00F2B403FB82FF94194
:103E1000C6DE273FEEDAC341240BE8BE91623CBF09
:103E20008FE4923E917ED140593637BF8CB945C15F
:103E3000EC34C63FA2D1774012338B3E17664D3F1C
:103E4000DB87003FEE5A9BC0A27BFEBE5F188E410F
:103E5000EE77983F39455F417C0A803CE370AA3F8A
:103E60003109AF3E47F70E41823914C055A4ACC0AA
:103E70004434423FBC74FB3F971C773E50364FC0E2
:103E800004C8883E1AC033C12CD78BBECC7F0242F7
:103E90005873E03F5EBA2142F2B448BFBBED4240E6
:103EA00090BB343F6328B5408E75B1BF7441AD3FC0
:103EB000EC1718407C61D63FEACD783E056E9740FE
:103EC0001B82FB3E7C47B53E50AACDBF0F8B0A41FB
:103ED000DC63953F5396BF4047E70CBECEAA40C176
:103EE00039B480BEEE5A2641B83BB7BF3C770EC10D
:103EF000EBFF7C3F105853C13BE1853EEA5BCBC0F2
:103F000099B7CA3EF1D833BFA741913E6132D7413C
:103F1000F087D73E9D117741F12BB6BE12A55BC14C
:103F2000DA01073F4260464124B495BFDBF97FC107
:103F30006B0EF43F151DBAC0FA7FB53E1F80764068
:103F40000265533F593485C02FFAFABE4BEA5041FF
:103F5000895E1040226C5841F165A2BB232D4FC0F1
:103F6000D5CCDA3CF5B9FB4034BAE7BF7501E7BE02
:103F7000F1BA8A3FE2063CBE98180B3EA60F11C06C
:103F80006E6AC03E5A64B0C04EB4FBBF4ABB1A4210
:103F9000C72EFD3F2586C441566434BF5F7BCB40AE
:103FA0009529F63EF0A7E14077F679BF020E1BC0D7
:103FB0003A232040984CD8402F30AB3D2E905040B3
:103FC000452B0B3F9DF6683FDEB09DBF64BBB841FB
:103FD0000116493F79E96C41E6AD5ABE6210D83FFF
:103FE0001C959B3BD95F9141520AC6BF35EF80C1FA
:103FF0001422C03F33FE51C0C51CA43DA04F94C045
:10400000DE03F43E5B940BC06E8BE23E4C372142E4
:104010008750893F6ABCDC41C04018BF825685C0CA
:104020004C4FD83E02B7F34004726DBFF7C7E8C0EB
:1040300067EDFE3F20EFA53F3126953E9D85194057
:10404000C498383FEBADF9BFB9E34DBF9E6FC74190
:1040500072FED23F25F59841F23F793D1E3417BFDD
:104060004B3C883EE9A61141158CFABF739D38C0C0
:1040700090F78E3F9A082B40828BB53E14E82FC0F4
:10408000D655A93E637F62C13E2107BF6A4D1E42DD
:1040900023BC7D3FAEC72C4245F116BFD174A23F71
:1040A0001D93493FFDB00B4133C481BF7E35833F33
:1040B0005BD33440D09BF23FDEAB763E6BB72F40F4
:1040C0004EB9DA3E6FD8224082FFF9BF6DE7434117
:1040D000616CB93FA1F84041378B57BE854258C04B
:1040E000E44B68BD96432341DC80D3BFA549A3C000
:1040F0005EBAA53F325544C1BC92E43D91D00AC19D
:10410000923CA73EE67495BF116EB23CA301F94103
:10411000AB21E93E48BFAB41AC39C0BEE8C157C096
:104120009088C93EFED4344105F959BFB7519BC1AF
:1041300094D90640A4A50EC06518BF3E9947F63F26
:10414000876A623FF73BDCBFECA179BF2C711D4150
:1041500011360040C7298B412F3417BD5F418EBFF8
:10416000DA04183E8ECCAC40630BF5BF22C39840F6
:104170001D55B93FD480093F93A8473E15E384BF3E
:10418000B2D5FD3EC3471FC1FC8C87BFD5C90342D2
:10419000D4B700404ED10142728A9EBEF3029740CE
:1041A0002446DF3E2E5694409F599EBF3F8CA0BFB1
:1041B000927401407BDA164103E9423E83FABA3F2A
:1041C000B741F53ECD061F40A20B8ABF0BC6814109
:1041D000F3939A3FA5771A41FB2384BEE40FD6BF21
:1041E0002427933DF0A756411349F0BF759380C132
:1041F000A110A53FB5E09BC01DAD8A3D4D1557C12F
:104200008A00DF3EC74B85C0E7A9EE3E4CB7F441BC
:1042100033A7673FB4C8AC41D5B304BF1B0D22C060
:10422000D8BAAC3E6F64B440D7120EBF39348BC1DC
:10423000868FD83F9CA7923F8867693EF8A8633F66
:104240007D59163FF359B7C04C3686BE325595415D
:104250000091B23FF0058841A2629CBC40DE8940DB
:10426000B1C49B3EE9B74A4166BD04C034BFCEC06D
:10427000E7A86B3F46429B3FF4E1913E488AE4BF8A
:10428000E3C1563E273180C149D522BF499DFC413B
:1042900032C9AC3FC3B50A426ABC78BFA5A0A940E9
:1042A0008F1A173F06648E40F7AFC8BF8F8D6640E8
:1042B000DF4F09407B8890403290973E6FD8834013
:1042C0003BFEE33ED7675E3F2A91B8BFED0D6241EA
:1042D0003789AD3F9F3CC040D0F151BCE7E3EFC010
:1042E000F628DCBE7E00084148339ABFD39FE3C066
:1042F00039EE8C3F3BC7DAC0992D493EEE7CC7C0F2
:104300004E9DDF3EF59C90BFEF6F103ED6D6B64176
:104310007DE6943EBF7D9641AC8F07BFB970F7C074
:104320002D60223F05A32C411BD8AABF3D9BA2C1F3
:10433000E466E83FFD9FF3BF5820CA3E8D0B7340F3
:104340000C913B3FEDF002C12BC23DBFF54A3C4111
:10435000020000000800000000010000C8BE0020AC
:10436000000000000000000000000000000000004D
:104370008126A2BFA2B49FBF03788BBDB1E1754077
:1043800029ED8DBDFB5CE5BF0612CCBF5917573F29
:1043900052B81E3E33C449C03C4E41C0C3D33B3F1C
:1043A0000B4685BE1D5AD43F7F6ABC3C8CDBB240B5
:1043B000D3BC1FC063EEFA3F418222BF3FC64C3FD1
:1043C0000BB52A40B003BF3FBC05923FD26F3FBF41
:1043D000FCA989BFEFC9ABBF910FFABEC1CA813E2C
:1043E0005917973E5C20C13FEEEBF83F355E2AC07F
:1043F000A30118407DD0C33FA85784401904D2C000
:104400006A4D0BC0583930C00B4645BFCD3B9E3F6F
:10441000583924BF1B9EDEBEDFE09BBF08AC7CBFCB
:1044200094878DBF2B1809C0690017C089D2FEBEC2
:10443000B1BF84C0B4C896C0295CB140B0724440DA
:10444000D34D6A40FE433E408E061C40728ACEBF6A
:10445000CB10A7BFBC960840984CF53F17B711BFCB
:104460006DE7CB3F3D0A8FBF5BB19FBFFE65CF3F7E
:1044700019042240CCEE154074B505BF9FCD46C04F
:104480002D210BC0711BBDBF591727C0886365C0A4
:104490005DFEC3BEF5B91ABE1895643FBC962440B4
:1044A0007502E2BF789CF23F1B9EC040B1E1A9BFFC
:1044B000AB3E57BE9A77BCBE01DEA2BFBC7493BFB1
:1044C0003F35BEBE6E3410BFF08521C0D34DE2BF74
:1044D000098A97407AA5B44008AC5C3F0000603F71
:1044E000C1A864BF1AC0CBBF36CDB3BFBC7493BDE7
:1044F000E3A51BBF27A049BF73D7B23F73D7923D37
:1045000005C5A3403B01C5BF1D3889C06ABCFCBFBF
:10451000F4FDAC3F8AB0194089D26E3FA5BD5D4025
:104520002EFF19C0D044D8BE30BB3740787ACDBFFB
:104530007E8C49C044692BC095652CC02FDD8EC090
:104540003411EE3F71AC0BBF25067940C520784091
:104550008A1FDBBFF54A81BF1B0D00BF9A77E4BFFE
:10456000910FFABE9E5E693E426055BFF90F81BF52
:104570004D15A4BF1D38E73DF706AFBFF5B9AABF7B
:10458000F2D26D3F60E54440D1912840470364403A
:10459000FB5C11C06210283F01DE9ABF728A664040
:1045A000A301CCBF7AC7A9BF48507C3F93183840BD
:1045B00014AE1740C05BA03FCE19A13FFE659FBF60
:1045C00001DEB2BFAED8BFBF55C1D0BF41F19BBF66
:1045D000666626BEC9765EBFA69B443BB68400C015
:1045E000F2D2AD3F10583D4002BC554091ED5CC049
:1045F000A01AAFBFE56121BFFED424C07DAE9EBF2F
:10460000C05B9E400A682E400AD7BB3FC8983BBE9D
:104610008351C9BE5474BC3F17D9DE3F2D211F3FC3
:1046200001DE8ABF341136BF1B0DC0BECC7FE0BF98
:10463000FE43FA3DB22EFE3F4B5906BF20D287C043
:104640002AA9A3BF211F74BE16FB2B3FB37B3E409C
:104650004013D9BF0EBECE40A0897CC0819503C057
:1046600027C22EC0E63F84BE9B551F3D682268C00E
:10467000A54E82C0BC74533FCEAA4F3F211F384085
:10468000295C0F40CC5D0B3FD0D5B63E355E064071
:1046900020412140637F15406ABCD43F0000203F89
:1046A00027C286BF07CE69BF4DF3EE3FB684A43F55
:1046B00010E9B73F51DABB3F1EA7903F32E6AE3F4D
:1046C000D6C58D3F5B4252C09EEFE7BEDDB5E43EEE
:1046D000CC5D97C0522774C074247FC0448B7C3F4C
:1046E000A1F8313ECBA1A53FADFAAC3FED9EBCBEDB
:1046F000613235BF567D6EBEAA60AC3FACAD88BF9F
:1047000062A1D6BCDAAC7A3E348057BF2731C8BE2E
:10471000BC742F40CEAA3F40871693C0211FF4BD22
:1047200024977F3E20D2EF3EDE02893DE92625C058
:1047300024287E3EBA6BA9BF6891BDBF1C7C713F27
:10474000D26F5B408C4A0E404DF30E4100918EBFFC
:1047500083C0EA3ED9CE6FC093A9424054522FC0C5
:10476000986E12405474D43FA83569C06EA3813D41
:104770008A1F2FC0637FA1BF48504CC0333303C092
:1047800036CDBB3F0C93A9BFE4140DBFECC0B93FBD
:10479000E926F1BE107A9EBFCC7F3C40F8C214C01F
:1047A00029CB1440029A0CC097FF703F840DFFBFC5
:1047B0009D80063F9C33A23D52494DC0FA7E1AC0EF
:1047C000C6DC614024B96440B5157BBDE71D87BFD9
:1047D000022BC73F2B18153C2DB29D3D36AB364002
:1047E0009FCDBABF1EA700C096430B3F2BF63340A8
:1047F0008FC295BEA60A36BF787A753F499DD8BF4D
:104800002428EEBFDF4F8D3FB22ED6BFC74BB7BDBA
:10481000211F6C40B7D130401AC0DFC098DDD33EB5
:1048200032E6C6BF8D972E3FF90FB93FA301DC3E9C
:1048300021B0D2BE07CEA9BF499D003F5C8F32BFD9
:104840008195C3BE1D5AA43FE6AE753F492E87BF72
:1048500034110E40014D043E2497B73FD200424030
:104860000C027FC032772D3F560EAD3E55306EC0E4
:10487000ABCF01C0CAC3C2BF8351813F211F9C403F
:10488000ADFA6C40CDCC8C40BF7D9DBE280F1F4043
:10489000C4B10E40F5B9C2BF643BDF3E8AB0BFC0B1
:1048A00065192AC0068119C014D000C067D5AF3F72
:1048B00048E172C03BDF134007F056BE8A8EC4BE8B
:1048C0006FF0DDBF0D717CBF86C954BEDE02A1BF93
:1048D000D42B254091ED6CBF80484F4086C98C3F5A
:1048E000C1396B408A8E9440ED9EF43F645DBC3FBD
:1048F000CA3230401F858BBE07F0B6BE03090ABF1F
:10490000B1BF86C01CEBCEC061C317C02CD402C09F
:1049100030BB373F3867B43FB072383F1DC9DB400A
:10492000014DE43F97FFE44088F43BC095D45940E3
:10493000083D1BBFE09C154005C537403C4EE1C01B
:104940000A681BC1F01684400D715CC0A5BDBFC0D4
:10495000CD3BB040304C66BF5474F0C0BB279F3F86
:104960000DE04D3F3F57CB3F371A603F5227E0BE27
:10497000D7346F3E9FAB2D3DDBF9FEBD3277AD3DA9
:1049800026E4233FB5A629409A99D13FB1504FC0A4
:10499000341112C01B2F09C0D509C8BFDAACDA3EEA
:1049A00054741040A54E204041F1CBBFC13917C00F
:1049B0004013213F6C09993F6FF0553FC8075DBF19
:1049C00010E937BE6FF0ED3FFCA9313F772D354040
:1049D00040A42340ECC0D9BE4625953E94F6463F00
:1049E0000681B53FAAF15A40BE30F9BFBB278740C8
:1049F00055C1EAC0CCEE71C0A24566C0EA9526C09A
:104A00009CA2F33FF46C36BF2C6515C08E06703E39
:104A100054E3694027317C40984C41404B59463E15
:104A2000956598BF865AF3BFDAAC2ABFE926A1BFC5
:104A30009D118DBF5C8F2AC0295C0F3EDB8AB5BFFC
:104A400044FA9DBF1B0D603DAC8B1B3E9565983FA6
:104A5000333367C06DE70FC0FA7E8ABFA4DFFEBFA5
:104A6000037893BF3D2C10C0827322C08D976E3F98
:104A7000211F943FD57801401136D43F992AB03F89
:104A8000B22ECE40A3920A4058A801C09A77FC3FAC
:104A9000D7125240BA49ECBE696F98BFB30C1DC023
:104AA000819593BFBC740BC0BA493CBFBC0506C01E
:104AB000C9E51F3F8E06E03F04E754C05DFE5BC0C2
:104AC000AA8229C09FCD12C0BBB86D3F0378AB3F0F
:104AD0009A7708C09F3C8C3E6519A23FBB278D404A
:104AE0008E75B13F85EB7940C8073540ED9EA43FF8
:104AF0005BD3FCBF5F073E3F107A1A40CA54F13FB8
:104B000095D491BFFF2125C03BDF3BC0D1226BC0B4
:104B1000F085E9BF36AB9E3E567DC44054E39340DA
:104B2000061204C09BE66DC0D7A370BFA245B63F76
:104B300051DABBBEDF4F0140BB271F3F24B9843F82
:104B4000AED81FBE0C937D400BB5AEBF2B18953E63
:104B5000A8576240158C5A3F8E0670BF63EE6EC038
:104B60002F6ED1C038F89ABF075F5440E8D924406F
:104B70000612FC3FD9CE9BC0F7061F3F5EBAC93D67
:104B80007E8CC93FA323793ED88127C060E51840B9
:104B90009B552F3F037893BFDE7102C0613265BF22
:104BA000A089603F7E8C993F226C78BF5917AFBFB8
:104BB00021B092BF20636E3D94F6863E7D3FFDBFDF
:104BC0001904063FFE43D23F01DE223FBBB83D3F02
:104BD000CC5DB340BDE3B4BE226C283F4F403FC024
:104BE0008351193F098A7FC095650CC0E5F2774073
:104BF000C05B0040780B14400B46E5BED57805C07D
:104C0000DB8A8BC0621008C03F57AB401DC9FD3F17
:104C100004E7AA4058A855BFF6971DC09621963FB5
:104C2000713D8CC01826433FF2B0F8BFA245B63F95
:104C3000F5DB53C0E561213D24B9004059172B40F5
:104C400092CB9F3FAED85FBEB1BFEC3D90A0F8BE07
:104C500070CE1C40E561513F32E68EBF287E0CC00D
:104C600070CE78BFC1A8044004E7CC3E6E34983FB4
:104C7000FB3AE03FA7E8A0BF061254C0865AF3BF34
:104C80007368F13F2041DF4024971B404CA602C0CF
:104C9000713D7A40A835B140E9B7DFBF189554BFE0
:104CA000158C3640F628B4BFA60A063E9E5EE93F44
:104CB00055C138C07502F0C018265FC06EA351C040
:104CC00007F036C0EE5AC8407FFBEEC0FED4D83F96
:104CD0003E796040E86AAB3F9A088B3F42CF3E4046
:104CE00045D8503F8B6C27C08A8E18C0F85353BFED
:104CF000F85323BE8A8E004070CE38C0B8401EC024
:104D000048BFADBFC1A8A4BFCE19C9BFB1E189BF1B
:104D100044FAED3E107A2E407DAE06409643CBBE5F
:104D2000986E12BEA3927ABFE3A507C0B00347BF37
:104D3000A392824053966D40B30CC13F8FE4923EE4
:104D4000F93126C014D000C0B1E1C13F10E96F4075
:104D50002AA94F408126323F9E5EA93E04E71CC02F
:104D60005D6D5DC03F5785C03BDF2FBF68B38A3E96
:104D70007446943DCBA1A53E910FFABFA2B42FC0BB
:104D800074B555C0917EF3BF85EB81BF1748403F96
:104D90003FC65CBD9FAB35C027C2A8409E5EA34006
:104DA0002BF6B73FEFC9B33FB5A6B93FD26F1F404F
:104DB00033C429C0AD691EBF022B27BF477209BF8C
:104DC0005C8FDEC0E561A93F9B558B4014D03C4011
:104DD000B22E7E3F8FE4F2BD849E5DBFC21716C027
:104DE000F16360405D6D35403A9285C0780B84C0B8
:104DF000D34D9640B1BF40406ADE91BE2D2100C127
:104E0000287E5C40992A483F9CA22FC014D0DC3FEA
:104E100042CF82C0CE8862BF341198C0E336A04032
:104E2000C97656C079589AC0E63FD4C0A3019C40C9
:104E30009B553FBF2D217740682228404772693F2C
:104E4000B1BF843FC5FE1240AC1C8A409D116DC0AD
:104E5000A4707D3FB6F3FD3E4772994052B80EC034
:104E6000CB10173F832F0440AF25E43F8D970EBF33
:104E70007E8CF93E810431403CBD523F02BC05BEF0
:104E8000B6F32DBFFB3AA8BF77BE9FBFD7347F3F95
:104E90006B9A03406666263EBF0E3C3F7DAEB63C35
:104EA0003480D7BF24283AC0B76283C072F90F3E5E
:104EB000F7E401BF4B5956BF569F5BBF7F6A3CBDAD
:104EC00032E6AEBD5F07B6BF378931BFCCEE2140B9
:104ED000BDE30C40713D0E4007F0163F83C0A23F7A
:104EE000A52C43BF492E33C0158CAAC0BE308140CB
:104EF00029ED4D409D11B5BF8B6CAFBF8B6C673DED
:104F00007F6A74C0EB738DBFC729C23F0DE00DBF30
:104F10009790C7BF228E953E545207C0984CD53FFC
:104F2000C3F53440A245463F1EA72C4001DE8C400D
:104F3000F2D24DBEBA498C3D226CA83FB6F34DBFAC
:104F40000378BFC086C9E43F55300AC02F6E733F57
:104F50003FC62C3F4A0C82BD1B0DC03E2BF6273F9F
:104F6000C58FF13E211F14C044699DC007CE45C0C6
:104F70003FC60C3FFC18B3BE04569E3FA4DF2A4038
:104F8000B684C43FBB27D73FFC189B3F4BC8AFBF7D
:104F9000F016C83D3F35AE3FE71D273CFE65D7BE46
:104FA000C05B503F6F813CC0E6AE95BF705F973FDE
:104FB000B1BF6440C1A88A40C807B53F4ED1D93FB0
:104FC00012149FBF9D119B40BADA8EC04D158CBD47
:104FD0002B18DDBF39D645BE93A926C07DAEB6BF1E
:104FE000FC18933EA2B477BFE09C11BE33C499BFB6
:104FF000643BEFBF14AE9F3F8CDB38C0DDB5C4BE51
:10500000A2B4B7BE58A831404E6200C07CF20CC0BA
:10501000CD3B2AC0F90F25C07DD047C091ED50404F
:10502000A913E83F643B3740910FCA407C6188C0B8
:105030004547423FCAC342BFD0B39B4060764FBF93
:10504000D7121640B6849C3E2F6E0FC0A779A7BF1B
:10505000423E283F4A0CC2BEA7E8883E90A0083FC7
:1050600092CBFF3E6519623F7424174005C57B4013
:10507000711B9940C3D32FC0744604BF7CF2B0BDEE
:10508000D6C56D3F58A889C0BDE382C0C729EABF15
:10509000ABCF3D40EFC92F4099BBF6BF5F0780C043
:1050A0007AC739BF9E5E29BFCBA101C02B18A5BF0F
:1050B000F5B99A3E355ECA3F9B554340560E254092
:1050C0005F294FC0984CF5BE9318E43EF90FE93DB7
:1050D000A8358D3F107A663FF90FC9BF8195033E11
:1050E000840DA7407F6A34C02EFF513F2C65193FC5
:1050F0002506A9BFE2E909C0B7D1A040A470CDBF81
:105100001FF40C3FEFC933C07CF290BEE09CD1BFCE
:10511000E561E9BF97FF90BCA60A22401AC0034090
:105120004CA66A3F6D56C5BF363C9DBEFFB2B3BFAD
:10513000643BDF3D5F290BBED0D5F6BE378901BF8A
:10514000C05B98BFB4C8F6BD2B87A63F158CCA3D7F
:10515000D578693EE336AA3F917EBB3F355E3A3F44
:105160006C09F93BE2E9BDBF1D3827BEEC51A03FF9
:105170005396713F6C09F9BA789C7EC0F54A193F85
:10518000DE0283C00C025BC05B42FE3E38F8AEC05C
:105190000309C2402063963F5A643BBEE4835640F5
:1051A0006F126340764FB63FF90F25400C02BDC029
:1051B00087A7EFBF64CCD5BF6F12B33FD34DDC40A0
:1051C00062A1EE3FD2009EBF0AD76FC0621098BFA7
:1051D000D93D6540A8359D3FE5F25FBE33C451BF60
:1051E000DFE08BBD9FAB2D3F9CC4703F24973FBE3B
:1051F000C52088BF05C513C05BB1DFBFE09C15C0EB
:1052000032E6E6BF2C6559BEBF7D3D3F3789613F21
:1052100014D0343FC74B73C034A28840EB73C53FF2
:105220006E3440BFA60A22C0F1F4BABF992A883F63
:1052300090A078C0355E9A3FEA042C40CBA19DBF78
:1052400042CF26BED57811C0AA8255C06076CFBFA6
:10525000DD24FE3F3A925B40871659BEEE5ABABF34
:10526000B762BFBED0D51640C1391740AD69864080
:105270001D38C73FB98DCE3F7B14B63FB459D53FDB
:1052800007CEA93F7F6A3C3D917E3B3EC898BBBE9E
:1052900087A7B7BF7F6A2440DAAC12402506D93F02
:1052A0000681D53FC7BAB0BFB1508BBF448B8CBF0E
:1052B0003D9B15BFA8C683BF12836CC03A92ABC09A
:1052C000083DDB3FAB3EE7BFF01682C0D19174C012
:1052D0005DFE73BF68B35E4036CD4B3F46B61FC020
:1052E000143F32C00AD7233BF085493F7958883FA5
:1052F00039D6C53F89D2DEBE166AF53F8E06944088
:10530000ADFABC3ED0B319BE0EBE70BEE63FE43E61
:10531000E0BED6BF485048C0EEEBD8BFE3A593BF70
:1053200029CB0CC0143F4EC0BF0E7CBFABCF09C011
:10533000228E25BFD2000640645D084019043A4021
:105340001A51C23F9A994540CB10473D76E05CBE6A
:10535000014DAC3F6B2B463F17D92E4013F2E13E77
:1053600090A000C0265385BD70CE90BF3C4E49C072
:10537000499DE8BFFBCBEE3EADFA1440F38E4B40A7
:105380007AA544C03867CCBFF8C26C4039D6253FF7
:10539000C0EC2EBFC520883FE7FB913FF5B9D64052
:1053A000BC969CC0287E86C0AD695E401214BFBD0D
:1053B00095D44540B0724840234A6B40F8C29C3FA8
:1053C000B8400640933AE1BEA69B7CC099BBB63F6D
:1053D0004BEA84BEE4140D3F2EFFCFC0894170BF5D
:1053E0000E2D4E407DAEDE3FC80705C08B6C27C03A
:1053F000C3F540C01AC003C08BFDF53FFAED6BBE8C
:10540000B072183F0F0B75BF9EEF73C06A4D9BBF04
:105410008FC2753FAF9441400E2D0A418A1FB9409B
:1054200016FBC3403D9B353F58391CC0E2E995BF90
:10543000FF21E5BFB98D62C0363C35C0C5FE22C034
:105440000BB59EC0C7291ABFA8351D3FCBA115BFFC
:10545000045649416B9AE73FDE710A3E58CAE23F63
:10546000CA54713F643BAFBF1E16E4400D712C3D22
:105470001DC915C0AE4795C0F38EBB3F643B1FC02E
:1054800027C22640F31F26C10BB501C1AC8B834058
:10549000BEC19FBFBE9FEABFC21732C005C527402D
:1054A000ABCF3D408BFD85BECEAA8F3EF6975DBE4D
:1054B00052B836402FDDFC3F29ED61C07B149EBF02
:1054C000925C6E3F840D5F3FFA7E0EC05EBA19BFDC
:1054D000D3DE2840F90F3140280F17C00F0B21C031
:1054E00030BBD73F910F823FF46CFCC06154364013
:1054F000C1CA71BFECC0193FA323A9BF4D15A2C0FB
:105500008FE40AC0B1BFECBC166ACD3D8273124075
:105510009FAB2D3D8BFD5D405F29034050FCD03F8C
:10552000E0BECEBF23DBF93D607637C06C780EC09D
:105530001EA79E40B68410C001DE2EC0EEEBBE401A
:10554000C0ECAEBFD71272BEB1BFCCBE5BB17FBFE5
:10555000EB7301C023DB79BD88850ABFF0850DC0E0
:105560007AC769BE1F85DBBF280F833FFED4884002
:105570001CEBFA3FCC5D43C0BBB825C00D715C3F4E
:10558000F016A840B8AF5F404DF30EC09A99493F5E
:105590004B5998407CF26C40E3A54B3F2D4348C0EB
:1055A00022FDAEBF933A613FA9A47EBF029A883E16
:1055B000D881133F93A972BF30BB91C0053431BF6E
:1055C000BB278F3D1CEBBAC0CC5D87401E16A240A6
:1055D000FB5CAD3F95D41DC09B551FBF6F128BBFA9
:1055E000B29D2BC0C0EC7EBFF931CE3FAA82E1BF95
:1055F000249723C0D191843FE10BCBBF8BFD11C019
:105600000EBE5C40E71D973F0E2D92BEDF4F0DBED4
:10561000787AA5BC88F4B540CA32543FB8AF8BBF86
:10562000D93D193F431C93BF46B64F4058A845C0CB
:105630004F1EDE3F11364C40A4DFA240569FEBBE0A
:1056400007CE993DFF2109C079E9A2C036AB4AC017
:10565000F90F55C02EFFF93FC6DCF53E57EC99C057
:105660007E1D104031081C40A1D6243F865AEBC055
:10567000711B8DBD5F29F33FAAF1B64038F8723F28
:105680008F5394BF5F2947C0C3F55CC013F2813EBE
:10569000E5D0AA3F666686BFDD24C6BECA5441BDBA
:1056A00051DA1B3E46948240D3DE384041F17740C8
:1056B0008AB0F9BF6DC53AC05DFEC3BE2FDDA4BD83
:1056C00061C3D33ECAC3923F57EC4BC0363C6540E2
:1056D000F54A85C0F38EB7C09621A0C08D287DBF46
:1056E0005F07864031089A40226CC83FCA3218C012
:1056F00014AE573FB37BF040F5B9EC40BB277B407D
:1057000045D8203FCC5D6B3F075FA2C0DE71FABF7A
:105710003D0A573EB1509FC08941603F615426C049
:10572000FDF6A9C018261340787AFDBF1F859B3F60
:10573000D5781241448B0CC05DFE37C096B21A4139
:10574000711B0D3FA47085C05C2091BFF1F484C033
:10575000560ED53FE4834AC00AD7E3BFCEAA9F4086
:105760006891AD3E0D712CBD3B0185BF863802C0EE
:10577000D578893FA8C60B4024B96C3FE5F20340B9
:10578000F8C20CC0F01682C0AA82C1BF2E9070BFB2
:105790009565B03FFE433A401CEB62BF789C0841E0
:1057A00008AC0C3F9BE665C024287EBE7F6A0CBF18
:1057B000C6DC75BFCA32ECBF3A924BC03D0AB73E59
:1057C00004E760403FC630408FE49A3FE3A5BBBE8C
:1057D000B76297BF50FC08BFEBE2F63E4182423F02
:1057E00038F8523F5BB1BF3FD8F064BFF9A033C077
:1057F000107A16C001DE02C048BFBD3EAC8B6BBF45
:105800002CD47AC01A51923F61C3F33E228EFD3FE1
:10581000BF0EE4BFB7D1983F93189CBFA54EE03FA1
:10582000C89897C0BC74933F3945C73D7B14C63FA9
:105830002A3A12401B2FF9C0E3360240EB73053FB2
:10584000DDB538408FE446406744993FBE3019408B
:10585000D95FB6BF98DD93BE9F3CBCBFF5B9BABF58
:10586000FD8744BFF5B902C0A7793FC040A4EFBF90
:105870003480B7BFFE65D73ED191B43FE483863F05
:105880007B832FBE2F6E633E5917A73F62A1163F41
:105890003C4E49402BF6EF3FBE9F1A3E13F211BF1C
:1058A000FFB20B3FD42B2D4032E6AEBDFC185FC0DB
:1058B000F163D43FA54E803F41F1A33EE86A833FA8
:1058C000B37B72BEFE65F73DC7293ABFCD3B86BFAD
:1058D000F085893E888582BFA913A8BF51DA85402B
:1058E00036CD833F3A92E33F48BF45C0591747BF83
:1058F000D0B391C0C74B0B4052B89EBEC729FABE69
:105900004BC83B40583994BEAAF11AC0E09C713F85
:105910006ABC3C4054529F3FB515DBBE0F9CD3BEC2
:1059200036AB7EBE787A253F925C3E3E287E5CBFD9
:10593000DF4F8D3D522700C0DE0265C07E8C69BFFF
:105940009C3316C024289E3E4182AC4054E395BF50
:10595000DA1B5E41BB271F3FB45925BFC5FE5AC0A5
:105960000B46553F014D643F8CDB0C403EE88140C7
:10597000986E42C0C05BECC0D5784DC0BF7D0DC0F5
:10598000AA829940B6F3ABC09CC47840FED4E8BF6D
:10599000182603BFB5A6793F5E4B6CC0D49A56BF9C
:1059A000DCD7813E925C30C1CDCC8E403411FEC03C
:1059B000B5A60A4194F6264083C082BF8BFDE53E22
:1059C0001B0DA2C0A60A2E403F35963F7D3F0D40DD
:1059D00026E45740426085BE5305B140615466409D
:1059E000C4428D3E819567C061C33BC0E5615DC027
:1059F0008AB081BE6ABC9CBF90A098BFA7E848BE91
:105A000068221C3FE63F08C0470300C0FA7E02C080
:105A1000DE93C7BFD0B3493F8D97EE3D52B86EBFFE
:105A20003F35C6BFF90FE93E42CFC63E26E4F33FFD
:105A3000355E1640B37B7A40690017405C20413EDA
:105A40003333333EE02D7040A54ED83FC9768AC02F
:105A5000FE65A1C0250649C08CDB98C0083DFBBF90
:105A60008CDB92C02731BE4039D61AC13A92EBBEC8
:105A700087A7434036CDA33FD6C5ED3D71AC63400B
:105A800007CE6D40BA6B01C01DC9BD409A08D94010
:105A9000A52C33BF3A923FC045476AC032E61EBFCD
:105AA0000F9CB3BF8E7591BF3789813E9D8066BFC5
:105AB0001B2F31C0ED0D8AC0C58F41BF696F503FAC
:105AC0007368F1BE992A583FD6560040302A193FD4
:105AD000F0855540BBB88F406744DD40F241EF3E52
:105AE00074468C3FEB73B5BD0F9C733EA470514060
:105AF00007CE993F9F3C94BF8D97AEBFF77520BFEF
:105B00004850BCBEA2B4673F7C61423FA39212C022
:105B10003199BABFCE88223FAAF1023FE5F28FC089
:105B2000E5D00E40583910404B5932C07F6AC43F0F
:105B300083C06640BC9678404A7B0B40A5BD41BF00
:105B4000666686BF58CA0AC048502CBF5F9804C01A
:105B50005BD34C3F00912EBFCD3B8E3F6519123F6A
:105B6000E71D1FC0948749400E4F2B408CDB20401F
:105B7000E414F5BF5DDC84C0711B1DC0FF2105C0AE
:105B8000992AF8BFA9A43EBF02BC55BF8BFDE53DD5
:105B9000371A003E287EACBF0F0B29C05839F4BE1F
:105BA000FDF6B5403D9BEDBF567D56C010E907BFE1
:105BB0007593D0BFCA32ACBFFBCBEEBEDBF99240CF
:105BC000696F983F234A3B407B836F3F4D15CC3F25
:105BD0007958183FC6DCD5BE948705BEC3D30B3FAA
:105BE000C1CAA9BF0309BA3F713DD23F8716793FA9
:105BF0008104653F81260A40B22E8840AF94653FFC
:105C000043ADA1C0A392FABF38F82640B537283F6C
:105C100068B34A3F8E0610C004E792C077BEDFBF6C
:105C200005A3D2BFB68404C08A8E1CC08C4A26C08D
:105C3000C05B20C0F08505406C786ABF006F61BF13
:105C400096214EBFCB1047BFE3A5833FC286E73EF8
:105C500043ADC13FF4FD5C4023DB9D40E09C31C07F
:105C60003333E33F4FAF0C40744694BC52491DBAE6
:105C70007E8C0D40DE712A3F1EA728BEEBE246BF98
:105C8000CC7FA8BE287E8CBD46B64B404F1EEE3F53
:105C9000143F863F9E5E49BF6F8184BF83C0D23F61
:105CA0007D3F753E9F3CCC3EE5F29FBF0C93F9BF14
:105CB0003FC62CC0F2B0F0C0FA7EAA3FB8AF7F401A
:105CC0001B2F853FE71DAF3F7AC72D401DC94140BF
:105CD000B68434407424FF3F228EC5BF5D6D01C081
:105CE000A24586BFDC46A3BF73D712BECAC3823E9D
:105CF000CAC3623FACADA83F2428BE3EBA49644047
:105D00009F3C4CC0B1E181BF228E41C0772DC3C002
:105D100074B555BF74B519C012146BC0B98D02C0EB
:105D20006D567DBE273188BFE10B93BFD5E7AA3FF3
:105D30007E8C354029CBA44095D489BD917EDB3F34
:105D4000014D044014AE473FFF2135C0787A3940F9
:105D5000D7A340BF57ECA73F925C1AC080481FBF33
:105D6000CCEE4540F2410340711B1D40AD69A6BF1A
:105D7000F9A07FC040A43FBF158C364065AA203EE5
:105D80008FE48AC0D20029C1ACAD8640637F8940D0
:105D900019E22C409D1195BF849E4D3E3F571BC07C
:105DA0006076EF3F4BEA043FEFC913C02D431C4020
:105DB0002B18253FE56161C04D8475C06F81084097
:105DC0002063A6BFDDB5243F6F8120C08104494018
:105DD000736871BF810409402B8766BF567D2A40D6
:105DE000AAF1BA401B0D104036CD3BBED49A62C01A
:105DF000091B02C01DC9FDBFC3F588BE643BC73F78
:105E0000A1D6A440EE5A84408A1F733F0B244CC095
:105E100013F2C1C00BB59AC0107A36BF67D50BC05C
:105E2000DE930BC03789013E39B4A83EB072883E7C
:105E30004BC88F3F33C4F1BE17D93240696F983FCA
:105E4000C58FD13EA1F8F93FF853233F2041113FC0
:105E5000CBA101C0B37BF23F39B45040348027BF9F
:105E6000AF2524BEC729D23F3CBDEA3FDA1B84C020
:105E7000D122D3BF6822EEC0DDB53040CD3B4240D9
:105E8000F706AFC04703AC408CB98B3EA470A54069
:105E900011C73A3F378901BE569FD3BF1B9E2AC008
:105EA000BC05E6C0BD52DCC0547474BF34112A4036
:105EB000857CD03F933AA1BE431C0FC039D6D53F55
:105EC000D9CE81405D6D5140280F03C02B8726BF7E
:105ED000BBB83140E4839E40355EEA3F804883C0D2
:105EE000BE9F5ABFE86A0F4044FA5D3FE78C38BF57
:105EF000FBCB5E3F68B3923F5C203D40789C023F05
:105F00009565E83E5917124105C55BC00091C6BFB3
:105F1000A39212C0545283C023DBC1C0E02D60BFE6
:105F2000DF4F6540B68420407CF2F8BF7593B83EE1
:105F3000DF4F5D3FC4422D3FF7E461BE772D25C0A2
:105F40008C4A90C010E987BF772DD13FB4C8163F67
:105F5000158C823FF4FD343FFB5CEDBEC4423DBF77
:105F6000D6C505C034A28CC04FAFECBF88633940A2
:105F70000091F63FB8AF233F23DB9F4039B47C400C
:105F8000E3A55BBEE0BEAEBF8B6CBFBF33C431BE0A
:105F90007958A0BF20D22FBFE10B133DC6DC153FBF
:105FA00088853A3FF54A19BFE86A8BBFB22E9EBF7B
:105FB000166A0DBF6E34F0BF705F9BC0075FA83FCD
:105FC0009C334640A1679B3FF4FDF43ED1220B3F3A
:105FD000C74B773F98DD733F9C332640917EBBBE15
:105FE00079585CC0304C22C08C4A4ABF94F6D63FE8
:105FF0005C8FB23FB22E6E3F9031073FEBE2024022
:106000004E6290BE6F1243BF57EC13C01DC921C032
:1060100042CF9EBF39D693C0CC5D7B40B98DAEBF19
:10602000C66D0440D0B301405C8F1A40E10B37408D
:106030009F3CACBDB5A6B9BF54E321C0E63F0CC040
:106040006F12833C1A51CABF1CEB76C04703F0BFE6
:1060500017D99E3F6D56BD3FAC8BDBBC13F241C0E0
:10606000CF66953F1B9E464004E78CBB3333E3BFAE
:10607000D93D893FFAEDB940AAF16E40B072483F70
:10608000F54AA1BFB1BF6CBF43AD79BF583994BFCA
:106090003B70EEBEBBB86D3FCA32E43EFE6537BF13
:1060A000D8813B400EBEC040857C903F888513C19F
:1060B000AD6926C0B5158B3F07CE6540287ECCBEA6
:1060C00045D860BFA60AE6BE94F64240022B07BE42
:1060D0009EEF2BC0A857E2BF0A68123F62A188401A
:1060E0005305E33E80B7703F22FD36BECFF77FC039
:1060F0004469BFBFC6DC3DC0304C163FC0EC3E3FDC
:10610000F77510BF1B0D58C058A81940C976AE3F8F
:106110000C024F40508D3B40C66D243F06128CBF91
:106120004260853E13F201BE13F2413E3C4E613F98
:106130007368B340917E8F403108ACBE151DD13FCE
:10614000250681BF9A080F401826ABBF17D95AC041
:1061500001DECABFABCF5D4045D830C0B7D138C033
:10616000C1CA813E38F88ABF59175FC0D93D79BF8F
:10617000E71D173F55C190BFDFE077C0C05B34C05B
:106180006519323F1D5A0CC0E10B73C00D712CBE56
:10619000A54EA03EF1635C3F1EA7683DBADA0ABE79
:1061A0005EBABF40A2B41740DBF97E400681153FBE
:1061B00082E2F7BF327729C03FC6FC3EF2B03040E2
:1061C00007F0BEBFFFB22B3FA1F8E9BFB37BF23EA1
:1061D000BD528AC05BD3F440DF4F2DBF66F784BF4A
:1061E000832FD43F82E25B4077BE074089D2D6BF7F
:1061F000423EF8BFACADF8BE7DAE363D54520BC04A
:106200006E34C8BFBC74CB3FCDCCBC3FC442F5BFDD
:106210007E8C1DC0A245BEBFC4426D3F12146F40AC
:10622000B003F73F4F408BBF107A66BFD04428BF02
:10623000423EE8BEF5B9923F1DC921403D0A67BF05
:106240009BE609C089D20E3F5530BABF88F423C0FF
:10625000560E8DBFD0B3E13F50FC9C40265311C079
:1062600024974F409A770440F706AF3F431CBBBFCB
:10627000A392DABE1361A33FC1CAA13E34A29C3FE0
:106280005986383F637FC13FDAACBA3FBF7D0DBF4F
:10629000469446BF55302EC0CE8882C0A5BDE93F8A
:1062A000910F2E402B187DC0371AE0BF7AA500C091
:1062B0000B24883E05C5F73F4A0C123F4BEAECBF62
:1062C000ED0DA0C0A91370C03E7930C02C65993E79
:1062D000000090BF1283303F6822304042606D4022
:1062E0008D285D409D11D140567D62C0736879C094
:1062F000F1633CC00AD7433FFE43C23FEFC917409A
:10630000DC68A0BF98DD43BF2F6E43BFEC51D8BF00
:10631000D04414C0E25887BF7FD96D3F51DA4BBFDC
:10632000560EBDBF9D11D5BFE9480E3F2F6E333FBE
:1063300044FA5940B4591441CF66B53FFB5C1D4047
:10634000FE434ABF206372C0AED887BF499DA8BF35
:10635000567D4E407A361B3F1B9E1AC0EA9576C08A
:10636000492EFFBFF0162C406ABC20409487553F51
:106370008126523FD0B3993F5EBA393F948709C016
:106380001AC093BFD8F024BFCB1003404A7B33BF61
:10639000AED80FBF9EEFA7BDD6C50D3F7AA5D4BF1F
:1063A0000AD7633F8CDB883E64CC9D3FCF6615BE29
:1063B000BE30214013F2154036CD0BBF24B90CBFBF
:1063C00050FCF83F083DA5402EFFC13F83C07EC072
:1063D000E5F2C7BF9F3CC4BFB45931C0B5150FC06B
:1063E0008CB94B3FC6DCCDBF3D2C14C0A167133F19
:1063F000E0BE8040C72972404D844540B6F31D4041
:1064000052495DBFE0BE1EC0992A78BFE3A5F3BF25
:106410004BC85FC042607DC0CD3B7EC0BE9F9ABF6F
:1064200067D5CFBFBE9F4A3FC0ECDE3EC286573F16
:106430003E79903F5249ED3F143F16400EBE90BE4C
:10644000621008BF304CD63F5E4B284075020ABF31
:1064500029CBF0BFF7E42D40CEAADB40DE937F408E
:106460005BB103C0158C5ABF789C8AC090A01CC039
:10647000C7BA38C07CF2B0BEFB5CF5BFF085B9BFCF
:10648000C364EA3E7FFBFA3FB1502BBEEFC963BF46
:1064900044FA09C052B81EC04703C0BFE63FAC3F34
:1064A0004D845540B1BF2840D26FB73FA5BD1540C0
:1064B000645D7040D2005A408F53D43FBADAA23F95
:1064C000234ABBBEE9B70F3FF54A25C0D881B3C008
:1064D0005BB15FC08C4A86C01D38C7BF75930C4046
:1064E000F775203E7CF2D0BFD9CEEFBF6C7806C0E6
:1064F00020635E3FB0033740D5E7823F9D80A240D6
:10650000F16374C0166ACDBE8E0688BF7FFB8ABF5A
:106510003BDF1340C4422540E02D80BF250631BF3C
:106520006EA3A13FEE5A023EE7FB89C0E10BDB3FC1
:10653000ED9E0C3F6E34403E91ED9CBE2FDDA43DA0
:106540007B142E3EE9B7EFBE7E1D38BFA089403FC9
:106550009CC4983FC74B9FBFC58F013FD49A424010
:1065600016FB5340B1E1394057EC034054742CC042
:10657000FE4336C0DD24BEBFC8075DC05BD3C4BFC9
:10658000BA6BA13F9A089B3F12A5FDBE01DECA3F30
:10659000C66D384080480F3F75024EC0431CF3BFA4
:1065A0000C9319C01283C03CDF4F6DBF992A90BF76
:1065B0006C78D2BF0F0B61C0E78CA0BFE3A5EB3FA7
:1065C00075029240B5A6893F8A8E24BE2EFFD13F28
:1065D000FB3A60BFAE47D9BF6EA3813E35EFCC40DA
:1065E000A52C5BC059173FC02AA9FB3F4D1550C0D1
:1065F0004B5980C02F6E03BFEE7C2340FBCB42C0C3
:10660000C5FE06C089416CC03E7984407E1DC040F5
:106610009F3CACBF3B70AE3FE3A583BF7368A9400E
:10662000B0720D41508DE7C0C7BA34406900E540F3
:10663000D95FB6BFF0A700C174B5F5BF29CBE83F5D
:106640008D976EBFF24147C004E7F43F6F819240DF
:106650006DC5B240643BDFBF426025BE2D4313C110
:106660002D438E40AEB622C0C4422540B1505BC01F
:106670009FCDFABFBC7413BE3480B7BA4B5906BF66
:106680006F12A3BF228EF53FB003873EAB3E773F2C
:10669000C1397F406ADEE1BFE9B75F3F71AC6B4053
:1066A0003FC6BCBFED9E0CBF3F358640D0D516BF60
:1066B000226C783F17B715C0E483A6C04D1584BF80
:1066C000C05BE8BFF2B060BF48E1B2BF6B9A37C0B1
:1066D000EC51A8BF5EBA193F87160540DE020140A3
:1066E000BE3099BC7CF21440C3D3A74058394C400B
:1066F00083C00A3F0F0B85BFC729AA3FC3F594C0CB
:106700000612C4BF5396D9BFD3BC833EED9EBCBE18
:1067100020D28940865A9B3FD656ECBF992A40C06A
:10672000CA3274BF13F24940DBF95A409BE6054078
:106730009031F73E091BCE3F05C5973FB762C73F73
:106740008BFDEDBFA1673FC0931844C0045694C0B1
:10675000C1A8D4BF44FAAD3F1C7CC13FF90FF1BFC3
:10676000EA04243F7671933FBF7DC53F7AA53CBFC5
:106770000F0BDDBF8863D5BF931804BE547434BFBC
:1067800005C54F3F68229CBF9D8080C03199A4C041
:1067900075934CC00DE01540A60A363FB1BF2C40A2
:1067A000DBF90E3FABCFFD3F5DDC9E401058913FC3
:1067B0001CEB223F5DDC064008AC7C3FC807A5C04F
:1067C000F8C28AC03CBD8ABF9D11ADBFA779EF3F1B
:1067D000E02D503FF46C96BEBDE354BE7E8C21C0CC
:1067E000D95F66BF33C41540363C3D3FE2E94940BE
:1067F0009CA243409A9991BFEF38C53D226C983FC7
:1068000089D25EBC74241BC03480D7BEA323D13F81
:1068100061545A408AB06540E17AB4BF992A64C095
:10682000E9B74B40F5B902405F070E3FFF2101C0B9
:106830008C4AD23F8CDB50C0E7FBC93F0E2D84C091
:10684000C05B70BFF90F293ED5E7EA3E07CE99BD80
:1068500095650440F5B95A3F9CA2C3BE158C4ABE4B
:10686000C7BA803FB30C1540151D4140FA7EAABE41
:10687000A32301407FFB2ABF4D154CBE4260F5BFEC
:10688000C807CD3F014DC4BECB10273FF5B9FA3F35
:10689000A8C6AB3EF1F402C087A785C07A36B1C066
:1068A00044FA314043AD693EB4C8F63E51DAF33F95
:1068B0007B14DEBFB22E5EC0819557C0C976A6BFDD
:1068C000371A003E4FAFC4BF07CEF9BFCF6609C02D
:1068D0005986A03F53966D40FA7E42400EBE503F0F
:1068E000832F1440F0162040BA498C3DC6DC6DC0A1
:1068F000F9A02FC012140FBFD509F03F006F813EE1
:106900005F29DBBF3A92C3BF17B7B13E26E4AB3F66
:10691000E6AEA5BDFD878CBFCD3B0EBF1FF4384052
:1069200005A3923E1F850B4043ADD93FC66D5CC0A9
:1069300027C22AC0AEB63A40D191F43FF016A8BFA4
:106940002CD4923F1361A3BEA1D620C076712BC078
:10695000764F2E4081048140BA493C40E78C484044
:10696000287EC43F8FC2F53E04E70CBC93188CBF51
:10697000AE4799BF0F9CF3BE789C223EC976FEBEFF
:106980007E8C79BECF6661C0249753C0197397BEC1
:10699000DCD731BF448B60C024B930C05C8F423D2E
:1069A0000E2D723EFE431AC0CC5DEBBE711B6DBF57
:1069B000C28667BE7FFBF23F158C6A3FEB73B53E24
:1069C0004ED189BF65AA1440B9FC17403A23D2BF03
:1069D00024285E407FFB6AC099BB163E4772B340D5
:1069E0009565E0BFF2D27DBF89D2DEBE575BD13E56
:1069F0003789413E5305DBBF98DD23BFD26F6FBFA0
:106A0000530513BFBA49AC3EAED82FBF696F703F74
:106A100065AA603FE56161BE6210483F67D5DFBF90
:106A2000F77580BE4FAF44407E1D983E2CD4424047
:106A3000F706CFC0E63FC4BF0B24A83F93A9FE4092
:106A400012839640E2E9D53E363CBDBFF54A1DC0F3
:106A5000158C2ABF6DC51AC090A048C04BC803C092
:106A60001FF48AC0F4FD54BEE17ACC3FCC7F2CC029
:106A70004703F83D8FE498400C0291407DAE024000
:106A8000363C5D3F0B4645403480DF3FA8575ABF38
:106A900048506C3F6A4DB3BEE78C30C083512DC067
:106AA0004F1EBEBF832F943FFFB21F401DC901C0C0
:106AB000E4834A403C4E91BFA9A48E3EC3F528BE54
:106AC0006F121B401D3807BF711BCDBEB8406EC092
:106AD000B22E7AC0E71D873EC1CA21BDB515A1C03F
:106AE000F853BB3FEA04FE40A1F8E9BFF706F1C046
:106AF0008885F23FB537783F075FE6C0A301F840CD
:106B000017489C40DDB5A8C06744A740A1D6CC403B
:106B1000BC7404C19A77BAC002BCE53E17B7F54011
:106B20004469CFBE355E9A3ECF6605BFA30194BFD0
:106B3000B003C7BFECC059BFFC18E3BF7FFB2ABF3F
:106B40000B46C53E4A0C7E40AE474940780B64C0B8
:106B50009FABADBE780B58C0ADFAAC3FEFC98F40CC
:106B60004F40A3BF637FD9BE1748803FF54AA13F7E
:106B7000D04444C080484F40423E6840CB10A7BE3E
:106B8000C7BA6CC0789C8CC09A7740C0AB3E3FC0FF
:106B90003A2332C086C978C0B8AF1740E86AC3400C
:106BA0009487853FA60A36C00681153EA5BD21C043
:106BB000F90FE93F9CA22B4094F6F6402B18453F75
:106BC000ED0D5EBF1EA7283F76E09CBD14AEF73FDB
:106BD000C217564076E02C4097FFF03EEA0454BFBF
:106BE000613245BF14D074C0DC6838C034A274BEB2
:106BF00023DBB1BF8E0670BFB8AF833E74465CC066
:106C00004D1518C0C74BEFBF2653EF40A1F82940E0
:106C1000B1505B3F4FAFFC3F8FE4223F55C10C406A
:106C2000211FF43F81260E40D7346F40355E3ABDB8
:106C30006519AA3FBA6B89BFE3369CC0A7E880C03C
:106C4000F6971D40F9A0873FAED873C0206376C089
:106C500046B6633F6F8104BF88F417C06076A73FD4
:106C6000A8C66F40378965404CA64A3E857CD03E19
:106C70006FF095BFBADABABF9FCD0AC0F9A0BFBF07
:106C800097FF98BF136133C0F4FDECBF7FFB923FC9
:106C900050FC7040068129C05EBAA13FAC8B1FC07A
:106CA000508DBFBFAEB6223FD50958405986283F08
:106CB000C442DDBF48E12ABF09F9C03ED0D58E3FAE
:106CC000696F703D64CCBD3F5A649B3F2B87C040C9
:106CD00048509C3F66F75CC087A71BC0D1915CBF42
:106CE0000F0B11C089D2DEBA99BB96BB54E3853E27
:106CF00061C3533D11C75ABF6F81143F8941E0BD45
:106D000012835C401AC0BB3FE948AEBD022B3BC0BA
:106D1000A4DFBE3DED9EA43F0000903F17B721BF0A
:106D2000190480C08E758DC0D93DC1BF62A1AE3F30
:106D3000DB8AFDBD44FA4DBFCDCC1CC06D568740EB
:106D400034803B40029A5040E3C740C0A167433FB4
:106D5000CB100F40812622BF3B702EC014D0E4BF61
:106D60004F1EEEBF87A7273F6DC5FE3D14AEE7BFA0
:106D7000A5BDE1BF560E31C0FB5C853F1B9E664042
:106D80002EFF2D402EFFB9C0DA1B7CBF5B42364080
:106D90004A7BA3BEAAF15E405B42224088F49B3F3F
:106DA00051DA4340C3F58A4096431B40E5F20FBFDA
:106DB0008F5364BFA8C68BBECCEEB13F8F53F43E59
:106DC0003D9B05BF1B0DB0BF2B87F63E24281A4004
:106DD000AA82A1C0933AB3C066F738C01C7C1DC01C
:106DE00055C1F03F7C616640B5157B40A5BD8BC0A9
:106DF000BBB80DBDF54A59BEFA7E6ABE77BE6FBFFD
:106E00007E1DD8BE3D0AF7BF5DDC16C04A7B3FC081
:106E100054520FC037894D40FE431A4090311B40F9
:106E20008E7511BF4703C03F9E5EB1BFC74B274061
:106E30001C7CF1BFA8C6B3C011C7EA40C520A83F5B
:106E4000AF94E5BE6B2B8EBFC807F5BF304CA6BF15
:106E500003090ABF1A5182BFB9FC27BFF8C2043F19
:106E6000F5B94ABF1B0DB8BF9D1183C0E9481A4050
:106E70006D56C53FAF25643D69005F402CD4DA3FB5
:106E80000AD753BFBD52E63F8C4A0640B459053F6E
:106E9000A7E8E8BE5A643B3EF9A0673EF77510C00C
:106EA000B3EACBBF98DD33BF8D282940F7062740D2
:106EB0001D3881401904F6BE25753AC0D0D562C090
:106EC000545227BF29ED09C04F1E064062A19E3FC4
:106ED0005986983E355E6A3F72F903C0645D24406E
:106EE00040A4DFBDADFAA4BF645D24C0849E15C07C
:106EF0004BEADCBFA91310BFB6841CBF871635C090
:106F00007F6A24C0098A57C0E41411C055301A3F63
:106F1000D3BCC33EB7D1BC40A857B8404B59FE3F85
:106F200017B7313FF9A09F3FE3A54F40BD52D63E72
:106F3000B4C8263F0091EE3F3255B0BEE41401C004
:106F40006F1233BFC1393FC0166A1DC073D78ABFE5
:106F5000925C5EBF992A18C04F1E024041829C403D
:106F6000BA6B8540986EA23F1136B43F32E6F63FC9
:106F700060E5F03F40A47FBF674441C0C74B4FC0AE
:106F8000AF94E53F3D2C9C3F2428F6BF39452BC0EC
:106F90006B2BCE3F3BDFE1407FD90C4154523F4049
:106FA000F90F15C0D7A3D2C06E34C8BF70CE404011
:106FB000A54E80C0F90F81C00E4F1FBF4C3719BFBF
:106FC0008BFD55BF516BA23F508DB73E58393CC029
:106FD000E4839EBF39B4A8BEE5D016406E34444069
:106FE000091B4E405A648B3F71AC0BBF1361033ECB
:106FF000B7623F40F0A7C6BD99BBA6C0B840CABFA4
:1070000070CE24C055C114C01A519ABED5092C4067
:10701000E5F20F3F5D6DC5BF992AF8BF5C8FCA3F8F
:107020003B702AC046B637C07D3F69C0F5B91ABE6D
:1070300024B9843FF2419340BB2733408F5314BFA0
:10704000FAEDEBBDE86A6B3FC2178440265335BFAB
:10705000CBA149C0CFF70BC091ED20C00DE05DBFC3
:107060004F40FB3FE7FB7140F697ED3FD93DD1BF65
:10707000F31F72C080487FBF7DD0833FDC46533F03
:107080002BF61BC0287E58C0DA1B2CC0AEB652BFF0
:10709000FA7E8ABF9A9919BDEC2F4BBF41F1EBBF25
:1070A00030BB07BF68227440B9FC1340925CCE3FEE
:1070B0007A368340B459B5408FC285BF55C1A83DCB
:1070C000CDCCCCBDAE4701C007CE09BF36AB124018
:1070D0006B2B563FD5780DC0D57859BF99BB06406C
:1070E000FAED5F409E5EA9BDEC2F9BBE3A92DBBFDE
:1070F0008F53AC3F62A1AE40750246C0EE7CBFBD6F
:10710000ABCF95BF46B6A7C01F851B40832F0CBFD2
:107110007FD971C07368F9BFF5B9EA3F63EE3E40AD
:107120005B422E3FAEB6EA3F1895A440D509E8BEB3
:10713000A7E8183FDAAC1ABFA913603FE02DC0BF23
:107140001AC0DB3E6D5611C0764FA6BF68B32ABE8B
:107150002506D9BFC7BA983F9CC4C2C09487874050
:107160006DE7FBBE1EA7683DBEC12BC07DAE4EC005
:10717000068195BEF2D22DBFF9313240CF66414033
:10718000228EE53F6C090DC0553046C0DE02F13F4E
:10719000EA04143F4013D1BF3F35F63F6FF09140F2
:1071A000363C87C0143F46BCB51513400612B4BE2A
:1071B000189524BFBDE3204003781740CDCC0C4088
:1071C000E7FBF1BF60E5A8BF1F856BBD31082CBF91
:1071D000598638405DFEC33E4772793FD3BC3B4081
:1071E000F1F41ABFA69B5040BBB8214017B7D13A63
:1071F00016FBB9C0827376BF16FB9BC0D42B4DC063
:107200001AC05B3F96216E3F23DBB93ED1919CBEF5
:1072100096436BBF1B9E8EBFB9FC57C077BE27C07D
:1072200044FA7D3F583934BD302A69BE04564E3F7A
:10723000E9B7DF3FE9B7034014AEC73EFE658D40B6
:10724000DBF9BA4040A4D3C0569F47C096438BBDDC
:10725000B9FCA73ECCEEC9BDB0038FBF575BF9BFE9
:1072600060E51CC0E10B8BBF4260ADBFCE88923F92
:1072700039D63540A301704074242B40CD3B2E40BD
:10728000BF7DED3F2F6EB33F4A0C6EC041823AC0C6
:107290006C789ABF319986C0B6F33D400681D53EE1
:1072A0009B555F3E1B9EA6BF508DAFBFE0BE6EBF1D
:1072B000ADFA94BFFFB21BBF8D97124061C30B4064
:1072C000C1CA494072F957402E9000403F354EBF29
:1072D000863886BF1361333F54E3E5BFDE93C7BEF4
:1072E0005BB11BC0FDF619C0A7790BC04E622040F0
:1072F000D26F1FC0F628FCBEE78CF83FC1CA21BF81
:107300009A9981BFB003E73FA69BC4BF1973DFBF43
:10731000B5A699BEE258173F8CDBE83E2AA9BBBF51
:10732000FE43C2BFA77917BF0A68B440A1F869C07D
:10733000499DF03F8AB06D40759344400DE069C0AF
:1073400023DB89BFD881E33F849E6940492E7F3E7D
:10735000000024C05B42A6BFDB8A9D3EA5BDB9BF2D
:1073600089D23EBF1AC083BFF6976D3FF0A7C6BD56
:107370000681B5BF29ED0D3FB0720040560E494061
:1073800060761740F93136BF7E1D34C0BC74E3BF50
:10739000FED4F0BF54E311C0583994BF6F128B3F35
:1073A0007E8C39BD8FE4D23F57ECAF3D575BE9BFD0
:1073B000CE8842BF992A80BFBBB88D3CD1911CBFFB
:1073C0005839343C280F1B3F62A1D63D39B4C83E22
:1073D0000EBE3440B537D8BE068195BECFF75F40AC
:1073E00089D25E3DB76237407AA58040B29DD73FD3
:1073F000363CEDBFB4C83AC04F1EB6BF19E268C0F4
:10740000105801C0EFC91BC0C1395BC09BE6E5BF86
:10741000F9312E40C442D340C1CA1140083D9BBD42
:10742000840D0BC08941883F7FD99DBE0BB5463F77
:10743000E0BE88C09D1197C0863822C0BC9684C02B
:10744000D3BC17C06ABCF43D9CA2733F6900EFBF78
:10745000F241C73F82735A404A7B733FA7E8C4405A
:1074600026E4A140182657409A088B40426055BF39
:10747000E0BE8E3D2CD49ABF10580DC070CEE8BF30
:107480003FC65C3DA4DF863FD34D323F3C4E413F7B
:10749000984C15C06F128DC0E6AEE5BFF90F954050
:1074A0008351E9BF5C8FC2BE764FDE3E226C683FDF
:1074B000091B963F13F281BE158C7ABF5AF5D13F56
:1074C000DC68C03EB3EA933EF2B088BFB537803F78
:1074D000EC51683F696F103F88F41BBF705F37C085
:1074E00010E953C027A0A1BF575BD93F6B2B163FB4
:1074F000EC51244038F83640711BCD3F6ADE054020
:10750000C0ECDE3EAA60843F8C4A9A3F5F0732C0DF
:107510005DDC16BFA1D6B43D3E7934C0F853B3BF8D
:1075200054E3653FC217C6BE1973F7BE789C264068
:107530000F0BB5BD8863BDBE1973E940BB27D73FAC
:10754000C3645A3FA52CD33F44FA8FC0FAEDEB3BFE
:10755000BC96F8BFAD69E6BFAE4725C0A47069C050
:10756000499D14C024281E3F5227A03E560E0D40B0
:107570007FFBC0C027C2AEBFDCD7C1BEA857CA3C84
:107580009E5E293F6F81443F96B254400E2D464087
:10759000B4C8463F4D151CBF12A5853F03096ABFFD
:1075A000492ECF3FEB7313C1547486C0DB8A25404C
:1075B000666612404A0C06402AA93740D044C83FAC
:1075C000B459B5BE4260E5BC637F854007CE21401B
:1075D000F54AC1404ED13D40767183BFC58FB9BFDA
:1075E000D9CEB5C03CBD7AC05A647BC05E4BCEC01C
:1075F000462525C0197395C0F5B9B2BF613249401F
:107600006ABC8C4011360CBF25062D40F46CC2407C
:107610009487C5BF3D9B754054E3B53F158C92BF21
:107620006C78FA3E029AA83F827302C0DC6810C0F0
:1076300060760BC0A5BD4140A7E880C0A245AEBFA3
:10764000645DFCBFB29D9FC0EC51784075932440AF
:107650007B8333C0D6C5A7404B5906C0C520944094
:1076600034A2F43FC6DC753E83C09A3F5F07F63F05
:107670003C4E01BFACAD04404BEA54BFA913B8BFA8
:1076800019E2903F2653853E8B6C9B4088F487C05F
:10769000637F87C0CFF713BE121427402B878E3F1E
:1076A00042605DC00A68E2BF4772A13F48E1FABF8D
:1076B0009A7794C075023EC0287E6C3FEA04443F2E
:1076C000C4B10E3F48E1BABED8F06CC0516B82C065
:1076D0008D28A1C0A60AA63E31084C40560EDD3FBB
:1076E000CC5D3BBF3A923B40BC9670409A08274025
:1076F00001DEA2BE79588A409D11F53FAED897BFF2
:1077000083C04A3E827312C017D96E3F44697340EA
:10771000CE1945C04A0C823D5E4BF0BFD200DEBFA1
:10772000910F82BF77BE1F3E1E162ABEFF2179C071
:10773000234ABBBE7AC7A93E5BB18F3F3A23FA3FCB
:10774000A24586BF319912C0789C6A40C807B140F3
:10775000E9484EBF08AC7CBFF4FDFC3FA4DF4E3FC0
:107760000F9C63BFC3D3D33FDFE0DBBF182653BEFC
:10777000C8071DBFC5FE724058A8354075028C4031
:107780000E2D9A3FC217C0C023DBC1BFCA3264C0EE
:1077900060E5603FB3EA53BF5C20713F6822ACBF35
:1077A00033C4F9BF32771D4067443D40A779534049
:1077B000431C13400F0B853FA245D6BEA245B6BD64
:1077C0008E7591BE67440D401361D33FF163AC3EAB
:1077D0003A238ABF51DABBBF5C8F62BF5F29E33FA8
:1077E00004568E3D4BC8FFC0BB27ABC08863B53F76
:1077F000371A38C04D844DBEA913B03EA2B4473FDE
:10780000744614BDB30CF1BF71AC9B3FDDB5704045
:10781000728AC63F613295BEB5A68F40C74B1B40EA
:107820001D5A043F8CB9A33FC44245C081268AC07B
:1078300085EB09403411DEBFE2E925C02E90C0BFC0
:107840008351B1BF8E0600BFAAF1223F6D56F5BF2E
:107850000612FCBFC7BAD8BF86C920C0D3BC47C078
:107860007AA5C4BF0B24784051DADB3F2BF6914058
:1078700069001340F016E0BFA7E8E8BEE2582F40C9
:10788000F77510C067D5E7BD6666AE3FD42B0140E3
:10789000547484BE696F403FB9FC073C1283C8BF73
:1078A0008C4A3AC0E78C74C06C78AAC0F46C12C0E1
:1078B000083D53C02FDD4C40D2007E404A7B9540AE
:1078C0003480734023DB5D408273263F3411763F62
:1078D000CA32C43D8E06C0BFF085993FBB27E7BFC3
:1078E000E4149DBD19E238C05DDC76C0917ED3BF43
:1078F00074B53540849E6D40AF94353FB98D86BDDB
:1079000003787B3F02BCCDBF81950BC0B7D1C0BF10
:107910009CA223BF46251140BBB8DD3F14D08CBFCD
:10792000CF66853FCA32B43F2CD41A40BDE3C4BFF2
:1079300073D70640C217CE3FE7FB19BF24288EBF7E
:1079400074B595BD083DBB3E8A1F0B40211F243FE7
:107950001E1652C02B1887C06F12033AFE43844094
:10796000D26F3B400BB58040637F81BF92CBE3C0B9
:10797000A470BDBEC364CA3F9E5E293E6E34F8BF8C
:10798000948759C0A779ADC09A7758C0CE19113ED7
:10799000190456BEA1673BC07E8C75406210AE4094
:1079A0005B420A40EF38D5BF8C4AEABC992A744042
:1079B00020D2CFBFE9B7CFBEA7E858BFF2411740EA
:1079C00020D2AF3E9FAB2D3DB1BFACBE83C00640C1
:1079D000D9CE7340E3C7BCC0A7E886C0B8AF37C0F4
:1079E0005EBAA54030BB95C0BC05B4C0A52CE33E33
:1079F00007CE6540FFB2C1401CEB1AC0C9761EBF5E
:107A00009A0803407E8C654052B8E440C13995C065
:107A100065198640DDB5A43F206332C139D699404F
:107A20007424A9C06C7816C03789F13FD509F0BF1E
:107A3000C9E533C0832FAC3E6A4DF3BF7368D1BE36
:107A400005C55F3F14AEE7BEAF25CCC0CBA1E53E78
:107A500088632D4060E524407A368D401F8599402B
:107A60000B46A5BE575B7140280F2F40F2B030C0C7
:107A700076717FC0AE47BFC0AF252CC06DE7004117
:107A8000E336664020639E3F42605D40D5E7AA3EF4
:107A9000F31F323F3E7998BFFE650FC086C904C010
:107AA0007B83AF3D1E167E403255903F7FD99D3F70
:107AB00010E9273F3D2C74C091ED6C3F166A59C008
:107AC000D7341FC0C3F520C0F7E401C0B53788BF65
:107AD0002506813F4182323FAD69DEBF97FFC8BFB7
:107AE0007DD0CB3FDE713ABFB515FBBDCBA1DDBF6D
:107AF00036AB1A405C8FE2BEC3F5C0BF499D7840EB
:107B000029ED0D3F9487653F62109440B81E853E75
:107B1000DA1B38404694663F5305A33D05A30AC0CF
:107B2000CE19C1BFF7E4813FD122ABBFBBB85D3FE7
:107B30002C65993D280FBB3F1F854B40BB270B4051
:107B4000158CD2BFAF2530C0EEEB30C00091124093
:107B5000E17AF4BF26E49BC0B5A605C05DFEC34034
:107B6000E78C68407DAE06401FF4EC3E3F352EBFEB
:107B7000BC9610BD97FF14C0AC8B8B3F3A2342409C
:107B80009318F4BF12A505C03EE83DC09A081B3EFD
:107B90003411B63ECCEE81BF6900ADC08CDB18401D
:107BA0005DFE2340D65650C0FD877C4010E937BDAE
:107BB000F085B1BF96B2CCBF789CBA3FC9E5BF3F54
:107BC000DE71E23FDC46633F2AA9733F0C023B3F74
:107BD000D7A3C0BF3E79D0BF13F2D1BFA60AC6BE9D
:107BE000591733402B180DC03C4E01BF5E4B483E29
:107BF0009031E5406ADE1D40AB3EBDC0F08549C016
:107C000096B264C04772EBC0DE02E5C094F6AEBF28
:107C1000713D8A40560E094035EFD83EFBCB2EBE53
:107C2000AA605C40D7342B40F1F40E40BE9FFA3E70
:107C3000F93126400C93813FAC1C6ABF1D388FBFC1
:107C4000F9A0673F006F09403FC6DC3ED19194BF69
:107C500054E3A7C0226CD0BF098A2FC001DE52C0F6
:107C6000AF940DC0BEC1894050FC98407C619840E3
:107C7000F9A0673EDFE01BBFC807953FDBF9564020
:107C8000F5B90AC088855A3EC13993BF9FABB53F4D
:107C9000B459B53F4625B53E40A437C05305A3BDF2
:107CA0005A645FC0371AA03FEBE2024054E3E53E5E
:107CB000EC514840107A8C401F852B3E0F0BADBF16
:107CC00070CE88BD1058D93E1826DBBF569F6B3E3C
:107CD0007D3F0DC0FF219D3EDB8A4940A54EF2C08D
:107CE000431C3340E0BE764011C784C073D7D2BF77
:107CF00038F8C23F0AD7C33FE5F287BF4772B9BF22
:107D000029ED4DBF14AEC7BE3480A73F7B8323C08F
:107D10004D158CC027C2063F917E0F4087A707BF35
:107D20008A1F2FC093A99E4026E48B3F287E943F54
:107D30004772354036ABFE3FCF669FC005C58FBE4C
:107D4000D42BD140ABCF21C0431CB3C004E75CC0EF
:107D5000583974BE234AEB3F711BCDBF97908F3EBD
:107D600020410D4196218E402BF6C3C08E75714087
:107D7000B37B5E40CEAA3B40098A17C01D5AB0C0F3
:107D8000E6AE9FC0136103BE27A0093CBE30D93EBA
:107D9000DE93F73FB072C83FB0030F409F3C843F73
:107DA000FA7E1ABF3867E4BED200DE3C4ED1413FB6
:107DB00022FD963FA2B4973E280F7BBF098A0FBFD2
:107DC000014DBCBFF5B922C0B9FC85C03CBD1A400D
:107DD0003BDF4F3E48BFE5BF8D976AC0DF4F934002
:107DE000D2000E40075F783F71ACF3BF674415C007
:107DF000DF4F6DBF0E4F3FBF6F81E43E863880403E
:107E0000643B4F406EA3D13F48E1CA3F2041F9BFD8
:107E100096439BBF4E620CC06F81F4BF29CB54C008
:107E200083512940FA7E8A3F17B7B1BFD578693DA3
:107E30009D80EE3F11C7A23FC4B1CE3FDC68C03E7B
:107E400081263E40CA3264BFC1A8A4BFCF66953F19
:107E5000A24502406ABC9C3FF4FD6CC07B146E409E
:107E6000EC5144C06666F6BF12140F40BA493CBFDD
:107E7000DC46033F567D8EC073683DC0FAEDEB3C97
:107E8000FC1813C0B45905BFE3C7B83E52B82A4026
:107E900058396CC03D2CB4BEFB3ACC404D844140B7
:107EA000CAC302BED65610C08D28853F643B7F3FB3
:107EB00005C5A7BF6ABCFCBFE78C28BEE9489C404B
:107EC000CC7F083E43ADA9BFD1225BC089D202C09E
:107ED0007F6A14C02EFF1140CC5D9B3F091B96BFEB
:107EE000426055C08A1FA7C060E5684029CB20408A
:107EF000B537C8BF93A95A40B072083FD49AE63F3D
:107F00004D15CCBE59173BC054526FC0098A7F3FF4
:107F1000A69BC4BB6076D7BF81048B40BEC1CF3F58
:107F2000857C10C0D0B329C08CDB90BF33C499BF0F
:107F3000C4423D3FB5153B3E8BFD9DBF5F074EC024
:107F4000F5DB17405F0732406DC5D63F98DD633FD4
:107F50002731083F4A7BBB3FBDE36C408351E14082
:107F60009F3C2CC065AA20C0CEAA9FBF234A4FC009
:107F7000986EE2BF6D56F5BF55C134C0431C5B3FE0
:107F8000789CD23FE4832E3FE2E9053F1748A0BF2B
:107F90006ADE29C0A9A44EC005A392BE2B18153CC9
:107FA000FF210D3F5B421EBFFFB27BC0E2E98F4065
:107FB000DCD7CF405BD3DC3E7424D73FE9488E3F0B
:107FC000287E8CBEE7FBC9BFCE88EABFDCD799BF4D
:107FD0001058B9BE6132A53F97FF90BE448BF4BFE5
:107FE000948765BFC8075D3F44FAEDBE014D14C0DC
:107FF00051DAFBBF986EDABF3CBD523F764F1EC0D0
:10800000D0446440E9B7A94058A88940AB3E8F3FAF
:108010001FF4CCBEA167B3BF3EE829C0EC2F4FC010
:10802000166A09C0EC5168BF94878DBF0DE08D3F83
:10803000D7346F3DE10B333FC44211C0D0B3193E7A
:10804000BE3099BCC0EC5EBE098A8FBFD7342340D6
:108050006F81AE403F35BC40F085E9BEE2E9153D99
:10806000986E1E406A4D2B404E625840014D38407C
:10807000F241A7BFCA54A1BFB459F53E295CC7BF9E
:1080800040A403C0CFF793BFD200AEBFA2B437BFA6
:108090007CF2903EC7BAA03F4C3749BE7CF224C068
:1080A000F54A593FD122FB3ED65640C0E3C7D83EE1
:1080B000E78C08BFE7FBD1BF27C2BEBFFF21A5BF2A
:1080C000EE5A02C013F219C068B302C03EE8A1BF65
:1080D000780BA4BE204119404D8439401FF4244040
:1080E000F085F9BF2A3AB4C08A8E344085EB6940E6
:1080F0003D0A7F40AC8B9B3FB515B33F2063AEBEBE
:10810000BC74EBBFFAED7BBFBD5216BE2B182DC061
:108110008126123FCB1047BDA2B4134090A04CC0A3
:108120006132B740D26F03C00F0B65BFFF210DBF97
:10813000C286C7BF022B87BDAEB6E23F1D38BF3F28
:1081400097FF403FA245663F5BD33C3FAC8B5BBE95
:10815000394507C03BDFCFC08C4A804005A32EC005
:108160002B8736C03411B63D022B894088F4933FEB
:108170008E75B93F16FB174057EC8FBEA470D5BF64
:10818000DAAC06C048E11E401895CC3F66F7404087
:10819000F706BF3FBADABA3F302AB93FFFB2D3C0C1
:1081A00051DA9B3E46B6033FA1D6543FEA9512BF33
:1081B000D191BCBFFB5C0D3FABCF853F4694363FB2
:1081C0006210B8BE29CBF03E423E9E402C653D4039
:1081D00040A45B40BA49E4BF94F632C0FE436AC093
:1081E0009A992DC0E10B9B3F0E2DA0C0933AB13F51
:1081F0009621164060E55040D9CEE73F7424F73E03
:10820000C74BCFBF567DFE3F43ADE93F1C7C654069
:10821000C7298440D9CECF3FE414A5C0668873C077
:10822000D656DCBFF1F482BFE414AD3F9487C5BEDF
:108230002DB2B3C023DBB1BF5530D2BFA69B44BD26
:1082400082737240A91310408B6C173F3F356A4010
:10825000F31F6A406D56A53FE3C704C0B9FC434015
:1082600012149BC051DA1AC1B30C99C0BE3085C03C
:1082700019E2A8C055C1A0BFE33616401748703FA9
:108280008048C14036AB9A40022BDFBF8BFDAD3F2B
:1082900024970FBFEF3895BF2CD41EC08FC2D1C01A
:1082A0001F8593C0F77580BEDC46433F863856BFB6
:1082B000355E76400C027B40454742401E16064024
:1082C0002EFFC93F9FCD6E40A089384026539DBFE9
:1082D000F8535BC0E02DC83FBBB8CD3FA8577AC06C
:1082E00062A1B6BFEA04743E189514402497FF3D7E
:1082F0002B18054034A2CC3F3255503F2DB25DBE05
:10830000C1393BC05B429EBF3D0A8D40643B53C0B8
:108310001F85B1C06822184048BF2940840DC73F5F
:10832000986E2240E02DE03F832F50C0FCA991C001
:10833000304C46BFDB8A7D3FB072883EF2B0503F82
:10834000C0ECDE3F0D71DCBF696F74C0448B1C3F15
:10835000CEAA7740FED4C0BF2E9098BFE926A1BF19
:10836000583974BF40A4EF3FE3A51BBE091B84C06E
:10837000560E0DBF4BC8473EB6F33D3F158C9E4091
:10838000A54E9EC0857C28C011C73ABF95D43DC07C
:10839000DDB55040D26FA9400DE0AD3F7C61B2BE6B
:1083A00038F8C23C2C6509BF6ABC843F44691BC0D5
:1083B00016FBBBBF2A3AAE40D5E70A40470398BE3A
:1083C000E3C7F8BFFB5C9740D712723D789CA2C010
:1083D0005DFE533FC0EC9EBFA91358C0E3A57BC010
:1083E000431CB3BF4BC843C00DE06DBFCCEE25406E
:1083F00068B30640C1A81C40BC05123FF31FA23F52
:10840000FE65073F8FE472BE4182A23FADFA744021
:1084100090A04840F38E8B3FAE478BC0933A91BFFC
:108420003F353EBFEE7C3FBF7368A1BF333343BFD0
:10843000DE718A3FB3EAD33FDCD7993F2EFF11406C
:1084400026534D4070CEC83F6B9AA7BFF01604C0AC
:10845000C44225C0E02D10C01F85ABBFE5F2CFBFE1
:108460003333233FC3F538408D28BD3FEC51A8BFBF
:10847000A4DF4E3FE561A9BF11C7AA3F3B01EDBE96
:108480007446104098DDDBBF7D3FDD3F1F850F4008
:108490005F298FC0C5FE223F925CC63F143FA6BF36
:1084A00083C0AA3E1D5A94BFEA95323E3E7988C0E9
:1084B0001DC9A34052499D3E5AF529C0764F5E3FE3
:1084C000F54A81403867F43F6D567DBEE17A94BF2E
:1084D000DAAC6ABF371A10C01F857B40DBF9324027
:1084E00070CE783FDBF99EBE26E42B40098AE7BFB9
:1084F000A4DFC2C02D43A2C0613205405DDCC6BD11
:10850000E78CC0BFC8983B3D917E83BF637F01402D
:10851000CDCC0C3E6ABC743EE9489E3F083DC33F4B
:108520005DDCC63FEA95923F8F5358C03F354AC045
:108530002F6E2FC0713D823FA167CF402AA9BB3F5C
:10854000D044A0BF2BF657C0CAC362C0FCA9ADC0BF
:108550000E4FA7BF7FD98B40BADA6A4036CDAB3F0A
:108560009A779CBCCA54E13E8AB061BD7368A13F52
:108570005EBA9F402C65F13F5D6D89401136104019
:10858000EE7C9F3F94F6A6BE3789E9BFC7290A3F14
:10859000A24576BF63EE1AC0C5FEB2BF6DC5AE3F41
:1085A0000AD713C0128382C0B29DC7BF39B454C06A
:1085B0004A7B85C0FC1877C026E467C032E612C04B
:1085C0000C02EB3EB1508BBEE3361ABE3199DABFD6
:1085D0004ED1113D7CF2C03F151D893FF90F493F37
:1085E000302A493F27A0893C60E550BF54E3A53DB0
:1085F0005A640B3F62A19040234AE5402BF697BD99
:10860000E2E93DC01F85BBBFF2B0883F96214E40D6
:10861000A8354540812632BFE8D96CBF18268B3F6C
:1086200031082C3EE4836EBF615432BF26538DBFA8
:10863000FE651740EC2F8B3FD3BC33BFAF9415BF03
:108640002B87BEC0979087BFE6AE8B40AA60243FC1
:10865000A1D618C0A60A96BF865A93BE14AEA7BF6D
:10866000F5DBD73D2EFF2D40FB3A48405C8FB23FF3
:1086700019E22040D5E75A3F3F3586BF742433C006
:1086800005A3DABFB150F3BF863856BE029A90BF39
:108690009621AE4062A1763FB1BF9AC0BF7DD53F63
:1086A00085EBB13EE4142D3FFA7E6ABFA32355C08B
:1086B000C7BA20C01214A7BF787A1DC09CA2CBBF36
:1086C0001A51DABD96B2A43F1B9EDE3DB5A6293FE6
:1086D000C52070BF8BFD09C0499D84C068910D3FC6
:1086E000295C6B4034118C40CCEE914073684D4056
:1086F000029AE83F8104F53F72F9AF3F09F9A0BF44
:1087000093A9B2BF3BDFCF3E85EBF1BE95D4A1BFAD
:1087100089D24E3FF6282CBFAB3E5BC0690053C0E8
:1087200066F7384027C206BDB7D18640B4C8563F69
:10873000A9A416C0ED0D0EC00C93554031999ABFF7
:108740007E8CF93F34116A4076718740AED8973FEE
:108750001361EB3FD6564CBF3C4E51BF3EE8793FCC
:10876000917E0BC0F31F1AC01F85EB3E9A0807C00D
:10877000B81E05BEEA95BC40CE884EC0F8C2B43FD4
:1087800039D641C04BEAA0C03C4ED13D9487FDBFD5
:1087900011364C3FD881D33ED5E74A3F3B703E3F30
:1087A0008FC22DC06DE74BC0AF94CDBF71AC0BBF76
:1087B000CE1965407446943D40A4FFBE2063EE3E52
:1087C0007AA54CBF9E5E19BFA089B03DE3C76C403F
:1087D00055C108BFA3019CBED509683F8A8E44BF1E
:1087E000EC51803F014D043E2A3AEA3F9B555FBE63
:1087F000F163ACBEA54E28409031D7BF1A514ABF95
:10880000ED0D863F029A08BF98DD85C045D8284007
:1088100021B0723FEC2F9BBE9031A7BF71AC2BBF34
:108820004469BF3F2DB28D3FF2B07CC06C78923F5F
:10883000A69B34C0B9FC3BC0764FDEBF143F8EBF51
:10884000832F4C3F21B0823F3B7012406822E43FAF
:108850004469D7BF19E208C0B84082BD9FCD1A3F16
:10886000AB3EAF3FF90F093F863836C052B8FE3FE6
:10887000903177BE9CA2EBBF19731740575B9540B0
:10888000295C4F3F67D5073FB22E4E40EA953240F4
:10889000ED9E14401283C0BD091BA6BF917E2B3FE5
:1088A000006FA1BE65AA04C0F9A0E7BE66F7243E2A
:1088B000E8D92C3DF31F72BF696FD0BF508D87BFC1
:1088C000EA95D23E539661BE0AD733BF4DF30AC034
:1088D0003D9B253F35EF3C40EBE206BF02BC35C077
:1088E000560E35C0B459D5BEBE9F26C08048EFBFD6
:1088F00021B0A2BFC3F598BF0D711CBFD20096BFB7
:108900007AA5ACBDE09C8340D26F7F400F0B75BF52
:1089100051DABBC00D7168406D568140B29D374041
:10892000713DE2BF73D7223F45D82040DF4F05405D
:108930008C4AF23FE3C7C0BFCF6665C0348089C0B0
:10894000151D35C03BDF2FBF4FAF543F58CAB23F54
:108950004FAFB43E903183405DDCCEBF1A51AA3F89
:10896000295C0F3F6A4D03BF6822D4BF3FC6304029
:10897000B51583C0E336C2BF1EA7A03F3E79983E1F
:10898000C7BAC83FE10BB33E643BB7BFAC8B03C073
:10899000865A13BF41822240713D4A3F2F6E5B4091
:1089A000D42B3DC00309DABFE78C58BF0091863F46
:1089B000B9FCA540B1E121C0FA7EA23FCE88D2BC6D
:1089C0004B59063D81959BBF014DA4BF5BB16FBF65
:1089D000FD879CBF39B4D8BF1904EEBF5F07AE3E18
:1089E0006688C3BF9E5E81BF91EDCC40211FF4BF5E
:1089F000FDF6453F569F1B3F36CD3740B4594140A9
:108A0000E3A5134001DE62C020D2AF3E1B0D00BFC4
:108A1000D93DD5C0795864C0A9A42E4042604940D0
:108A200094F6E6BF66F74CC0DE71CA3E4772C93F96
:108A3000A01A2F3F0EBE00BF1283983F705F1BC06D
:108A4000871639C06822ECBEDE02093F022B0340C4
:108A500074249D40ED9E4C3FD93D393E91ED5440EC
:108A60001B9EF8C0CE882EC030BB07BF67D5D7BFCE
:108A700033332BC0113686C0E71DC740CC7F8440FE
:108A80005DFE9B3F234A5BBF54E34D405F983040FF
:108A90000B46554092CB13C0F706BFBF95D4A13FFC
:108AA000CAC33EC0984C1540378995405E4BF8BF0D
:108AB0008A8EA4BE41F1433F97FFB83F0D71843FBA
:108AC000F90F493FF931E6BC1A512A3F083D0B40E6
:108AD0001973234039451F40F90F3540BDE314C0D9
:108AE000C58FB3C0DDB584C012830CC0A2B437BE3D
:108AF00061C363BF05A33AC0113604409031E73F1C
:108B0000711B8D3D0BB5A6BD5DFE033FF90F69BF1F
:108B1000BC74FB3F8D97BE3F8A1F43BFA4DFB6BF27
:108B20008E75B93F787A1140492E873F3BDF43402D
:108B30006FF02540C89853C06ABC38C00E4F6BC058
:108B4000A1D67CC0840D0BC03411F6BE72F9A540CD
:108B5000107A2EC060E5D0BE9487E7C06EA3813E38
:108B600057ECDFBF32E69A4062A11A40DCD703C15E
:108B7000F085A9BE67D5873F621058407E8C09BF3B
:108B8000FF214D40BBB86D402F6E3BC08B6C2C411C
:108B9000CF669D40ED9E02C1AA8261BFCD3BAEBFB4
:108BA000E9B777403C4EC13F3789C13E21B0EEC0A6
:108BB000B98D66BF865A1F40B6F31D4011C71AC053
:108BC000AF94B5BFBDE3943E27C20640FFB21B4041
:108BD000643B8740DC467FC05452D9C0325588BFC1
:108BE00019731B40D95F163F43AD99408A1F63C07C
:108BF000DE71A2BFC89885C0A1672FC0A01ABF3F71
:108C000046B6BB3FC3D36BBF9643BBBF2497A5C03B
:108C10000A680EC035EF583FBE9F5A3F48E1D44026
:108C2000F90F293ED71212BF5E4BA8BE9BE6494002
:108C300048E1BABFE63F543F3EE82540BF7D1140C2
:108C4000BA6B7540917E1F405305EB3F234A1B4092
:108C5000575B913E6ADE2DC07CF2903EA3010CBFB3
:108C6000EFC923BF2D219F3EB37B823FBDE308C0E8
:108C70003E7958BFFD8798C0485020C05C8F9A3F0E
:108C8000423EB4C00B24B03F2AA94740560ECD3F08
:108C9000948771C0D42BEDBF7A361B3F4CA65ABFC8
:108CA0003789D1BF26E467408FC2653F2F6EFB3FF7
:108CB000ACAD6040637FB9BE925C1EC0333343BF2E
:108CC0006C0949BF2506C9BF9D11653E32E61EBF2E
:108CD00051DA9B3D58CAF2BEF016C83F50FC2C40FA
:108CE0009318943F89D25E3FB762D73FA1F8A13F66
:108CF00074B515BFF6282CC004562AC0787A75BF03
:108D00003B01D5BF8E752DC0A913B8BF63EEFABE67
:108D1000DBF9E63FCAC3C2BFDCD791BF3411A04024
:108D2000B6F383403D0AC73FAD6972C0C9E50B4049
:108D300021B02240E336D23FDF4F3D3F2575623FF1
:108D400042CF663FE09C31403E79584071AC2340B1
:108D5000CDCCEC3E2CD402C0492EEFBFC9763EBE2E
:108D6000DB8AE5BF211FA0C07CF264C06D56A5BFA1
:108D7000545203C04D84EDBF6ADE813F52493140F9
:108D8000280F8DC0D93D5DC06D564DBF44FA8D3E54
:108D900071AC234080B7184010E9A73FE02D103E8A
:108DA0007A362B3FDFE0F33F925CC6BF54E315BF3A
:108DB00019739F3F6D560DBF2B87763FD9CE0FC0DD
:108DC000151D39C0508D6FC09BE6C54081262640D9
:108DD00098DDD33EC1CA8BC044FA8BC02D435440AA
:108DE000849EFD3FCA32FCBFE5F28FBF857CF0BF99
:108DF0000681ED3F0DE0214093A922BF083D9B3E37
:108E00006F127F40DC46E33E71ACABBF59172BC0FD
:108E1000228EC53F64CC354085EBB1BF0C020B3FC1
:108E2000C4B17EBF8273463FB3EA033F8D28ADBE17
:108E3000D34D423F01DEC2BE01DE223F7DAE36BDD4
:108E4000C5FE323F07CE15C0B6F30DC05C2061BF32
:108E5000F628F43F9D80FE3FADFA284046B6BB3F62
:108E600017B7913FC58FF93FC9E5DFBEAAF1DAC058
:108E700091EDBCBEFD87CC3F5EBA6940910F2640A4
:108E8000F2D27D3FBADAEABEA5BDC9BF7AC7B1BF8B
:108E900031085CBF17B751B99FCDAA3E418202404D
:108EA000B6F3F53F4850CCBF810409C088F40BC02D
:108EB000A47001C099BBDEC05AF5854066880F409A
:108EC0000B46353F40A49F3F711B9D3F075F48BF46
:108ED000F5B9B2BF3FC61C3E6519823FB29D8F3FB8
:108EE0008638B63F39D69740D34D8640780BD4BFED
:108EF000D5E7BA3F8863DDBE3199A2C0E6AE95C022
:108F000081044DC017D94E3EB81E55BF24970F3F60
:108F1000304C66BF575B99BF1214FFBE098A57C019
:108F200031994AC0D9CEF7BEE02DD8BF0B46B53F28
:108F3000AB3EEF3FB37BF23F58CA323F499D0C40F6
:108F40000612443F5F07AEBE79E986BF917EFBBF44
:108F500055C19C40B5150F4052B8DEBEE92661BF31
:108F60006FF041C0711B8DBF7AA568C03D9BED3F7E
:108F7000B684104098DD733F39B4A8BFF0A7863F90
:108F8000A2B4773FD93DB93FDCD781BEDAACD23F3E
:108F900064CC0D3F38F83240EE7C13C0F4FD4840FD
:108FA000418262BF6E3400BF05C581C0211FD43E1F
:108FB000569F03C02AA9B33E8C4ACA3FBD5216BE73
:108FC00017B799BF88F4A3C045D8D0BF8CB91BBFD1
:108FD000F9A067BE51DA77C08A8EB4BFDAAC84409C
:108FE0008E753540F2B0B2409C3302409318ACBF4E
:108FF0001EA788BE0D71D43F5C8FE23E36AB3EBFEC
:1090000035EFD83E1E16B04018955C40302A79BF27
:10901000C2178E3FA52CA33E849ECD3EDDB564BF16
:1090200071AC85C0075FA03F07CE81BFCAC3E23FD6
:109030007FD9B5BF54740040AD69D8C02B87B6BF87
:10904000857C60BF3B01FDBFCFF703404FAF9C3F26
:109050006666063F764FDE3E8104ADBF8E0638C0A1
:109060001AC043C0DA1B1C3F462511405917BF3FA9
:109070007FFBBA3F6C7846409CC4C03F40A499C077
:109080008CDBF0C09D8026BF9CC400BFC1CA3140AC
:10909000CAC33640E2E9853F20415D40E17A44BFE2
:1090A00008AC6440098AEF3FF7E421BE73D7E2BF02
:1090B00005C5AFBE8D282DC08D2845C0E17AF4BF0F
:1090C00008AC48C0B003873FFBCBFEBFBC96F03E68
:1090D00058CAB23D569F23400EBE30BE6DC55EBF1E
:1090E0009E5E094096B28C401B2FA34048BFA3C090
:1090F0007C6132BF36ABBEBF83C04ABD499D503F85
:10910000FDF6B53F6FF005BDB072E0BF9FCD0EC05C
:109110001D5AA4BE6C78FA3FDA1B9C40E258F7BF98
:109120007424E7BF8D2829C089D26EC008ACBC3E2C
:1091300080B7903F58A89F4041F183BE2041B13F86
:109140009790B7BF5F2993BFE71DE7BFF2B0103E0E
:10915000448B244093183C40A69B343FD0D5D6BEC8
:1091600039D685BEC1A8243E8D971EBFE336BABE50
:10917000F24185405917B73EF085C93DF697114039
:10918000D712F23E7B14EAC0DDB544BE304CA6BE19
:10919000964389C06744E1C0992A9CC09FCDCABF4D
:1091A0008CDBB83FA5BDF13FEF38153FC1A8243E89
:1091B0001EA728C0F01688BF643BFF3EBA6B4D4027
:1091C000C976CA40C5FE1041A4DF004124B9DCBE07
:1091D00014AE0740DA1B04C0A7793BC020D2CDC033
:1091E000401339C0871669BF5D6D8DBF7FFBAABF75
:1091F0009565083DCAC3E2BE8D978E3FCCEE4D40CB
:109200007FD97DBE933A71BFB1500340D5E75AC0B4
:10921000470358C02506C1BFBC96904065AA604070
:10922000A245563F82E2A73E65198640A8C667C0A0
:109230001FF48C3FB81E3540B1E19D40643B9D401A
:10924000857CB8BF832F96C0840D3FC032770DC098
:10925000A08904C06C787ABE02BCDDBF1D5AE43E12
:109260003CBDB2BE68B33A3F90A0A03FF0A7C63F56
:10927000645DD4BF1973D7BC9790A7BF6FF0753FDB
:109280003BDF73C0DF4F11C0ABCFF5BEA69B443BA5
:1092900021B08ABF228E65BF448BECBF38F88A406C
:1092A0008FC211400B24903F6822CC3F59178D404C
:1092B0000F9C6340D6560CC0C28633C02B879EBF1E
:1092C0003EE8D1BF492E7FBFAEB6123FBC96B03F3D
:1092D000F5DB9140CB108940F628BC3E7A360BBFB7
:1092E000EC51F83FEF38454094F6A63EF2414FBFAF
:1092F000E0BE2AC04DF306C0522750BF2C659DC06A
:10930000759368C02DB2B740508D973C1C7C213FAF
:1093100033C42140D12281C0933AF1BF30BB03C096
:109320007AA5A4BF022B87BEFE43FABDEEEBE83F51
:10933000D34D52BF166AB5BF1AC0C9400B24A8BF8F
:1093400039B40440D49A26BE43AD4140CEAAC73FAB
:109350004A7B13C003783BC0B53708C0A69BC4BB8B
:10936000D04498BEF8C2E4BE226C983E6C78CABF66
:1093700036CD9BBE32779FC0E8D98EC058A8D53F66
:109380000D71B8404DF39440F6287040190476BF33
:10939000B81E7DC057EC0FC023DB493F20638840D7
:1093A000F7756840CDCC08409A08DFC08D28F53F9E
:1093B0006076234039455FC070CE58BF4F1E3AC01B
:1093C00057ECD73FC1A810C08351ABC0A245F6BF30
:1093D0005E4B18C039D63540E78CBC402E9058C043
:1093E0009E5E493F7CF25440FED4383F11C7844012
:1093F00014AE33C093189C3F6DE783C005A3324081
:109400003867B24040A46FBFAAF172C064CC01C0FB
:1094100010E9EF3F29CBC83F80486F3F38F842BC86
:109420001A51A640F85373BFB37BCABFE4831EBD75
:10943000E92671BEAAF11E40B6F32DC0569F0BC09F
:109440000D7184BFBEC1C7BFFE43BABFDBF9DE3EAC
:1094500029EDD5BF29ED49C01AC05BBE65198A4008
:109460006EA301BF74B5253F42CFCE3F2063CE3EF1
:10947000545247BFFBCBEE3EFC181740DE715ABF7B
:10948000C2862FC0D7346F3D68B36640E9B7AFBF1F
:1094900017B7D13CD19100C085EB413F121447C0B2
:1094A000D656E4BF7593783F4013C93FADFA2C3FC1
:1094B0007FD93DBEB459F5BEE9486E3E2575123FD1
:1094C0005227B03FD7346F3F637FD13FADFA5C3E48
:1094D0007D3F253F4772793F166A49C0B1BFA8C09A
:1094E00047728BC0CE884A406ABC48406FF011403A
:1094F000787A9D3FEE7CFFBFFB3AC8BF158C1A3FC0
:1095000079E9C63F9D800640E17A184004E74C3F68
:10951000BA6B05C0A54E30C035EFC0BF95D4493EEB
:1095200031998ABE2FDD44BF158CEABFBC7423BFBE
:10953000BB2791C0C729DCC080B7AE40BE9F2A4080
:109540008E06903F713D1240006FB13F696FA83F9A
:10955000EFC913C00C930941C58F013FD1912CBFB6
:1095600054E31DC011C752400C022BBFC21702406A
:10957000C05B303F091BEEBF52B86EBFE09C99BF85
:10958000CB108BC0EA0424C06ADE313FE02D98BFC7
:109590002653E53E7B1426404D84A53F5986F8BFEF
:1095A000DE93573F772DC93FC139133F7958183F94
:1095B000BDE3F43E74B50DC0E2E9B53E4CA6C24031
:1095C00039D641402C6515C0567D4EC062A146BFBC
:1095D000759300C0304CC6BE46941EC0C4422D3F99
:1095E0009EEF5FC0984C65BF234A8940A8352DBFC8
:1095F00017B731BF97900A41933AADC044695FBF36
:10960000A167B3BEEFC953C069000FBF462595BE21
:10961000F4FD384030BB43C0CD3B3EC0B29DDFBF00
:10962000CDCC5440E4148DBFE86A8DC0EB73F54097
:109630007DD0033FF9A037BF666666C01973C1408D
:1096400096212E3F211F8C3F705F9F3F431C774028
:10965000E8D99040A392F23F3333433F643BC74085
:109660005D6D2140F2B09C409643EB3F5227C0BE57
:10967000BA6BB13FBB27F1C02731DCC0CAC36EC093
:10968000E86A9DC01EA724C0567D92C0FBCBAEBE2B
:10969000917EBBBFDC46FBBFCB10B7BFD2005240B0
:1096A00035EF2C401A51AABFC44265C020635AC08E
:1096B000A30128C0BC7423C079E93EC0DDB5E43FF6
:1096C00034A2943FE6AEE53F58A8253FF8C270406B
:1096D000CF666540643BDFBEC6DC3D405DFEC33DFA
:1096E000E5D026C02B87F6BE9D11714096B2504042
:1096F000F241B73FE02DBC403945C73DBC0556C0DF
:10970000C36452C01D5A9EC0D656D4BF7CF2403F9F
:109710000E4FAF3E6DE76B3F62107440FD8786C011
:109720004703F0BF744664BF8CDB803FEB7301409E
:109730008941824045D8D0BF9D116DC0CD3BAEBFA1
:109740006DC5AE3F7CF2D83F5BD33CBDD122DBBEC2
:10975000569F3B4054E3853E613255C05B42DE3E3E
:1097600002BC9D3F68B35ABF08AC5CBFEB739BC0A3
:1097700027A0C5C045D8484054E39D4052274C40DF
:10978000AA8283C09C3384C05DDC32C07502A2BF54
:10979000ADFA2CBF006F813C956588BEA3923ABF9D
:1097A000A1D634C0DC68F8BF3F35FE3ED20006408B
:1097B000A54E88403945DF3F54E305402C654940BC
:1097C000EFC96740371AF83F0F0BB53D9C3342BFD6
:1097D00068220CBF7E8C6D4052278E401C7C99BF46
:1097E00081044DC0849E4D3E539699BFBE9FBABE24
:1097F000234ABBBED3DEC0BFBE9F8C40674409BFB7
:109800000DE0B5BFCCEE69BF9A9999BD068175BFD1
:109810001B0D54404D15304013F2E1C023DB093FCE
:109820004DF38EBED34D823FEA04343E41829440D4
:1098300077BE7F3F76715B3F24280EC0637F8BC06D
:1098400021B0823FA52CA340D1914C40F2B0B83F4B
:109850003D0ADFBFDFE06BBF9CC414C048E1B2BF6C
:10986000D712DCC0705F334067D597BF4260653D5B
:10987000516BDA3FA69BA43EEEEB80BEF5DB573D75
:10988000AD6922C054528DC093A942C0A3923ABE82
:10989000522798BF58393CC0E4142D3FCEAA5F40F0
:1098A000C217CE3FE09CA13F02BC853E6DE7B340AE
:1098B00061547AC046B68BBFA60A86407671BB3E1D
:1098C0004FAFE4BF7AC791BFFF21FDBC9B556FBF6F
:1098D0000B46C53E2DB2F53F7B836F3E94F6C63EE8
:1098E000D578793FC6DCB53FD20022401B9E8C4024
:1098F0001D5A94C017D922C0AF250CC0AC1C22C081
:109900001895B4BE20639840BEC1173FA857BABF90
:109910004BC8F940F93176C0A1F8613FF775603F57
:10992000516B98C0098AA5C0B9FC873D9F3CAA40ED
:10993000F4FDE4BF38F88AC09790FF3FB0033B4086
:109940006EA391C0CBA1A540F4FD143F8A1F83BE36
:109950007DD093BE2B87263FDB8A5DBF5F07CEBEDF
:10996000F4FD24C09FCDAABDBC74133E5F07CEBFDB
:109970004E6284C0355E9AC0BE30D9BF26530540C2
:1099800017D98C407FD915409487053DE10BE3BF83
:109990002E904040C72922405A640F40423E483F23
:1099A000F8535BC039B41440F9A0A73E7DAEB6BDF4
:1099B00092CB0B40B6F325409EEFAF3FD95FDE3F21
:1099C000A8C63740BE9F2E40A54E90BF469436BED7
:1099D0008A1F733F1B0D803FD04498BEEB7395BE2A
:1099E000EB73253FAF25643E8716C1BF98DDBBC032
:1099F00058396CC088855ABF197323C06F81843D64
:109A0000C807D5BFD1915CBFD0D5563E10E90F40F5
:109A100039459540F0A77640A0891840FBCBAE3F72
:109A2000E6AE85BEBC9640BFC3648ABE643B374089
:109A30009318943F992AD0BF014D8CC0E33662C081
:109A4000143F46BD166A5DBF2FDD9EC0BE30F93E95
:109A5000C4B12E3FEA048C3F234A2B3FCC7FA83E63
:109A6000B45975BEACAD78BF01DE72BFCEAACF3E91
:109A70006B9A57BF3E7988BFC9E54FBFA913F0BFA6
:109A8000E10BEB3F80B7883F696F704088F42F404F
:109A900023DB11C08863B53F88F49FC0865AD33C4E
:109AA0004DF302C098DDFBBF7E1DE8BFE9B72BC0B8
:109AB00072F943C0B9FCD7BF206312406B2B263F1D
:109AC000A1D6E43F7424973FC05BC03F46B693BF26
:109AD000166AA5BF22FD76BD4FAF60C002BCCF4065
:109AE000D49A8240EBE2B63F9C33223DFB3A30BE33
:109AF000EB73E53F0AD7233F0E4F2F3C61545AC00A
:109B00007DD04341B5A687C0B45985C0DE71B0C0D1
:109B1000302AD9BFE3A5A940DCD771BF780B80C03C
:109B2000C5FE4640A9A4A640DCD7B340575B194008
:109B30006891ABC02D21E7BFB98D86BEEC2F9DC0CB
:109B4000EB739D3F67D587BED1225B3D174808C0A8
:109B5000E6AE71C08D9722C01283A8BF4ED1B13F2F
:109B60008273963FB29DE73F8D2819409EEF07BF55
:109B7000E63F54BFA2B4173F1F858BBEFC18E7C059
:109B8000BD52EE3F1B9E7640E10B5B40D8F08C3F10
:109B90008CB985C033C461C02B1855BFABCFD5BEBF
:109BA0009A9919C07424173D9F3C7C3FA167AD4032
:109BB0006666EEBFCA549140F5B95ABDCA3210C0AC
:109BC0005A64EBBFE6AE4140FC18B33F75026ABF72
:109BD00031996ABE7B832F3F6F811C406E3400BD7C
:109BE00085EBCFC00F9C93C01F8557C055C19CC04B
:109BF000C6DC55BF07F0164051DA1BBF8F538440B7
:109C00003F571B3F029A383FCDCC8C3E979003C004
:109C1000D42BE53E4F1E3240197393404D84CDBE88
:109C20004D84BF4058CA0640F6979D3F4260FDBF35
:109C30001058A93F17B7913F917EA33F1F85DB3F87
:109C4000FB3A40BFEEEB74C0128390BFDB8A3DBE8F
:109C5000A54E44C05C201D40107AE6BF2AA913BF60
:109C60004B5922402D21DFBE5305833F835139409C
:109C7000E4839040BE30D9BE11C74EC081045DC0A0
:109C800062A1B6BE20631A4003788140F085594036
:109C90004D840540865A0BC03108A4C06DE78BBFC8
:109CA0002E9010C0827346BEA089003FE86A8BBE2A
:109CB000713D823F53052BC02E90A03C8863ADBF01
:109CC0001DC9D5BF17D94E3F62A1263F4DF30E40A7
:109CD000226C48C0D73423C0014D44BFADFAFC3FCD
:109CE0007DAEEE3F780BA4BDBEC1673F14D0743F7C
:109CF000211F8CBFF163CC3E05C5FFBF098A0F4011
:109D0000E3C70040E86AADC0061228C0E3363ABF98
:109D1000304C363FC5FEDA3FDDB57C407D3FD53F58
:109D200039D6FFC0B30C8340986E6E405530BABF31
:109D3000287E0141B684E43F0A6888C032778D40AE
:109D400052B8194164CC01C068B30ABF583964C025
:109D5000D200F6BF849ED9C01EA7B8BFB29DEFBF88
:109D600017B7C1402428DAC0EC2F4B3F93A9023E1D
:109D70000B46FDBFD57881BF8CDBE83E95D419BF7B
:109D80005B42863F42CFC6BE744674C019736340BF
:109D900094F6E63FDF4F4DBF7A360F407F6A804032
:109DA0008AB021404BC83B403D2C3C407F6A4C4030
:109DB00042CF42C17AA592C0B4C8363F4BEA84BDB7
:109DC00095652CC0D7347FBFE4141D3F863856BE3E
:109DD000D3BCE33D8E75313E6519E23CB22E2E3F79
:109DE000C1CA85C0508DF73ED7344740DD2456BFE9
:109DF0002FDDCCBF4F4047409C33AABF3B70EEBE27
:109E0000FF213540CBA12D40091B2EC06666963F31
:109E1000426087C0431C8BBF4BC8073F60E510BE44
:109E2000EC2F9BBFE2E965BF250661BF325560BFDD
:109E30008C4A7ABFF7E4813FFCA9834038F80A4096
:109E400068919D3F70CED8BFF2B0B8BFDD249E3F71
:109E5000A301D640B3EA733EF4FD50C0A1D604BFBF
:109E6000849E09C014AE5BC0933A5DC01AC08BBF1C
:109E7000BA6B193F1895B43E72F9AF3E8C4A6A3EF0
:109E8000B537483FE336823F4FAF1040711B7DBF6F
:109E90006210B8BE2D438E407D3F6D407B14C63F9F
:109EA0003EE86DC0C1A8443FEA9502BF2041B1BE63
:109EB000EEEB6CC0728A52C00D71CCBE14AE8F3FF7
:109EC000903199400000504073D7EABF3E7904C0FA
:109ED000BDE3943DFDF6A53F2CD41ABE8351B93F96
:109EE00080481BC06822CCBE1B9E1AC0D7A354C09A
:109EF0004A0C36401904463FEF38653FC442614082
:109F00000B46A53D302A99BFD1913CC039B4583F8A
:109F100092CBCF3F508D8F3FAF25A43F2EFF6D409A
:109F200096B21440D5E76EC08A8EECC05F074EC073
:109F3000B9FC8DC0A1679BC032554C40B762174039
:109F4000287E9040583984BFCC7F8E40BE9F5240BF
:109F500027C2063DE78C0C40F46CEE3FD34D023F28
:109F600089D216C0C9764AC0A245BEBF9D805EC0D8
:109F700007F05EC0D34D90C023DB19C0A470B1C000
:109F8000780BEE407A364B4027312C4039B48A406A
:109F9000C74BEF3FC6DC35BDC8983BBD5AF51940ED
:109FA0007B1488C0355E88C0341136C05D6DB5BF86
:109FB0003D9BB5BF780B8CBF4A7B033DE0BE2E4076
:109FC000E5F2CF3F9E5E7140A9136C403277194095
:109FD000B9FCF73F8104453F3480E1C04772393E08
:109FE0008FE47A40E9489C400F0B4DC0569FCBBE92
:109FF0007C61D2BEDD2476BF522798BF0AD7ABBFA3
:10A000002E9088BF091B32C0C5203CC0F4FDA43F80
:10A010002C65D93FB7620FBF52B8D63FA3010CBF22
:10A0200044694FBFB1506BBEFCA941BFF2B0B03E16
:10A0300003784B40143F0E4046B691401D38AFBFE9
:10A04000AB3EB7C064CC69C09D11ADBFABCF153E70
:10A050000C02DB3F93184C401EA7483FB84082BF1C
:10A060009CC460BE7E1DB83F0C93A93C925CFEBEB2
:10A07000E94886BFFC18333E8E75893F516B02401C
:10A08000F2D2AD3F3F359E3FCAC3E23E39B4C8BDB0
:10A0900022FD463FC6DC65BF46B69BBF7B83F7BF4C
:10A0A000D49A3AC0BD5280C0772DA1BE08AC94C0EE
:10A0B0008B6C89C0FCA98540CE19B3402A3ABA3FBF
:10A0C00001DE62401136B43FAF9455BFA7E84CC0E3
:10A0D000CAC3B040E4830E406F81C4BE90A078BD77
:10A0E000E5D032BF8E7521BFFCA91D40ECC009BF71
:10A0F0000F9C93BE17B7594094F6064083C03A4070
:10A10000182603BFC21776BF8D286D3DFED48AC0C6
:10A11000705F73C0AA82893F7FD9A140E7FBE9BF86
:10A120000F9C0FC07CF296C01748703FB37B224053
:10A1300096B290C0098A1F3ECBA1354067441940B2
:10A14000E3C7F8BF4547223F569F4BBF5249FD3FEB
:10A1500068B3CA3F74B5953FE6AE91C04E6210BF7A
:10A16000EEEBB83F6ADEE14071ACD9C0F24191C07C
:10A17000D26FC1C029CB00BF3255C440FDF69B4011
:10A180007E8CB93E9C339ABF66F704C0DE71CABFAD
:10A19000BC9640BF910FDABEE948FE3FE9482EBEAB
:10A1A000E926F1BE7AC7F9BF4772C1BF07F056BEB4
:10A1B0007D3F2D404ED17540643B8540E86AD3BF5A
:10A1C000F6974D3F508D4740A1D69EC00AD723BC7D
:10A1D00086C95440CDCC0840B072B03FE258573EDB
:10A1E00054524340BD52B63F2BF6973E516B9ABE38
:10A1F0001CEBA2BF03096A3F32778D3EA089703FF6
:10A2000073681540304CD6BFC05B7CC05E4B5CC0F1
:10A21000226C20C0C286DFBF2C65913F3B7022C0FC
:10A220002D43EC40C05BFC40F31FCEC090A00FC19B
:10A23000287E0C3E67D553C0E3C75440371A10C080
:10A24000A9A42AC0FB5CC53FFB3AE840711B2DBFA7
:10A25000FE43BABFA54E4040D578DD40CE8809C147
:10A26000B98D2AC029ED2140910F4ABFC7290AC0E4
:10A270004547AA3FB003273E38671CC082739EBF84
:10A28000FBCB7E3F65192E40B8AFF33F2AA9A33F11
:10A29000B003C73E4A7B37407F6ABC3EC8073DBE1D
:10A2A0001748B44057EC07406B2B86BF2E90A6C0D2
:10A2B000D7128ABF984CE7C0EE5AC2BF3255303E23
:10A2C000B072283EDF4F7DBF8BFD01C0865A47C06C
:10A2D0006F1253C05DFE07C0166A01400BB5064001
:10A2E000D1919CBE1EA788BF7FD921C0B6F3B5BF50
:10A2F000B537E0BFFA7E3A4016FB8340143F26BFD5
:10A3000047032C40DDB550409E5E2540744614BF87
:10A310004D84EDBE24B9F4BF80B730BFDE718A3FF3
:10A32000DD24E63F82E2973F6210D83E780BC43FBF
:10A3300066F7643FB4C83EC0D0B3B5404B596240E5
:10A3400017D97EBF46941E403C4EF9BFD0D54AC0B7
:10A3500096430BBD8CDBF8BFE3C7E8BF6EA329C0F3
:10A3600047727DC061C34BC093A9AABF925C7EBFF8
:10A37000B30CF13E8D97EE3F96218E3EF01664C0F1
:10A380002B18EDBF32777940107ACA40022BFF3F7D
:10A3900018261F40E92691BEF01608BE1A517ABF52
:10A3A000492EBF3FB29D1B408126023FE10BAFC04B
:10A3B000234AF3BFFE650FC107CE393F2BF627C0F6
:10A3C0007424EF3FD6C53D3F39B4024117D916C0BA
:10A3D0008CDB86C02A3AACC099BBAC400DE0ADBE68
:10A3E0007A36ABBC74241F408D28E5BFFB3A094187
:10A3F00035EF28C0986E90C0AC8BDB3EA835CB40C3
:10A40000979017400C02A33FD26F873FD044383F4C
:10A4100017B7B1BF89D296BF1A513240AE47A1BE1D
:10A42000BF7D8DC07FD9853FDF4F4D3FD6C56D3E87
:10A43000FCA9E9BFE9487E3F7DAEC63F469488400F
:10A44000A2455AC0E71DEFBF89D24AC0AA60F43EB8
:10A450003C4ED13D48BF6140865A97406EA3C93FEC
:10A4600093A966C0E7FB19C0FE65573F11369C3FB4
:10A470004A0C8A3F4ED1B93F780B743FC7BA883F28
:10A48000E3A51BBC05C59FBF8FC26DC0F706BFBF4C
:10A490008E06703D2D435C3EE78C60C0B98D56BF83
:10A4A0005305274022FDA63F4703383E82E257BFAF
:10A4B000E8D94CBF9A772CBF7E1D48BF744694BC28
:10A4C000849EEDBF27A009BB5917DF3F24B9084080
:10A4D000BBB81940AC1C5A3F33C499BF992A18C065
:10A4E0000B46253EE3A5D3BF3D9B953E448BBCBFA9
:10A4F0006DE793BFF5DBFFBFB00373C07DAE62C0F5
:10A50000EA95E2BF98DDB340107AD63F88855EC0F9
:10A51000E2E90DC0DE9317BF75933CC03E791C4045
:10A520005AF54D404FAF244038F8123F6A4DB33FC3
:10A530009621CEBF6DC52A40ED0D80406C0989BFC4
:10A540003A922B407DD01F40A69B10404CA626403F
:10A55000A913204020632E4024B99C3E4A7B13BFA0
:10A56000E7FB29BD1C7C1DC071AC9BBF0AD7A3BDF6
:10A570005EBA2DC03D2C58C0C58FB13EA7E8B03F94
:10A58000FCA939C0E78C08BF76E014C09A9989BF4E
:10A59000CE88BABF477249BF2041713ED9CE37BE7F
:10A5A000925CE6BF3B701EC0265335BF6D56A5BFFB
:10A5B0007DAE76BEE5F2E73F65AA184077BE9FBD47
:10A5C00018262BC06F81643F4A7B4740A2B41B40D2
:10A5D000AAF14EC0EE5AC23FF46CD63F234A5B3F0D
:10A5E00064CCAD3FC3D3C33F910F8A3FBA49CCBFC0
:10A5F000E25857C0166AD5BF44FAAD3F45D8B640B9
:10A600009F3CACBE0EBE50BF2AA98BBF2731A83ECF
:10A61000D3BC9B3F728AD0C08CDB6440C1A8C43ECF
:10A6200042CF5AC0C5201040107AB6BEE3A5BB3E4B
:10A6300032557CC0166A85C0006F7DC04CA632C002
:10A64000B84032C027A0593F7E1D084079584C4081
:10A6500016FB3F402CD47A3F37896D40E4142D40DF
:10A6600088634D3FA60AAEBF226CF8BD2FDDEC3FDC
:10A67000158C5A3F17D916405C8FE23E4A7B6FC05B
:10A680007E1D903F8D28DD3FB3EADB3F158C8A3F6E
:10A69000A913703FA2451240789CE2BE206306C019
:10A6A00073D7923EE8D914C0B98D1EC0273160C05F
:10A6B000BA490CC09D1125BD711B8D3DCEAA0BC0A2
:10A6C0006E34E0BFE86AAB3E3FC6284010E99940CF
:10A6D0006E3428403E794C4066F7BC3FE78CE8BFBB
:10A6E000CC5D13C01FF4ECBD97FF90BC8E06D83F25
:10A6F0009A99593FA835CD3DCF6605BFC4429D3FCD
:10A700006519C23F211F24BF0E4F6FBF16FB4BC000
:10A710006DC53E3EDC464BC0B98D72C0A69B6840FD
:10A72000E9B71F3F5917CF3F7AC7993F9487853EB6
:10A73000DBF9FEBF55C19840F2413F40F697D5BFC7
:10A74000C3F5C8BFEA9552C060E51440D93DF93D54
:10A75000742427BF71AC933F6DE7ABBF250651C092
:10A7600096213EBF0309CABEF1F45ABF6132353F9C
:10A77000250625C01FF45440075F483F3B0195BFA5
:10A7800036AB9E3EB6F30540711B79C026E407C088
:10A790001B9E5EBE6F8184BF287E1840E8D94C4066
:10A7A000492EA7BF787AADBF19E20040D5099AC0FB
:10A7B000F5B912408BFDE5BEF9A0673E2497134022
:10A7C000CFF7333F44FA2DBF3A922B3FF2D29D3F51
:10A7D000423EA83EB9FC8FBF0C9369BED49A663F37
:10A7E0005AF5D9BEC139C33FF2B0103E30BB7740F5
:10A7F0009A992DC062A1D6BD22FDA6BFCF6629C001
:10A8000023DBE1BF19E2D8BE67442940C7291ABF3C
:10A81000CE8802C0C7296A3F2575724069001F4073
:10A820008A1F83BE50FC1CC09FCDF23F197317BE18
:10A8300085EB313F90A0A0BF5BD39CC0A7799FBFA1
:10A84000AD696E3F29CB303F696FA840795890BF02
:10A85000462575BE2B8712C0787A25C0D509F03FF2
:10A86000B4C8D63F0F9CD3BF34A230C014AE0FC0C3
:10A870000F0B053FA1D6CCBFC7298E4088F48B3F74
:10A88000492E9FBE234A6B3F18265BC08C4AAA3FC5
:10A8900093A9C2BF9F3C7CBFD93D79BE74467C4022
:10A8A0005C8FE23E744610C0A24594409F3C00C0BD
:10A8B000DE0211408D281DBF355EB2BFD49A66BD41
:10A8C000B81E3DC0B3EAF3BF47725D402F6EC3BEF2
:10A8D00048E1D2BFF4FD94BE76E00CBFD5E7E23F7D
:10A8E00011C73A3C8CDB2840A4DF36408CDB083FA4
:10A8F000EB73AFC02F6E27C07D3F753FF54A5940BF
:10A90000A3233DC024977F3BA8357D40575B0D4076
:10A910000E4F6FBFCA32CCBF4E62B0BFC0EC1E3EFE
:10A920003EE809C0DAAC4A3F637FE93FC58FD93FB3
:10A9300009F9F0BF96215EBF27A049BF645D5CBEE8
:10A94000BC96184088630940B515DB3F508D83C025
:10A95000EFC9333F1214F73FB7D1803F022B873C3A
:10A9600017B7AD403CBD92BF0DE085BF2E9000C033
:10A9700017B7A1BFF38E0BC09FAB1DBF7AA5AC3E2E
:10A9800085EB5940D7348FBFB00337C0250619C0B7
:10A990007B140EBFF085AD40EEEB88BF9031FFBF5A
:10A9A000E9485EBF71AC0B3D80B7903FAA82B1BF52
:10A9B000C6DCFDBF4D843D400AD733BFB072783F3F
:10A9C000705F4BC00D7184409F3C3C3FC898BB3EBC
:10A9D0002C650540637F993E295CCFBE894198BFB5
:10A9E00043AD4D406C09A1C0F54A913FF8C214C077
:10A9F000772D81BFEA95023FE3A5134051DA0B4062
:10AA000026E4C33FE09CD9BF1904CE3FFA7EBABF0B
:10AA1000107A7EC09C33D2BF6EA381BE9A77AC3FC2
:10AA200002BC653FCC5D7B3F21B00EC0EA959640ED
:10AA3000986E02C0A9A4464021B022C0BE3015C005
:10AA40008F53FC3F45478A3FE3C788BF74B59DBF1E
:10AA5000FFB29B3EB00317BFA835CDBF348027BFE0
:10AA6000E02D0CC0F5B90AC014D0C43E6ABC943EB7
:10AA7000AF2514BFB07290BFFFB257C0A54E10BF34
:10AA80002DB2BD3E2041114053050641849ECD3D6F
:10AA9000053415C059176740F08571C01B9E1640DC
:10AAA0006C78CCC099BB7E40C3D33340BBB8C740A1
:10AAB000871621403108A440F90F1D40832FDCBFC9
:10AAC00048BF9FC009F9B6C06F8154C09A77AA40A9
:10AAD00029CB00409D80B8C0516B4A3FDB8A4DC0F6
:10AAE0004260A53E16FB833F17D9AE3F3E79783FC3
:10AAF0002506054034A20440FE6577BC6F8154BF33
:10AB0000C74B8FBF4A7B33C0CC5D7BBF9FCD2A3DF7
:10AB1000CA54C13DEA959ABF01DE0EC0FC188540BB
:10AB20007FD9B53F50FC30C0789C02BF9CA28BBF40
:10AB30006154823F86C9143F787AA53EAC1CDA3F47
:10AB40007E8CD13F34A2B43D07CE493FB9FC0340CF
:10AB5000151D1DC08AB0E1BF0C93A9BDDBF9FE3DF8
:10AB6000234A8BBFA77947BD27A001C020D24FBF82
:10AB7000EF38BDC04469234023DBF93E3E793440C1
:10AB8000643B0BC0A69BB4BFD5E74A3FE02D4C40C9
:10AB900087164D409643B33FD95F0E4077BEFF3EC8
:10ABA0004260BD3FD509803F1B2FB53F4BC8E7BF73
:10ABB0003EE8E1BF7FD901C0CC5D9DC0A54EF83F06
:10ABC000D6C5ED3EF2412FBF5BB12BC0BADA0ABE4B
:10ABD000AF9415C0499D60BF0E2DEA3F2E902440D2
:10ABE00035EFD83E295CCFBF9A99393F2A3A9A3F30
:10ABF000979023C04850E4BF8B6C03C0B22EEE3F49
:10AC0000A7E8004088F4933FCFF7D33EE9260DC074
:10AC1000226C28404CA682BF6EA3E1BEDCD7813DEA
:10AC2000643BCFC089D216401D38C940B4C8963F96
:10AC300017B711405F980C3F89D26A409F3CCC3FC8
:10AC4000C807C53FB6F34D3F34A21CC06ADE91BFB2
:10AC5000933A41C0804833C076710B40B459753F78
:10AC6000C9E581C06C78AABFDE711ABF6519C2BF81
:10AC7000D3BC63BECF6649403A2386401CEBCABFB3
:10AC8000992A3CC048501C40F38E03C07958D8BF65
:10AC90000F9CBB3F67D5BFBF6F8192C052B87AC0CF
:10ACA00086C9EC3FA3012040C2863FC0B1BF48C067
:10ACB0006E348C40061238401283A0BE04E7044074
:10ACC0003C4E913E36AB3E3F3FC6C43FC139DB3FB1
:10ACD000228EF53F4469FF3FFE43BA3FB1E1293F71
:10ACE00052B89EBD3D2CB4BF7CF22CC0FA7E1EC073
:10ACF000CFF7C1C0B45987C0D19134C01E168E4061
:10AD0000C3F5183F32779D3F3EE81140F1F46A3FAA
:10AD100092CB3F3EE9484E3F9B55BF3F68B3EA3E6A
:10AD2000711B2DBF3CBD06C04ED1D1BEBC7473BFDC
:10AD30000091DEBE0B24C8BE9D8086BF575B25C038
:10AD4000ADFA84BFDC4689C0061282C06519764020
:10AD5000B81E1140454736403D0A9340492EBF3F3B
:10AD6000F853CD40A69B9840E4830A4067D507BFBF
:10AD70004DF3DEBF0E4F97BF0456EE3E68B31E4044
:10AD8000621080BFDD2432C05D6D253F79E9863FCA
:10AD900055C1283E9CC460BE6A4D9BBF4703D8BFC7
:10ADA000744694BE249797BF9A9987C05EBA05C02F
:10ADB000C7BA283F492E1BC0B6F361C0AA6004C0C1
:10ADC000ED9E4C3F5452073FBADA82BFAF2574BFA5
:10ADD000DC68203FF628B43FD122BB3F4625D53F53
:10ADE000158CAA3F4182C2BECF66CD3F0456CEBE6F
:10ADF000DB8AB5BFF7E441BF6F816040EA9522BFAF
:10AE0000BF7D3DBF2E9000BFC3642ABCD0B319BE26
:10AE10003B704E3C8A8E54BFB84022BFB8AF833DD2
:10AE20006ADE413FA7798B40304C0E4004E73CBFBF
:10AE30006519764065AA503F499D34402063B6BFEE
:10AE40003F57B3BF865A63C0E86ACFC05986C83F30
:10AE50001904A63F77BE2B404772A13F3A23EABFB1
:10AE60004E6270BFC4B1D6BFA4DFF6BFA2B49F3F8D
:10AE7000CA54B13F66F7F4BFF08589BF5C20D13F6B
:10AE800007F09AC017D90EBFB81EA5BFB4C8A84016
:10AE900030BB2FC0DC682C40666676BFDD241240D4
:10AEA000BA6BF13F24B94840F7068140022BDF3FDF
:10AEB000FDF6053F871649BF76E00040C9764E3F54
:10AEC000C3D39B3F9F3C80C01904163FD65684BF16
:10AED0007368CFC0D200C4C03B01953FBBB87DC0F2
:10AEE000C976CCC0764FFA40166A054083C0E23F6F
:10AEF00052277C40D49A12405D6DCD3FB840423F0E
:10AF0000789C12BF9031D7BEFB5C953F04561E3F24
:10AF10004DF3AEBE92CB9F3FDA1BCC3FCAC3DA3FA4
:10AF20003480E7BFA54E98C0ECC035C014AE7BC0DE
:10AF3000F7E401C068912DBFFB3A40BFEEEB4C40F7
:10AF400066F7A4BEC9761E3F67441140F775CA4034
:10AF5000CD3BBA40B1BF2C406B2B763D759308BFFB
:10AF60008638DEBF36AB6AC05474643E0D7114C0BF
:10AF7000F90F01C077BE1F407368113EFA7E5EC0B4
:10AF800022FD3EC08195A3BE674499BF426005C0C3
:10AF900027C29E3F9B5517C0D20002C0B5A6393FBD
:10AFA00067D54F400D713440ACAD4C4062A1663F57
:10AFB000F775903F83C06ABF97FF1CC05EBA19C087
:10AFC00030BBCF3F933A1540F9A0BFBF9C33423FFF
:10AFD000469452C0C3D307C0C1A8A4BF423EC83ED6
:10AFE0009BE60940107AF6BE6076CFBF4A7B83BEEF
:10AFF00025067140CCEE2540759308BF58A8053F43
:10B00000A39206400612DCBFEA040CC05474CCBF05
:10B0100002BCE53ECA5441C0B07244C0575B91BE09
:10B0200048E19A3F7FFB86C0F6289C4072F9A73F13
:10B03000615452BF04E78C3C637F813F60E5E83F89
:10B0400074B5114026E4033D62A196C0925C6EC0C7
:10B050004F40933E74B5A53FFB3A90BF234A03C0CF
:10B060002653A5BEB537C83F3B01354085EBB93FF8
:10B07000A24576BE77BEBF3E547454BF12A55D3F55
:10B08000F0A716BFCF6645BFC05B20BE917E7B3E5A
:10B0900039B490BFC3F508C04CA6CABF7CF22CC01F
:10B0A00034112A401C7C3940B7D1F8BF9CC4B8BFCA
:10B0B0000EBE50404A7B4340D04488BF0F0B75BE44
:10B0C00005C58F3E166A2DBF257556C0029AAC4045
:10B0D000304C0AC096219840BBB82940FE433A4004
:10B0E0003A237ABFD1915CC0A2B4A73F76E09C40DE
:10B0F0007C614640B459F53DA91330BFB5A6A1C047
:10B1000041F127C004560EBE79E9A63ECDCC70C0F1
:10B110003C4E93C0F775B8405F072EC0FA7EAA3E3A
:10B12000E4839EBD9FABAD3C2428DE3F18952C40A8
:10B13000FFB27740C1CAA1BF560E0DC06B9A77C04F
:10B14000CFF737C09318C4BE74249FBF7C612E40D4
:10B150007424973F705F173FD19158408F533CC084
:10B16000A7E8483E9FCD1ABFD7A34CC05F981040B8
:10B17000B37BE2BF5D6D55BF6B2BBEBF9E5ED13F03
:10B18000A0894040BDE3BC3FC9E53F3F1214FF3EEC
:10B19000FF215DBF61C3833F992A74406F12234032
:10B1A000FF21FDBE151DA5C03D0A85C08048D73FC3
:10B1B000E71D67BF8E0644C04F1E3A40E0BE1EBF6B
:10B1C000F38E85C0C58F91BF2BF6D73EA8C6CBBEE8
:10B1D000FC1893BE1DC905C0E948B6BFF706973FE6
:10B1E000E3369A405839B2409EEF0740B150FBBF5A
:10B1F0003EE819BE651962BE20632AC05A649BBF2F
:10B2000071ACC33F228E353EFE65F7BE14D0C43EFE
:10B21000E483963F1EA76840EF3845408AB091BF4F
:10B22000948755BF90A0A0BF27A0E13FCBA185BECA
:10B23000B30CE1BF87A795C0B98DFEBF006F613F1A
:10B2400034A294BEE9B73BC02AA957C0CC7FA83E20
:10B25000D20022C06DC5CC408F532C4081268A3F3E
:10B26000E0BE4640E86A0B3F265331C0B76247C094
:10B2700098DD1BC07FFB06C0B6F3F5BFCC5DC33FB6
:10B28000454702BF6F810CC051DA43C08E06E0BF54
:10B29000ABCF014019044640567D4A400C02C140E4
:10B2A000D734EF3D029A14C0CBA111402CD49A3E62
:10B2B000E86AB33FBC96503E6A4DF3BD23DBB93E0E
:10B2C00088F4E3BFA323A13FC3642ABDBC05123E9B
:10B2D000E17A94BEDE0289BD77BE6FBFECC0E1BFEC
:10B2E00007F094C00EBE9240F9A0373FC807A5BF33
:10B2F0005F984C3F567DEE3F7C61F23E0DE05DBFB6
:10B30000AC1C2ABF645D9C3E651922BE14AEC73ECC
:10B310006C78FA3D7E8C993FA4DF8640F163E43F70
:10B3200083513140D2006E3F857C88BF68B3A23F15
:10B330001F852BBEA60A16BF8FE422C0E9483AC07B
:10B34000C1CAA13F4625753EB45995C0E8D9DCBFB6
:10B35000BC05B23FAAF1023F3A925BBFB98DC63E2F
:10B360004260453F8F53A43F9A089BBF0681A5BF0B
:10B3700092CBF7BF4BEA18C02B1825C02575A23F0A
:10B38000075F4C4096B28CBEA4DF7E3E1CEB5A4059
:10B39000C4B1ACC0FBCB4EC0857C284085EB81405E
:10B3A000CC5D47C0E4831EC0696FB8BF9EEFA73D68
:10B3B000B81E85BDDAAC5A3FBA493040151D593F19
:10B3C0008FC2314052B852404ED191BF295C0FBF5D
:10B3D00036ABB440C976C6BFEC2F4B3F8FE472BE8C
:10B3E000E41475C0158CE2BF4D8495BFAC8B9B3EB9
:10B3F000DC46BBBFF085C9BFA2B487BFD5E7A23F7B
:10B40000E5D0A840BBB83D3F151D2940D93D693F57
:10B410009FABC5BFEE5A52BFDF4F1DC0C139FBBF46
:10B420002653A5BEF85333BFED9E3CBEB072B83F65
:10B43000643B8F3FC0EC1EBDE8D9DCBFD509E83EB8
:10B44000A01A2B40022B07BEACAD04C03A23A2BF0A
:10B45000CA54C1BB8E06D03E42608D3F666626BF91
:10B46000EB73953E57EC6FBE05A312BE211F043F40
:10B4700097FFA8BFED0DF6BFEA04ECBF984CB5BE30
:10B48000D6C52540F5DB473FF016783FE4141D3F55
:10B490002FDD24C04CA606C019735340C05BF24098
:10B4A000643B9B40B4C8F6BF4BEAAC3F24977FBDDA
:10B4B000A54EA83FACAD1840E78C38C0E0BED63FE3
:10B4C0002E90D83F560E6DBE014D0440A089D0BFCE
:10B4D000D734F9C0645DFCC06F121BC0A4DF5240BA
:10B4E00048E13A3E705FB73F65AAF03F5C8F42BFCC
:10B4F000E02D60C0832F04C0C1CA25C01B2FFDBF33
:10B500001A51B2BFAD6902C039D60540E63F44BF0B
:10B51000840DD7BF93A9423EC364AA3F6F1253BFA5
:10B52000257552BFC2171341A52C2740F628FCBE33
:10B530008CDB283F4FAF043F4B59863D68221C3FB0
:10B540003F355E3E5B427EBE371AC03ED044583D1A
:10B55000A470ADBF83C0FABF3FC644C0009132C0E3
:10B5600077BEDF3F029A883D6EA3A9BF6F12EB3F03
:10B5700007CE993FD712223FF46CC63F26E49B3F8B
:10B58000D34DC23F2AA937C0A47041C03255983F5D
:10B5900048BFA53F3D0A9F3F9EEF87BE539681BFA0
:10B5A00075021A3EEA95723F8F53543FDBF9FE3E17
:10B5B00082E293C0575BF1BE931814404013013FE1
:10B5C00027A0893B5F071E3FCDCCCC3CA54E903FCA
:10B5D0005D6DA9404CA66A3FCE19D9BF3A9227406B
:10B5E000EA047040DFE00BBF423EE8BE462525C0BE
:10B5F0008351393FD0D542C0D57879BFDE9307BF9C
:10B60000F38E9BBF5DFE833E79589EC0EFC9833E9B
:10B610002575D23FF163DCBF615482BF50FC5040BE
:10B62000B7629FBED49A263EF2D24D3E52B82EBF8C
:10B63000A392FA3E2DB2BD3EC3640A3FF5DB07BFBD
:10B64000DCD71540A0894840539681BE31993A3FD6
:10B65000A913503C5452573F1E160ABFE09CC9BF65
:10B66000A4DF8EC05F075640BD52AEBF90A01CC085
:10B6700003094A3FBDE3CC3FB8AF0F401EA768BCEB
:10B6800095D4E9BF68B3823FBDE3943F08ACDCBE0C
:10B690008638F63E34A2443F5BB19FBEA8C64BC07D
:10B6A0004B59EE3FD6564C3F68227C406666B04010
:10B6B0008C4A10C14A7BE7C07F6ABC3FBF0EBC3ECC
:10B6C0001136924096B24C40B537F83E90A0D0BFAC
:10B6D0003A92C3BF832FECBE5EBAC9BE0F9C43BF74
:10B6E000DD2446BF5839BCBF5F9804C0948771C041
:10B6F0006F8174C012A505C03D2C743F17481840D7
:10B70000772D5540D0440840569F7B3F295C3F3FF2
:10B710007AC7E1BFEC5108C0371AE83FA1D6AE4066
:10B72000711B9D40AE47E13E4FAF54BE7C6152C09D
:10B73000964333C05D6D59C09A08BB3F95D449BF4D
:10B74000F8C2E4BE8126A23EAC1C4240F7E4694048
:10B750005917C73F348007C06F81A0C0204131BF57
:10B76000F01678BFE2E909404547723FBE9FF2BF3D
:10B7700079E91EC0C6DC053F9B55873F091B1EBEED
:10B78000787A31C0865AE3BF6A4D9BBFAED8FF3E80
:10B7900017D9CEBED8F0743D75020A40A2B4773FE7
:10B7A000FC18333EADFA9CBEDAACAA3F2B870640AC
:10B7B000FCA9313EEA9522BF143F12C08CB9CB3EA2
:10B7C000BADA06400E4F5F3FB762B7BF20632E4024
:10B7D000AF940D40DB8A75C04ED1DBC0E9B73F4066
:10B7E000DBF90E40D8F0743E99BB92403B704E3F5F
:10B7F000D0B3F9BE09F9F8BFE63F243E711B01C082
:10B8000022FD42C098DD27C0FBCB2EBF4625C5BF19
:10B81000E09C91C0499D20BF075FC8BF166A8DBFDD
:10B82000E3C7A0C02D439C3F36AB8C40AC8BDB3FC5
:10B830007424573F98DD1340D34D7A4014AEAF3F88
:10B84000F46C6640431CCBBF143FC6BCA69B404073
:10B85000764F964090A004C0F5DB6F403FC65CBDBC
:10B860009621AEBFAE47D9BFFB5CA3C0C286914054
:10B8700046B6EF4040A44F3F5305C3BF583900C000
:10B88000857C14C06132F5BFD881EBBFB30C2D406D
:10B89000091B8E3F55C1304003784B3E0AD702C189
:10B8A00062A188401C7C09402D21973FE09C51BF3C
:10B8B000006F81BC250671BFAA604CC05249F5C01B
:10B8C000D0D5A8C017B7D1BECA32543FC7BA28BF17
:10B8D000394507BE91ED10C093182C40A1F8614086
:10B8E000C9763EBE9C33124089D20A40F0851D4085
:10B8F000C28627C00378FBBFBA49ACBE54E3E53E1D
:10B90000F4FDE43F499D4040C364A23F26E4433E2A
:10B9100002BC353F83C04640A3011C402EFFC13FFF
:10B9200097904F3ED5E752C0BDE354BF0000203F83
:10B93000CDCC2040BC74FBBF508D97C0CC7F04C0E1
:10B94000D5E77A3F1D5A94BF57EC97BF6C09E9BF02
:10B950005DDC2AC067D50FC0925CF6BF5A64AB3F6E
:10B96000E3A54B3F95D45140917E0B401D389F3F3E
:10B970001B2F75404CA67A3F09F96CC0226C04C09D
:10B98000CE1955C07B145E4068B38040189500C046
:10B99000A01AF7BFBC96903F41823240E78C6040CE
:10B9A00062A1D6BE4B59EE3F41821EC0E7FB91C05B
:10B9B0003255A8BF7593F8BEAC1C5A3E01DE8240DA
:10B9C00032778DBEEE5A3A406519CA3FBC05B2BE09
:10B9D00085EB51BF705FB340FB3AFCC06F124BC0A8
:10B9E000D42B6140D9CE8540BEC1FF3F4A7B53BFB7
:10B9F00057ECB7BF0BB5C6BEF5B9823F744678C0E9
:10BA00006C786AC03FC610401214973FD5E7E23FFA
:10BA10007F6A4CBF4625A5BF857CA2C094879DBF89
:10BA2000711BAD3EBE308D40CBA1BDBF08AC1CBF6D
:10BA3000C2868140107AB63FFD87D4BFC36466C01A
:10BA4000D8F0F4BF4E62B0BE0309CA3EE6AED53FA1
:10BA50001B2FA53FC8987B3FCE88123F5DFE03BEDB
:10BA60003FC6AC3F4F40AB3F2AA9533EEC2FBB3EF5
:10BA7000492E7F3E083D9BBF8D9752C0C0ECDEBF74
:10BA8000A32301C0A4DF2AC0FF21ADBF24977F3EBE
:10BA9000AA60D43E93A962BFCE888A3FFBCB1EBF6B
:10BAA000DE02A13FAA60D43EB0030FC06891CDBEB4
:10BAB000A835B53F55309C409EEFD34026E463C087
:10BAC000D9CEEFBFFAED91C0423E60400C02AB3ED2
:10BAD0009031BF3F4260C5BFD7A318C01CEB4A409E
:10BAE000E63FBC3F8273463E8E75013FC05B7840A7
:10BAF0005BB1BFBD68B3AA3EC3D3EB3ED93DB93FEE
:10BB0000022B67BF3945B7BF55C16040D49AA8C062
:10BB10003F35B6BF925CA6BF9FABAD3B780B08C06C
:10BB20008BFD69C0B6F33D3E2DB2BD3E560E953F2E
:10BB3000E9B76F3EBB274FBFD5781940F9A0A7BE24
:10BB40008C4AEABE5BB197BFD95F76C064CC014036
:10BB5000772D55C06154723F77BE9FBD0612843F5A
:10BB6000C05B8240B29D2740AAF1B2BEF90F81BFEF
:10BB7000DB8AFDBDA54EC0BEB5A6B9BE674499BF60
:10BB8000C1CA41C0BF7D59C0772D61C0A32335C054
:10BB900048507CBE52B886BFD7343F3F6D56953F64
:10BBA000DE93FF3F2F6E03405E4BBC400681954005
:10BBB000E3C7283FB07268BE0EBEA0BF40A4DF3E00
:10BBC000C4B1BE3FFAED6BBB16FB0B403CBD9840C9
:10BBD00073D7AA40CB1007407F6A5C3F5DDCF6BF9D
:10BBE000AB3E8FC0567D3AC06666BCC007CE193EDC
:10BBF000C8981740A60A56C0D49AE63F55C10040DF
:10BC00000E2DB23EAAF1CA3FCC7F88BF38F8ACC037
:10BC1000530583BEF0A7C6BD151D293FA91344C017
:10BC20000F9C81C03F5723C0C520703EEBE2363EDB
:10BC3000C217A6BEB68424C0C442DD3FB4590D402D
:10BC400065AAD83F295C2F40508DF73F1DC925BEFE
:10BC50007D3FAD407DD06B40A7E8A4C036CD0FC07E
:10BC6000C3D33B3F787A253F4CA63ABF5D6D55BFA5
:10BC70002CD49ABE04E7AC3E4547C23F1C7C813FB2
:10BC8000A470254095D4793FE5D0B2BFFDF64DC0F4
:10BC9000CA326CC02F6EA3BD88F45F401D38FFBF51
:10BCA00048BFA9C008ACB43FFD87984001DE823D83
:10BCB00047723DC01B9E6EBF567DA6BFD50990C082
:10BCC00024972FBFD044D03F14D0643F70CEE83FBC
:10BCD000A5BD2D40BB271F403D2C1C40075F283FC2
:10BCE000AC1C9A3FAF940140772D813E86C9AC3F92
:10BCF0008AB0893F0DE0A9C09CA263BEED9E28C01A
:10BD00001FF4A43F014D1040371A58408FC2ED3F39
:10BD10007D3FE5BF499DE0BF5A64C33F38F83240DC
:10BD200008AC9C3F7F6AFC3F0C93893E14AEE73F12
:10BD3000CC7F4840068125C0ED0D32C046947EC0C0
:10BD400081261AC0226C00C0E3C798BD4A0C84C08B
:10BD500097904F3FCA5441BC46B6B33E5BD37C3E3E
:10BD6000107AB6BE04E78CBDA5BD114026E43F4065
:10BD70005839B43CD2005EBF8D979AC00B4605C0BF
:10BD80000F9CB33DA3011040705F873D61540AC111
:10BD90009C33D2BF58A89B406E341440D6C50D408A
:10BDA000AD6916C0B003FF3F3B01D53F95D411C02C
:10BDB000B5A65D4052B82640075F40C09C33C23FE5
:10BDC0003F35AAC0AED87FBFB0031BC0EE7C7F3E1C
:10BDD0007CF2784046B603C0F2D2953F05C5CF3E0F
:10BDE0007DD0A3BF8A8E244035EF08BF7E1D383F2B
:10BDF0004A7BA94012833040D2005E3DE10BEBBF8D
:10BE0000BB271F3FD7A34C401748603F3C4E313FF4
:10BE1000006F413E151D0DC0567D2AC00B4619C04E
:10BE2000C3F5E8BEE71D673F4013713FE17A14C0D8
:10BE30005D6DCDBF0E2D0E403D9B45C0508D97BF13
:10BE4000B9FC073D92CB2F3FCC5D0BBFE7FB29C070
:10BE5000D8F014C014AEFFBFE5F22F40F0855D406E
:10BE60009565A03F0C021340E0BE2E3F5DDCCE3F47
:10BE7000A4DF4E3F2CD436C0128380BE24B9484084
:10BE800005A398C0FAED5BBFB1BFBC3F67D5F7BF54
:10BE90008E75F13D9487053E1058B9BD7D3FB5BD07
:10BEA000F46C163F1C7C05406666C6BE1A51AABFDC
:10BEB000984C65BFF1F44ABE5986583FF31F52BDF6
:10BEC0009A080FC05F07B2C0643BF140A8C67F402C
:10BED000621088BF8941C8BF2B8706C04C37893E96
:10BEE0002653C53FAA60F43EDE710ABD569F2B3F24
:10BEF0005B429E3E151DC9BD86C954BF9BE6EDBF82
:10BF0000DAAC0AC09A7744C0D95F6AC0EFC937C0BB
:10BF1000190416BEC3643E40F7064340CA321440BB
:10BF2000744614BD21B0423F2CD4923F5DFEC33F06
:10BF30006688BBBFFC1893BF1F852BBF3EE819BFA7
:10BF4000B762FFBD0AD7933F87A757BEFA7EA2BF4D
:10BF5000DCD7E1BE4182923F6DC58440713D2A40ED
:10BF6000B9FCA73FE6AECD3F8AB0213F075FF8BEE0
:10BF7000759324C0D95F8CC0128380BFEA04DC3F74
:10BF80007E8C793ED9CE273FA9A4AE3EC7BA583F92
:10BF90003D0ADFBFC28627BEF931C44069001F3F9A
:10BFA000F4FD2CC07E1DC0BFEA9532BE2DB25D3FB0
:10BFB0006FF0AD3F3BDF9F3F5E4B903F705F2FC008
:10BFC000EE5AC2BDCBA1C5BF3F35EEBF6C786ABF8C
:10BFD00000918C403480574062A1663FD044A0BF9E
:10BFE000EE7C1F3F0B4605BF6F12533F90A068BF0A
:10BFF000EC2FEBBFC0EC1E3CCF6649C097901BC036
:10C00000B51543C06519823E1058F93FC4B1B6401A
:10C010004BC857C032E652C01AC02B4027C266BF79
:10C02000F7E40D4026E4433E6DC5D6BF426075BFC0
:10C030001C7CA9BF68B36A3E107ABE3F69003340DA
:10C04000711B8D3E598674C04A0C1EC0E63FA4BECB
:10C05000865A13404CA6224023DB39BE6B2B96BE7A
:10C06000575B0540363C7D3F53058BBF01DE3EC02C
:10C070008FE4F23DB072283E54E3C5BE5BD34CBFA3
:10C08000A3019CBE48BF15C060761FBFDC4683BDC0
:10C090009E5E593FCCEED93F302A91BF6F8104C0DC
:10C0A000C9E59FBEECC0393EB07278409FABA53F5A
:10C0B00004E7EC3E053411BF34A2043F2A3A12BF14
:10C0C0003BDFCFBD96B214C02B8716C0C4B17E3FF4
:10C0D0003C4E11401B9E7E3FA245B63EF54A693F4D
:10C0E0001748D03D9EEFE7BEAC1C5A3F98DD83BF9A
:10C0F000006F613FDA1BBC3E04562AC0E17A9CC047
:10C10000D7A33CC0A8C6F33FA7E8284097908F402C
:10C11000EF3819405EBAD93FBF0EF43F9A77FC3E24
:10C1200087A7B7BFA4DF26C00D7194BF827386BFF7
:10C13000AAF142C06E3434C019E228BF508D17BF37
:10C140002063AEBE77BE8FBF36CD5BBFEA049E4094
:10C15000C9E5374095D4B93F3EE8254066662AC018
:10C1600029ED5DBF840DF73F8F535040E10BC54073
:10C17000B98D02408B6C2B4091ED3C3FEE7C9FBE15
:10C18000B5A69740764FBE3F5C8FC0C07DD0EDC056
:10C190005DFE91C06DE75BBFE56179403A230ABE61
:10C1A000E10B23C06F1203BC45D8B8BF4F402FC06E
:10C1B0001D38E7BF61C3033FE17A143F682228C0FE
:10C1C000C9E57BC087A73BC0BE9F1EC02D431C3F57
:10C1D0008BFDDDBF9A08BBBE2CD49ABED7A3703EA0
:10C1E0009790134072F9FF3F0E4F0F4086C9F43FFE
:10C1F0009FCD4240787A65BEB459A54091ED0CC000
:10C20000F2D2ED3F886355405C8F42407593883F82
:10C210009D80663EBA490C3F6132E53F637F493FEE
:10C22000E17AA43FD34DC2BEC3F500C061C317C0BD
:10C2300040A40F3F787A053F9FCD5ABF4D158C3CE7
:10C240008F53ECBFA1D62CC0CA32E4BFCF6645C025
:10C25000FDF6BD3F295C4FBF18261BC04BEAECBF63
:10C26000637F79BF121487BF8A8E9C40D3DEB03FB4
:10C27000DD24EEBF98DD8BC0A7E800C02D43CE4083
:10C28000865A733F87A717BF6519E23D52B81A4017
:10C2900004E72CBFE78C58BF2D211FBE871659BD60
:10C2A0000F9CB3BDE8D97CBFB22EDEBF0B46C53EA6
:10C2B000E4148D3F7B14A63F6E348A40F46CFEBFBD
:10C2C00030BB4BC08104853F10E9373EA2B48340A8
:10C2D0001F85BB3FCB10CFBFD95FCE3F022B85C0A0
:10C2E000A08950C05DFE9B3F03098AC0302A93405D
:10C2F00002BCE53EAEB6E2BD3B7002C00E4F6FBE63
:10C300009CC424409E5E35409FCD2ABD857CB83FAD
:10C31000E561B9BFA47095BF4A0CC8C0B6F3DDC0D3
:10C32000886351C0A52C9B4096B26C3F9A9979BF07
:10C330004D848540DA1BE43F60E5B03F273104407F
:10C340008863DD3DF7E431BFFA7E2A3ED1222B3FE0
:10C350002506613F55303A3FA1D6343E6F1203BAED
:10C360008A1F63BE51DADBBE39D6E53E2BF6F7BE37
:10C37000849E4D3ED7A30C40A9139040EFC983BFC4
:10C38000CCEE99BF348023C04D158CBF394517C002
:10C3900002BC15400DE00940AC8B0F40E63F9840D1
:10C3A000B4C8563F46B663BF81269440643BFF3E07
:10C3B000136117C0D26F0B4067D587BF613265BF6D
:10C3C0003F57C9C044FA0D3FF5B9DABE508D77BF6B
:10C3D0006132FDBFFB3AF0BEAAF1B0C0B6F32D3F0B
:10C3E00008AC1C3E8F530CC090A00C401904904028
:10C3F000CA32ACBF910FAA3FE7FB01C0BC058A3F20
:10C4000091EDACBF645D4CBF12A52D3FB5155FC06B
:10C41000F5B9AC408BFD69C0764F66C089D2C24089
:10C420002A3A123E423E78BFCF664140CB10A5C0AB
:10C430004DF326C076E09CBD86382E4066880340CA
:10C44000E3361A40A60A4240F9A0873F136103BEB3
:10C4500060764FBFDFE08BBEE483B6BF99BB80C080
:10C460000534B9BFFDF6D5BF20D297BFFAED6BBF3B
:10C4700068912D3F17B7D1B955C100404CA61A3F5E
:10C4800093A9EA3F32E6464040A4E7BFF241973F16
:10C490004BEA70406ABC043F64CCFD3F45D8B0BE57
:10C4A00074B59D3FBD5286BF5396C9C052277C408C
:10C4B0006D5693C0C4B12E40319912C0DA1BE4BF4F
:10C4C00076E00CBFB1BF2CBE3BDFC73FBDE33CC035
:10C4D000BBB8FDBF6ABCE4BF302A05C058A825BF61
:10C4E000AD69DE3FFDF635BFFB5C7DBFEE5A023E17
:10C4F0006891C5BFAC1C5AC0CA54993FB7D14C40D3
:10C50000516B823F151D79BFAC1C8ABF8195FBBF63
:10C51000394563402575A23F2C655D405D6DCD3F7B
:10C5200040A4E73F3A924B3F4A7B134068B3024036
:10C530002DB21D3D8D97BEBFF9A02BC004561AC069
:10C54000A83505C04D8497C0E78CA83F80B7A640AA
:10C55000226C04409C33623E431CCBBE4A0CB2BFEB
:10C56000C3F5A8BDE5D0B2BFE258A7BF4CA60A40AC
:10C5700017B721BF9C3332BF0612E4BF4850DC3FDF
:10C580006ADEF13F4F40433FC139CD40EFC9C33C64
:10C59000613205C0D34D22BF3BDF5FBF2BF657BFD3
:10C5A0009D1161C04B5946C0006FE1BEC4B1A0C02F
:10C5B0005305B940711B97401B0D3CC039459F3F47
:10C5C000DAAC5ABFC3649CC0EA04AEC07F6A88C0BC
:10C5D000C52084C0D95F463F8CDB9840AA82913E3B
:10C5E000EE7C9F3E4E6290BEBF0E5C3EC7BA38BE28
:10C5F000728A1E3F9031B940A1F8A5408AB0A9BF08
:10C60000567D42C00612FCBFA0890F4112140FBF15
:10C61000CA32DCBF516B9A3E1E168A3E7FFBBA3D82
:10C62000C9E57F3E46253D40E7FBA93E7FD9BD3D9C
:10C630006A4D43C064CCAD3F3E7958BF1361A33F00
:10C640002497FF3DB8407A400B243440ED9E18C03B
:10C65000371AD8C0C7BA10C0764FFE3FB072A03F9D
:10C6600094F616401CEBF23FE3368A3F11C7823F37
:10C67000A167533F0C93A9BE228E653F0F9C33BE2A
:10C68000C3D3CBBE85EB813FD49AC6BEBA6B59BF2C
:10C69000986EA2BF690097BFDE02C13F9CA223BE75
:10C6A000B51517C0423E903FD57829408A8EE8C024
:10C6B0004B59963F5EBA9340D9CEAF40E78C5C4071
:10C6C00002BC79C0A470CDBFA77907BEC52070BFDA
:10C6D00086C9D4BE3333F3BF2A3A92BE34119EBF0B
:10C6E0002DB269C0728A3AC08716593D9FCD923FDC
:10C6F00058CA723E6EA3A9BFA08978409790DFBF49
:10C70000B5A611C00534F13FA779954052490D40B7
:10C71000A60AAEBF3CBDF2BE04E7EC3E05A312BDC7
:10C7200089D2DEBA6A4D83BF651932BFBC7483BF3C
:10C73000C58F913FF0A726C041F143C00B468BC087
:10C740002041D93F1D38F73F2D21973F17D9DE3FB4
:10C7500046B6FB3F6C09A93F63EEDABD55C1583FB1
:10C76000A7798F3F4F1E2A40A301843FD3BC43BF0C
:10C770006DC56EBF32E6EEBE63EEB23F0F0B8DBFEE
:10C78000A01A1BC0454703C1CD3B963FC1CA9D407F
:10C7900024973F3F9565883EFE43C2C0CB1027409B
:10C7A000A2B4973F2653C5BFDB8A69C01FF48C40F3
:10C7B00064CCD7C068B39440CB10D73F7D3FA53F32
:10C7C0007FD9114039B43040B37BB23F6FF045BFE1
:10C7D0000309BAC0AF258E40B30C0DC0FE65573FAC
:10C7E00010E9BBC0249795C065196AC0910F20411C
:10C7F00075027EC0E8D90CBFDB8A953F34A20CC01D
:10C80000E63FF4BF97FF103E7DAED63F79E9A63EE6
:10C8100039D66D40DAAC1A408CB927400C02E3BF20
:10C820005305C33F0E2DB23E99BBB6BE0BB5844037
:10C83000933AB93FB7621FBFF93103C13480373D26
:10C840001D38273F17D9BE3FA8579A3F2CD4DA3F4F
:10C85000AE471940E6AEDD3FB22EC6BF211FECBF8A
:10C86000B37B12C02F6E433FF7E451400DE0D53F3C
:10C87000B6F39FC03C4E45C034808FBFFD879C3FC0
:10C880009C3362BEFED498BFB37BFA3F16FBE3BF76
:10C89000F7E4F9BFB29D89C0ACAD92C0C66D843FCC
:10C8A0008CDBA03F6744813F69004F4026533540F1
:10C8B0008941983F6519C2BFFF210DC00DE09DBFA2
:10C8C000D26FB7BF728A064079581440787AB54063
:10C8D000FD870C40C13903C0228E21C054E385BFBF
:10C8E000643B97BF0AD7C3BFBB272FBF6E3410BFAF
:10C8F000E5F22BC0A167B3BF58CA223F871601C01B
:10C900001904A6BF6154D2BF5B4286BFE02DB0BF01
:10C91000242896BF90A018BF327761400681AB40B3
:10C92000C89847408BFD5940910F9A3E48E15A3FC5
:10C9300045D848C09CC420BF499D60BF567D7EBF7E
:10C940003789713F143F763FAC1C5A3F5E4B58C04D
:10C95000D8814FC0371AB0BFBC745340A60A0E40EE
:10C9600080B7803F2A3A22402C6599BE3EE8793F45
:10C97000A60A72C0F085C9BE1826B7400E2DD2BED9
:10C98000098A4FC0C4B1ACC08FE4C2BF0DE08B4078
:10C99000B4590540E71D0740EA04343FEA9580C0DA
:10C9A0004A7B4AC161C377C140A46F3FD49A134107
:10C9B000ACAD28414F1E5A40BEC15B40006F41BF25
:10C9C000A835D53F1B0D503FA52C934060E550BFC7
:10C9D0000C93E93F569F2B3D4B59063F36ABEE3F3C
:10C9E000EA04A4BFEE5A2AC0DE0289BD910F3A3E86
:10C9F00033C40D40F2B050BFD6C5A34098DD1340FC
:10CA0000B6F36940A1670BC1560E05C01B0D883FE8
:10CA1000EF38C5BDED0DC6BFD881F33E35EF00C080
:10CA20006688E3BD4547B23E1283C0BC14AE37BF33
:10CA3000AA6014BE787AC5BE9B555FBF431CEB3E0F
:10CA4000DBF9FE3E9D11653EA7E8C83E304C863EB0
:10CA5000D5E70ABF3BDF6F3FAC8B2BBF0AD7233E26
:10CA6000158C4A3EE63FBC3FB072E8BED88183BF1A
:10CA700017B771BFD26FFFBE333373BE9E5E19BF4F
:10CA800032E69EBFDB8ADDBE986E52BEBDE304BFB8
:10CA900012832C406B9A7F405C8F2EC08273E63FDE
:10CAA00024B9FC3F2575DA3F7FD90DBF6F81B6C031
:10CAB00011C71A3FB150B3BFDC68B0BF7DAE6A404A
:10CAC0001F855BBF4D152C3FEEEBE83F7D3F1140CE
:10CAD0008D97B63F2DB2C5BFA01ADFBF5DFECBBF9D
:10CAE0000C020340D49AE6BD4ED1B13E764FB63F1C
:10CAF000E4836E3F23DBB1BF273188BFFBCBEE3E23
:10CB0000BC9690BD962146C042CF86BF9B558F3FB5
:10CB10004C37793F6FF049C0107A9EC0363CEDBF6C
:10CB20000681453F2F6E1F403411A4401B2FDD3E70
:10CB3000CEAA83C020D28F3F44FA2D402FDD004083
:10CB400019E2F83FA301E43F9E5EE93FDA1B28C0EB
:10CB5000EE5AB4C0933AC13EFD878C3F832FACBEE2
:10CB6000C58FF93F5249853F780B9CBFE4145DBFE8
:10CB70003C4E513DCDCCACBE621008BF9CA283BFE1
:10CB800092CB07404CA6A2C0EA958A3F9BE60DC017
:10CB90007C61B2BF5E4BE83E083D5340F7067F3FE5
:10CBA0004A7B9BBFC976BE3DC3D337C0BC74B5407A
:10CBB000DC6840C096432BBF567DFE3F524949403A
:10CBC000EA95023F7DAEBE3F1D5AC240910F4240E2
:10CBD000423E383F67442540B003673F1904AEBF6B
:10CBE00011361CBF26538DC00681A7C009F9003F2E
:10CBF000DDB5DCBF5EBA81BFA60AC63E903153C028
:10CC00008E06A8BFD26F0FBF2506E1BE41F113BF4C
:10CC1000F7E4A9BF341146BF4182923F24B90840CE
:10CC20008126123F07F076BF7C61323E9790AFBEFF
:10CC3000EF38353F304CAEBF6C0939BEB3EA533FD5
:10CC4000009190401D3867C02C65F93F8FE412BFFA
:10CC5000C4B19E404F1EB2407424B7BF9A991D4084
:10CC6000E9B7AFBFCAC3A23EA7E82040C28647C00B
:10CC7000401345C0DB8A25405474C2C06D5641C084
:10CC8000787A85BFBADA7240A54E5C406E347CC0BB
:10CC9000508D77406519BCC080B750C0BA6B2D402D
:10CCA0008E06F03FD8819340B1BF2C406DC57E3DCC
:10CCB00041F1FB3F0309C2BF17B791BEE0BE02407E
:10CCC0009621A640E7FB293D3E79D83EC9E57F3E47
:10CCD0002C65F1BFA8359DBFFFB2EBBF61544EC0BC
:10CCE000690037C02C6511C04C37F9BF52B806C077
:10CCF0003D9BD5BE022B87BD621048BF2C65A9BFE6
:10CD0000713DD23FBA49CC3F82E2473E643B33405B
:10CD1000BADAEA3FD3BC63BDC05BE0BFFA7EAABE0D
:10CD2000143F224085EB4D408126C2BC840D27C0B4
:10CD3000228E19C0CCEEE9BE1973573E5DFE73C05A
:10CD400039B4083F713DE4C0FDF6EB4080B7E4C064
:10CD5000AC1CA040ACAD8240BEC1DF3F60E5203FCF
:10CD600073680940865A5740A52C5F40B1E193C0D3
:10CD700058A8AB40A60A56BFF9A01340D0D526BF8D
:10CD8000BDE384C0E71D85C08273C6BD4BC8E7C044
:10CD900029EDCF409C33F2BFC364C040B98D2A4017
:10CDA000BBB87940992A3CC0728ABEC01B2FD340C1
:10CDB000EB7371C00309B2BFEE5A86C0CA54A13EDC
:10CDC00072F98F3FE86A6B3E9BE6BD3FEA04EEC016
:10CDD0004182823EF5B998402AA93FC0CBA151C0FB
:10CDE00040A45F3D8FC2F53BF2410F3F772D813E5E
:10CDF0004BEA14C0ED0D92C07B836BC079E956BF3E
:10CE00004DF32E40FB5C6D4010E92F40BB272740BF
:10CE1000FED4C03F12A53D3D0681D53EBB270FBFC6
:10CE2000A913C03F0B24E8BEB6F3D5BFB76203C059
:10CE3000E5D03E409CC41C407593E03F910F5240AA
:10CE4000029A38402D4324405305233DF241CF3F01
:10CE50001D382740E02D54400E4F97C0ACAD28C080
:10CE6000E3C7E0BF65AA8AC0CC7F68C0E5D03EC0FA
:10CE7000C3D36BBFC52060BF075FB8BE16FBA3BF9F
:10CE8000166A4DBF27A0993F3F354E40C13943BF79
:10CE9000840D07C052B886BF94F6E6BF5DDC263F1E
:10CEA0002CD49ABE1E169A3F696F703EE71D673EEE
:10CEB000DB8A39C0A69BD4BF1A51AA3F63EE6ABF72
:10CEC0008E0624C03A921BBF44FAB540E414DD3FFD
:10CED000FFB23BBE1B0DC0BE8941103F3EE8193E6C
:10CEE00022FD96BE1B9E2EBFD95FBE3F6DE7A3BF3E
:10CEF000567DA6BF24282EBF2E90203C31997A3F24
:10CF0000DDB5E43F7FD96540AA82513F38F88A3FBA
:10CF100066F7CE40F31F56C08D97D6C0DCD705C04C
:10CF20009FCD8640D656843F5DFE63BFBEC1673F3E
:10CF3000B6843440423E4C406B2BF63E44FADD3F13
:10CF400096B2943F711B3D3F3CBD7240A3923ABFE5
:10CF50008E06C6C029CBD8BFE5D09CC02D4368C083
:10CF600073D742BFE3A5B3BF107A76BE8885BA3EB9
:10CF7000A30106C1211F10C08B6CA73F9031E73F72
:10CF80005C8F623F5F29D33FCBA105406C782E4078
:10CF900042CF863E7E8C19BFF90F193F0612343FEF
:10CFA000DBF97E3F81263E40C3F5283E3BDF5F3FF5
:10CFB0000B4625BE000030BF4D84ADBFB98D66C0A5
:10CFC0003D9BB53FEA95823FDC46C33F6ABCD43FF8
:10CFD000B7623F3F2731B8BF29ED59C04E62F0BF5D
:10CFE000A779E73EA8577EC02C65493FAD69BEBE14
:10CFF0007DD017C0F69785BF091B2E3F29ED4DBE8A
:10D00000363C45C02EFF3940228E87404C371540B4
:10D01000F5DBD73D492E27C0B22E8CC06210AAC0C6
:10D0200017B791BE5E4B8C408716414024977340E2
:10D030001904363FD95F86BFEFC983BE63EE7ABF5E
:10D04000B22EAE3ED509A03FC0EC224002BCF9C0D2
:10D05000F46C16BE8CDB3440956540407DAE563F87
:10D06000EA95A640BC74E34041829E40A01A9FBF4F
:10D070009EEFD5C07E8C6DC07446C6C02DB209C06F
:10D08000E0BE0EBF94F6CEBFD191B84060E5F84047
:10D0900017D97AC06822843F2EFF9BC065AA0C4036
:10D0A000CD3BD6C02575B640BB2797BF27A069BF2B
:10D0B0003D2CA040D95F4E403F352E401FF4244008
:10D0C000CFF7B33EB762FFBE6C782ABFC89893BF54
:10D0D0007DD0B3BEC66D94BE327795BFE0BE4E3FE5
:10D0E000736891BDA1F8A9BF60E5F0BF43AD01C071
:10D0F0001F85C3BF5EBA11C0598610C017D94E3FF5
:10D10000BB27AFBE6ADE09C0075FF8BF1D5AFC3FF0
:10D11000BC960440986EA23F3D0A17BFB6843840C3
:10D1200054E32140E10B93BD8AB0813FC5200CC080
:10D13000F7E4713FC4B18E3EE3363640F7E44D402C
:10D1400016FB03C087A79FC0ED0D9AC001DE023E0B
:10D15000AF2564C039B490C0029A74C0143F46BD74
:10D16000A8C623405D6D5540ED0D96402DB245405B
:10D170008A1F4B403D2C1C4011C7BABE280F03C06C
:10D18000287EECBF20D2EF3DFC1833BE2D210FC00E
:10D190003A924B3E1D380FC0832F2C3F508D173FC6
:10D1A000569F23C0C74B57BFD122DBBE5396E1BE6B
:10D1B000EA9512BF82E2A7BEEE7CEFBF79E91EC0FE
:10D1C000931834401FF484408E0698BFB6849CBFE9
:10D1D000E948963FE63F343F0F9C83C002BC653F61
:10D1E00021B0D23FE5D02E40D26FBF3F355EDA3E50
:10D1F00046B6233FAED81F3F52B85E3E2575823EED
:10D20000F8C224BF17B7B9BFF9A09FBF7AC7F1BF53
:10D210002C65D9BFAE47213FC7BAB8BD0BB5B6BF65
:10D22000B537D03F728A124042CFBEBFE10B8BBFF1
:10D23000105819BFAF94A5BE5249914030BB8F3FE3
:10D2400064CC41C052495DC07F6A7C3E87A7973F4E
:10D250005227A0BE34A2B4BF04E7E4BF88F41BC0C9
:10D26000FE436AC00D716C3E1895844068226C3E86
:10D2700090317F40FFB2AB3F95D43DC0FB5C6D3E2B
:10D280006C78B23F0C933940B98D863F2AA907408C
:10D290003E79CEC097904FBF88854240C74B3B40F8
:10D2A000FF21DD3F44692FBF6688ABBF68B39ABFDB
:10D2B0007B836F3E6ADE213FB459753F5249DDBE24
:10D2C0008716F9BE0A68923F36AB7E406C0919BFDB
:10D2D0004ED155C0AC8B5BBCD26F1F3E2A3A123F79
:10D2E0009C33623F7AC7293F8E7511BF9CA28B3F4A
:10D2F0005C8F823F76715B3E2B18E53F76E0DC3E2B
:10D30000AAF19ABF992AD8BFA83539C03A92CB3F23
:10D310009B55B73F1CEBA0400E2D1AC06E3428C0A1
:10D320003277A5BF86C9ECBFAED877C0789C88405D
:10D3300054743040E561013FFE65173F5F29EBBE45
:10D340004A0CFABF1B9E36C06D56A3C09A77A0C088
:10D350008126A23E54E3F53FDBF9FE3F933AA13F1D
:10D36000ABCF9D3F17B781BF48BF0DC0143F76BFFD
:10D37000C1CA55408885FA3E6891F53FBF0E5040BE
:10D38000226CFAC089D200C168B312C0575B9340C7
:10D39000645DE43F6A4D933EA4701D40E86A6B3EB5
:10D3A0009FCDCA3E3A924B3FBF7D9F40FE65173FDF
:10D3B000E10B57C01AC0B33FAF25B2401B0D104060
:10D3C000FAEDEB3AAE47C13F394503C04B5952C065
:10D3D000E3C7C83F61C39B3F0F9C23BFD7342BC01B
:10D3E0007B1442C0FE437AC06A4D23C0CCEE79BFA5
:10D3F0004182CC40FCA9A9BF8CDBB03FD0D5DE3F39
:10D40000A8350D40DE02394040A49F3EFDF6B53EF2
:10D41000764F9E3E04568EBD569F23C08FE422BF9A
:10D42000D0D5963FB1E1493FA913E03F1895784028
:10D4300065AAE03DB0035FC0B45995BFD3DE80BE9E
:10D4400007CE99BECCEE49BD5EBA01408638563E45
:10D45000CBA1C53F643B5B407DAE963E03095ABFFE
:10D46000BBB8CDBF8A1F83C024B9BCC030BB1F402E
:10D470005BB17F3F90A038409D805240F38E574073
:10D4800051DABB3F31995240D9CEAF3F4C37993F2B
:10D490004D15EC3E666616BF098ADF3F2653753F81
:10D4A000006F113F8FC2BDBFF08589C0143F4EC0D1
:10D4B000BEC117C09D80E2C06DC536C0B459953E4F
:10D4C0005F988CBE3F351EBE226CF8BDBC05E2BF26
:10D4D00094F676BFDD2466BF33C411C0B459CDBF06
:10D4E0004D8409403D9BA7403D9BE9C0C217A6BFA4
:10D4F0004625653FF1F42640FD87F43F66F7643F1B
:10D500000EBE864019731B403FC61CBF5DFE43C064
:10D51000772D9340DE02394090A02840B7D12440B7
:10D520000BB56240AA60ACBF759368C06B9AAFBF81
:10D530000378CBBFFAEDE3BF4F1ED63EF54AF9BEE6
:10D54000DDB504BCBBB8DDBF66F7A0C032E680C065
:10D5500068B34E407FD93D3EB1503B3F166A4D3EC9
:10D5600017B74DC0091B1AC05986184054E3BDBFF8
:10D570009E5E3DC0711B8BC0888517C1022B0BC1FD
:10D580006EA30D4004E73F4153055B40098AB54057
:10D59000764F863F80486F3FF8534B403FC66C4004
:10D5A0007F6A3CBCEBE21240A32339C074B5ADBF27
:10D5B000431C1340C58F113F304C2EC0499D803D08
:10D5C0000C025740910F4240C05BA03FD6C52D3E94
:10D5D0006A4D933EFC1847C034A290C00B46894068
:10D5E000C2869140105809BF95653CC0F853E3BF0F
:10D5F0009B555FC0E483FEBE1FF40C3F21B052BFB9
:10D60000A323B93C8F53F4BF0E4F83C0BDE360C06A
:10D610007C61EA3F21B0D440D3BCF33F1D5A84BEA5
:10D62000BD52F63E4F1EAEBF29ED5DBFCF6629C08D
:10D6300002BC19C071AC17C0F90F89BFBB27E73F07
:10D640005249BD3E6C78BA3E143F5E4062A16640CE
:10D65000C0ECEE3F60E5B03E4A0CE2BEE7FBB93FEE
:10D660007A360B40EA04D43E5BB17F3F12146F3F21
:10D67000925C0240787AA53D992AA8BFA857A2BF1C
:10D68000865AD33D88639D3EB840C23E3BDF0FC003
:10D69000423E8EC0A1D62CC0D26F9F3F2DB29D3D81
:10D6A000ACAD78BF9D11653F4D840DBF5E4BC0BFD3
:10D6B000BF0E0CC0643BCFBFE4832AC09CC4C03EF5
:10D6C0001748A8406744F93FA77997403A23C240DA
:10D6D00071AC6B3FECC0C3C00C93893E3480874073
:10D6E00029ED31C040139940304CBEC0D191A4C047
:10D6F0005DDC62C07E8C29C014AE8FBF96218E3F48
:10D70000FF212DBF492EBFBE0C93493FC3D33B40E1
:10D710004CA6724032555840956544C023DBE1BFAA
:10D7200065AAE0BF5249DD3EAB3EC73F772D494079
:10D7300055303EC04625953E1EA7A83EFB5C2D3EBB
:10D7400067D51340C0EC2EBF29ED19C052B85EBF9B
:10D750006B9A37BEA69B34BFC4B196BF76E09C3DA2
:10D760007E8C11C096B264C0DDB50CC0A4702D3F94
:10D770001D5A243EB9FC073C0E4F874052B8A63FC5
:10D7800041827240E3C798BD984C75BFDBF92240D7
:10D7900073D7723F62A1D63DDE71EA3FA7795F4041
:10D7A0004F400B40772D913FBADA8A3F12A51D40BA
:10D7B000CC5DCB3D97FFF8BF64CC95BFA54ED0BFE5
:10D7C0005B4202C06B2B663FB37BF23E4BEA82C0EA
:10D7D0004C373DC099BB16C04F4007C0F697654017
:10D7E000C0EC1E3F16FB5F4062A1C8400EBE8640E3
:10D7F00013F2A13F211F0C401058913F02BC21C0E1
:10D80000C3F53CC0D1225B3D780BC43E0B4621C022
:10D81000D2003AC005A32EC038F8FABF48E1BA3F9B
:10D82000A52CA33FAE47E13E2B189BC0840D17C02B
:10D830008638063F19733B40772D11404694D63EFB
:10D840006ADE09C0D88193BE158C8ABE3B012D3F8C
:10D85000EC51AE40371A983F840D23C0A913D0C0B5
:10D86000B7D184C0C3642A3F4625753F091B9EBFBC
:10D87000BA6B893FDE029BC03E792440DB8A51406F
:10D88000C28647BFF5B9923F371A604004568E3FB3
:10D890004C37593FD50988BFE02D50BFC1CA7540EC
:10D8A0007A36ABBE5AF5A13F1214DF3E7AA50C3F83
:10D8B0000EBE24C005C51FC093A95AC0280F9FC023
:10D8C0009A779A40BF7D97C0C286973F81261E40B7
:10D8D000211FEC3FFD878C3F35EFE0BF1DC9C53EE2
:10D8E000A16703BF65194AC0FBCB6E3DDAAC0ABF26
:10D8F0001A518640C74B93C02428FE3DD5E74EC041
:10D9000072F99340394595C006811DC0E78C183FD8
:10D91000A1F84D40E09CA1BF8D28B540AF94C53E15
:10D92000EEEB18C0CA3284BF9D11E53FD712B2405A
:10D93000A01AA740F085F13F9F3C8C3FDE714ABEA4
:10D94000591753406154723F053405C0FAED2BBEA0
:10D95000BDE314BF7B832FBE621030C009F9983F2E
:10D960004B59C63F85EBD13FCD3BA0C091ED1CC1CB
:10D97000C217463F166ADDBFDE714EC038F8A2BE40
:10D98000D0D5F63F6F81DC3FB30C513FFED4683FEA
:10D99000CC7F083FDC6800BF4A0CA2BF7FFBFABF08
:10D9A00058390040014D2CC0B30C6D40CFF7633F98
:10D9B000F08539BFCA3230404BC843C01B9E0EBFF2
:10D9C000BE3099BDC1CA01BFB7D180BEBADAE23F4D
:10D9D0008CB9B33F96438B40B1E1D93F08AC8C3F43
:10D9E000A167BBBF022B17C07B834740832F0C3F2F
:10D9F0002575C23F94F6F6BF38F89EC0EB73953E8E
:10DA0000524949C08FE4B23FF08519BFE86AF3BFBD
:10DA100036CD9BBE386792C09790CFC0A2B433C0BA
:10DA20003CBD36404694B63F250621BF2F6E533F7E
:10DA300096B2943FF85353BF857C98BF69006FBF7F
:10DA4000E56151BF2D212FBFF46C2E40CBA1F53FD6
:10DA500060768F404A7B1F408FE40240D6C52DBFC1
:10DA600088F43B40211F64407FD96D40477271406C
:10DA7000772DA13E547420C0FE4382BFEE7CDF3E72
:10DA80007DAEF63E9A0807C0C1A844C09B5597BF1B
:10DA9000CE88EABFAAF122C055304EC0B68420C05D
:10DAA000F5B9DA3D0C02ABBE7E1D0040A30140403B
:10DAB000E3C70040B9FC57BF5917B7BD174864C04A
:10DAC0002D435C3E6900AF3FA2B497BF539611400F
:10DAD000A7E8883E371A0840401393C08D2861C0DC
:10DAE0004A0CD23F39B4864029CB82C07446143DDB
:10DAF000D88163405F072AC0F163EC3FF2D27D3FDB
:10DB0000ADFA3CC03945AF3F67D5AF3FC44269402D
:10DB1000107A94408E0640407CF2D0BE33C401BFE0
:10DB2000FCA905C0D2000AC0F38E433F7D3FF53EFD
:10DB3000BADA1EC0D122D33FCFF7533FCA32E4BE78
:10DB4000DB8A9BC0F2D2614068224C404A0C09C17A
:10DB50009F3C8EC03A232AC00DE0ADBEE9262D4081
:10DB60003867484089D22A403BDF0FBEBA492CC0F3
:10DB7000FCA9913F40A4BD40516B1A3ECA3220C05F
:10DB8000C72926C038F80EC0499DE0BEF7062F40D1
:10DB9000FBCBEE3D962106C0EEEB40BE302AE13FC6
:10DBA0000BB5E6BE448B10C0D42B01C0A1679BBF50
:10DBB000795818402063A440F241CFBD9EEF373F13
:10DBC000A857FABF96B2B2C0711BDD3F8F532440F5
:10DBD0000E2DAA3FAF2514C086385E4068B36A3F59
:10DBE0005305C33E24979FBF3F352EBF3F354EBFE1
:10DBF00038F812BF29CBA8BFBF7DCDBF865AEBBF77
:10DC0000BF0E40C0A1D610C0910FD23F07F0863F93
:10DC100091ED5C3FBB27A73FFA7E2A3FAA60043FF5
:10DC2000EE7C6FBF151DF1BFFBCB5E3FB81EC53E3E
:10DC3000A01AAFBD3B018D3E6ABC8E40C3D3BB3F33
:10DC4000C7BA82403CBD3A40849ECD3C4547DABFCE
:10DC500073D73EC00DE005C05452FFBF014D54BF05
:10DC6000182623BFCA54013F917E0B4059172B4001
:10DC70005530DABF0A6822BF0456AE3F6C09F9BEC0
:10DC800058A805C0C6DCD5BF5227C03FB5A6C93FBE
:10DC9000C520C8BF14D03440E3366ABF94F642C0F2
:10DCA000477297C06D562D40A7798F3F16FB4B3FAB
:10DCB0001058493F7958A0BF2497FFBD226C2C40D3
:10DCC000530533404DF30E40948785BDD509E8BE1A
:10DCD000C74B3BC0426065BD8863DDBEE7FBC9BE84
:10DCE00068911D40FE65373F90A0C8BFE6AE49C0B1
:10DCF00013F2D1BFB98D1A40FCA93940D3DE2440BC
:10DD0000107A4E402C65993D3B0191C01A515AC082
:10DD10003D9B953EAA82893FE71D273D287ECCBFCB
:10DD2000B7D100BF075F283F4182423F96434BBFB8
:10DD3000BA49FC3FDD24963F840D2FBFCF660DC04E
:10DD4000BEC1F7BFB762BF3FAE4705C0C6DC95BED8
:10DD5000EA04443FAEB6EABF764F8E400B4675C02C
:10DD60008E75413FE2E9953D682268C0DA1BF4BF39
:10DD70004A0C8A40FF211D40DCD701BDD6567C3FAE
:10DD800048E16E4011C732407502823F2CD4DABFA1
:10DD9000091B36C03199F2BF539641BF4013A13ED3
:10DDA0005396C1BE894180BF89D2CEBF16FBCBBE80
:10DDB00068B36ABD80487F3F006F813FCEAA87BFAE
:10DDC000508D173D90316740E2E98D3F9BE639C0A9
:10DDD0007FD9BDBF0BB5FEBF7B835FBF17D96EBFB9
:10DDE000BC053AC0B0721840AF2524BE508D37BF75
:10DDF000B07290BF166A6DBF65190A40D0D5CC408D
:10DE0000E3A5D3BF67D51340D42BD5BFE4836E40C1
:10DE1000A1D6B43D4625EDBFDDB504BF4A7B83BE28
:10DE200005A3223F9031AF3F8AB0E93FD42BA53EF6
:10DE3000DC6860BF0000803F1CEB8A3F228EA53F5C
:10DE40000EBE603FACADE03F1AC0933F2CD402C081
:10DE50000091D6BF5F29EBBE29ED6D3F88859ABF43
:10DE60005F9810C052491DBF71AC33C0083D9BBEC6
:10DE7000FA7E9ABFE17AACBFC364EABFB3EAE3BFFC
:10DE8000AA823DC09CA24BC08CB93B40B6F3FDBDFD
:10DE9000A52C433E8FE43A401826EBBF52B8863F8C
:10DEA000A60A02C00B462D4065AA0CC05452A7BF5B
:10DEB0002D210FBF4D154040713D2A40D0D59C40CB
:10DEC0006B2BA4C09CC4584022FD72C0302AF9BFFD
:10DED000645DACC0AA8291BFAA8211BFE10B6F4002
:10DEE000F85313BF1D384FC09A998DC0713D024041
:10DEF00016FB7B400F0BAF4017B731C0E948BE405F
:10DF0000B3EAD540666672C09B55FF3F7593D8BE95
:10DF1000A4DFA6BFDFE0FBBF5EBA49C02F6EB3BF70
:10DF20008638563E964333402FDD04405530AABE16
:10DF30002AA98B3F14AE673F5DFEDB3F643B5B402D
:10DF40001748803FED9E6440006F61C06F8198C0AC
:10DF5000378989BF849E8D3E2B18A53F8CDB58BF27
:10DF6000E414FD3FFCA93DC0378941C0014D10C0FC
:10DF700020632E3E0378E33F02BCCDBFC9E54BC012
:10DF80007D3FC53FBEC1B73FC8986B3F34807B40E3
:10DF9000E7FB8740226CB6401B9E80C09A775CBF2F
:10DFA000E336D23F0A68623FD122A5C0E86A93BF38
:10DFB000DE713A40F931663F70CE88BF02BCC5BF02
:10DFC000D1226BBF1FF4CC3E5C8FE2BF17B731C0CC
:10DFD0001361BBBFC286673E27C2363F925CE63FF5
:10DFE000234A43406F81544024282E3FDAAC7A3FC5
:10DFF000431C8BBEAE4729C0D49A66BE8A1F13C08D
:10E00000A8573EC0E0BE1EC00EBE40C002BC49C004
:10E0100088F4DB3D098AAF3F158C2A3FA9130440E1
:10E020009A77E43F4D15ECBECBA145BF6900CFBF49
:10E030002EFF513F32E65A4000914E3FB6841040C9
:10E04000B8AF4F408B6C173FAC8B0FC01058D9BE88
:10E050004D844DBFFA7E6ABE2CD45A3EFF21DDBEF0
:10E0600017D90E3F9C33823E9FCD6A3F9CA2633FEF
:10E070004F1EF6BE832FA4BF3A926B3F789C923F0F
:10E0800080B7D8BF327769C0B1E1E93EE2E97940B3
:10E09000022B9F3FF8532740F1F44A3FC3F5AAC033
:10E0A000B29D27400B46F53F1E167A3F3FC6DCBDAA
:10E0B000E3A5DBBE48E1BABE810435C07C618EC0F9
:10E0C00046B6BFC060E59AC01904363F9643EBBE22
:10E0D0009CC4603E933A594026E4733F637FF1BF8E
:10E0E000E5F277400B4671401F859B3FAEB6DA3FA5
:10E0F000DE02F13F7958383FA323293F6E3480BDBB
:10E10000FED498BFF775B8BFCA54C1BD8E06F03DA6
:10E1100005C53FBFED0DBEBE39D621C052270CC08C
:10E120001B2F9DBFFBCBBEBF6EA311BF2B87BEBFF6
:10E13000553032400DE08140637F91BF713D8A4090
:10E14000D5789540FB5C7D3FF6971DBFB7622FBF2A
:10E150006ABCB4BF04E78440C3D38D40A323913F7E
:10E16000A69B8CBF73D7123FBA49B43FD65694C012
:10E17000E5F253C0F163CCBFD9CE5BC068B33ABF00
:10E18000D04458BDE4839EBE11C76AC019048640BE
:10E19000158C22C02506B1BFCC7FC83D3A92FB3F0B
:10E1A000933A6140ABCF55BD355E52C0DE7176C04B
:10E1B000AEB6223FF6287CBF674441C088856EC05A
:10E1C0006ABC54BFABCFFD3F3CBDEA3F36AB4EBF50
:10E1D000645D5C3E07F00240A8C6C3403867044057
:10E1E000ED0DFE3EB8404E4065196640BC74AB3F35
:10E1F000C5FE5AC01DC99FC0BEC1FFBF6688733F20
:10E200003FC68CBF583930C0E336AA3FEA9532BFCB
:10E2100005A3923D363C3D3F3255BC401AC089C0F3
:10E2200093180C40AF25FC3F0D711CC008AC9CBD81
:10E230007AA5BAC082738E3FA4DF4E3FA835B340A3
:10E240005530B240C976964005C533400091DE3E58
:10E25000711B953FCF669DC0DD2437C1A7E8A8BFDD
:10E26000EC51D83EAC1C1EC0423EA83EA32339BC94
:10E2700077BE0B41D9CE07C0F01608C072F9B7BF00
:10E28000BEC1CFBF9FCDB2BFDDB500C03789A1BF32
:10E290006ADE8940ECC099BFFDF69D3F12143F3EF7
:10E2A0004A0C823D3EE829C035EF1840C286E73F60
:10E2B0006891ED3C9EEF89C093A97A40DE9307BD3B
:10E2C000C9E5BFBEDD241EC06891853F63EE1640E0
:10E2D0003789213F280FB33FAC8BC33FCAC3423FAE
:10E2E00076718B3FA69BDC3FC05B044005A31640C4
:10E2F0009BE67D3FFFB29B3F713DAABEF90F11C067
:10E300007DD0333E4260253E8104053F6F122BC015
:10E31000DCD7E3C03F573BC02E90AEC06900C5407C
:10E32000BF0EFC40234AAD40925C22C054E3253D21
:10E330005F078440F5DB57BEE71D95C0F1F47ABF57
:10E340000D71ACBF29CBB2C070CE083DB81EC3C0A2
:10E35000BE9F4ABF3C4E413FAE4721BE371A3840B0
:10E36000287E64C08A1F83BEEC5180403BDF873F1C
:10E37000E5F2D7409A99F340F90FC140C0ECA840AC
:10E38000280FC33F280F0F4086C90440FE65073F92
:10E39000E5F25F3FCAC32240BD5212C058394CC09B
:10E3A00033C431BD6B2BFEBF6F1257C066F7343FCD
:10E3B000AA60BEC0053411BF5F072EBF17C890C149
:10E3C0000F9C814081267A403D0A3B40AF25184092
:10E3D000B072283FB762DFBE26E483BDD2001A4088
:10E3E000DFE0AB3F9D111D403D0A073F5A647B3F74
:10E3F00013F2A9BF925C2E3F40A4DF3C11363CBE15
:10E40000C6DCB5BC39D625BF5A640FC054528BC187
:10E41000204155416FF0414119732A4174241D4137
:10E42000ED9E3041F4FD7C4121B09D41F16384417A
:10E43000BADA80419A087E416B2BE84088F4874025
:10E440007E1DC0C0F8C248C1090AA1C10E3EE2C18A
:10E45000432DCBC15B53AEC1933A38C13BDFD6C12C
:10E460002586AB412DC3934154F48E41857C6F4189
:10E4700058CA3441FFB2CF40C4B19840029A483ED6
:10E480003C4E61BFB515F33FB459FD3F4C379FC0BB
:10E490005C20F9C086C920C1D57808C1F9A004C1A3
:10E4A0007FD983C0E48346C1F85381C11F74D1C1B1
:10E4B000D712804050FC74401A51A23FACAD803F4F
:10E4C0004F40333F94F6C6BE75935C406DE7B3BFD3
:10E4D000711BD9C0736815C085EB39C027A009BE70
:10E4E0002CD45A4040A41B4052272041B7627B40A5
:10E4F0005B422E3F2FDDA43EAE4775C0500D8AC152
:10E50000ED9EEE41023CA94197904C41C3645041BD
:10E51000F31FBA4036CD6F4001DE1A40BE9F1A3E4F
:10E52000D26F91C0BE9FA8404D153C411EA79CC014
:10E5300063EEC0C0E3A50FC148E19E40C9762AC181
:10E54000AF9448C145D8ACC1546392C1BFFDBAC1B4
:10E55000508D9B40C6DCA340EF38D14020D21D41F6
:10E560003D9B7741B98D96412CD46C41C74B2C41D2
:10E57000A60A474190A0604148E13A40789C6EC0AD
:10E58000728A1BC173D758C1819580C1151D5CC1AA
:10E5900087A7ADC04D1544C1933A68C154F4D4C1A6
:10E5A000E0BE4240DD244240DF4F8F40E0BEB44039
:10E5B0008A1FAB40910FB840992A644089D29C4091
:10E5C0004DF39E40E3A53BBF265325BF73D7D240F2
:10E5D0006076A940696F00C0D49AC0C02FDDE6C044
:10E5E000EE7C2340E0BEBAC092CBEFC076CFC9C16B
:10E5F0005F07BE404CA6E0408FE42B4194F6734188
:10E60000CC7F6D41B68401418CDB48403480B7BA81
:10E610007DD033BE143F0A407AA50141FC18D33E99
:10E6200064CCD9C02AA919C1CC5DC7C0A5BDE13E43
:10E6300007CE0FC1ED9E22C1F01696C03BDFEBC1A5
:10E640001904E640F9A0C34001DEAC40E6AE284123
:10E650000C938841840D6941569FDB40DE710E406A
:10E66000F7E4E13E45D87440ED9E10417B838FBFB7
:10E67000DE71D8C0F5DB13C11F850AC1B8AF3FC03A
:10E6800087A70AC183C016C1E258D3C05474EEC133
:10E69000A52C1E41DE718C40EA046840DE024D402C
:10E6A000690095402B1893402BF6EF3FB37B72BB6C
:10E6B00094874D4065AA78403D9B494055305A3F6C
:10E6C000560EA9C0645D07C174B5A3C0D49A7AC0C0
:10E6D000295CDF40BC74C3BFE258C1C0FFB29FC118
:10E6E00098DDF3405305234139D64D41D3DE8341B4
:10E6F00095D46E4107CEF94036CD6340D88133C002
:10E70000D65668C0ECC02DC14703E4C060E538C0F0
:10E7100077BEAD40931820C01826B1C0DE933FC02D
:10E72000D122D3C011C7E4C0D5099EC004D6AEC162
:10E730002E904B410F1C8941DDA4AD4154749E4184
:10E7400063EE4241FCA9BB405B421AC04A0C76C052
:10E750005396B1C013F2B1C0F2D24DBE9FABA540EB
:10E760008CB9BBBF5C20D5C035EFA0BFF9314AC022
:10E7700014AE2CC1690066C1401340C19A88DAC149
:10E78000BA49EE404A0CFC40F5DB17418351434146
:10E790000F9C4241E3A537410B24F440014D2C402E
:10E7A000C05B203EE02D0CC07CF2C8BFFBCBE6BFB7
:10E7B0001D5A10409790C7BF87A7FDC07AC725C1D3
:10E7C000E561B1C05227B2C0744621C1355ED6C1E1
:10E7D000E5F2BF3EE17AFC3F88F42B40A9A4CA4091
:10E7E0007F6A0F4116FB4C41D26F5A41327761412B
:10E7F000A7E83341984CA53F4469FFBF696F3CC00F
:10E80000637F95C0BC058AC0F0855DC09CC401C112
:10E81000D5E7FCC0280FE3C0A4DFD2C055B0D2C1F9
:10E820004BEA24414BEA2A416E340D413FC69C40DD
:10E830003D9B8B4062100D41B6841C41567D6E405D
:10E84000355EDA3E3F571B3F44FA4540D95F3A40B8
:10E8500088F42BBF77BEB9C0D200DEBFE09C11C1E7
:10E8600032550DC18E06C2C0AEB633C10601C8C155
:10E87000EC2F2B4160E56C4164BB9741355EB341A1
:10E88000CFF7AE419CA27A4123DB2941832F42413D
:10E8900033C460412D43E2408A8E74C0FED442C12D
:10E8A00088E380C111B69AC1E9A696C1DC468CC145
:10E8B00001DEFEC0E25817C1BF7D8CC10000CCC193
:10E8C000E2581F419C333B418F5364415E4B624190
:10E8D00062A1EA40E8D98840423E68BDF0852DC07B
:10E8E000AC8BB7C0E3A5D7C0B003BDC0B98D46BEE1
:10E8F000992A9A40B4C87EC0F016E8C07D3F51C046
:10E900009CC4C8BFA69BFCC06ABCCAC043AD6DC155
:10E91000BF0E8D41561F9C41567DB341BA5A82416C
:10E920004D842741226C2040BE3019C06210ACC01B
:10E930004F40FFC070CE1CC18B6C4FC1BE9F51C1F8
:10E94000EEEB1CC13F35B8C005C5EF3F2BF6F73ED7
:10E95000A52C5740499D80BF70CE9AC0356FACC181
:10E96000832F1F4156FD8B41EFC9B9417B838A41FB
:10E9700095D4D9405DFED540BC96F83FAC1C923F83
:10E98000B5373C40A01ADB40B5A61D40492EE9C072
:10E99000CEAA0FC1273154C0386744BEF5DB3CC155
:10E9A000D50995C1295C4AC127311CC15396C1C103
:10E9B000F85313411FF41F41371A4841B97CA04155
:10E9C000B5B7A74183512F41B6F3ED404ED18F40EB
:10E9D000840D9B40810431411EA7E83FFF21EBC01D
:10E9E000B9FC48C15B4276C1030938C122FDA0C011
:10E9F000F0166CC1D3DE76C1AE47CDC03F57C7C15C
:10EA00009B55F940FE43154193183D41029A7541CB
:10EA100087969A41C57EA5412B879E4112A56941E3
:10EA2000F9A024411B0D1F4187A71D419790674006
:10EA30007D3F314083C0A8C09E5E9EC19A77C5C10C
:10EA4000B840D8C1AA71CDC1B751C7C1107ADEC1D3
:10EA50001CEBE23D06124840211FDA40AB3E474125
:10EA6000865A8741780B2D41FC1827404BC887BE3A
:10EA70006C789CC01361C3C0304CEAC068B38EC0D0
:10EA8000E09C89408E75714066F734C0C8983BBDE4
:10EA9000CA54813FF9A0CFC0508DCFC0645DB8C1CA
:10EAA000711B4F41F7E42441D6564840764F0A4047
:10EAB0004260BD3F12833040857CDE40E02D07413F
:10EAC000D5E7E440E926B93FF54A69BF7DD07FC06C
:10EAD00087169DC0516BACC06C7846C0A301FCBECC
:10EAE000804897BF287EAAC064CC03C142E0B9C168
:10EAF00089C1C8418CDB8E4133330F41560E2D4006
:10EB0000E5F25F3E08ACB43F44FA3D3F0B46153F8B
:10EB1000E4839EBE4DF36E3F6ADE3DC05C2081C043
:10EB20002A3A36C034809BC0F8C292C092CB8DC0C6
:10EB3000B22E36C0B7628FC03F57A5C04CB7AFC129
:10EB400064CC694188639E411EA7A94127317C415D
:10EB5000B0030C41ADFA70404F1E06BFEEEB78C01B
:10EB60003945DBC066F707C1A30103C16900BBC01B
:10EB70007F6A0C3F5EBAD740AAF1F23E33332B4096
:10EB8000B1E125C15A6470C16DC543C1CD4CB7C157
:10EB900035EF3F4134A24F410DF188417D3FAC41FB
:10EBA000151D874138F82D4140A41B416B2B0841AE
:10EBB000764F4F41A913104039D6DDC0FE6553C1D1
:10EBC000D34D84C1166A90C1690085C1C4421BC17E
:10EBD0006DE7C3C034110CC129CBDCC08BECAFC1D5
:10EBE000A1F84C416F126941C6DC5641E86AE54024
:10EBF000C74B5B40D8F04840C0EC2240D6569CBF83
:10EC0000B003C7BEA1D61C40A3927E4067D5673F24
:10EC10008B6CDDC0F931ECC0F8C250C02428BEBEF8
:10EC2000371A2840FF21CBC0DDB543C12C65E7C1B1
:10EC300061322940E17A1040B15077400000C24073
:10EC4000AC8B2E41A9A487413709AC41A3924B411B
:10EC5000F5B91541371A17416ABC4D41567D8E40B2
:10EC600044691BC0BC7497C0470310C0F1F434C1A1
:10EC7000E93794C1F0A7B3C10F0BB9C1AF94E1C19B
:10EC800011362941F7062F419C33604149AE91412D
:10EC9000F4FD65419A080B41560E9D40C442853FE4
:10ECA000E9481640711BE740736891402D21A1C0CF
:10ECB0002E9034C1446951C1295C2FC1DCD741C0B9
:10ECC0000C0218C1158C23C19790D5C0D792D8C11A
:10ECD0000DE06941835191404F1E564165AA144190
:10ECE00020419A4134805A41DB8A6641190422410D
:10ECF0001EA7D83F10E97B40CF6625BF16FBA3C0F7
:10ED00005BD315C1F2B05FC1D49A36C155C13DC1C4
:10ED100001DE52BFEA84A2C196B245C1796998C1A9
:10ED200026E4814033C49340B684F8405AF5DB4072
:10ED3000B37B164127C2214141F14D4157EC0141BE
:10ED40007D3FD3404D84FD40499DE03FC3F5D0BF9A
:10ED500014D09AC0560EA3C0F7750CC083C006C16C
:10ED600012143EC1075F2BC1091B40C1DE93BAC11B
:10ED7000FCA955C0029A90BFAC8B4340C4429F404F
:10ED80003333774061320B41F38E014152490DBF5D
:10ED90007CF288BF6744AFC0E92697C0E3369AC0CB
:10EDA00088F4E340BE9FFABE4FAF00C011363C3E30
:10EDB000E926614013F25140832F4C40F005B3C166
:10EDC000ADFA2E417B837441A0099141BF7D47413B
:10EDD000C5202C408AB099BFB840E2BF1361C5C0BE
:10EDE00043ADC1C007CEB9C0AD6946C0C05B8A4063
:10EDF000E6AE01404B59B0C05474843F46B6F3BEF2
:10EE0000A91394C0D191B43F840DF1C00378D0C14F
:10EE1000B684D8415BC2B141B8406E41A01AF940F6
:10EE20000F9C37402B1815BDDFE08B3D8FE4F2BD02
:10EE300035EFD0BF22FD1AC0C05B80C0143F16C0A2
:10EE4000E336AEC0933ABBC00309CEC0832FC8C01F
:10EE5000CAC3D8C0E2E9BDC063EEE2C08351A4C119
:10EE600065198A40C9E57FBEE258973FD7A3344071
:10EE7000560E03411FF4A840ED9E1040744640C05A
:10EE8000EF38A1C0F5B9A8C0A60A80C0287E2C40E2
:10EE9000F4FD0141E86A93BF4CA6F2BF8E751D4098
:10EEA000A5BD454025758ABF158C0ABEE9B794C13A
:10EEB00017B78C41B673B741BDE3D341C74BB141DE
:10EEC0005AF55B41804858413F3573414694824131
:10EED0003E799E40A5BD87C0D49A05C1696F46C1E1
:10EEE00080B74AC1A7E8D6C096B281C1728AA1C1D3
:10EEF00074C6A4C1659980C1DC4648C17F7BB7C197
:10EF000086C9D24074B5004141F106411D5A3541D0
:10EF100098EE8A41C5205741A779DD40DC46034081
:10EF2000DA1B3CBF2B18A5BF09F9803F7AC7074100
:10EF30003108ACBEB515CFC0B22EBEC05C2085C0B6
:10EF400017D941C1986E47C195D42EC14EE2E9C18F
:10EF5000840D984109F9A241675590418AB0174143
:10EF60001DC9994016FBAB3EBF7D83C0871603C108
:10EF70006FF00FC1F4FD1BC1ACAD54C13D0A0AC115
:10EF800024289EC03D9BC140ED0DDAC030BBE3C0DC
:10EF90009BE645C05BD30C41CA32B640D33C8DC121
:10EFA000886397406C09D3C08CB99F40302AEB40EE
:10EFB000014D1041B00385409F3CE6401AC0FB3E26
:10EFC000787AA14068B3F040EA04C43FB51576C131
:10EFD0001904AA408351C9BDE10BE1C05530A2BF5D
:10EFE0000DE0EDBE2575D2BF1B9E3EBFB6F3C0C17E
:10EFF000EF385C418A8EA440B537AA407D3F794006
:10F000000B467D409CA2B33F8126423E13F281C055
:10F010008AB021C055309EC03A233640F163284063
:10F02000F0A732C0553072C0D200BEBE9A770C3FF6
:10F030001B0DAC40EC2F8BC029ED51C08CB997C192
:10F040009FCD4A41787A6C41C1B98141228E954168
:10F050005839624197FFE240B684744046941EC01E
:10F060009D807EC0CC7F8EC01AC037C048BF4D4047
:10F070007B142E3FFBCB12C15C8F22C14BC8C1C099
:10F0800071AC5BBF598614C1A52C60C16FF0DFC1A4
:10F090003D0A704134A29141D044B341BCF4AC412B
:10F0A0005BB16341363C2941CA54D7404A7BC140D9
:10F0B0006B9A3C41C1A8064145475EC0325534C1F8
:10F0C000A9137BC18B7D8CC1426068C129CB90C0E4
:10F0D000C7298FC1BDD292C1CFF724C1A156ABC100
:10F0E000EE5A2240C898374000910B414FAFA640DE
:10F0F0003E790F41ED9E38407D3FADBF71AC8DC074
:10F10000F4FD9CC0D49AFCC09A9977C1DAAC27C1AF
:10F110002C658FC0BADAD24004E71F4159864E41B0
:10F12000DF4F51407E8CA93F82737240D95FA0C1EE
:10F13000CA540841E5613D41A392834132559F4144
:10F14000948780413D9B06412B878A408A8E64BF0D
:10F15000BC9670C0F706ADC01B2F89C0BA49EC3E03
:10F16000AA601F413F35BA40D200E63F17D9F8C028
:10F170005A758AC121309CC1D6568EC19D91D6C187
:10F18000D9CE4340B8402041C8983241211FBE40EB
:10F1900024B94C40C13907C034A2B43EDE0241C09C
:10F1A0009A0817C073D7AABF962186BF42CF7A406C
:10F1B0002AA9F940767143404694CEBF9BE64D3F65
:10F1C0005EBA9DC06ADEDFC06D56E9C092DC94C1B4
:10F1D000E3C78E4132779B41F2B0CB41D73499419E
:10F1E00095654441D0441741F085C34079586C403F
:10F1F0001AC03B406A4DB140AF9413C18A0E88C11A
:10F20000B515A7C14772B7C16A5EA9C1D95F70C100
:10F210003D9B9B404B591240696F0CC066E6A4C1F0
:10F220002FDD19412CD40C41DDB532418FE4694109
:10F23000BD5293416B2B5741560EE540AE4785407A
:10F24000637FE93FD3BC733FD656A4402FDD804097
:10F250003E79BEC0BD5240C154E364C1C66D29C1F0
:10F26000D42B35C0EE7C44C1F1F455C145D8DFC183
:10F2700065AA5641F6178641F241A541E3C7B04160
:10F280003D9B7E4189412A41C5FEAC404A0C4A4023
:10F29000ECC039BF787A9D3F1748BE40D712A440D2
:10F2A0002D215F407E1DD83F77BE2EC11F749CC1AB
:10F2B00054F4B6C170CEA3C10456C0C1D280D7C128
:10F2C0007AA500415F297F41515AA841DF4F714122
:10F2D000158C044162A14640A2B477BE553088C067
:10F2E0003867C2C0287EEEC0DDB5B2C0F0A7C63F09
:10F2F000A3920541A30158403B7086BF6F8127C18F
:10F30000DBF93EC1925CB2C0B1E1DBC02D21CAC1C4
:10F31000C3F59F417DAEA14154F49541508D4B41C1
:10F32000917EBB4061C37340D49AE63E7A36CBBF30
:10F330007B142EBD539645C0EF38B140637F19BE94
:10F340003333BBC08BFDFDC0C898C7C0545287BEC5
:10F350008A1F71C163EE87C195D415C166F7A5C137
:10F36000B98D26C00AD7EFC01748A0BFF8C26040C9
:10F37000143F7E4041F15F4059861C40ABCF4D4069
:10F380005A643BBEAEB6DABF86C9ECC0ACADDCC0D9
:10F3900048BFA7C03B70F2C0F54A12C16B9AD34078
:10F3A000A7792841234A27418F6492415BB150C11C
:10F3B0004BEA543FC5FE0E4052276C40A245B44074
:10F3C000FF21BB4023DBCD400612C040B29DAB40C5
:10F3D00043AD154070CE08BF302A89BF62A1263FD9
:10F3E00014AE37BF99BB80C0EA04C2C0AF2598C035
:10F3F000F628FCBF57EC93C01214BF3D1DC975C160
:10F4000023DB15C1295CDDC04BC89DC0FFB24BC0DA
:10F410004850D4BFF9A0BFBF0A6822BEC0EC1E3F4F
:10F420008F53043F3A231E4020419340A301AA403A
:10F43000D26F91404C37514075937040D3DE5C40A1
:10F440002FDD74402BF67B400E2D9C40FCA957C14C
:10F450008B6C97BF986E023F8273963FC9E513404D
:10F46000BA6B1140AA82A93F3A92D33FB53738BE52
:10F47000182693BE7AA5A4BF9FAB11C0E78CC8BF66
:10F48000D7129ABFE5F21BC0BB277BC0249707C0E9
:10F49000AD6916409031B73FBD521941C4B1C4C0E7
:10F4A00027C21341713D2C4152499141F252A5416D
:10F4B000FB3A5941B8AFAF4034114240B15083BF1D
:10F4C000894100BF516BE23F93182641A16740413B
:10F4D000401313419CC49EC0068170C186B89FC171
:10F4E0006980ABC1A4708DC17AA5CEC0C6DCD9C17C
:10F4F000C1392A41D6C52C411CEB374161438441B7
:10F5000096219A4170CE59413EE8C54067441D405E
:10F510003D9B49C007CEE5C0D509FEC057EC27C0CA
:10F52000728A94405F29BDC0B29D15C126E4E1C036
:10F530005C8F4EC0128324C1287E28C116FBE2C115
:10F540005917954165199B4177BE9C4185EB6441F4
:10F550000F0B174121B06640EB73FDBF5C20B1C0BB
:10F56000812610C18FE42EC183C04BC1143F61C1FD
:10F570004B592FC17B8377C07502CC40CE8819418F
:10F580002F6EB3BF2BF6EFC08D97C4C0796986C1CB
:10F590004DF31741E0BE3541B1BF3841A089FC4071
:10F5A0002B189740D0B341402FDD8640516B12405D
:10F5B0009A779C3FF016B64006122B4196B28840CF
:10F5C00010E9373FFD8770C0EB73D9C08FE400C1ED
:10F5D00007F0FEC0DE9324C15F0748C10B35DEC1D2
:10F5E0000681FD3F3B709E401283E0404182FA401D
:10F5F00027A00C417C610141AF94F9406891FF4024
:10F60000A9A40941431C5341006F6C415F0731417C
:10F610007FFB0A407CF2B6C002BC2FC11B2F0CC17D
:10F62000272087C1C6DC64C11DC98BC1A4F0F0C10D
:10F6300050FCEE40DFE0174138F83141B4C860417A
:10F64000516B75418885FE406DC5A640AE47E1BC53
:10F65000F01640C03D0AD73D6B9A273F79E9FE403E
:10F66000143F16C05DDCE2C0C58F93C0D71206C040
:10F67000508D7FC1FFA181C1C139EFC00E4FA4C120
:10F6800073D79A409D80864024B9644016FBCF40D2
:10F69000EEEB2D41D49A85410DE06D4176E0D640E8
:10F6A000674449400DE01D3FED0D224076E0F240F9
:10F6B00005A3D23F9A7740C0BA498EC064CC15C02A
:10F6C000B5A634C1DD247BC15FA988C16076EFC1D6
:10F6D000FF211D417958B240DD245240F775144096
:10F6E0000A68AE40E3C7114106122641A54E0A4101
:10F6F000A857C0409FABCF40522788400DE0953FB0
:10F70000569F85C0711B1BC1886328C13FC63DC180
:10F710008E0621C124B95CC06E3410C0FEE5A3C1C1
:10F72000091BBC40BD52BC40A01AF540C66DA640A6
:10F730003333A3402DB2FD3F6ABC1040917EB33FEE
:10F74000ABCF8DBF2BF68F3FD7126E404D84354027
:10F75000C1A804BFBC96B83F05C5C73FCD3B07C194
:10F76000787A6DC004E7CCBFCDCCA8C0431CCBC118
:10F77000DC465D4118958A415F988F41120397419D
:10F7800096434A410F0BF140B30CA9400AD7833F7F
:10F79000F1F482BF16FBAFC020D2D3C0F4FD20C06D
:10F7A0006210964060E55CC0F8C2E6C0FB5C83C0B6
:10F7B00034115CC133C465C111C73DC16608E6C1DF
:10F7C000C4B10DC1522744C0C3640E4019739F4099
:10F7D0001058CD40FFB2DF407CF21E41083D404151
:10F7E000D8F04341FDF66441DB7993414B59CA405F
:10F7F0005BB187407FFB2EC03411DEC0FB3A2CC1C9
:10F8000036AB22C1DFE045C1E01C83C161B2D6C185
:10F8100009F92F4147725841A53D82417B839D41A3
:10F820007B948741780B3041B5A67D40F706973F22
:10F83000CC7F00C0F6287CBF7C612E40143F06BE02
:10F8400054E3D3C08B6C09C10BB58CC0D0443FC10D
:10F8500009F976C1AB3E55C166F79AC0712CE0C17B
:10F860000D71E64012A51141C3D351419CB39E4195
:10F87000BA49B441EF388541F8533D418E062541E0
:10F88000E5D04F412C657D418D9711413867074187
:10F89000C286973F197367C18184ABC1856BBDC1B7
:10F8A0000770B4C142E0C6C1ADFAC3C1865AD5C122
:10F8B0004D8406C15BB1D5C0DF4F7DC082E2CFBFB2
:10F8C000736809C04B5912C0B53710C0DF4F41C033
:10F8D000ADFA92C0EE7C23C0D7A308C087A7A7BF0C
:10F8E000787A8D3FB1E191BFA8C69B3F1826C740EB
:10F8F000C5FE6640F2D21C41E09CBC4196435BC011
:10F90000C5201B41AF253741925C7141BE9F7741B5
:10F910002A3A1D41D122634026E413BF477231C009
:10F920007502A6C0B81EB7C0EA958EC0AD69FE3E8E
:10F9300093A91441CE88BC40508DCD40780B88C02F
:10F94000083D30C12CD417C1DDB550C1FE54F5C1FE
:10F950009CA23F402D21B73F12145F3F52B8124086
:10F96000F8530740158C3A40849E1940F016F83F32
:10F970000B46D53F143F16C0E09C05C05452F7BF5C
:10F9800088635540EFC9DB3F835169BFF2D25140D4
:10F990006F81E43F6688BB3F5D6DADBF568EACC1E5
:10F9A00073D7F640A4701541C8073C41AF256541A7
:10F9B000849E6F41DE713141C9761E4127C21541D7
:10F9C000AA602741DD24CC4066887FC07E8CF5C0CC
:10F9D00020D247C133C442C1C898B9C09B55B1C0F9
:10F9E000A01A19C14A7B19C13EE8F5C08F42F6C181
:10F9F000C3648E40FCA913414D15714142BE8F4135
:10FA00005A6434416F122B40FF217DBF1904B4C0EA
:10FA1000E71DF1C0A85707C14C3707C11E16B0C07B
:10FA2000C729E23FBF0E8A40E09C9BC0499D04C0AD
:10FA30001AC095406666A0C04A7B8DC03BF093C15A
:10FA400029ED32419A08474114AE4C41A60A4B4178
:10FA5000713D00416B2B5A400D71E43F68226CBE32
:10FA6000287E00C0454782BF6ADE0D40E78CE8BEB5
:10FA7000DE9306C147720EC1AA6001C1DC687CC07A
:10FA8000D509C8C02FDD10C0645D08C012A5A6C18D
:10FA90008126C2BC8FC26540F775904017487840F8
:10FAA0001E16B8408C4A3041AC8B0E412BF6E54017
:10FAB000143FE240D0B3E540F1F498409FAB2D3FB6
:10FAC000C1398BC06DC5ACC0B30CD3C0569FB3C099
:10FAD000D49A18C1F016B6C04013B1BFA2B4CFC1BA
:10FAE0007E8C2DC05D6DBDBFB5159B3F76E014408B
:10FAF000FE656F40401371408885A23F3D9B553E97
:10FB0000166A3D3FFD87ACBF5EBA0DC0B51573C028
:10FB1000BE309F404CA6EABE508DDFBF88856ABFCD
:10FB2000E3C7E6400681653FE86A8BBE516B36C18C
:10FB3000F697F34037892841008082415541BC4106
:10FB4000C3E4AC41CBA18241CE999141A2C587418A
:10FB5000AE47713F2D43E2C0A5BD4BC161B280C12C
:10FB60000ECF93C1F9318FC153056EC10C029BC0FA
:10FB7000C2170FC1728ADAC02E9060BF9643BBC114
:10FB800020D21241477245404D84954064CC0041DB
:10FB90005D6D6A41E2D886414F402741DAAC3F4172
:10FBA000075F5441B30CF5400456B6BF3480E1C042
:10FBB00048E13FC12F6E70C18A1F6CC1BF7D7EC1FD
:10FBC000F8C21CC0053403C153058FC0BBA794C144
:10FBD0009C33C2BE143F363F9E5EE93EA5BDD93F71
:10FBE0003EE84940431CED4053050B41EBE2F24037
:10FBF000CBA11141772DEB40ECC01B419C337441EC
:10FC000057ECDB40F6284CBFF1F45A3F6DE71AC1C0
:10FC10004A7B15C1C5FE64C165AA5FC19F2BF3C1B4
:10FC2000C58FA94032E6CA4017B7993FD42B55403B
:10FC300023DB014082E233404E62803FCB10E73E3F
:10FC4000F90FB9BF9D8042404C37A13FE8D913C19D
:10FC5000CC7FA83FA470F53FC217463FB840EA3FAB
:10FC6000D044183F8A1F73BF82E22FC05D7E96C1C9
:10FC7000977FBC41C976C8415474C841D656B34138
:10FC800039C583410D716641BADA3141CDCCA0400E
:10FC9000A16783BFB98D09C1121423C1C1CA19C19B
:10FCA00020D23DC1AB3E5BC1666686C0EC51C0C090
:10FCB00038F84BC1C96594C1BEC1B4C19318C0C165
:10FCC000575BA1C0B4C886C0984C51C0CD3BCEBED6
:10FCD00021B0EA3F76E04C407E1D1840FF210540F0
:10FCE000D3BC233FBDE3543E0534113E5BD33CBE41
:10FCF000C05B204086C954BE2E90A8BF0F0B95BE96
:10FD00004E62503F11C7E23F22FDA840B29DBDC0E8
:10FD10008941F4406ABC1F41B51572416A4D974153
:10FD2000690050414D84BD401CEBB23FAEB64AC0A5
:10FD3000B30CCFC0D8F005C16DE7F7C0E9B7A7C0D5
:10FD4000C442D53F4703AC40D93D693F8CDB1040EE
:10FD500082E2F3C0598634C180B7B4C00E2DD5C13C
:10FD60001058764124979B41742493416A4D374142
:10FD7000D0D580408CB9EB3E423E94C054741DC136
:10FD80004A7B31C195654BC1F0A751C1075F45C1A1
:10FD9000348006C10091AE3FB22EFC409318B240B1
:10FDA000AAF15A40B072383F0C93AF4060F6ABC135
:10FDB000BADA8040DFE099402FDDE2401AC01941F5
:10FDC000F9314A416A3C8D4192CB9D41BF7D8B41C7
:10FDD000F7065C41B9FC5E415530C040006F91C0F0
:10FDE0001F8516C1DE7155C18D975AC138F822C1E1
:10FDF000A85728C1A83589C14D849AC1FA6DE4C1BC
:10FE0000C73AD441099BB541FE65AD41D3CD8C4184
:10FE1000C5FE3E4112A54A416132AF402428C4C00C
:10FE200006120FC1B4C8DEC0431CB7C06ADEB3C03F
:10FE3000F6280AC1CF6621C1CC7F02C15F29F7C075
:10FE4000AC8BADC0A85721C1ADFA51C10BC6AFC133
:10FE500004567E40C8078540A52CB740022B474179
:10FE60004ED18A41516B3A412DB2A7401CEB9A3FCB
:10FE700000910E3FD5E72E40BE301A416ADE01BF29
:10FE8000A60AA4C01CEB32C0FC1843BF8BFD6DC09A
:10FE90001361E3BF2AA907C1213097C1B37B02C216
:10FEA000B003DB405D6D3A412D437041E09C504111
:10FEB000DBF962405E4B183F8CDB40C0A1D6F0C03E
:10FEC000CA5403C1F8C209C16900E9C019049EBF40
:10FED0001D5A1441363CA340D3BCC140A3926ABF13
:10FEE00042CF92C0FB5C5D407FD999C00B24E3C137
:10FEF0006EA3FB404703804031083CC09B55034044
:10FF0000F9A00F40A835EDBE1058F13FE0BEF63F16
:10FF1000E92621BF4013B13F9D11A53F97FF883FC0
:10FF20005BD3FCBE2E90C83F006F013CA779C7BFD2
:10FF3000B07200C0FF216D3F7E1DF8BEE3258DC16C
:10FF4000F697BB400B46F34041F1FD40C217034119
:10FF500005341D414DF36441B4C894414A0C8D41B0
:10FF60007AA56141CB10364127C20E41234A994000
:10FF7000045692C08FE435C160768EC1D34D63C103
:10FF80009FAB33C14B5982C10B35B9C1142EF4C19B
:10FF900058A8E5BF3B70CEBB295CFF3F009166408F
:10FFA000107A4E4007F0563FA52C17403BDF174014
:10FFB000DE718A3E4547D23E7593B83E9A08AB3F04
:10FFC000D88113C0668807C089D236C0787AA53D2B
:10FFD000645D1CC0984C0540DC46204109798BC10A
:10FFE000387880418B6CAA4171ACA141FCA9434196
:10FFF0008C4A8040C4B1863F09F968C06B9A01C140
:020000041003E7
:10000000750208C18AB022C14FAF1BC18195F9C0EA
:1000100038F89ABF5BD30F419D80B0400BB59E3F2F
:100020004F4006C16ADEEDC0F90F99BF287EC3C1FB
:1000300061327D4198EEA941C9F6B241E9379D414F
:10004000E86A4A41295C9F40865A034029CBA03F79
:10005000470300C0302AE3C01DC907C162A102C125
:10006000431C67C0F5B93E40DA1BCAC0FA7EECC03B
:10007000750226C0098A32C17A2591C1C65CE0C1E9
:100080008885374139456E41FAFE9941AD6989410C
:1000900075021241B3EA934099BBB63E2CD46AC0B4
:1000A0003480C9C02D430CC1AB3EEFC067D5DFBF64
:1000B00098DD5B4068B380C0E78CB2C0933A993F4B
:1000C000B840E0C0A913B6C07D3F9DC039D6D2C1AB
:1000D0003D9B81402C65CB40F016F84048E15341F0
:1000E00057DBB041C5A0864193A92D41BA491F41B4
:1000F00061323A4129CB6741E3C7883FB072C0C043
:1001000065AA0BC18D281FC177BEA7C0485060C12A
:10011000C3F59CC11F7483C1B76253C128FEC8C117
:10012000F931614180B74F4167D56B412FDD924175
:10013000516BA6414B59AD4116EAA341BB389241E0
:10014000CD3B6D4124B98640FAED93C0F5B9A2C00C
:10015000BA490FC1C2861FC14ED167C126E4B1C1E1
:10016000A323C7C12BF6C4C120D29FC112A5CCC105
:10017000516BD2402B18D140CE8811419D806841EF
:100180005F29A541FEE5B041AA7188411A51694134
:1001900068B39341D5E71B41BEC1173E933A8FC068
:1001A000FBCB9EC0E78C68BEBDE34EC19D11ADC1C7
:1001B000568EBEC196A1B5C13188AEC1DC57D7C13C
:1001C000986E1AC0333373BE401339400309B040F0
:1001D00033C4D740D3BCB740567DA24013F2A540EC
:1001E0009C338A408A8E5C4063EE8A403EE8F13F51
:1001F000D712164057EC6FBF5BD3A4BF7FD935C071
:10020000CE1983C0E86AADC0CD3BE8C09EEFB7C150
:10021000158C9541143F364196B2134196211641F3
:10022000D26FAD40BA4968406B9A37BE3411263F51
:1002300005C563C0CA3280C0CC7FC6C0D2002E3F85
:10024000F085593F7F6ABAC0C44241C01D3857BFCC
:10025000355E5A40F62896C0E41424C1840DC6C108
:10026000888592BF2731C83F16FBBB3FCA54E13F88
:100270005F98DC3F76E01440FE65974072F92740B6
:10028000B5A67540EE7CD14012835840E17ADC3F40
:10029000F085E1BF1F8583BFB51593BF55C1F83FFA
:1002A000EEEB9EC03FC618C0D71236C03CCE92C1FE
:1002B00005A361413D0A59417F6A224158A80C417A
:1002C000CF66F7406ABCF440D93D14416EA30041AB
:1002D000AF949D40B5A6C3400378B1401FF46CBFF6
:1002E000C3F5C4C0DAACE2C0D95F0AC14A7B11C110
:1002F000083D14C11C7C58C1FB5C41C171BDE8C103
:1003000088851D41BC9657414B6A87419565574189
:100310008E06BA40ACADE03FCEAA3FBF1CEB7EC01C
:1003200097FF01C1371A19C1772D0CC1E0BECCC0AF
:10033000674429BFFED42F4199BB4D41F016A83E1A
:1003400005A309C11B9E26C11FF4BCC0C14AB2C18E
:1003500017C89941AC0B91413A927F41446954418D
:10036000D2000F4181048140A52C2F40D5E71A40CF
:1003700051DA9940F931BE404850D4BFE561B5C06B
:1003800033C403C17FD909C1F697B7C0BA6BBDC0EA
:10039000EC5159C1B51533C19CA21BC1E325C9C19C
:1003A000A7791B4152274C41D34D8E411DC99C4119
:1003B0000EBE52411D38DF40A77989408273AE3F9F
:1003C000DC68E0BEE5D09E40448B0C411283703F58
:1003D0009C333AC052B85E3FE5611CC152278DC1C3
:1003E000CE199EC1A39261C1EEEB20C12C54D4C1A1
:1003F00011479E41D2EFD7413FB5D841D792A7418F
:1004000094F6564133C4DF405C207940CD3BB04088
:10041000D7A3CC4025066940FCA961C050FC1EC191
:10042000668844C150FC76C1E56174C1B07256C1A2
:1004300017B75AC1575B68C15B4260C198DDB4C150
:100440000AD797C0750216C07958A0BF6744893E85
:10045000E414214002BC4140787A514030BB973FC0
:10046000C4B1BEBF10580DC0DFE06B3F5BB1C340ED
:100470007AC7A140FA7EE440DDB5AC407368E93F3D
:10048000C9E53FBEA32379BF454732C0D5E7A5C123
:10049000CB102F40B0033F4024B99040B81E3041EC
:1004A00048D087412D431B412497A1407C61723E77
:1004B000AB3E0FC073D70EC0BA6B59404CA6BC40C0
:1004C0002AA963C0AA82FDC01D38A3C0CA328240D7
:1004D0003789D9C03B70DEC029CBC0BFB22EF2C174
:1004E000E336F23F7424FF3FE414DD3F211FBC3F9D
:1004F000EA95064034112E40CE880E40B30CD13E12
:100500008D97BE3F4F40174089D25E3C448B48C018
:100510008FE4EABF5EBA5DC0598620C06DC5FE3D5E
:10052000736821BF9CC480BE21B02A408BFD15C1D9
:100530000612EA40C4B12D41C58F824158A8AA4194
:10054000401378419B55B940D7120240AF2514BFE4
:10055000FCA975C0764F4AC0DDB598406F12DD40EA
:1005600080B750BF1D5A843EE3A50B3FD49A3FC1CC
:10057000B8AF9BC157DB9BC1750230C1F697AAC1CA
:100580009A779AC0933A15C0668853BF09F930BF6D
:100590001EA7E83C8B6C0B40C74B9B4074241F404C
:1005A0004694063F54748C3F0B46753F4F400340C2
:1005B0007B14AEBD54E3A5BEB1E109C054526BC07B
:1005C0004A0C04413945D73FF8C230406D563FC10F
:1005D0007446E04134A2AA41DA9BD541166A7E41B5
:1005E000D3CD8B41075F3D4185EBA140EFC9D140A1
:1005F000FFB289C0FF2165C08BFD0BC1D88107C147
:10060000832FF2C0DC6824C016FB2BC16F7084C13D
:1006100057DB94C19F2B86C1211F57C1DD35ACC16B
:10062000DD243741D73449417F6A6A41045641414C
:100630009643AB4032E6D63F9B5513409C331EC0D9
:10064000C1CA05C08F5304BFC1390BC074243BC05D
:1006500036AB32C04C370540C520883F24286AC0DD
:10066000759398C00000DAC0BEC103C1B751D6C1AE
:10067000789C3141FCA90E4129ED3C413480304148
:1006800086C9FC3F2D436CBF54E31DC05DDCD8C060
:100690008E7512C12EFF26C1ECC00DC10C93CBC0CC
:1006A000EC51783EF853054186383E4070CE1841F3
:1006B000D0D552C083C04AC0925C8E405D7E97C147
:1006C000BA494B418DA8914116EA8C4196211341BC
:1006D000ECC0C93F832F8CBF97FF9EC0C520C4C00C
:1006E0009621ECC0D191E6C0ABCF89C0567D664063
:1006F000158C1D4168B32B41840DEFBFE8D936C17D
:100700008FC25EC119E202C1BEC12B4007709DC1FC
:100710008638563F7368E1BF1FF4EC3EE71D174073
:1007200046B6A340C898F740A4DF1741355E8C4019
:10073000787AC5402BF6B3402BF6CB40D42BAB4098
:10074000F7062F407E8CAF408048954039D606C1D1
:10075000C3D32FC1CDCC0AC1BE302CC12575D1C1A8
:10076000CA544F416833804175829841447A974119
:10077000F2D24A417E1DFA40B3EA73402E90703F98
:10078000BB27C54045D8EE40D93D21C08273E4C0A7
:10079000539623C12B1823C1249785C07B14B8C05E
:1007A000EFC967C1AEB604C1C66D5FC176CFE8C1FF
:1007B0003188EA41FEC3D741159D9F4181264741BB
:1007C0009FABEB40174838400612B43F61C31FC0CF
:1007D000A1D6ACC0327783C0BDE3A6C0B5A6CFC05A
:1007E000B98DBEC02497CFC0FED4D4C0F085D7C089
:1007F00040131FC199BB07C15BB13DC10523A4C113
:100800006744F540EC2FFB406F12AB400B465D4058
:10081000832FCA40BC05923FC58F49401058A34062
:10082000C5FE723E73D78A3F1B2FDDBE917EBBBED5
:10083000865AB3BEDA1B0CBF4F1E03C1273178BFE7
:100840006744E1BFCC7F58C0539641C0379AB2C1CC
:10085000DFE0E140E8D9094157EC1B41D3DE6641B6
:1008600064CCA64162A18841FDF6E140280F1B40FF
:10087000696F00BF83C082BFE0BE4640A167AB4046
:10088000B7625FC027C2ECC0D712EEC06519E2C0E4
:10089000E8D90CC1D9CE4DC1CCEE96C14F2FE2C1E3
:1008A000448BB84095652CC09B551A41ACAD48BFF0
:1008B0006C092C41AAF132408A1F27C0F0A752C010
:1008C0009E5EC9C002BCF3C033C44AC1E258AFC087
:1008D0002F6EA14096215C4148E12441789C9040D4
:1008E00041F1ABBF02BCAF406666DEBF1F74BCC146
:1008F00096B233C11214FFC0BDE3ACC036AB56C0D4
:10090000D7A34CC01B2F87C05BB17FC07671ABC033
:10091000772DABC013F299C0DFE0AFC076713BC05A
:100920002506254055C198408FE45C411CFC8E4152
:10093000CA541D4133336F411D5A30410B4638C1F3
:10094000DA1B34404F1EAE3F4FAF884052B89C4038
:10095000FBCB8A4012145BC0D5094C40E948A24049
:10096000AC1C7E401826C740E4836E4091EDA84041
:10097000C3F5B03FF90FF5C0B1503BC0E17A00407C
:10098000F2D281C0A779B3C0448BA43F6822D1C101
:1009900080489F402D43CE40B1E1F74032E61541FB
:1009A000F7E418415C20134130BBCB40F38E9D40EF
:1009B00069000B40B8AFE33FB150BB3FAF94C5BE39
:1009C0004182C4C0F016ACC0E78C28C0696F20C05B
:1009D00001DE05C14469E1C0539634C1DE02A2C103
:1009E00055C120417CF23F41F4EC83419A779F410D
:1009F00029DC8141FCA9144119048A40E6AE353F47
:100A00009D1183C0C9E501C1371A28C1B00325C1B2
:100A1000F5B9A6C0B8408A3FD191CCBF0B4679C08A
:100A20004703A03F29CBF0C0CCEE4EC12D32D9C137
:100A3000AE588841D35E99414D73B541E8D988419C
:100A40008E060C41CE888C40D93D39BFE6AEA9C098
:100A5000BBB8FDC06C0906C10E4FEFC0304C72C070
:100A6000BE3021C00AD7A33CB6F3C5BFF016483E3E
:100A70002B872CC14A7B40C1A2B443C05CA0CEC12D
:100A8000D645954101CDB24130AABC419C33984135
:100A900034805E412D435541A5BD1041B0034FC088
:100AA00058CAA23F8A1FBB3FF5DB8BC0B515EDC00E
:100AB00004562CC1A60A3DC10F0B65BFB4590BC12A
:100AC000719BB2C1401301C1213094C12B18D4C114
:100AD0006C785240567D764029CBC03F711B9D40BB
:100AE0003D9B79409E5E7940CE8822BFD0D5C6BF5F
:100AF00057ECA7BF310814C05839ECBF2D4364C070
:100B0000690027C0FB3A5C40A32381BFF38E43C03A
:100B1000CDCC9040327759406744913F643B7FC1D0
:100B20005249B5C08D2879C05EBAF1BF90A0D03FC0
:100B30000C9315403FC6044058390840AED8DF3EFC
:100B40005F294B3B34118840986EA6401EA7544045
:100B5000D42B3940772DF93F0B4609409CC4703F98
:100B600083C00A40645D1840AED8A7BF4ED1A8C16B
:100B7000E5D0AD41C65CC2418AB0B94101DE574102
:100B80001FF4EA408BFDBD3F48504CC06ABC9AC080
:100B9000CD3B26C1045636C147034DC11E163AC18E
:100BA0006EA31FC11B9E26C0D0D57240FCA9614018
:100BB000C58F89C051DAC1C08FE4B23E1737B0C1CA
:100BC000C286E3406744CB40D7A33A418C4A964162
:100BD0009AF7854146250541840DBB40C5FE8A40F4
:100BE000EFC91741BD52F84045D848C0151D25C171
:100BF00090A062C1499D72C1BB273BC1C3F5E8BF4C
:100C0000D044E6C0AD6908C1787AEDBF984CB4C154
:100C1000098A6341226C8E41A4DFAB41A381C741A5
:100C200019E2C741832FB3411904AB41E6BFA74185
:100C30006DE75641DFE08B3D46B612C1AAF151C1C6
:100C4000075F5EC143AD6FC10E4F91C140A4A4C107
:100C50001A51B0C13F35B8C1DB8AB2C13709C3C12F
:100C600060760E415EBA1C41F628154194873B41DF
:100C700040138F410D71A94142CF99419FBC8A41D8
:100C800047725E411D5AEC409CC42CC0744605C19D
:100C9000431C22C1DC680CC154E3C1C0BB270CC19A
:100CA0005F9877C1C431C0C11294CCC133B3D6C1EF
:100CB000E0BE764018268740ABCFC74046B64841D5
:100CC000362B91414F1E614172F9BF403F352E4096
:100CD00099BB863F6B9A0B40EC511941AD69564068
:100CE000DE938BC063EEA0C0B29D0F3FF70625C117
:100CF000B68475C1014D4BC1B37BF4C01E16E9C16A
:100D000037890EC16822C6C0E56175C0A5BD413DE9
:100D10008638B6BEF2D285BF925CDE3EED0D3E3F18
:100D20005917373E4F1E1AC0986ECABF2B87463FD1
:100D3000CE8832404625B5BEFE65173F93189840D1
:100D40008CB9A9405E4BB24042600741C8079FC0C2
:100D50000091C0400F0B1341D7A34841EC518D4186
:100D600099AA9041E3C7314170CE68400E4F6FBFE2
:100D7000A8C61BC0499D54C0022B1FC03333AF40CF
:100D80001B9EC440A54E6CC0E41421C0F2B030BF1D
:100D9000FF2130C1D28086C1DCD78AC182E2E4C1A2
:100DA0003D9B4A4181268441931888415305364131
:100DB0005F073240D42B35BFEEEBB0C0BB2703C179
:100DC000470313C17E1D28C1B22E15C1CE88C6C0EF
:100DD000E09C05404D840541CCEE31407F6A0741DF
:100DE0003867A0C0355E10C148E1B2C01CEB4BC1F2
:100DF00092DCD4410AE8C841D2EF9D4122FD5B411B
:100E0000D8F0F04007F09A401D5ABA40C217BE40D1
:100E1000ECC0554006129A409D80D6BFBEC18DC021
:100E2000AA82E5C00681D1C005A319C136CD1EC175
:100E3000F84288C1228E9CC11F0596C1C65CB6C10E
:100E4000F46C1541E78C7741E3C79D41D8F05A41D6
:100E5000FA7EB840A54E3C400D716CBE5DDC42C0D0
:100E60002A3AA0C0E92669C038F86640A4DF0141EB
:100E7000A01A87BFD34D22C0C2170640A857CEC0C4
:100E80000DE030C1BF0E1FC1567D39C16C89D1C183
:100E9000C0ECD640728A4E411058024167D53F409F
:100EA000B3EAC3BF7FFB7240045694405E4B483E9A
:100EB00009F98CC07E1D244070CE60C0B22ECEBE1B
:100EC0003CBD023F2EFFD1BF569F7B3F3EE8B5C0E1
:100ED000B9FC07BCF7759CC0D8F054C0916D90C1A7
:100EE0000DE0ED3F32E6624018952C41014D254161
:100EF000E5610D41780B3541E17A4A41A85701413E
:100F0000B1502341C5FE6141D34DE23D23DB9F40FB
:100F10002C65BF409D11FF408273F0405305C1C056
:100F2000E325A8C14AFBBBC178CB02C2F7460CC27D
:100F30009FAB5141CC7F764133C48C41D49A9041D0
:100F40006EA3354177BE8B40A323294029CB603F58
:100F50002F6E233D6B9AD54011C70341AB3E2BC08A
:100F600073D722C145471DC16EA349C0D93D18C1E1
:100F7000865A66C11826C9C0AD6959C18E06E6C138
:100F800004E78C3DC4B112408716D340BEC1054171
:100F900024B90341AA600A410BB5E4401D38E5407D
:100FA000006F8F405F075A4036CD34413EE818410C
:100FB0005E4B283F006F25C05BB1D7C018950AC1B2
:100FC000083D0AC16A4D40C1FF2153C16290D0C1A2
:100FD000E3361841431C3341D7346A4174A4AA4113
:100FE000167BA74192CB4D417E8CBD40A54E44401F
:100FF0007CF2103F73D7364072F9EF40454722BF6D
:10100000A9A41DC11B9E47C1E71D34C182E297C040
:10101000068159C1AA8290C1E9486EC1EBF3C6C1ED
:101020008FE4B240E414A540D19196409A778A406B
:101030009A77BA4018261841759306413199D23FE4
:101040009D1111C00E4F2BC0D95FB6BFC52090BFF8
:1010500061541A40E483E6BF3F359AC0888503C1D6
:101060003BDF3BC02F6E83BEEA95B2BE1BAFADC166
:101070008FC2D53E917E9B3F51DAA54022FD15419E
:10108000CCEE1B41BD52BE40D734A140925C224001
:101090006A4D2FC004560EC10E4F31C17B14E2C001
:1010A000BF0EEEC0EE7CB7BF0B2423414C371A4174
:1010B000F46CA040C44289C00AD777C079E98BC1DB
:1010C000083D0D41C1A81141DD245B41FD769741EA
:1010D000CFF7A341FB5C7B4194F61141029AB240E9
:1010E000BC96E03F6744B13F4DF3DE40E561CF4041
:1010F000BE30A740A0898840A8351DC132E691C105
:10110000C9F6C1C18885C1C18C4AB6C1841EE2C17D
:10111000A4DF26C1BEC133C12C65F3C034A20AC10D
:101120009565FEC00000C4C0A0898CC00A68DCC000
:101130007446AEC06F8110C0BDE3ACBF6F121340E8
:101140007C619A40B1E14B412B18474119E267415C
:1011500000006D4129CB4F415AF5194162103EC143
:1011600058390E411EA74041D3DE894129CBBA41EF
:10117000D870B1419A998A4155B0834120E3944196
:101180000C934041840D07C096B2F0C02AA93BC120
:1011900033C437C15EBAF5C0B8403BC113E1A9C141
:1011A000A301BDC1B8AF9AC14469FBC0ECC0BEC1C8
:1011B0003E79F8C0713DF4C0C898BFC073D7B8C0BD
:1011C000211FB0C054529FC0865A63C0234A7BC0BF
:1011D000C44297C0840D2BC0F775D8BF910FFABEDB
:1011E0009D80EE3F48BFC53FCDCC4840547411416F
:1011F000CFF73A4183C05641294B8741E4143DC0A3
:1012000080C88C413108A841B6F3A241569F7B416A
:10121000B22E5541BB2751411C7C574150FCE03F49
:101220008FE4C2C08FC2DFC0C97605C1D1222AC1F6
:101230006DC518C1C5FEC2BF022B7F40CEAADDC05E
:1012400004E78BC18CCA93C1C3D30EC1EBE2CAC100
:10125000A8C6C540ACAD844062106040A2452E4097
:1012600096217E404D15024123DB174132556C40DB
:10127000F0A73E40C3D30340F6281CBF499DD0BF12
:10128000F08521C089D222C0D3BC7FC075022EC098
:10129000E02D7CC01EA77CC01B9E9EC0B90DA0C1C6
:1012A0002F6EF740F90F8F408B6CA740371AFC4028
:1012B000A69B11413A23AE40AED8C1402C656D408B
:1012C000B98D463E8D978EBE2C65993F6C7826C0B1
:1012D000FED4283FF8532F40A1F871BFA54E90C00F
:1012E000143F07C13867CEC0BF0EDCC06065C2C105
:1012F0003F57CDC0CC7F74C0C28657C0B150ABBF82
:1013000089D2DE3B36CDBBBD8B6C27BF44FA8DBF87
:1013100061320DC0477239C01B9E42C01CEB2AC00F
:1013200066663E4007CEC940F54AEF40234A414138
:1013300021B0B840BA49B2408E75713F764F58C15E
:10134000166AF340CE19164127C25741AB4F9F4151
:101350008C39B641E17A9341BE9F7E41A54E9741BB
:101360006B9A2141FD878AC01C7C03C11DC95AC1EB
:1013700096437BC11A4084C1A7E861C137896DC01B
:10138000DAAC5CC1C2174DC10C93F9C0AFA5CEC198
:1013900035EF9640711B7940910FB840249700417A
:1013A00068B34D416DE78541E71D7141DA1B1C4172
:1013B00029CBEE40F853ED40F628F8406900973FFE
:1013C0004FAFCCC0D3DED2C0BE30C1BFD1911BC1A4
:1013D000D64588C1D42B7CC1C8984AC187A7F7C11C
:1013E000BEC119418CDB5641F2D29541CC6E914180
:1013F00058A81D4150FC6440FDF6BD3F4D84ED3EB4
:10140000226C08BF95D42940B9FC1D41A1F851C0F8
:1014100095D40EC1A54E31C18BFDC9C0C05B24C09F
:10142000772D75C1FB5C46C10E4FFFBF0979CBC15B
:10143000378979404694F440956557419FCD864160
:1014400048502141F2415B4069002FBE63EE98C0D5
:10145000F7E402C1DB8A13C167D504C1865ABFC055
:10146000CDCC00405EBADF404850BC3FDE93D14057
:10147000812672C090A09EC0143FAE3F56FDE2C1CF
:10148000C2865E4120638641D712A541F539C54128
:101490003CCEC24116EA9A416D568F41D12293410A
:1014A000643B3B416F12833A36AB21C1CE886EC19B
:1014B000F8D391C17446A3C1AE36ACC10AE89DC150
:1014C000B29D58C16F1218C15DED84C1082CB9C11D
:1014D0001AC0E54074463641E7FB7B41C1289B4179
:1014E000220E8B41FDF62B41849EE940DDB5C440C0
:1014F0008A8E1241E71D3041DE0299400E4F1FC017
:101500009A086FC0682270C05F07E6BF925C1EC178
:10151000CA54B2C13D0ACEC15530B8C10C02DCC1BB
:10152000B81EB540295C0741767127415C204341D4
:10153000C6DC6F4119849441015E8841910F2541B9
:1015400019049A40A69B144027C2163FAC8B8340D7
:101550004CA69A3FEC5116C1304C5BC177BE51C1CD
:101560002DB221C116FB34C1C5FEAEC1B3EAF9C12B
:10157000A5BDF1BFE09C41BF3F57FB3ED7349D4026
:101580009790DD40C1A8A4407A36C740BEC1CD4087
:1015900058A8A5401B2F13418A8E5341BA6BAD400A
:1015A000767143C0A52C97C09EEFA5C042CF72C0F4
:1015B0007CF2EAC0ABCFC5C020638CC093A9CEC17A
:1015C0002B87354111361F4187A7024170CEC2409B
:1015D000CCEEB93F226C783F1F85994065AA8040C8
:1015E000F01618BFE94822401D5AC43F46948AC0ED
:1015F0004F1ECEBF5DFE8DC0014D04BD3D0A2BC008
:101600007D3F01C07AC761C095D4CBC0FF21CAC15C
:10161000C8074DBF20D2B340E71DE3405B42C44042
:10162000029AE640EEEBEC40075F9240A3010741CF
:10163000637F8940083DFD40F62851414D841540A7
:10164000B840323F03781FC02EFF9DC0C7BAE8C024
:10165000BC7403C15C201AC1F54A67C10AD7D7C15F
:101660004F1E1741E7FB47412D217D41166A8A41F4
:101670002EFF2E41D42BB1402D215F3FAAF19ABFFE
:101680002B871EC096B25CC020D2873F5917C54039
:101690009790DFBF09F9F2C077BEDDC02E9008C079
:1016A00044FA0EC1DFE025C1705FCBC0A779E3C16A
:1016B00088853841A7792E41C88782410EADA8415F
:1016C000789C3F419CA2E140E2E9553F81959FC053
:1016D000713DDEC0C4B113C195651CC1C44203C1D4
:1016E000C0EC12C0DE71B040492EADC08B6C2FC073
:1016F00093A91A40F163EEC07502C2C0933AC4C107
:1017000004E7144182E215417593334150FC5F4177
:10171000B6F36641D42B33419D80CA4076E0B43F96
:10172000BF0E2CC00AD7E5C0B81E30C197FF45C117
:10173000E71D14C12653C1C0B6841440AA82934049
:10174000BA49644096214EC046B618C1099BD3C120
:10175000EEEBD6C09A08C1C0D0D572C0C1CA613FF5
:10176000F46C6A40CD3B8A40B8AF97408A8E824085
:1017700032559C40C9E5BB408048064185EB1A4183
:10178000AF2529419D1179409A99693FFAEDA3BF90
:101790004BEA6CC05839B8C03D0A04C198DDD2C1CB
:1017A00095652441F8533A41150C83412731A141F5
:1017B0008BFD91416EA34C41EE5A26416B2B0041AB
:1017C00029ED2DBF76E0CCC052491BC1341159C15F
:1017D0002C656AC1888581C1CC7FDEC0E3C7583ED5
:1017E0004BEA34BF39D69DBFCAC32AC158CADAC131
:1017F0001B0D5641CDCC82417AC7754192CB0E412B
:10180000C74B5F40C6DC45BF121427C0E561F1C07D
:10181000D73400C1E3A5F3C0DF4FFBC0DFE01BC03E
:10182000F628D040A1D692C0BC0552C00EBEBC4026
:101830007AC7B1BF80489F3E90A0B83E42CFC3C197
:10184000304C2141F2B0614173E8A2414F40C041A8
:10185000B6F3A2415530884168918341D5099A4138
:10186000EE5AC0409EEF5BC0F9A01EC1B07251C1DC
:10187000713D70C1C58F37C1FA7ED4C0C58F21C1FB
:101880001EA76AC134919FC10AD79BC1516BBFC1CA
:101890007DD0E5C03277B1C0B98DCEBFADFA4C3F37
:1018A000D0D5F63F0EBE2040E9B7AF3E637F55402E
:1018B000B30C913ED34DAABF77BE1FC01C7CD1BFD5
:1018C0005F982CC017D96A40EC51DA4061C38F4051
:1018D0003F35C6409621D840C4420D4002BC86C167
:1018E000211F1A4197903541075F6641CB21A641E0
:1018F000B5379E4119734541832FC6403D9B853FB7
:10190000037893BF0C02CBBF3108EC3FD8F0FA400C
:10191000CA32C4BFC0EC1DC1242823C1B29D0FC070
:101920002AA940C127C294C1ABCFA4C191EDDAC1AD
:1019300080B7C03F6210D83FEBE286403277184153
:101940004469884143AD8141F2B0084155C18640A8
:1019500071AC8F40D1913B41C976B24011369AC0EB
:101960006210F0C04625BFC0CA3244BF107A24C1FD
:10197000E2586EC120D21DC1FBCB46C01D49DCC15F
:101980004E6273415DFE8F417502AC410E4FC741FF
:1019900073689941A9137E4174468341986E8E41C4
:1019A00048E1BC40211F58C0840D27C116FB75C1FA
:1019B000A2B494C13C4E9EC1099B8DC14ED163C15E
:1019C0003C4E5FC1F9315DC14F1EBAC0A089ADC1A7
:1019D000BF0E4341705F8A41B3EA8B41DA1B2B4152
:1019E000F1636040857CD0BD8D9722C0BF0ECAC018
:1019F0000681F3C0265309C13867EEC05C8F0EC064
:101A00000A6806417F6ABC3CF931D6BF51DA3740DB
:101A1000BC9603C15227E8C0EC5118BFCA329FC11F
:101A20001A51DABE97FF903D04E7F43F8FE4C240BD
:101A3000FA7E4C4174C68E4134804041A8359F40A7
:101A400091ED88404D15DE4019E22441711B4D3E59
:101A50001973D7C0D04420C19A7720C1925C32C09C
:101A60004BEAB4C0EC2F15C11B9EC2C0ED0DD3C113
:101A7000A1D6FA40AEB64F418FE4A04154D2AE4158
:101A800032777041F2B026415DFE1F4180484841E7
:101A90006DE73A4162A1D6BD2EFFB1C07AA5CEC096
:101AA0000DE005C09031CBC09BE68DC14636A7C185
:101AB000C0DBA8C19FCD5AC151DA6FC0F98FC5C133
:101AC000AF2590418BECAD41B29DA1413480834163
:101AD000A52C464101DE4341F628434105A3CA40F7
:101AE000FFB28DC00C9337C1FAEDBDC03E790DC178
:101AF0007D3F25C17B8399C01EA75C40E86AB33F48
:101B0000516B7FC1A91389C1349187C1F174E4C1BC
:101B10000DE00F41AA820641431C24411C7C284150
:101B2000560E22415AF59D409B55EF3F88F45BBD10
:101B3000CC7FACC013F2BFC01AC095C09D11CD3F81
:101B4000211FFCBF9565ACC0B45915C01B2F6DBFDC
:101B500020412DC0158C16C0D42B59C0E03EACC11D
:101B6000423E283EA4700DC0FF217DBFF5B95EC086
:101B70003D0A07BF6DE7BBBF1C7C11BF4694C6BFC3
:101B8000F5DBD7BED3DE003F3A235ABFDD2432C097
:101B9000C05B003FFAED9BBF3BDF3FBF4D84A940D8
:101BA00058A8BB40F46C04412CD4C0405F071DC151
:101BB0000681F540C4420141C4B11141158C634115
:101BC00051EBAC418104C54180B77641ADFA4B4140
:101BD000FC186941AE476641B003273F58CAF6C0BA
:101BE000250645C197FF56C1EA9500C1EA046FC1B9
:101BF00010D8ADC10080B0C11E969AC11361BCC19E
:101C00001904124097FFE03FBADA2ABFBE9FE23FB5
:101C1000BC74F33EA4DFFE3E90A0B0BFB51507C074
:101C200048E126C03D2C64C0A8C637C0448BDAC04A
:101C3000C5FEDABF7DD03340C4B13EBFA779234093
:101C40004BC80A41BE3009BFA54EDC40C3D395C086
:101C5000219F9141015E8741D5E741415AF5F54009
:101C6000EE7C4340C139133FFBCBCEBF3B709EBFE0
:101C7000E63F48C03D9B87C04FAFB4C0492EA3C0CC
:101C8000E3A5A1C007F09EBFCB10973F70CE983F51
:101C90009CA2C33E143FCAC05249CDC0F98FAAC10D
:101CA000AF256040371A9E40D34DD040BE300F4123
:101CB000363C54418FC27241F0163F41ECC0C740E0
:101CC0004625953F70CED0BFAC8B3FC0211FF4BFDF
:101CD000014D5C408D28354011C74EC024B9AAC0C3
:101CE00024B914C0BF0E2CC133B38EC1029AFFC1F8
:101CF000BDE3984087162541C4425F41C4B180418D
:101D00003F35124141F13F40B5A629BF499D86C0EC
:101D10003333B5C01C7C9FC00B469DBF0378F74092
:101D2000BE301541234AED40FAED83C098DD39C13C
:101D3000431C0CC1083DB3C03D9BB9C0D0D5E8C120
:101D4000E56175C05C20B1BFB37B72BF3480D7BE84
:101D50006132E53F60E58640A4DF0E4026E489401D
:101D60009E5E913F2D210741BEC11C4110E9CB4031
:101D7000D0D52640029AA83EA913D03D5DFEA3BE51
:101D8000CF6687C0DDB56CC027317CC07279B4C125
:101D90001DC9FF40643B2F413FC66941294B9E410D
:101DA0003D2C73417CF2D040ADFA9C40F2D23D3FD5
:101DB00007F006BF40A4DFBD4BEADC4034114641CA
:101DC0008048F940DB8A054086C911C19CC445C1E1
:101DD00007F0B8C04C26B9C1910FE8C10BB5EEC1F0
:101DE0002731CF411984B94176609D41B76277416F
:101DF000341115418E75AF407CF2C4408F53EE40D4
:101E0000F54A8740F016B0BF917E00C1006F37C120
:101E100008AC27C1D3BCF1C05C2087C0A167C1C09A
:101E20003AA383C18D1783C19CA250C1FE65AEC188
:101E3000E10BBF403A23D640B1E1084181266C4115
:101E4000DE71784145D82341865AC14001DEDA3F30
:101E500060E510BE1058D93ECC7FBC4038672441A5
:101E600020413D4026E4833F68B3F2C054E377C18C
:101E7000BE4180C161C305C1BA6B40C1FA7EF3C1E6
:101E8000A167733E3BDF9F3FBA6B693F0BB5E63FEF
:101E9000A54E70407DAE9C4017D9A440BC968840AA
:101EA000DCD7C13E1C7C013FBEC1F73E64CC7DBF88
:101EB0006822B43F091B963F19043AC04BC88DC035
:101EC0005B42DEC0583974BE7A36CB3E9FAB31C11F
:101ED000BADA9C40F9A04F4005C59FBF40A49FBF00
:101EE0007CF204C0B9FCADC07FD9BD3E0AD78540A5
:101EF000F90F42418FC2A53F061214C0F7064BC02E
:101F0000CAC3E2BEDA1BD4BF91ED1BC1D200D240DE
:101F10001F8556418D28E340378905C0151DBEC178
:101F200033C4D4418D280741FD873E415F293B41A1
:101F3000F853B33F000080BEF7067F404625694056
:101F4000637FC1C0B22E224005A3A8C0D12238C1F0
:101F5000F5DB734013F2C9C013F21DC0C1CA0940BA
:101F60003867CCC02DB2E5C0FA7E06C1FBCBB2C14A
:101F7000F1F412407FD94D3FABCF553F14AED34063
:101F8000D3BC68419E5E714138F85240ED0D0E3F62
:101F9000FAEDD3BFAA8201C0DF4F39401B0DF040DC
:101FA0002EFF99BFA913B6C0CB1099C058A8A53F62
:101FB000BDE3EAC09A0806C19B5581C048E1A4C1AF
:101FC0005EBA49C0AD69FEBE83C0D440BF0EFC40BE
:101FD0009EEFB140D5E7D0404547B44007F084407C
:101FE0007AA55F4143AD31403E79C4407D3F6DC02D
:101FF0006B2BE6BFD93D39C09621C0C017D9D0C0E0
:10200000FBCB37C1C58FC1BF23DBC1400534DEC167
:10201000310800C1849E93C0B53748BF5839544039
:10202000BA498E4014D098402731344067D5873F55
:10203000C1CA99400C93C1404A0CBE40204149405E
:10204000D0D53640516B2ABFE78C2CC09A9909C075
:10205000ECC079BFE02D90BEA60AFEBFA77988C16B
:102060003B0147418E868E411D49B241D8F0AB41BC
:102070001361764106813A4142600741E0BEBEC02D
:1020800013F26BC12BF67CC17B14AFC1D1A28AC104
:102090003BDF50C1516B56C0A167B740C66DC43F0E
:1020A0006ADE913F0C02F3C0B515EBBFF01683C199
:1020B000787A653F4B59463E6519E23D63EED23F63
:1020C000BADAB44025064341006F24417E8C8D402E
:1020D000F46C863F2BF607BF0534A13FAF25DC40EB
:1020E0001361A94031997AC09A99C1C0A7E868BF25
:1020F000462589C0787ADFC0CB10E3C036CDA0C1B9
:102100004FC09E4117D956415F981A41D7A32A4123
:102110001F8501411136B040EEEBE03FBF7D85BF2A
:10212000711B4DBFDA1B34C0ED9EFCBEC9E5A73F55
:102130008638063F3789C5C0621002C105A3CAC0F0
:1021400070CEC0BFCEAA20C1583912C1CB90C2C137
:10215000EA952EC073D7DABF9CA293BFADFAD43FE5
:102160004F1EB840166AD9409FAB2941022B484107
:10217000DDB52941637F2141AB3ED5407593B84021
:102180002E90A0BDC3D37BC0D42B05C00BB522C0FD
:102190006ABCF8C096B243C1857C36C14694C6C1BC
:1021A0003D0A224124974241AC2D82416980A641DB
:1021B000C1CAA74195D46C417CF22241ADFAD0400E
:1021C000A0898E40CC7FEE403F574441B4C8DE40EA
:1021D000B840DA403A23A2C0F01691C11962C0C1DA
:1021E000C73ACFC1CC5DCBC1AC1CC3C1F7E4D6C1EB
:1021F00046251FC15839D2C0E5F21CC1D49ADEBFB2
:1022000068916D3D67444D403333E1405F2917408D
:10221000469496BF7DD0BBC0F6289C3E6F8186C099
:102220007671344182E2C7BE2575FA40A1D61D41C0
:1022300047039840A470DF40DE93F540A323ADC16F
:102240001D3860415BC28741BF8E9841C217704103
:102250008CDBE040CB10BD4034A23C403F350A400F
:10226000B53774408F53E840295C36418716F340F8
:10227000E17AD43F05A3D6C00D715DC160E57BC195
:10228000BE3085C1B84083C1A39283C1A54EE8C1C9
:1022900043ADC7408C4A5240789C62BEB003BFBF7A
:1022A000F016A83F46B67B40166A6140083D3740AD
:1022B000A245AE3FC1CAA1BD9A9981BF006F89BF37
:1022C000234A9BBE871659BF1826F3BED12293BF5F
:1022D0001826D33D190456BEF46CA6BFF85367C147
:1022E0007E8C6A41AF14A4414013BD412ABAA64175
:1022F000F4FD48411B0DD6408E756D406C785ABF79
:1023000036AB66C02BF6BDC01D5AE0C08AB071C0A6
:1023100052B8D63F2F6EB3C04CA643C1D3DE2CC1FA
:10232000E17A8AC039D631C1A0896CC1C3E4C1C188
:10233000235B8C4186DAB341302A7241736849418C
:10234000575BA3402F6EFB3FD191AC401A5166C042
:102350003333F3BEFBCB3B4153054F41BDE374C068
:1023600014D064C0D20005C1F8C21641A2B420C185
:102370009632A2C1AA8298C17368AEC13FB5BAC1F4
:10238000BC053941B1E161418B6C9941C353C641F0
:102390000DE0914130BB304181260441A52CD54050
:1023A000F5B9F240AAF1624147034341D712FA401E
:1023B0005249FDBEDE9383C1F47DACC104E7B5C1D3
:1023C0005ECBAEC12DC3AFC117D9C7C1F0A7CCC179
:1023D000FE43EC40A089D240560EB740EE5A24414D
:1023E000EC408541F38E7241A77919413A23B240FE
:1023F000B1BFA040711B1641A1F8AB406076A3C0ED
:1024000013F21CC1BF7D45C1C1CA48C13A92C7C0C1
:10241000D6C5BFC04BEA05C18E75DBC0728AEBC161
:102420006DC5BE3EAC1CB4C0516B4EC0FDF609403C
:1024300026537540F7754241C4B169417DD045418D
:102440009FAB7B410F8B8841D6C59940A779D7BFF9
:102450003BDFF1C034113FC197FF4DC15B421BC14F
:10246000DB8AA5BF8F53BCC009F9C0C031198AC12E
:10247000A8574741CD4C8C41C05BB94105B495414B
:102480001CEB1041E3C7DA40DB8A5540014D44BFE5
:10249000E02D60C051DAB9C068B302C0A9A462409F
:1024A00077BEAFC05E4B77C1925C6FC1B6F3E5C03B
:1024B000234A07C0DF4F26C194F690C05B31B3C1F9
:1024C000280FF9409E5EBF40265359404772913F06
:1024D0000C93293F8273C6BE560E9DBFC3F5083FBD
:1024E000F46CB63E8048A740832F1341E3C70E41EA
:1024F000B0722840EE7CF7BFB4C886C0553022C009
:1025000086C98CBF6D569DC01D5A9EC07593C4C1AF
:1025100081954C41287E3C41113640416ADE4B4159
:10252000295C3C41553034419D802E41014DE040B5
:10253000075F5840F2B014C0E94892C0BBB8D7C09A
:10254000736800C1DC460BC185EB2FC1A1F8E1C067
:102550009EEF15C1431CF5C0B81E9DC04E51BAC1B7
:1025600065AAEE408F532641E70C83414A0CA341F4
:1025700059868441903112417CF29040EFC98140EC
:10258000A2B4DB406ADE1C41FC18F33DAED8D3C0D8
:1025900058A806C18CB91FC0C1A817C102BC82C10E
:1025A000C9E58CC1569F52C1BC05F0C0AA82C0C10A
:1025B000AB3E2941C7294841333377410C02824160
:1025C000BBB86141863847417DD03E415B422741DF
:1025D0003411CC40E258D73FE17A78C0CAC3B0C0CA
:1025E00014D00DC1FF2101C108AC94C039454FC0C2
:1025F000A7E85FC10ECF8BC1E71D7EC1A5ACF1C1BD
:10260000295C844181A6AB41A01AA04108AC2841B5
:10261000A089403F910F3ABECF66B7C05EBA89BE6F
:102620007DD085C0E3C718BF1EA7C64005348540CE
:102630007AA5ECBE0681A340F54A23C15CA080C107
:1026400077AD9FC1A69B3AC1F31F8C4039B49EC1A0
:10265000705F273F4F1EF63F83C01240F085A740B2
:10266000BE30494162A130411F85EF4005A3523F72
:10267000A8355DC06C09A1C0B6843CC04C378F4002
:1026800014AE1941728ACE3F0AD7233B89D27EBF4E
:102690005DDCD8C01D5AFCC046B63BC01294DDC1FB
:1026A000A01A6241ECAF8D41EA95B7418104CC415B
:1026B00007CE9E41CFF746415DFE2C4109F96041AE
:1026C0004C374441C6DC29C0FD8735C18F5378C1E2
:1026D000819590C179E995C11D5A7CC1423EE8C0FF
:1026E000B98D1FC19CC41BC117D988C1EC51BCC195
:1026F000A167B7C054E381C0D26F873F0C027B3F14
:10270000E948AE3F2C652D407DD0CB40A8353A41FD
:10271000BA494041A7E812416B9AD940696FF83F26
:1027200025064540DD2422C06891B9C0166A2DBF38
:10273000B81E553F92CB97C0006FE3C03D8ADAC107
:10274000273188BF50FC483FF2D22D406744C34038
:10275000B3EA4141F016774173D72441E9488040FC
:10276000917EFB3F52491DBD88F41F408D281441C6
:102770008885FA3FE41489C0CC7F4CC0ACAD98BFCB
:102780006F81FAC0319909C12D4321C1B604F7C147
:10279000AF25B4C018958AC0A08914C04FAF64BFDC
:1027A0003D2C943E5917F7BF14AE03C0C1CA31C0C7
:1027B000F4FDC6C0166ABDC095D4D3C0423EB0C0B9
:1027C0009A99D93F03780FC0EE7CD740B98D1B4151
:1027D000643BAD409CC4764182E281412D2111C110
:1027E000B82FAF4116EAB9410B24AC41BA6B8A410C
:1027F000A8357A411D5A2B41979095C00F9C16C160
:1028000088F4EBC00E2D1AC1933A26C1ECC0F3C078
:102810007F6A6CC0CB101B40A52C45410D716DC16A
:10282000AD6963C162104EC133C48DC00523CFC1F1
:10283000BDE33C41FA7E7A41E859A24199BB864109
:1028400009F91241E5F223404DF32A404CA682BF1C
:102850009A99B9BF7E8C79BE1C7CD5401B9ED04016
:1028600061C3D3BE0EBE90BFCA3270C06F815DC15E
:102870004CA665C1D0D527C152A790C13E68DBC127
:10288000C1E85E4277BE1F425305D2410534704114
:10289000FC18CF40A8353D3F6E3414C0DC684CC0F6
:1028A000D7A33CC073D756C01D5AAAC02A3AFEC04F
:1028B000029A2AC1C1A852C1295C63C16F8167C154
:1028C000F69766C1CF665DC1F54A7AC14F40B5C182
:1028D000560E71400BB53A40B9FC87407F6AEC3F19
:1028E000A4DFFC40832F6D4180B73041560E5D4020
:1028F0003EE82D40228E75C0A3012440CCEE9140CD
:1029000022FD3A4040A418C192CB05C1A52C0DC1AF
:102910003411B6BF10E937BDCF662DC05E3AE0C1B5
:10292000705F16C19FAB00C160768FC0E8D9FC3FD5
:10293000E5F2BFBE1D5A96405839CE408A8E5C40A3
:1029400013619B3F60E58440C58FC1C0DC68E03EF9
:102950000612E240A85776400309324093182CC073
:10296000325500402575CC400DE08940F5DB8DC126
:10297000B5152A4179585C41D95F8941A857A141D1
:1029800044FA43413D0A5740A1F8194044FA25C092
:102990004A0C9CC0355EC0C097FF94C0280F4BBF47
:1029A0003B0100410E2D12C055C174C06DC53E3EA5
:1029B00005A312C10EBE6FC1068161C11D49C5C10B
:1029C000D0448541BB27AD411294A6418F534E415F
:1029D000C520034182E283405E4BC83F01DE36C022
:1029E0001A51B2C0A8C6D1C0E09CB9C07FFB16C0C6
:1029F000F0A79A407CF290BE228E353F6D561EC1E4
:102A0000F2B077C1645D40C14BC8C5C0F47DC3C19D
:102A100021B0C8406FF0E5406B9A104145474641F0
:102A200068A298413411B24174249641F2B04A41EF
:102A3000AA821A41643B5441151D3D4070CE3CC0F2
:102A400018268FC0D9CE87C0D34D4BC1BC859CC141
:102A50005986AAC1FFA1ADC1FA6D9EC16132D6C12E
:102A6000DE93D3404F40FF403B7019418AB085410F
:102A700030AAB641DE937F41F31F02416C789E403D
:102A8000B0034340FD87E84076713D41D42BB5BF8C
:102A900050FC88C0D712A8C05F290FC1848D88C19F
:102AA000F39F92C113F249C19D00A8C18D28D0C1E6
:102AB00069808A41F7E48B410DE08D4102BC4741BA
:102AC000D656BC40933A93401058893FA32331C057
:102AD00090A004C01FF4ECBE903173C0B4C8BAC05B
:102AE00039D609C1AC8BF3C03255D0C0386724C089
:102AF000BB27CFBFF2B0C4C0A60AF0C0F786A8C1FA
:102B000013F25940F775A2408273E24042CF1C4154
:102B10003333A0411984B441CAC33841EB73C74071
:102B2000151D8F403480CF404D842A41C4B16E3E84
:102B300029EDC7C05A6431C1789C25C1E5F287C030
:102B4000B22E73C1D49A98C1BA5A83C1F697C7C13D
:102B50000A68984030BB0BC0651912C0E56171C0AE
:102B600065193640EC51F0409D8035411904C6404E
:102B700019E2B83E4850A4BFB4C824C14ED1FDC02C
:102B8000E92683C07FD9AD3FE414CD40A392CA406B
:102B9000C5FE16415396C1BE1214E3C096C389C147
:102BA00001DE823D3480DF3FCC7F5040C364E4408F
:102BB00096B26441704EA84175828641D6C52141C6
:102BC0002FDD6441083D62411136BC3ED656CAC075
:102BD000D57828C19FAB4CC1D8F012C1BADA1EC05B
:102BE00074B541C1C66D5AC1B4C812C1083DD8C13F
:102BF0003B70C64066F7C64053960A417A367B4121
:102C000046A5A041439C8241FB3A1C411058F54027
:102C1000F7E43A41A01A0A4144FA29C067D5EFC047
:102C200030BB20C142CF21C19A99DFC088F44FC187
:102C30007F6A7CC19F3C20C1F628CEC0083DE3C11D
:102C40007B830641E336BA409F3C6440C139FB3F79
:102C5000ED9E1C40A60AEE3F08AC3CBFDC68184065
:102C60006B2B363E6076BF3F62103C402575C0C07E
:102C70003D2C14C0DA1B9C3EBC74DBBFAB3E373F1F
:102C8000D881ABBFD49AA4C09FCD024010D886C1D2
:102C9000DA1BEE40423E5840355ED04095656841B3
:102CA0009A0851418CDB8040423E98BF6132A3C0FC
:102CB000AC1CF6C0E8D906C16FF0FDC09D8056C0BF
:102CC000DC46DF409A087B3FE10BB3BF1283B24082
:102CD00073D74AC06A4DA7C0C5FED23FED1EA5C13D
:102CE000CAC33A41F54AA9407DAEE840006F0241AF
:102CF00057EC094117D99A40832FF43F65AA30C099
:102D0000F01690C0B5150FC18E7547C1E09C30C15B
:102D1000547498C0234A89405BB157406900873F8B
:102D2000A301BC409565383F82E247BE522793C15C
:102D3000D712E23FAB3E074036AB2E3F33C4013FD4
:102D400066F744BF21B012BF3FC62CBF9565E83E71
:102D5000D7A318C086C964BF8D97524082E2F73F5F
:102D60009D809C4089410E41158C5E401973D73F70
:102D7000B81EC5BEF62884BFEE5AAEC03C3D8CC11D
:102D80008A1F3241BE300241D712BE406EA3E740D7
:102D90003F351141CE195C4177BE7A413E792F41D2
:102DA00094878B40CEAAD14054740441FBCB04419C
:102DB00096B260C0CA320EC1242859C1D34D3FC15A
:102DC000C1A834C1917E6EC180B775C1516BEFC18E
:102DD00020E3894148D09641014D91412D328441F3
:102DE000AC8B5541C0EC2D41107A0741787A974061
:102DF000D7A32840E2E9953CDE02993F40A49740E2
:102E0000C9E53BC0D656C2C010E9EDC0E40383C19A
:102E1000E17A9FC1BF0EA0C1265373C1DB79E6C121
:102E200042CF7F419D008141C5FE3E4182730B41EF
:102E3000F46CAC40C3648C40D34DB040B515B54084
:102E4000D93D093F60768FBFDD249AC0AED899C0C6
:102E5000787A87C0D8F078C0D42BB9C055C1A4C047
:102E6000CA32D6C0341194C033C401C12417C8C1BA
:102E70008E752841986E27416A4D3041A4DF474145
:102E8000E2582341098A0B40A4702D3F38F8FABF5D
:102E90005AF5FBC0075F08C194872DC12BF620C1EE
:102EA000D95F18C1F2B0B6C0091B844030BBFF3FE8
:102EB000F90F9D40BC961840D26FD7BF72F96CC114
:102EC000DFE0DB40F2D2E3402D21FB40C729104177
:102ED0003480F140EC2F9D4044FAC14012834440BD
:102EE00043AD293F1CEBE23F2DB22D40CA54CB40ED
:102EF000EA9546403D9B87C064CCCBC0BA4910C020
:102F0000355ECCC093A936C1D3BC1AC1F9B1D5C1C5
:102F1000E3478541355EB0419A77A24176E057415B
:102F20009A080041083D0B41190422410D712641C8
:102F3000A60A864032E66EC0D578C5C0A7E82DC186
:102F40002C6580C14625FBC0B30C913E6EA3554055
:102F5000832F50C1469487C1690064C1FB5CE5C101
:102F600073D7D2BF1136C4BFE7FB39BF6DE75BBF74
:102F70006666C63F4A0C564085EBC140D191B840C9
:102F80003D2C3C4044698740B150EB3FA8571AC0E4
:102F9000AED8DF3FF9A097BFC58F913EDD24E6BED6
:102FA00083C0C23FBC050EC00D71A4BF45C787C119
:102FB0009565AE4003781341A4705A41FAFE9441DE
:102FC00014D0A9417B948241143F23419F3C5C4132
:102FD00014BF824139B4FA40ECC059BF832F44C0BA
:102FE000EA04543F964399C0091B65C153055AC171
:102FF0003C4E84C129CBCDC1090AD3C1EB62E1C1EA
:1030000005C5AF406ABCE8407593374105A38741C9
:103010000D715F419E5E9D4082E2BF3F6210C0BF66
:103020000F9C57C00C9387C05F29BB3FF5DB07415E
:103030002A3A223FF8C284BE1214BF3EBF0EFAC025
:103040005DFE22C1CFF7F1C0567DE2C0A53DF4C1BF
:10305000FFB2D540567DBC40226CD84060E512419D
:10306000696F0D4118951B41B0720B410681F94003
:103070008F53CA40280F5B4080B7803EF853E33D32
:10308000FDF6D5BFFDF6ADC0D509BEC061C303C115
:10309000107AF0C06ABCE2C0E6AE0DC13DACE7C13B
:1030A00068223D41DBF98B4124A89C41ACAD6A41CB
:1030B000FA7E0C41857C29417A4789411E163241AE
:1030C00088F4CBBF60761BC0F853E3C03E79E6C0FE
:1030D0007DD014C182733CC1FBCB08C1F93136C12C
:1030E00093181CC14703F8BD6E3440C1DBF9EFC132
:1030F0001F852241E71D43418FE46F41BF8E83410D
:103100007CF262418E75044151DA8540B1BFCC3FFB
:103110008D28CDBE58CA2A40AAF19240E3A573403B
:10312000674409BF206336C0B003C1C0F38E01C13C
:10313000FC1834C106817FC143AD85C1BC05FAC10D
:103140007FFB8A414A7B84412B87424132E6124011
:1031500051DA3BBFFB5C0DC04E6240C014AE5FC095
:103160004CA6B8C058CAF2BFCE8884C0EC5110C07B
:10317000E02DF0BE545227BF789C1EC00DE0ADBFBD
:10318000C9768E3F8638C6BF1F850BC0CC6E8AC1FC
:10319000E3362F41280F6B413956A741BCF4A541B6
:1031A000113656410D7110412DB20741022B2741B6
:1031B000499D324105C5A7BF925C0EC1AE4747C1CC
:1031C000394562C1037843C112A502C1AAF112C1F7
:1031D00025756AC1107A2CC1045656C0FE43C5C17C
:1031E000030988C00E2D8AC0508DCDC0014D82C00C
:1031F00076E018C0068149C09D8086C0D93D61C077
:103200003108F0C07424ADC0228E15C0F2D21D3F2B
:103210006F1223C02063D2C052B8B6401283E83F79
:103220004FAF6D416210C341A1D67C41F9A0CFC020
:103230003F35DC4036CD2D4101DE7541C286674108
:10324000849E25402A3A323F613271C06F81E6C0C8
:103250009B5515C1287E28C16DE719C17F6A03C13E
:103260002B1859C0C3F5014195650C4166F717410C
:1032700048E13ABE637F7DC0516B22404FC0BCC164
:1032800063EE2B417C61574106128341704E9141A0
:10329000569F3F412F6EC7402B180D40643BD7BF50
:1032A00048E1ACC0696FAAC0E6AEF5BFB81EB94030
:1032B000EA95E0400F9C0D410B46E1C0AAF17CC1AC
:1032C000122588C1D42B17C132E618C160F6DCC1C3
:1032D000FCA98F406ADED740D200354101CD95412F
:1032E000AF1491413D9BD1403277953F645D84BFDF
:1032F000FFB27FC012A515C09CC4644021B03D41FF
:103300002CD43A403EE8C140B1BF9CC0553050C1BA
:10331000DBF981C1386770C1D42B2BC1FB4BC2C113
:1033200083512241B98D2541E7FB6B41D95F814132
:10333000569F8741A01A36412EFFDB408D97B63F3E
:10334000615432C05B42C6C0EF3800C11361FBC09C
:103350007FFB36C03EE88140B98DAE404F405740BC
:10336000327723C1C0EC81C10C8296C15C8FDFC172
:10337000F46C184158CA1D419D803A41E3258141B2
:103380004FAFB441B22E9841D5091941D93DA34060
:10339000F31F7A403E79DE40F31F1741DA1B9CC0D1
:1033A000E09C29C1D73480C1FEE584C14E626CC166
:1033B000AB3ED5C0E2585DC1402483C1C3E4BFC168
:1033C0002D4334C05DFE83BEB81E394075938E40D8
:1033D000849EB540F31F9640D0445C40C6DC594003
:1033E000C1CAF13F8FC2ED3FF93106BF304CFE3FFD
:1033F000211F743F477279BFF853B3BFE78C0CC0ED
:10340000832FA4BFF16314C0787A09C0F39F8AC1E7
:10341000226CD24036CD274145D87D414024A4417D
:10342000CCFF92411895064117B79740FB3A003FF1
:103430004ED13DC0DAAC84C0E02D92C0F01628BF5A
:10344000BBB8B940B3EA17C0E8D908C1B684D2C046
:1034500058CA36C0A9135CC1E4038FC18796D7C18F
:10346000DD24E440E78C054198DD0F41083D6C41C7
:103470000000A441083D7841B1BFEA400DE02D3F76
:10348000FA7EC2BF9031A1C07C61723FBE30E14084
:10349000B51581C08E751CC1431C0FC1B5155BBF2E
:1034A0001B9E40C14F4050C112A5E5C0A2C5E6C158
:1034B00058A8CBC00AD763C09F3C7CBF0EBEB03FAC
:1034C000B30C6140D7348F40D5E78840D26F854038
:1034D00005C5CF3E80484FBFD6C57DBFD3DE48402F
:1034E00045D8154194878DBFD712A2BF2A3A423FD3
:1034F0003F35E63FDFE02FC074B58D3F478384C181
:103500006F812D411361C3401C7C914039D63841F5
:10351000857C3841637F9B40910F9A3F96211E3FE7
:1035200080B7D0C01B0D38C1AB3E55C129EDE5C0F9
:1035300044FAD5BF42601441E63FD84014AE67BF9D
:10354000C0ECE8C07AA5C2C0D1914040302A7DC10C
:103550001F851B40D7A31C4085EB02417B14034110
:103560009A081340304C2D41A01A7941AC8BB33FDF
:10357000B072A83E098ADFBE71ACCB40CD3B863F1E
:103580004CA66ABFEC2F02C1621003C1A01A19C178
:1035900011C75AC048507C3DBC749DC03D8ABCC117
:1035A0009E6F944179E9B141E325AA417B1488419A
:1035B000D42B1B418B6C9740158C8A4030BBF1405B
:1035C000BC0503419031FB407502DA3E9A086FC09A
:1035D000F706CBC0C7BA05C1567D31C1082C82C1E0
:1035E000773E83C12EFF7CC12B878BC1151DD3C1B4
:1035F000BEC1A9408BFD7D40787AB14001DE4241D9
:103600007C729F418941884195D40541DA1BFC4079
:103610007A362A410E4F7641728A6A40AA8211BEDA
:103620009031434008AC50C0BADA7EC14A8CA0C188
:1036300034119CC1107A72C140A436C1C1CADBC129
:10364000ECC083C0228E39C05BB18FBFAF25304044
:10365000D3BC83403D9B8740F241CF3FF931BE3F11
:10366000D0B32D40A245F63EA69B743F933A71BF5E
:1036700058399C3FFED4183F3A23CA3EA01AEF3E69
:10368000ED9E0840158CC23FE71DD73FFB5C8AC109
:10369000516B7B416FF0A74136BCC241D95FC44139
:1036A00060F6A5410ECF9041ADFA98415F987E41FA
:1036B000D5094F413D9B024180B703C13B7045C1D5
:1036C000903188C1B3FBB2C1FA6DB9C12CD4B9C174
:1036D00059978DC157EC2CC13277A2C13119CBC19A
:1036E00017B7A1BFF697ED3F3CBDA44014AE09410A
:1036F000BC960C41C58F1841933AD5405839744057
:10370000DDB504BEF4FD94C0EEEB00BF711B4DBEF1
:10371000B1BFD43FD191D4BF0F0B39C0FE439AC083
:103720009487A53E4469A3C03F57C3C03E7998C162
:10373000772D2B418C4A3D41ED0D39411B2F4741DF
:103740000C0233415BD3DC40F46C2A4029ED41404C
:10375000D93D5D408F53AA40BC9620401CEB8ABFE8
:1037600088F473C021B0E2C0BE309FC0E09CEBC0C3
:103770008D2830C16EA3BFC0470330C13B5FEAC193
:103780003CBD5A41F1748941DEF19941B53755414B
:103790004FAFBE40492EFF3E6DE7BB3EA08918C02B
:1037A000E5D04EC0CEAA07C03CBD9A40AAF1F23E79
:1037B00020D202C1780B32C19BE61DC18E7531BE8D
:1037C00094F601C168B315C1E258ABC017487AC17D
:1037D00083C0B8C0857C20C02E90C0BF524995BF21
:1037E00017B7D1392506154053961140F241634071
:1037F000EA95023F7AC755C067D5573F8E06E03F2E
:1038000017D95240FE43FABE5AF5B13F287E824096
:10381000DA1BD43F42CF1640B459C740F5B977C13F
:10382000A4DF1241567D3141C3646C419B559E41DA
:1038300004678841BBB820416ABCFA4036CDA94034
:103840004260BF406F123C4186C924415917C740AE
:10385000948729409B55DBC00E4F73C1A68A85C152
:10386000819561C19554BBC17B03D3C1E6AEEAC16A
:10387000DE028F40D9CECB4050FCF840508D4D41F8
:103880006290A441CB218E4175021741BDE3C8402F
:10389000C05B1C40BEC1A140865A1F41827352408A
:1038A000772D0DC05C8F0240CF6681C0D93D70C1BD
:1038B000A8D79DC1A7F991C110E9A1C18796E6C11A
:1038C0000091CA41E02DC34157ECB4411E969C4182
:1038D00075026D41211F294144FA16415DFE8B405E
:1038E0002497C7BF363C8BC01EA76BC1A3018DC1F7
:1038F00046B673BF485008C1C898EBC0621050C0AC
:1039000063EE1EC1E79D8AC17279ABC1BC74C0C1B0
:10391000006FB241BC0581418A1F40418FC26C419A
:1039200094872B4139D60541DBF90041F706224146
:10393000F697F14087A7EF3FEBE27AC038F803C172
:10394000C89822C1190436C186C94BC1F628A0C047
:103950002BF657C04FAF3EC18FC28BC1A8C6DDC189
:10396000BF0E8040EB7365404C3755404013AB4071
:10397000FFB28B408126364055C1A8BC547424C088
:103980004A0C423ED734A3401B9E5640ADFA5C3EE3
:103990009C33AA3FDE9377BFB9FC17BFDD24FEBF7F
:1039A0008C4ADABF516BDABF7FD987C06CF89EC1F1
:1039B000355E3ABE04E7AC3E41F11740BC74A54009
:1039C0003A239C40022B1340BC968A406C0911405C
:1039D00058A8D53E7C6162BF4850C040E9481041BC
:1039E0002DB23D40ABCF65BF91EDC4BF984CC5C073
:1039F000F31F84C0979099C0DD248EBFB7E2A2C1A7
:103A000019E2F4408C4AEE408F539C404BEA243F2D
:103A10007DD0C33FB7D1A03E394527400F0B353E7F
:103A20005305A33E772DC93FD712723E8E75F1BE66
:103A3000D5E780C0FD87E4BF36AB963FC9E58FBFB1
:103A40002653153FFD8794BE19E294C0196286C1C2
:103A5000BFFD9A41A392C9410B24CA415D7E9B419F
:103A60005F29234188851A40ACAD98BFA60A82C061
:103A7000FDF60BC1355E28C1454731C1B00349C1D0
:103A800090A020C130BBABC0BC967040190456401A
:103A9000B537F83DD3BC0DC165195CC1925CB7C1A7
:103AA00036AB1941F0A7284138674541280F9E41A0
:103AB0009A88D241E86A9E410E4F81413F57834127
:103AC0007DAE8C4124973340DCD7B5C0B3EA31C119
:103AD000696F71C1D20078C1DAAC31C1174864C1D5
:103AE000B89EA3C15CA0A4C1182676C18037B1C11D
:103AF0008B6C4E41FB5CA541D567DF41516BC741E3
:103B000040139A4152B8C141142E9941E78C083FA5
:103B10003D2C54C017B747C1FBCB70C1F53987C1E5
:103B2000D93D9AC1DE9389C1F2D21CC132771DC141
:103B3000E3C75CC1485003C1F6970DC0FAEDABC1B5
:103B4000BC056741516B5641E5E180415DDC6E414A
:103B500002BC1C410B463041C66D41418863B5BF74
:103B600029ED1DC10B2409C18FC276C1021A95C16E
:103B70009D0084C1780B5FC19C33823F88850C41D6
:103B8000FDF6094055C138BFD42B25BEBCF493C106
:103B90000BB54E40355E0E4054528F40D0B3C740F7
:103BA0004ED1D34099BB8240AF256440840D134071
:103BB00010E91B406EA3113F38F894C0A392A2BF36
:103BC00019E238C0006F09C0AEB682BF083DCBBF56
:103BD0001FF43CBF5F290B3F522796C0424F8AC15A
:103BE0008104434147033041857C8F417368C24162
:103BF0000D60B241AB3E71419A084E419FAB884186
:103C00001B9E33413277ADBDA4DFFEC0BC9651C1CF
:103C1000483F89C100119EC1A60A95C145D86FC110
:103C20008863ADC06A4D6FC1273142C13F579EC105
:103C30006A4D9141B7629E41865AAE416132B941A7
:103C40001361B241576C9241575B5E4146944941C2
:103C50002B8761412CD4044195D499BFBA6B2DC0F8
:103C600044FAA3C0000079C1E8D9A7C17435CFC117
:103C7000CF66CCC17FD9C8C1BFFDC2C16519CFC154
:103C80000AD7A340CAC32A4039D631406DE7A340C2
:103C9000EA95F8401826F54039D6A53E80480FBF72
:103CA0007AA50CC0E17A86C0A1F815C0C1A8AE40C3
:103CB000B072544020D295C01C7CF7C0832FBEC088
:103CC00036ABD8405F9840C0F163ECBE46B67DC1CC
:103CD000006F494003097A40DE9395400456C64080
:103CE00068B37A40E63FB2404E6270403F35AC4028
:103CF0009B55CF4040A4ED40029A8040BEC167BFB3
:103D0000CC5D3BC0B07288C0A30178C0E63F24C040
:103D10002B1879C0F54AB7C05986ECC0A768B7C15F
:103D2000D656F8402CD4FE40DD241441287E56415E
:103D3000D34DA7418A0E9A4123DB3641C3D31141AB
:103D400061C3264168914A41986EB23F02BCFBC0F4
:103D5000787A4EC1D04481C1485075C1D5E7F6C0CC
:103D60009EEF22C190313DC1DDB563C1B7E2DAC13A
:103D70003B011F410B461B41F2D2224108AC52418C
:103D8000D93D1841C1CA0D4011C73ABD2A3A123D6A
:103D90007446B4BEC1CAA1BF029A883D3FC67C40EA
:103DA0006C0949BF04567E3F1DC9DD3F8A1F0BC009
:103DB000B37B1EC01F850EC1009168C16EA3F7C101
:103DC0003C4E17411B9E6741AF258C4139568441BB
:103DD000764F2D41F9A09B4063EE724051DA833F4C
:103DE000D6C53DBFD3DE98C001DE023E81042A4124
:103DF00076E0DC3FCA3298C03255E8BF9621A6BFB4
:103E000066882FC144E998C15986A8C17AA5D3C153
:103E100018268540BEC18B404C37A5405F0727411F
:103E200009F99F41C14AB041363C714157EC854187
:103E3000E33653418D286D3D917EE9C0CFF752C1E5
:103E40009FBC83C1EF3882C1CEAA58C12C6569C01E
:103E50003D0AF5C013F220C1C0EC5EBF32E6B1C12D
:103E6000BE3014415C8F14410B242B4158A82041D3
:103E70008638AC40B4C8E63F36CD8B3F5A64BBBEF3
:103E80001DC965BF81954BC000912EBF0E4F77C0F5
:103E9000764F07C15AF50FC1D34DB0C00C93F9BF8F
:103EA0004547B8C0744638C0ADFA1F41804870C15C
:103EB00055C18041772D7141986E8B4147038941EF
:103EC00071BD8241A9A45E41E5F29FBEB5A65DC069
:103ED000006F55C0C729B2C0E5D0823F1E16EA4028
:103EE0002D21A3404FAF543FEBE2BCC09F3C66C1C5
:103EF00007F063C146B643C193A9BCC124B9D9C177
:103F000076E0004045D8B840E78C2341C1CA6E41F5
:103F1000F98F84414260284165AA4440567DBEBF66
:103F20005C8FE6C0EA04C8C0F931A4C0FED4C03F2B
:103F30007FD9DF4039B4B8BFD578E93F05A3CABF00
:103F400054521CC1EB73F9C0795868BEA92402C24F
:103F500020D24F3FA3234940EC51864053960D4158
:103F6000840D8941CCFF87418BFD0941948705BDB4
:103F7000FA7E9EC09B55A7C0158C0ABEABCFCB4026
:103F8000BEC10BC077BE2BC0151D7540029ACAC0BA
:103F900017D996C0AAF152BE81043AC15AE4FEC1B3
:103FA00059868041A2B47D41C52082416C7861412F
:103FB000B4C8E8401CEB923FBB270F3FBF0E4CC07C
:103FC000E02D30C0492E7FC05C8FC2BF984CB3C07B
:103FD000F931E6C030BB39C13B701EC1A4DFBEC0A1
:103FE00013F2A1BF55308EC07E1D08BF14D054C13E
:103FF00048BFC1408126FA40AE474841C1CA9741F7
:104000001B0D95418D2848411DC90A413255EA4092
:10401000A1F819416744814174B5154136CDCB40B3
:10402000143FAC4005A322C1151D99C171ACC8C194
:10403000AC0BCDC1CB10A8C130BB44C14A8CD0C1A0
:10404000643B0C41CBA1B7400A68EC405474174163
:1040500020410B41CC5DD940190412400E2DD23FB6
:10406000F7060F3F9A774CBF8C4A9A3F645D004138
:1040700033C43841759392404BC8CFC0E0BE17C1DE
:1040800088853AC14772F3C0696F19C1B37BF8C123
:10409000098A5841B7D1524134A27A41A3A39F4122
:1040A000A8C6C24180C8AA4176609C41A4F09A414A
:1040B00045D85541E2E915BFCE880AC17E1D54C1DD
:1040C000F1E387C1AAE08FC1992AA6C143AD77C1A8
:1040D0007DD030C1F08577C1091B81C17660BFC139
:1040E00019731741BC052141C217374121B06A41FC
:1040F00080379641083D7341AC1C15414E62A44087
:104100003199FA3FBD52B63E87167140C2170B4136
:10411000C3F5A83FF5DB9FC011C72AC1DF4F65C1BA
:1041200061438EC13E7990C1250665C10F1CF0C167
:104130002A3ACA3F05C58940696F184025063940AB
:10414000EE5A9ABFE17A54BF01DE42BE014D04BE71
:104150007FFB823F1CEB7A4032E67E40280F134003
:1041600017D94E40CC7F24C0A54E2CC03255B0BFCD
:1041700094F63A4045D8303EE5D002BF7E9D99C1C5
:10418000C442DB409FAB9B40D200FE3FCC5D0F4062
:104190001D5A70406210C03F8048AFBFBC05123F3F
:1041A000068109405C8F423F4013313F917E8BBFB7
:1041B0000E2DEA3FD578E1BF8A8E243EDD241AC059
:1041C0004850FC3E6EA399BFE3A55BBEEB739EC156
:1041D000EEEBD6414D73DF41075FB241645D544160
:1041E0007E8C9D4033339F40022B2841728A4B4185
:1041F000ACAD9E40BDE3D0C029CB00C044FA59C04D
:1042000068B3BEC042CFEAC0DA1B24C147F290C1F6
:10421000D5F895C1D26F72C1EA8495C116FBB1C1C0
:1042200058393B41A1D64841C66D8641CDBBA4411A
:10423000F6A88A41BC743A41EF38FD40D1915C4008
:1042400074B5CF40CC5D07414260E53DFED40AC164
:104250008CDB54C15D6D88C1B89E84C14FAF35C140
:10426000560E5DC07B831EC196432FC13F35CEC124
:104270005305A0413188AF41F764A141A54E7C416F
:1042800029ED1A4148BFD340D2004341D73472418F
:10429000FF21DF40C3D327C0E5D03EC14A0C00C197
:1042A000AE47AFC00C93FDC04F4065C1F5B9CEC05D
:1042B00080B73FC1863894C1A85768C1D7B4D5C16B
:1042C0002E9007410C022541423E81418A30B44183
:1042D00073E8A341F4FD71410BB52E41560E264102
:1042E000CE8861419FCD0A41A01A2BC0A16702C1AF
:1042F000ACAD0EC144FA1DC0D50913C1EA04AAC170
:1043000082F3B5C128FE90C15E4B8DC152B8CFC1BA
:1043100068338341964331413C4ED14034807F40E5
:1043200099BB763F68911D3F3945073ED04458BB45
:10433000BE9FC2BF19E208BF569FAB3D7B145EBF54
:10434000204191BE029AD0BF772DD1BF273130C016
:1043500093A92EC020D243C081267AC00011A7C1E4
:10436000EE5A4D4154E35F4163EE7A4101DE7741FD
:10437000ADFA2E41B5A63641925C7A413BDF8B40C7
:10438000B6F32DC103788B4024B928C0925CEAC0F3
:10439000107A25C185EB8BC020D2EF3EAF94E94067
:1043A0006F1230C1728A96C197FF63C1A28503C2A2
:1043B0001A5145418FE47C411DB8AE410A68C241A3
:1043C000098A664154E32F410EBEFA408B6C0041CE
:1043D000BB274D416ABC63419318BA40D656C240D0
:1043E000C9E5C1C0DC688DC1AA02B1C1440BBAC124
:1043F00064BBC1C1CAB2ADC15BB17EC1492EBCC1F3
:104400003480B74045D8AA40F6977540E5D05A4069
:10441000956538403867DC3F865A133EF2D2ED3F4F
:1044200035EF08BFE02D044010E9ABC0A7E82C40F1
:104430006744893FE4145DBFE5F2B7BF62A1D63E91
:10444000BEC127BFD73407C008AC3CBF10D89BC142
:10445000F6970C412D430E41C5202841D0B35C4155
:10446000A8D79041150C9341C1A85941C8981E4145
:10447000FDF6C7408273FC40F241CF4061C337C0B4
:104480000C930EC1E9B732C1BB273EC1D509BAC0F2
:10449000ADFA3CC188059BC1C353ACC19FBCE9C107
:1044A00056FDA9419CB3B4416519AE4165AA984136
:1044B00061326741FBCB0541C0ECCE4054E349403B
:1044C000986E92BEDA1BFCBFF0167CC01E16EABFC7
:1044D000EE5A6EC0B1E119C181955CC1865A71C1B5
:1044E0004B5935C1D5094FC1F76487C1AA71CDC1F8
:1044F000711B7841CCFF8241EE7C824167D54D41F2
:10450000C364AE40865A1B40C3D383BFAE4751C07D
:10451000B5154FC03B70CEBCDC46F1406ADE31BF02
:104520001748C8C093A912C1F46CDCC05C8F423F2D
:104530000F0B3BC146B61FC1D12293BFB1BFBEC155
:1045400076E07841AC9C8A4150FCA1415E4BAF4182
:104550008F428E41FC184741E483094136CD054125
:1045600096212C4151DADB40295C27C0A9A4E4C084
:10457000FB5C3BC1136173C135DE85C18CDB2DC192
:10458000BA4942C114BF85C17A479EC17368D7C179
:10459000BEC11B41879695419A99B141705F1C41FC
:1045A0004CA662401B2F7DBF5F98AEC005C5AFC053
:1045B000B29D07C1BC05DCC0530585C0A9A4DC4081
:1045C00082730A408104A5BF591743402B18EFC0DE
:1045D000E25841C1166AF7C07368893F0AD788C19B
:1045E000A835D54042CFDE40BE9F1441CE88EA4078
:1045F0006EA30540F5DBD7BD1E16C2BFEA9596C077
:104600002BF68FC027A0AFC07B14D0C040A427C01A
:10461000304CBE403E7990BF075FF8BE910FAA4074
:10462000986ED2BF287ED4BFAAF1884046258CC19F
:10463000E9263C414F1E50414A7B5A419A776541D9
:104640003B705E418B6C3941E7FB1E41713D8640FA
:104650002653A5BFED9E18C0984CC5BFA1D648C033
:104660004A7BADC097909FC052491D3C1E166A3EC2
:104670000C02F3C005C555C19407A9C15839FEC144
:10468000B0728441EF38A941D0D59141AF256D4139
:10469000A0893B4134A2BC40B003E73DBADAB6C0C2
:1046A00099BBF63E917E5B40098AF5C0522774C1E2
:1046B000BC7461C13D0A8BC07E8C87407368A1BF0A
:1046C000C2860CC150FC66C1E71D02C1888587C146
:1046D000F5DB19C1448BBCC0D200DEBE04E78CBD43
:1046E00048E17E408FC2353F6132F5BFE94846C0A0
:1046F000B8AF99C0C05B88C0F01628C04D84853F14
:104700006D56B140BDE3324119E2184160E5A24067
:104710004D846540E4148B4077BEBB400C8291C150
:1047200022FD13410456484146946D41006FA24159
:10473000E2698741197328416F12AD404625B5BF24
:10474000D6C5A9C06666AAC0206384C0696F1C4034
:104750001FF44C3FA47001C107CEFDC08E75BDC0D3
:10476000386759C19D1150C1FFB299C0C217BCC171
:104770000B46BD40F163C040A392F84088F43E412F
:104780008A1F65410C0233414469B94001DE223F72
:10479000B98D66BF0EBE70C0B6F385BF55C1CA40A5
:1047A000EBE2163FAD69F8C0DE7114C1A4DFC2C0F0
:1047B00021B0F2BE0F9CEDC05A644BC0E79DF4C11E
:1047C00083C01041917E4E41A9139141D41AC24138
:1047D0001815BD412E109A41021AA741B4488841CC
:1047E000865A4B40A4DFA8C0BEC120C14FAF6EC1E6
:1047F0004F9E8CC10BA483C1C8073FC193A91AC1A6
:10480000F9A03EC19C33E0C0E5E199C1C976C2C1BF
:1048100066F73941304C5C412B768241B4C89741F0
:104820005FA9A9417F6AA941A45F95417F6A784148
:10483000BD5267418CDB2E41E25803C0B8401CC119
:104840001D5A62C1B21D93C1B8C0A1C1C2979FC118
:1048500098DD62C1C7CB8BC133C497C182F3DBC182
:10486000FD87A4BF304C32C0B840024098DD77408D
:10487000BF0E24400000983F3CBD3E40A2455A4038
:10488000575B313F3A230ABF091BCEC02D210BC015
:10489000DA1B8440348037BF71AC5BC01AC0A9C03A
:1048A000B4C80640A5BDC340A470C540B45949C1B1
:1048B00069006B40832FA64046B65B4023DB054072
:1048C00083C0DA3FE86A9D4052B8F040EC5137416E
:1048D000E258F940BBB88D3F933AB1BF31082C3F45
:1048E000E63F64BF810405BF4FAF38C008ACB6C017
:1048F00069006FC0F90F8FC0FDF6CDC0364DBCC149
:10490000423EA040FAEDC14013F2B54026E4BB4060
:10491000E2589F40643B8B40C5FE4E40D3BCE3BC95
:1049200076E0CCBF8E066CC0C05B68C0287ECCBE73
:104930004B5932C0C286BBC03F358CC0B15085C018
:104940000000F83F849ECD3C1058E13FF1F445C192
:1049500020D2C73F325524408863DD402A3A4C417B
:1049600038674E410B24F440006FC93F6EA3E1BE8F
:104970008E0694C0545253C0F9A0A7BEAEB61741DC
:104980008A8E0541C1CAE34035EF683F8B6C89C010
:10499000910F06C0E10BB3C0DE8285C12F9D09C215
:1049A000643B21C1835113C1C898F1C080B7AAC02C
:1049B000F01604C031993A3FC7BA54404BEAA240BE
:1049C0001748FC40D8F02F413B70234142CF1241A1
:1049D000B98DEC4065197640E9486EBF4DF3B6BF1E
:1049E000EC2FE3BFA2B41FC05C8F22BFFB3A89C18A
:1049F00074243B419CA27C413B81AC412B98C84133
:104A0000294BAA412E909841AC9CA541EEEB624106
:104A1000C3D3AB3D3CBDEEC0984C34C1553061C1F1
:104A2000EBE27AC1BBB86CC1E5D02CC1F24148C100
:104A30000AE88CC185EB5CC117B7EDC05906C0C14F
:104A4000A2B4DDC036CDD3C0EFC9BBC0E02DB0C02D
:104A5000197367C070CE24C05EBA55C07446B4BE28
:104A600079E972C024B909C1EA04C4C0E5D098C08C
:104A70002063B4C0E86AF33F228EAD40E414DD4009
:104A8000780B8841FB5C1A41FD768E419A99A140D2
:104A9000B81E853F03788B40E2E9B74054E3BF403E
:104AA000423EE64003783241FF3283410D608F4140
:104AB00005A35C41022B08416A4DD340863806416C
:104AC00030BB4740CAC307C10BB542C113F224C172
:104AD000FA7E16C1D7B482C1728AB0C1A69BFBC14F
:104AE000128382407AA5704051DA4F4046B6914019
:104AF000182637406D563940591781405DDC5640C5
:104B00004C37D7C035EFAC40FBCB1A40448B9C3FB1
:104B1000F7E4213E832F44C0D93DF9BFF9A0573FA8
:104B200029CB90BF11C79A3F764F52C0431CBFC1DB
:104B3000645DEA40AE47DD40BC0516415F98904198
:104B40003188874114AE1941E561A94066F7FC3F01
:104B50009BE601408716C9400A683D41D34D2F416D
:104B60003A230941B762A1C04DF37CC1E948A8C10D
:104B7000C4B1B4C17E8C97C17FD906C105B4BAC196
:104B800091EDE4BF90A09AC00EBE54C02B18753FA3
:104B900066F744BFBF0E80C0242892C0FED490C0E8
:104BA0007DD027C05F9880401DC9F540CC7F2F4144
:104BB000DDB5943F33C4D1402653E940FB5CBF4090
:104BC00033C4513FA323D9BE50FC803F1BAF9CC1CF
:104BD000DE712240560E31402D43D440C7291B417F
:104BE000575B4041A60AB640A301A840DDB584BD8D
:104BF000C74B373ED8F0DC3FC5FE6A40C442934005
:104C0000AF2588C0E414A9C048E109C1273160C0BC
:104C1000C3F538C0A9A4A4C02EFF49C0B7E2AEC1F5
:104C20000DE0E5BF4A0CD2BFB003A7BF2428FEBFEA
:104C30008BFD8DBF107A16BFB150E3BF7B143EBF12
:104C40008AB02DC0ED9E54C03D2C7CC00B46FDBFEC
:104C5000BBB885C0CE88FABF3D2C54BDCD3B1E3FAE
:104C60009CA2B7403945074127C264415AF5B9BCF7
:104C7000091BF63FC1395F409CA29D40D734A54037
:104C8000EF388740CE88944079E94240C3F5E8BECA
:104C90008B6CF7BFF85395C052B8D0C0091B72C0D7
:104CA0007DAEA8C00B46B5BF46256D409A08B540FD
:104CB000D578E14086383240D6C5F5BFD41AA5C1B3
:104CC000DCD7AF40EFC98340728AA240B22E844045
:104CD000174818406FF0053D01DE52BFBC74CBBFD2
:104CE000310870C0986ED4C08273C2C04BC80FC068
:104CF00060E5D0BEAED89DC048E1BAC07D3FCDBF13
:104D0000371AC03E29EDD140E3364541CDCCD2C063
:104D1000ECC0D9406ADE29402063034134808B40D7
:104D200083511941FAED9F40EE7C14416DC5AE40B0
:104D3000226C383E5F98344099BB9C40A08900416A
:104D4000091BAE3F1AC05BBF371A44406822CAC075
:104D50004BEA37C1B98D5EC12FDD15C1491DEEC1CA
:104D6000E483A34170CEBE414F9E9F41B8AF5741EF
:104D7000029A9640378961BF6E341440C1398B4026
:104D8000705F934018262740583934C00091B6C050
:104D9000D49AA0C0ECC027C1D88169C154E34CC1EA
:104DA0007B83C3C09EEF40C17593F6C0D11191C102
:104DB0002BF61E416B9A65418B6C9C414AFB8241EC
:104DC000158CE24071AC3F40FD8794BFD95F4EC067
:104DD00088637DC0DC4637C0DE716640431C0541F8
:104DE000B9FCC73F894180406A4DC7C06ABC54C105
:104DF000265373C1713D27C1C3D3BFC0E01CCBC1D3
:104E0000FF21B140F7758840FC185B40F6286440EC
:104E1000CA327C40CCEEE93F68B38A3E73D7B23EDB
:104E20006F1203BB7FFB3ABFF241EF3F2CD40A4025
:104E3000075FB0BFF1636CBF4BEAA2C039B4083E54
:104E40002F6E93BF4FAF54BF6B2B9EBFA60A80C17E
:104E5000EE7C6B41FBCB064112A5D740A323DF407C
:104E6000A5BD0C410EBE4C41DB8A6A41EA042541D6
:104E70001B9E5240D34D6EC09B55BBC09790DFC068
:104E8000AEB6DAC0A9A488C0DCD78DC0BE30AFC032
:104E9000C3643A3F143F16C143AD33C16FF0E9C15B
:104EA0007CF21241C58F1C41228E2D4158CA4E41C1
:104EB000C5202B411FF4DA40835193400AD7433F6A
:104EC00029ED01C0A24532C0492EAF3F6B2BB04047
:104ED000A323B9BFE71D0BC105A3DCC0A69B8EC0F1
:104EE0003CBD15C1D1913EC1EBE2E0C061548FC120
:104EF000984C18411AC0304120632E4161C32841AB
:104F000007F04641B0728F41D712B041BDD2B041D7
:104F100098CCA94144FA8D41AA60844041827AC06C
:104F200066883AC1008096C133C4B3C11BAFC4C107
:104F300001DE6EC1CFF74AC1ECAFB5C181A6DEC1BB
:104F4000AC8B40419C22854118957D4134A2204183
:104F50005A645740C74BEFBF8CDBA6C0D19116C136
:104F60008D972FC1EA9541C152B840C138F831C17F
:104F7000986EE8C0DAACFA3C05C5464196B24941A4
:104F8000A60A8640BA49F4BFA4DF2E3F5B427FC128
:104F9000F706AFBF39D605BFE17A82C00AD773C022
:104FA000A5BD89BF00005C419CA29941D1917B4184
:104FB000E7FB1841B9FCFF401FF4D04071AC6740DB
:104FC00045D8103F158CAABFB8AFF1C05D6DCBC0FE
:104FD000F706E3C01CEBC6C0BDE301C1356FEBC1F2
:104FE0006210EA40DA1B324181267D4163EEA9411D
:104FF0005DDC9D418E065741BF0E22413255524124
:105000001D5A58411B9E924068919FC0F77527C159
:10501000849E46C12FDD07C1BDE3F0C04F1E68C1AD
:10502000FB3A6FC1CFF72AC1D6C597C12575D8C144
:1050300038672CC01C7C81BF431C0B3F0F0B05BF86
:10504000C520A03FE7FB3140F54A49C08126164004
:105050002497A73F8CB98B3F637F993EF931CE3FB0
:10506000EEEB16414ED11241FCA93DC0D7A3A8BF1B
:105070007446ACBFC89817C07AA5ECBE1D3860C195
:10508000ED0D2EBF835109BED1913C3F6E34C03F20
:105090003CBD1640F46CFE3FBB27EF3FF69795BF33
:1050A0000091DEBF5DDCA6BEB98D5240166A6D4030
:1050B000643B3340849ECDBE2F6EA33DA089503FFC
:1050C000DBF97E3EC4B10EBF304CA63D567D67C1B4
:1050D000121493C054E3DDBF01DE0E40C1399F407E
:1050E000BA4986408195C340E09CC940D9CE77BE7D
:1050F0008885DABE143F5AC02497F7BF64CCED3FD1
:10510000569FABBEF16360C036AB3AC0637F493F88
:1051100014D0343F575BD1BFB7D15840151D1DC1C6
:1051200094F65141DA1B5C413333414107CE3341A0
:10513000D0445F415B427B4130BB6D41CE8818411A
:10514000014D043E8AB045C03F35F8C067D52FC138
:105150001EA7AEC086C908C05F070E3E6C783BC173
:10516000287E51C129EDEFC0F2D245C1F842F3C10A
:105170003878EA41E62EB74192CBA3417DAE6E412D
:10518000A4DFFA40F77518402B1871C0D734873F59
:10519000A1D660C007F00A405A648340D1221FC0E4
:1051A000992AECC001DE15C10B241DC1F9310DC1D6
:1051B0004D8416C17DD06EC1583981C12E109CC15D
:1051C00094F603414B594B41FCA99B41099BA641D5
:1051D00074467A41B7D10A419D809240A2458440ED
:1051E000D49AB44017486B4100914641BADA37412E
:1051F000FD87CAC05BD388C19C44A6C17AA5C3C140
:105200005B31B4C1D50969C1234AA7C02D43DCC1B4
:1052100055C1383F840D8340E2E9A740BC74C33FC9
:105220008A1FDB3FC4426540280FBBBF643B5F3F22
:105230002428AEBFBDE3BCBFF54AF9BE014D843F93
:10524000E9483EBF55C10440BF7D1D3F499DE4C0B4
:10525000508D173F3277CB4005C53740720A95C154
:1052600098DDA24104E7AD41AEC7AE41B30C784131
:105270004D84084114D0B040E78C28BF65AA82C095
:1052800019E2B2C05917BBC0ED9E10C09031434027
:10529000FDF685C06891EBC06744ABC0787A0AC15F
:1052A000C9760BC167D52DC1F38E1AC1C58FBAC19E
:1052B0001CEBFC40304CAC40C72926405D6DE53FFF
:1052C0000B4685C0BD528E3FEC51803F9BE6FD3EB4
:1052D000BC05BABF014D40C004E73C3F728AEE3FB7
:1052E000A2B41B403333733FC4B12EBE93A9A2BEF8
:1052F0005AF5493F3F35963F0E2DF2BEFF3295C11C
:10530000F241FFBFB7620FC0ED9E843FEC51903F6A
:10531000A52C1B40B9FC773FE2E945BF52B8DEBE81
:1053200048BF31408E759340F90F1140C898BF4077
:10533000143FBE3F31088AC006128CBF11C74640D9
:1053400076719DC045D868407DAEC63FCA5473C1D2
:105350006A4D7841E9268F413AA3A141584AA941B3
:1053600040938441C5201E4162A1C640014DCC3FFF
:10537000865A37C01F8587C0C5FE9ABF2E90D03F82
:10538000D26F9FBE7D3FC9C039B4D4C0DAACD4C09F
:1053900077AD85C101DE93C127A09CC1C286DDC166
:1053A0002D439240F31F1F41EE5A87419D118341C7
:1053B0009F3CF040CFF7DB3FABCFD5BF39B494C0B3
:1053C000D578E5C0F2B0F0C02497C7C0B684BCBFA2
:1053D0001B2F134158CA9240C3D38740FFB247C026
:1053E000D65622C17E8C0EC14D8401C0E63FB1C1AC
:1053F000D04423417D3FC7409CC4004162A1C240CC
:105400003EE83D40F08589BED122FBBEFE4356C03A
:10541000295C89C080B780C03B0129C0E5F277C014
:10542000499D303F45D86C40849EBB4068910D41FA
:10543000AAF18ABFE336D2C03D2C84C06143AFC11C
:10544000E3A54E41D6C590410F9C9E412A3A614149
:1054500095D4DF402428CE3FB30C61BFF5B9C6C058
:105460004F1EEAC0378924C114D02FC16F8105C1F6
:10547000FAEDD3BF6F12033C431CB9C058A8B53F27
:105480000612B0C03EE887C01B9E7E40B5B78DC1F6
:10549000083DA5401E160141492E4941918F8C417E
:1054A0009FCD6E412B18854032776D3FDCD7A1BE72
:1054B0006F12033A40A46B40022B244100914640F6
:1054C00079E932C0302A35C020D297BF469414C142
:1054D000F8C23CC1448BAAC0E3367CC1EA04F9C1DE
:1054E0001FF4DE404D84D940D95FC440B5A62741A2
:1054F000C4B17F4108AC5341A52C9F40F46CF63EEB
:10550000273184C07E1DB6C01214BFC00B24A0BFBB
:105510004694EA40933A29409D11A53EBD5256BF9C
:10552000575BEFC02CD414C1446909C17E5D00C231
:10553000CD3B5241014D4F4197904541075F11418D
:1055400034A21840105859BF8FC2BDBFF38E87C018
:1055500009F9E8C045D8EEC06154DCC03255CEC070
:105560004ED187C0D19103C1A5BD79C0C898DB3E9B
:105570008126423E70CE6C40C807DF40A30123C1A4
:10558000F85375414B489141BDE3B041787AAD4144
:105590008104534166882841DB8A0D41029A1A41F1
:1055A000849E4641BD525F41A245224105A392BE61
:1055B000ED0D37C132D587C1C5FE9DC1CBA17AC1E2
:1055C000491D9EC10000B4C1F539BCC166F7D0C108
:1055D000F90FDB4043ADDBC0CEAAAD40ACADA84077
:1055E000022BAFBFFB3AA0402D21C73F0456EE3E31
:1055F00029CB09C16E34503F2AA957C096B2C4BF07
:1056000045470E40C7BA30409CC4303F9CA273BF90
:10561000DE717E4002BC214042CFDA407B94ADC1B6
:1056200034A28040EE5AAC403108BC3F74B525C06E
:10563000228E45BFCCEE2140B37BD23FD26F1F3FBD
:10564000014D843D93A95240B3EA7340DFE01BBF94
:1056500020630A40CF66153E151D093E14AE073E75
:1056600062A1D6BF3E7908BF325500BF35DE95C175
:105670004013E5C01F8527C0AA60143F98DD854010
:105680006744B1BFC7BAB83EE3C70EC1D5788FC073
:10569000FF21CDBF6FF0A5C0C13906C1448BBCBF8F
:1056A0002D211941FE4305C1CEAA3941355E324153
:1056B00016FB8BBEB22E9A40E9B74141F9A091C0CA
:1056C00098DD4941DC466E413D1B8241E40389413E
:1056D000F9319241C74B9A41B8AF8441C1A82641E4
:1056E0001D38DD402CD4CA4041823A401B0DB0BF6A
:1056F0004A7B2EC15AE483C147039CC1C2178EC1A5
:105700004DF3DCC0F92084C151DAB8C19790E8C1EB
:105710007DD02C414DF34C41F46C6A41FBCB95415B
:105720002B0785418CDB414100910B416EA3CF409B
:10573000E02DFC40C520224106818540E9488CC00F
:1057400011C7DAC04ED10CC1621007C148E169C16E
:10575000CC6E87C120D255C1EEEBA1C1491DECC171
:105760000C02C74030BBCD404625C540D26F00413A
:105770002CD41C41569F1D411361D1403E79E2401B
:10578000A9A4BA403A92B340A470034109F9EE408B
:10579000FE6597BE363CD1C0CDCCFCC0A60AE6C0A3
:1057A000CBA124C17AC743C1728A60C16608E6C131
:1057B000F46C004167441A415E4B4341B07277413B
:1057C000DF4F76414ED1274189D2D840B81E1540CF
:1057D0001973574061C3D140B53714405E4B86C042
:1057E0003CBD14C131083DC12AA91FC10AD7233DC0
:1057F000E5F2D7C0E414CDC0FE4336C1811503C223
:10580000BB27C1C025066DC07CF290BEC3D3BB3F91
:10581000B98D463F143FA63E8D973EBF499D00BFC0
:10582000189508C0D2003240CF6615BE621064C021
:10583000B1507FC0426089C0D04418BFEBE2B44091
:10584000DC6808405D6D6041EBE248415F985BC1F8
:105850007DAE63C1E78C3DC19C33AEC0B98D12C033
:105860002F6E5F403C4EF13EB9FC373F94872DC010
:10587000C286C7BF448B34C058A8B5BD9CC4C03FC6
:10588000C80735409A99154120634441A54E01410E
:10589000A91342419F3CF8402D215B40A156A8C16D
:1058A000917E2441A2451741C6DC2441B5374A41C7
:1058B000E7FB9B416EA3B44170CE9941E25875411C
:1058C000C74B9141BA492D41DE9367C088F433C17B
:1058D000F53981C1E57298C15DFEAAC1D5F898C1BC
:1058E000F46CE0C0E48350C13F3545C12FEECAC11E
:1058F000D95FE6C03D0A83C06A4DF3BE789C22BDE5
:10590000166AA5BFD34DA23F2B870640810401C074
:10591000575B113F52B884C0D34D12C024979F3FAC
:10592000BE9F3A403A926F40CC7F60C0C976C84073
:10593000F2B0A440C44259406DC53041C1394AC19A
:10594000A857BABFD7A328409FAB2140C729DABECA
:10595000B003FD400309EC407B1428410F0B0940C4
:10596000226C84C0696F38C001DEDC407DD0AD4060
:1059700041829E405F299140AF9435C0E8D95CC018
:10598000AC1C82BF39D6D5BF426010C1091BE0C133
:105990007958AE40E414E140D8F00D4120635F41F6
:1059A000E0BE9A418D9784418CDB48413A925B413D
:1059B0001361724132558640547482C0E3C70FC1EF
:1059C000D42B2FC155C152C18E7535C1F2D2EFC053
:1059D00030BB8FC0598664C08D17B7C16B1AEFC139
:1059E000917E40414694644109F98E41B51592413A
:1059F0004A7B5541DC680E415839AC3F21B016C195
:105A0000849E31C1431C77C17DD08BC1EEFC8FC118
:105A1000583947C17AC7A7C07AC70D41EEEBB240EB
:105A2000FDF6C940C8078DBF96214E3EA92486C108
:105A300082F38641D49A86416F819441287E6741E2
:105A400063EE0341107A2E4082E2DF3FF241EF3EE7
:105A50007FFB8EC06F12C9C0FA7E8AC018950C40B9
:105A6000098A8FC0B1501AC11895F2C0B81E014002
:105A700092CB1AC105341BC15C8F6AC0E561C2C1FB
:105A80004182254197FF1841D95F1941DF4F1641E7
:105A9000DDB5F6400A68BE4023DBAF407FD9E14068
:105AA00073687940F46CE63F33C43940E17A543F7F
:105AB000A9A44EBF44695BC0DE930CC1567D17C1DB
:105AC0000612F6C0FAED20C18F5309C177ADCDC1E2
:105AD000A8570741FA7E5E4123DB924192DCAE413A
:105AE000BEB0A641D0445841BF0EE04077BE6340EF
:105AF000E3C7983ED0B38BC08D97F4C0B37BAEC0E4
:105B0000A1F8CFC0E78CA8BD02BC2FC1F2D267C1FB
:105B1000FBCB1FC1174892C060E57FC123CADDC11E
:105B20002CD432C060E588BF90A0F8BDE09C254031
:105B30002041C13F2F6E8B3F772DC93F6EA34D4053
:105B40009790C9409EEF2E4126E41D41EFC90A41BE
:105B500017489C401973EF3F446987BFB84072C033
:105B60009B55B9C03277F5C04CA6FEC01F05B2C127
:105B70005D6DC94164DDA641A60A88418C4A4F414A
:105B8000BEC1F740E5D07E40FB3AC040DCD75D4067
:105B90008CB9F3BFF5B901C1F08536C1C3D33DC19E
:105BA000FB5C0CC1BD529840810435403108EAC00D
:105BB0007A3670C1B5155DC16132F3C057DB97C14C
:105BC000A5BD594177BE2E41F70633417A363C4197
:105BD0009FAB5341DE71CA401B9EF63F787ADDBF12
:105BE000ADFA54C0CCEE8FC0D122E9C0A1F87DC07F
:105BF0005F98AA40BF7DD5BFD49A08C114AEDDC05E
:105C000002BC35400D7103C15B42BAC02742C9C115
:105C1000849EA041E3B69C4100008941006F7E4113
:105C200024B923418351BB4094F68440E5F20B41F3
:105C30006C09C940C807D5BF696F50BF98DDB7C0B0
:105C40009E5EBBC0D881D9C047039AC06DC53E3E99
:105C50009D8066C1107AB1C11D499EC1ACADD0C155
:105C6000789CFA3F07F06240B459B340C7291D4100
:105C70003F358941A381874129CB03416F8118407A
:105C80003EE869BFDB8A29C059170BC043AD4140CC
:105C9000DC46D140F54A39C0F0163CC0EA0474BF76
:105CA000539613C1CC5D3FC1DC684BC11D49E6C1B1
:105CB000A5BD2D4024B9A240FED4BC40B9FC03418F
:105CC0003D9B1041E78C4841D1227C41C9E5FD4014
:105CD00071AC374017D9F4C0F4FDF2C0CE88E2C0F1
:105CE000840DE1C0B53798BE8AB083C0A089503F0B
:105CF000228E553F037800C11B0DC2C066F7BEC19E
:105D000022FDEEBF4DF34E3EBD52963F567D5640AE
:105D1000FAED734079E99440CB10CF40BDE3B24037
:105D20005DFE95400AD7C34042CFE440AC1C2E41F3
:105D3000E258224107CEA140D88181C0AEB6E0C072
:105D40008AB0B9C0B30CE1C0E86A54C1EEFCF1C13D
:105D5000CA546741832F8A41B53782412D43E440BD
:105D60003D0A273F95D48FC0DF4FF9C0986E1DC103
:105D7000174849C1D1912CC16FF00DC1C4B188C081
:105D800068B3E840D044383F36ABC63F462565404F
:105D90000C023FC020D22F3E865ACB40C1395DC194
:105DA0004A7BE541431CCF411962A4413E7932410F
:105DB00033C49340E71DEF3F492E7B408FC2A53F80
:105DC000D1223BC08FC2894040138B405D6DADC076
:105DD000287EFCC07B8324C1B37B04C123DB5FC16D
:105DE000CBA134C1A69B48C1295C5CC166F7A1C1A7
:105DF000645DDE4082730441E6AE4E41E4039141AE
:105E0000E2E92141FDF625408F53A4BF7DAEBEC01F
:105E1000ADFA10C142CF2BC1643B2AC1009106C12B
:105E20001B9E82C08716E3407A36AB3E4013094082
:105E30005F07124043AD6DC0091BCE3F917E94C1F8
:105E40003F57C940E0BEE4402EFFF740C13925412D
:105E5000D1224C415396AE41B751AE4117B75A418A
:105E600027C2E840931815419D11574108AC1CBE4C
:105E7000006FCDC0524917C1F241EDC0674447C120
:105E800004D6A9C19E6FC4C102ABC3C18A9FCBC156
:105E9000984C4D40FD87943FB0721840FB5CE54044
:105EA0002B187A4154639D41363C1E41E71DFB404F
:105EB00087162241E17A26414C37E9BFFF2111C103
:105EC0002BF64BC19CC464C124973CC174244FC0C1
:105ED000D49A84C09790D3C0143F46BCBE1FBEC1A5
:105EE0004B599E403199BE40AF2520419C228241B2
:105EF000E5D04E41C3F57C406DE7FB3E94F63EC0D5
:105F00003D0A99C05B42A2C0863846C0CA548D4043
:105F1000B1BFA440FCA945C0B4C812C0AA60EC3F00
:105F20006ADED3C0E3A508C1CE1951C077BED1C186
:105F30006DE711415BB13B41F0167541719BA44186
:105F4000287E7B417B14F6407FFB6E405D6D51C027
:105F50004BEAD6C0FFB210C1F31F01C1D9CE17BFA3
:105F60001214CD40BBB86140A9A442404FAF06C156
:105F700048E16BC145474BC12DB2DFC02E7FD2C176
:105F8000091BBE3F89D22EBFFED4C8BF4ED191BEE1
:105F9000992AB04042CF4D417A36CD40E8D9EC3E07
:105FA000333363C08351ADC06EA379C00091BEBFCF
:105FB000F0A7F0409CC4B44095D4913F1EA7B040D8
:105FC000D2009EBF5305C7C0C1A844C0AC1C99C134
:105FD0001EA73E41BE30754195E5914182F38E4149
:105FE00011C74F41A52C09414E622C40448BECBE99
:105FF000EE7C9FBECA328A40C5FEEA3FB30CD1C0D8
:10600000764F36C14B5945C1386723C153964DC0B1
:10601000AED82BC122FD39C191EDC2C09CB3A6C13F
:106020002EFF91BFADFA8E40431C833F8CDBE03FD7
:10603000075F583F3945873FE10BDB3F5917B73FB3
:106040000D7103412EFF113F45479A3F0E4FB9C0D6
:1060500040A48BC0BE9F6A3F58CA92C098DD5B4087
:106060007E8CDF4033337F403FC660C0AEB691C107
:106070006C899641C206B441C1B98541ACAD254198
:10608000BDE37C40151DD93F257522BF72F9BFC005
:106090001136DCC06B9AE9C00F0BFDC0A9A48AC001
:1060A000E2E99D4065AA94405396713F9B5563C0B9
:1060B000F2D215C106121CC0BC9636C15DEDC5C139
:1060C000D3DE70BF7424173FB1E11140E78C9E40CE
:1060D00044FABB40B98D0C410B243041D8F0324119
:1060E000FF213B41022B6241EA950E416EA3214004
:1060F000075FF0BFD509B4C0DC68B2C070CE12C172
:10610000D19111C1547447C1B68437C11DB8CDC1F6
:10611000EA04D43E75933440FB5C054006124C40C3
:1061200059178740A301DC3FD6C59340091B3E4069
:10613000A8C6D33FDD2436C04A7B73BF39D6294079
:106140009D80E6BF1F857B3FE4839E3F0F9CC33F3E
:106150003A233ABF190446C0A01A4FBF5DED9EC155
:106160004260C140E8D9944087A7894009F9F640C8
:106170004A7BD940DF4FC9402BF60B41AF250C417C
:10618000DE71F640A0894241FB5C0041FFB2ABBF2B
:10619000713DC0C055C101C1363CDBC0B5A6D3C0FE
:1061A0004ED1B9C06D560BC1804815C1D95FE3C14E
:1061B000C976E44055C1CE409643CF400A68D240EC
:1061C000508DB740BEC1B340FB5C7540B22EAEBE31
:1061D000787AFDBF73D70EC0113684C02F6E4FC0C2
:1061E000AD690EC0713D86403F57FB3F3D0ADFBFA2
:1061F0009A080B3F6ABC60C0F54ADBC07446B2C166
:106200000C138F418885AB41F085A5412A3A7F4127
:1062100017481B41CA322440D49AC6BFA392EEC08D
:1062200066F70DC1ED9E23C17FD90AC13411A6C006
:106230001D5A34BF7593D8C005A304C1DCD7DDC097
:10624000789CB23F96214EC0E09CC1C0B5157BC181
:10625000C3D32A419FAB25411CFC90413D9B344157
:106260008885C440FED4B8BE5BD31CC07671A3C081
:106270004ED19FC0840D9FC0A30114C0EF38BF4012
:10628000EFC9733F33C487C009F920C02F6E9D400A
:1062900095D404C1591710C1C442AD3EF90FC4C111
:1062A00058A81E41FB5C3E4192DC91414CB7C34172
:1062B0002B18B2416ADE6841FE653141575B3A41B5
:1062C000B1D08541D93D8641ECC02E41C66D8A4092
:1062D0007FFB4DC16D56A0C18F53B4C16C09C1C1C4
:1062E0004850A7C17969B5C135EFC2C14F2FCAC1A6
:1062F000D26F164154E3EB40CC7F3E4127314841F9
:106300008CDBE0409B555A4158CAE840E6AE354028
:106310008B6C6A412742B1411B1EC241F8C2D24078
:10632000401391BF52B841C14FAF96C13F46A8C17B
:106330001DB895C1C9F6AAC1371AB9C1986EBAC1BC
:106340005BB1C340DC68DC4011C70041DF4F054052
:10635000BA49374166E6C341A913244124B908412B
:106360002B180341CFF785C0992A3E41A69BAC3F2D
:10637000F0A7FE3FB51569C1257530C137895DC0ED
:10638000DFE0AB3FD5099EC1BBA7C1C14D73CBC1F7
:1063900046B625419CA24D41AC9C8A41C4B1B64150
:1063A000B97C8541BC962F414D840341E561DB40BA
:1063B000BF7D1541A52C4441C5FEA4407D3FC53F8E
:1063C0006822AC3F9A083BC1FBDC9EC1ADE9B3C17A
:1063D0002ABA9AC1272080C1ADE99FC1DBF9D2C199
:1063E00063EE12C0674441C0865A23400F0BD14070
:1063F000BEC1A140A835394054E3CD3F80B7B83F76
:10640000B22E2EBE1D5A00C0C9E5973FD49AA6BF32
:10641000E71D13C0CFF7C3400534414007F076BFF6
:10642000964327401D5A8240014D843ECC6ECAC11E
:1064300085EB5540D7129EC0D191E43FD1227B3FDE
:1064400027C2044119045E414DF3EA40A9A48C40DF
:10645000B00381403B010F41903112415C20E1BF0C
:106460006ADE11C19A7747C17C6140C1363C11C1D7
:1064700005348B4067D527BFA8C68D407CF2A6C1E6
:106480009A082B40E09C1D4089D222C0EE7C53C06C
:106490009B5589C0D0B3B9BF6F12CB3F545287BF51
:1064A000FC1807C00456BE3FA91380BF47036040D5
:1064B0001C7C6D402E90B03F0B24D0BF2CD41A3DD5
:1064C0006C09014094F6A63E5BB14F40643BA1C00D
:1064D0007E1D4840DA1B9C40E5F209414E6259415D
:1064E00062A16141CFF7E740ADFABC3F0612D43E4E
:1064F000FED4B8BF499D00BEA52CD740FF215A410C
:106500009FCDFC401DC9A54055300CC14D157FC124
:106510008D978CC1075F54C164CC79C082F3CEC122
:1065200025060C41B0038A419621BC41D34D7C41E4
:10653000B6840241A1679F4065AA003F5F98ECBE08
:1065400011C7C2BFFD871C40D42B3341AE474E411B
:10655000075F0341C80723C1DA2C97C107DFA7C132
:1065600018269DC1F85314C1DA1BEAC0AF25CBC170
:106570009CC43C411A51424139B469414625A2416B
:106580005E4BA441D3DE604112830F4162A1E4401F
:10659000591715417AA52341FA7EB2BFD9CE1DC144
:1065A0002DB263C1F62864C139B434C1F931AAC02F
:1065B00026536AC1EF3880C1D5E76BC12653DAC1D3
:1065C0003EE80541DE021B41CEAA4D416D678A417E
:1065D0006F12A941CDBB94417671344187A7B14078
:1065E00031080C3F2EFF15C04F4017C0615452BEFA
:1065F0005986483F34808FC08126B8C05A64CDC0C8
:10660000886373C179E9A7C136CDA4C1DFCFDDC1ED
:1066100089415040022B6340C807B540DA1B37411F
:10662000257595414182644129CBFE408E75BB4062
:10663000363CF540D9CE3341E78C274120D2AFBE5E
:10664000B5A669BF3A23AA3EF2B01AC1886345C114
:1066500038F8E0C031088CC155C1B4C1DB0AF0C1C3
:106660009D11294117D99840F31F9C403108BE4025
:106670007AA5514180C8A44144696841C3640A4174
:106680009B551B40F4FD94BFA1F8993F63EE174161
:106690000AD7A3BC022B49C1ED9E6DC183C016C1B0
:1066A000BBB88DC089414FC1B6F365C18E06D3C159
:1066B00022FD664046250940AF2584BED0B309407F
:1066C00070CEC040A52C8F4096438B4009F93C40CA
:1066D000840D6740992A2C40EEEBC0BDDC68104069
:1066E000EE5AAA3FA16713BFB6F38DBFB3EAF33DDD
:1066F000FCA9F1BD3BDFCFBD0F9CB1C08F42DFC114
:10670000C7BA0641B0724A41D7B497414EE2BF4181
:106710003108AA4146941B417E8CC13F0D713CBF9C
:10672000E926413FD26FC7BF789C1A4096B21E41FE
:10673000234AD74079E96A401FF447C1F5DB9EC17F
:106740009710BAC18FC2BDC18CB92EC1B89EDBC132
:10675000918FB141D7B48341BA4953416DE7EF40BE
:106760008D970E40ADFA1CC0355E0C41F4FD2A41F8
:10677000D6C59F4012148F3F992AACC01FF403C1A5
:106780001D38B7C0C0EC0CC1FCA905C121B0CA3F7F
:10679000F2B0C03F006F3AC16A4D5FC17C61CDC1AC
:1067A00038F8FCC021B0D2C06154C0C055C19CC0F3
:1067B0008FC287C0DFE097C0363CD7C040A408C175
:1067C000B30C0BC176710DC1E02DB4C0C66D44BFD2
:1067D000CF660A415C8FA24043AD5F41C0EC3741B8
:1067E0009D802041986E8B41287E6F41D0D500C19D
:1067F00072F93E418A8E0641DC4637408BFD253ECC
:10680000567D88406ABC2C4074249F3F287EF4BF8C
:1068100026E423C08BFD8DC008AC3CBFA01AA1406C
:1068200076E01C40705F9FBF242896C074B501C0FD
:106830008351C93E8D973EBFCA54E9BF1A409AC1E1
:1068400050FCA8BFAA607440B1BFEE40C1393A41C4
:106850007A47824176F1CB4163EE7D4114D0B43F5B
:10686000B00346418805AA41098A0241363C79C0F5
:1068700075936CC187162BC126648FC1280F83C105
:10688000DCD7E1BF1E1650C1C4C29AC1B537C5C11D
:1068900041821D4138671F41545248411B9E5B4154
:1068A00020632641C520D440FE653B40B8AF43BFBE
:1068B0004A0C7EC05AF5ABC029ED05C1EF38F1C0D6
:1068C000E63FDCBF1A51B840B072F83FA08950BF14
:1068D0005F290B3FEF38B5C0B07243C1BC96DEC133
:1068E0005EBACD4093A99640F9A07B408FE44A4020
:1068F0008351D1BF32E666C07B14CAC0772D13C165
:106900003D2C25C16DE71CC136CDB9C03A92ABBF55
:10691000C66D44BFCEAA0FC036CDA3BF77BEE5403B
:10692000F1635040D26F784170CE6D41E6AED7C072
:10693000D49ABF41143FB141FDF68D41C3F5664184
:106940008F530541158C46405F078A406EA309416D
:10695000C74B734074B57DC0E17A2CC166F719C18D
:106960000E2D2EC19C332AC1FF2100C1A9139840CE
:10697000F085CFC0C58F5BC129CB47C1B4C8C4C1A6
:106980004C37194150FC3641516B4E41ECC06741C8
:1069900071BD8641DF609C4134A29D41AA60744173
:1069A000696F4041AEB6304166F7EE40B7D1903FD7
:1069B000575B11C16F9292C13A92BEC1355EB9C1A7
:1069C00013F29FC1105824C113E18AC1424FEBC199
:1069D000C05B5CC0BD524AC06F81F4BF378931BF14
:1069E0003789B13FFDF6A53FE86A8BBF74B51DC07E
:1069F000D49A42C033C48FC00378ADC0A4DF88C02E
:106A0000302A09BF7368D13E61C3A33F9CC4BC4018
:106A10007671654119E27040516B324188F40FC1C3
:106A200041F17341446996416688CA41B89E9C41D0
:106A30003480304101DED240516BB440FF213D40F3
:106A4000C1CAA3406210544111C75A4135EF0841F1
:106A50004E6205C1A60A7FC13B01A3C18649AAC1F6
:106A6000ECD1A9C1D7929AC1B81E72C12720C1C169
:106A7000BE9F464002BCC540787AA14029ED6540E2
:106A8000075FE2407CF2CC4006121F41BC96F84002
:106A9000F8C286403D2C68405E4BD04048E1B24091
:106AA000DFE0DBBFD95FCEC02063FCC093A9DEC0AE
:106AB000AD69A4C08FE404C196B228C15A64B0C1C4
:106AC000355E3ABFBC05123F55307E40014DBE4099
:106AD000FA7EC240C9768240840D9F3F2D43ACBFF1
:106AE00042CF4EC020D295C00F9CC7C034A2A0C0D8
:106AF000BE9F9ABFF54A294145D82840575B71404F
:106B0000ED0D764039B4E0BF41F193BF8CDB8AC113
:106B1000A9A4AA4087A7AD401B2F1D41CE99814152
:106B2000EA045B41986EDE40A089983FED0DD6BF28
:106B30000F0B25C07CF230C0C05B2C40637FAF40A0
:106B400039B486C02CD419C13F57C9C01AC0674098
:106B50008E0678C073D7D0C09A08A9C017C8DCC108
:106B600035EF2440B8405E405E4BAE40C05B0D4107
:106B700027311E41462542415452414120D2F7401F
:106B8000E5D090405AF5493FDE7102C0325598C0B9
:106B90006822B8C0A1F893C0F9311EC0CB1083C0E1
:106BA0004DF3C8C0ED0D94C005A318C1C06CBAC1A7
:106BB000B98D6C416E3480411F8593414F2F9641B2
:106BC0003D9B4641D656134117489E401214A9409A
:106BD0005530FE403D2C134114AEB5404D84853FE9
:106BE0009E5EE5C0121446C17F6A5FC12FDD16C1EB
:106BF000B81E58C1DB0A92C13A23AAC1D122DEC114
:106C00004260614123DB4941BDE38D41B4C8B641D7
:106C1000F46C5441A167ED405AF5B7404469EF3F29
:106C20006C091540FE65D740CBA185419A085F41AC
:106C3000228EF53D1D5A64C1E8EA91C1F016B3C138
:106C4000A089C6C1848D9DC1EEEB26C18DA8CCC1A3
:106C5000EA95A23F6F12A3BFA4706DC0A91310BF25
:106C600068B390C0F0A78EC052B8F6C0DAAC05C1C8
:106C700043ADE1C01D5A58C0CCEE45C01B2FFD3FAF
:106C80002B18D740AEB686412AA94341F241C340F2
:106C90009FAB8B402B186D40D712E240554181C10C
:106CA00045D8C8BF9A9929BF1283503F94872D4079
:106CB000832F9240832FCC400B24AA402AA957400F
:106CC000E86A6F40DE0291BF5BD3AC3F6076B73FAE
:106CD000917EE340764F01417D3FED4005A3B2BE7A
:106CE000BA6B61C03E79A6C02EFF0EC1C353F7C177
:106CF000CB100E4111C73841B37B8B4108ACAF417B
:106D0000432D96417FFB504155C14541AD697D41C1
:106D1000E6AEFF40470398C0143F32C1545288C1C9
:106D20006822A1C1499DA4C19BD586C1045624C136
:106D3000598660404A7BCB3FB003C1C04614D1C1E5
:106D4000F706BF3F607613409CC46C40D34D7E4035
:106D5000C1A83C409487B53F6822ECBD0B4635BFC7
:106D60009CC4D8BF60E596C0E56179C0CB1087BFF1
:106D70008A8E8C408CB96340234A994067445D40B9
:106D8000C3648E402E9070403C4E9FC0D7A3B8C1C4
:106D9000E6AE9D41E63FBC41FBBAD3415305A94154
:106DA00094F656412A3A304179583841234A4A41AB
:106DB0008D973A41D5E7EA3F386728C064CC09C0CF
:106DC0006C782EC114BF83C1F17499C1985DABC1B9
:106DD000074EADC19E6FA5C139B468C10467BAC181
:106DE000713DECC088F4A3C0A32305C03108CCBE1C
:106DF0002DB209C0226C54C0158C22C06FF069C03E
:106E0000865A95C048E17A3EFCA991BF4625D53EF9
:106E100083C0A0C0EC2F47C0FBCBD63F71AC0B3F6B
:106E20003411144164DD9F41A8D78141EE5AF8C066
:106E3000F2B02040D9CE0B407E1D2840C7294E40DD
:106E40005249974080489D4081048D406ABC204053
:106E50003A23A2BF190486BF068115BF08AC4C4077
:106E6000BF0E36415F9848409D11C5BF8B6C47BF30
:106E70000E4F89C0D191BEC01DC981C0DF60CAC19B
:106E8000CEAAA73F52277440A8C6BD4091EDC0408E
:106E9000F931C8405F07D240AC8BD140075F10404A
:106EA000E63F3440FF21BB406B2BD8402CD47640CA
:106EB000A52C2F406E3480BDA39276C05F98A4C0ED
:106EC0009565B0C0EE5AEAC0A24513C1A7F9ECC15E
:106ED000F31FDE409A77FC40ACAD3E4147839B41B7
:106EE000F786B641A01A8C41E2584E4145D83B4145
:106EF000E4145641C520203F1B2F0AC10B2452C168
:106F0000423E71C1C80762C11B2F04C17AC74FC17D
:106F1000107A81C11EA724C1516BEABFA009C5C167
:106F200014AE5A41FD0796417E1DBE413188BC41D9
:106F300035EF6841F7750441789CBE40D26F7340CD
:106F4000D656BA408F5316417DD0734020416DC054
:106F5000772D45C0DBF932C0894176C1D3DEB1C19E
:106F600099AAB5C1F90F9EC192DC89C127C2C3C1DC
:106F7000DC68DC4054E39340F0A78240696FE03F57
:106F80007E1DCA4017D914416ADE1241984CED3F6C
:106F9000984C79C0BC96C8C0560EE9C002BCC3C0AC
:106FA000FF214D3FA167AB40D1916CBF7AA52CC0AA
:106FB00009F9E03F5BD394BF33339DC0EF3895C1EF
:106FC000EA953841D734124105A31141A1F8544143
:106FD0008AB07441B7D10641211F00404260EDBF25
:106FE000A01AABC0CFF727C1D7A352C1EC2F0CC159
:106FF000D26F33C07DAED040D95F3EC08D2895BFE3
:10700000AE473940E09C79C0BC96D0BE4BC8DAC1CF
:10701000A1D60141A392A6408104974024972E4116
:107020002CD4634154741B41228E3140499D803DD4
:10703000A77967BF5E4B20405C8FC8404DF39040FE
:107040001826DBBF24282EC0F2B0CEC04F4003C1AB
:10705000A47042C16ABC1CC102BC91C07958B4C1C1
:10706000FED42641E56122414BEAFA402B18DD406F
:107070005C8FA8406FF049406DE74B405BD39C3E6E
:10708000E09CF13EDBF95EBF20D22FBF964393BF59
:107090006EA393C0C9E53FC095D43DC0F0A736C0EC
:1070A000CCEE41C0302A0DC0006FBFC06DD6A2C16A
:1070B000F5CA8441448B9641AB4FA3414CA6804115
:1070C000962174419A995941355E1C41713D9A400F
:1070D000448BE840CC5D0B3F3D2CA6C06B9A0FC1A2
:1070E0001C7C43C1EEEB73C1075F11C14F1E1AC177
:1070F0009A773EC1D6C5E1C075937DC1D723E0C163
:10710000E5F2DF401895F240A7791B412DB26441AA
:107110003A23A941BA6B9641992A514174B5594114
:1071200096B279419031B940FB5C8DC0A69B2AC1D3
:1071300066666FC17F6A74C1426042C17E8C9FC027
:107140008CDB5DC1174871C13F350FC1C50FD2C17E
:10715000F54A9B407424BD40F775BE40C4B146401B
:107160000D714CBF333373C05F9854C06C09D3C0EA
:10717000DB8A19C1F628F6C04013E1C0CA3260C0EC
:10718000FB3A1C4093A942BEE9B71241E8D95041ED
:10719000D93DD93EE9262F413199424057EC82C171
:1071A000A4701940DA1BFC3E643B734008ACC44039
:1071B0003480673FA1D608409FAB2DBC2D213B40BA
:1071C00080483CC1637F75C01F855FC02D215F3F34
:1071D00004565E406C0935C0FB3A78C01895A43F50
:1071E0004694DC40EBE20AC0EEEB58407671D7C023
:1071F0003CBD62C085EBB1BF2DB26D3F27C21E40C2
:1072000085EB3D40BA494C3F3411763FF31F923E27
:10721000C89803C0D93DA9BF1F85F3BFCA54C1BBDD
:10722000C05B0A41143F9440A323D93F16FBCB3ED9
:10723000D881733FB37BDA3FF697BD3F2ABA8DC141
:10724000A1D68B41FAFE97415BC2AF41D792A541CF
:107250008B6C664151DA1341A5BD14416ADE95403D
:10726000819513BF7FFB02C0E7FB95C0DD2402C1FF
:10727000A4702DC1D509DEC07A369DC0166A15C02E
:10728000827318C1651985C160E5B6C1F628DAC1F7
:107290000BA4F1411EA7E841A69BB541F0857F41B3
:1072A00055C15341BADA4441BB27FF400C02DB3FD2
:1072B00085EB39C0D34DBAC030BB10C18FE437C1A4
:1072C000E9B72FC1A1672BC14D841BC1E92637C186
:1072D00099BB41C1B6F365C1189565C1EFC9A1C19C
:1072E00002BC8B40CD3BB640226CF440E9261241F3
:1072F00054E3FF40C3D3BF40E0BE9C407DAE92400C
:10730000CEAAA73F2D218FBF07CE19C0764F26C02A
:10731000C9E59FBE86C974C029CB58C03FC694C07A
:107320003B7022C0643B83C08AB08DC0B90DB2C12E
:1073300012145641D3DE7F41A53D924124979441DA
:10734000E4146841DBF97041772D4A41BB27EF3FD8
:1073500026538FC00D71F2C064CCEBC0DF4FB7C0B5
:107360000E4F0CC1508D21C10E2D8ABF8104453FA7
:10737000280FD3C0A9A468C1001182C18796E4C1B7
:107380005B42A63FFED498BE006F01BEE02D1040C8
:107390000B24C640295C1141BA6B394102BC19412A
:1073A000A69BCE4095659640F90F7540D42B49C0F9
:1073B000A32301C0A301AEC074B565C0C7291AC01C
:1073C000C3F55CC08FE4D0C04850DCC0FAFEA8C151
:1073D000355ED640AED8DF4014AEDF406D562A4150
:1073E00073689141A4F0BB41BE30A64154749A41E8
:1073F000AD696841705F85406900A1C0158C29C1E5
:10740000431C7CC12B0796C18CDB9AC160F693C1EB
:10741000BEC111C135EF04C1128360C04BD9B6C1E2
:107420006C09B93EB1E145C0151D0DC074B5953E5E
:10743000D93D6140F31F4541DB8A28415B42D04082
:1074400080483F408A8E7040CCEE1941DE71D040BA
:10745000962156C0AD6909C1E5F20BC1295C97C000
:107460007FD9953F05A3B2C0E94846C0CE9991C1E6
:1074700030BB6B403F57A540DA1BE04040A4A3401F
:10748000DCD7C7409F3CA440ECC03940711B8DBE87
:1074900009F9303F14D0443F7DD02F40B68440C01E
:1074A000591789C079E9D6BF09F9303FF0A712C052
:1074B0005B4296BF4BC823C045D82CC0F163B1C115
:1074C000C58F3741910F3141C0EC2C41151D27412B
:1074D0001EA72941105846419A08514144FAF340E9
:1074E0001058F13F59170BC0787A79C0780B44BF18
:1074F000DC463F4082E21FC0A47023C1840D64C1FA
:10750000AEB642C123DBADC0A47005C1986E02C205
:1075100009F9D6C0849E93C06C784AC0A167B33D78
:107520003255303FF5DB873F7FD90D3F273160C0B3
:107530009BE665C0ED9E10C0174850BFA54EC040E9
:10754000AE473E417A363B405C8F92BF287EECBE10
:1075500045D8F0BCD8F03C402AA9CF403A92CBC0E5
:107560007424AB40B4C86E40F90FA340EA9546407E
:10757000B4C8D63FDE934740211F043F7E1D60C044
:10758000DA1B90C0C442CBC012A5FBC0560EB5C0DA
:1075900087A7A5C0A32319C014AE073EC3D3534089
:1075A000A245FA4042CF3F4173688D4022FD6CC135
:1075B000B1500441A245BC4021B0C0404D15274107
:1075C000158C4041D044F240D0D56240F31F82BFB9
:1075D0009C3384C016FBD1C0AC1CA2C01F855BBF0E
:1075E000C286E34063EE1ABF280F83C01FF42C3F0E
:1075F0006F81643FC72988C05452CFC08104EBC15A
:10760000933A0140EF387D40CD3B9E408B6C014169
:1076100053056A4108AC7541A47044418048254136
:10762000DE93E9405452494138F8F840D93D19C039
:1076300039D6EFC03FC624C1098A1CC18E75EBC084
:10764000499DE8C0B840C6C08FE485C104D6FDC1DD
:107650001C7C4D4152B87E4163FF8141FCA93D41F4
:1076600033337340C7BA80BFAA6020C02506D1C09B
:10767000713D06C1FCA91EC1B98D1AC1925CC0C082
:10768000BBB8853FE78C5D414469EB40651986C016
:10769000174831C14D1500C1431C4F4061D496C1FC
:1076A000B29D89418716954136CDBA418AB0A44131
:1076B0001A517941F4FD4B415839CE40B150D5C0F3
:1076C0006ABC12C1910F79C11B9EAEC1D3DE93C1BA
:1076D00065AA85C1962164C104E73840D12267407C
:1076E00007F0F6BED6566CBD5BD32440E03EA3C186
:1076F00017D93341D1A281412D329C41243998417F
:10770000560E2D4120638840B37BF23B58A899C0A8
:1077100016FBF7C0A01A18C1F9A02DC17E8C27C195
:10772000D95FC8C0E86ACB3F87161841037881400B
:10773000295C87C048501EC1249716C1515AB8C150
:10774000E9C8AC41083D8541DC6813418048894067
:10775000E09C31C0D49AC2C04DF3B6C0F241DBC048
:107760004BC8A9C0310868C087A7F73FE3C7FC40F2
:107770005EBAA9BF819500C19E5E2AC148E1D0C012
:10778000C5FE42C012A56140D734B540C3642DC1C7
:10779000EA9516405474F43FF2D2953FB5A681BFE6
:1077A000D6C56D3E9A080BC0CD3B32C007CE99BE00
:1077B000B22E8E3F9A993D4094F6A63EED0D06C03E
:1077C0004A7B833FED0D5E40A1D6FC3FCC5D933FED
:1077D00096431F40933A09404F1E463F43AD6BC14D
:1077E0006EA3D9BFF7061FC07DD01BC08885964009
:1077F00036BCC74105C5D8411748FE40EBE296406C
:10780000A69B443E6B2B66BF835159BF41821E41EC
:1078100052B81EC0E8D917C1E2E93EC12DB2EDBF92
:10782000ABCFC7C0136131C127A034C1423E86C16E
:10783000C7BA6E4142608F415F98BB411AD1E341A4
:107840006C78BF41B8AFB441023CAE41B76216415B
:10785000499D68C0BD5224C12EFF65C1789C82C17C
:10786000BA6B9AC102AB93C1D8818AC1045644C194
:10787000EE7C29C18BFD2FC14F40FDC0D712A8C19E
:10788000228E2D41DBF91F41849E0141C364B44027
:1078900024B93C3F7593983DFF215DBFDB8AE5BF6E
:1078A00041823AC0C3F540C066880FC01D3847BF4B
:1078B000524921C0C807C7C0832FA6C0B22E8E3E32
:1078C000FA7EA0C0C6DC953EAC8B83403F5718C102
:1078D0003B703441EA048C417357A6411D386F4117
:1078E000933A0E415B42AC40AD698E3F516B0ABF8B
:1078F000F54AE9BF933A41BFDB8A794034116341CD
:10790000D0B336412EFF11C0D3BC52C1B3EA89C1F6
:10791000933A7EC1567D5CC169007FC1D801E0C148
:10792000B537E8BF1EA7B0BF7CF290BE60E5B03FA0
:1079300073D7E23FA52CBB3FF7E499BFF0854DC05C
:107940000681A7C0D712D8C0A69B9EC0DC4637C010
:10795000287E8240234A2BC04ED1613FCCEE674146
:107960007FFB0841A1679140F4FDFC4079586BC151
:107970008A1F284196215E41728A9C41F2D2A6411B
:1079800093A98D41D95F4B412F6E38414B5900412E
:10799000D0D50E40492EB7C05BB122C1F4FD4CC119
:1079A0009CC46EC19F3C2BC196B200C03F5706C11C
:1079B0007A3623C104E7ACC003782CC1211FCFC1A4
:1079C000F77580BE3867AC3FAA60243F14D02840CA
:1079D000DA1BC2403EE88B409643AB40A4DF7E40BA
:1079E000B37BDABF5EBA05C0DE02A7C06ABCC4BF03
:1079F000B3EA57C0B150AB3FC1398140AEB6234165
:107A00007DD0D33F76714FC039B4A4C045C798C16B
:107A10007FD9CF404E621541F2B061414D04A5417E
:107A200035EF8041BC74EB405917BF3F8A8E30C0A0
:107A3000E02D82C020637EC06900AF3F68910E4197
:107A40001F856BBF8E06AAC09643AB3E2428C4C0D8
:107A50003B014CC1992A15C1136157C12E90DBC15E
:107A6000E0BE1E3FFFB21B40643B9F406F121441BB
:107A7000A4707641ECC044417593B840143FA040D7
:107A8000C898814060E58640C74B1B4144FAF740E7
:107A9000107ABA40EF38C53EE5F2BFC0AA6038C1DF
:107AA0008FC2E9C03D9B25C17660A6C1A5BDFDC1C1
:107AB0007DAE6EC0857CB8BF522770C08FE492C087
:107AC000228E51C07F6A3C3FE6AE51C0569F99C09E
:107AD000840D1FBF60E59C40E561274127C230410E
:107AE00092CB8A4199BB46BF7424AF40EBE2463F3C
:107AF00072F99F3FF38E43BF17D906C010E9B6C194
:107B0000EEEBD640A69B134165194541098A8D418C
:107B10008A1F8D41D34D3E41D42BE340C976884026
:107B2000CEAA894064CC1F4189D2BA403C4E5DC088
:107B3000F775DEC054E399C0DCD709C07E1D61C172
:107B4000ADFA95C1F0A78AC15A6434C18E75E1C1FE
:107B500019736B41FBBA9B419CA26C41B459D14053
:107B60004F1E963FB98D16C017B79DC03A23FAC075
:107B7000D7A30DC15F9817C16EA32BC1D73408C11D
:107B8000A69B8EC03199FA4067D5E73C767181405B
:107B90005C20D13FDCD7B1BF7AC78D401E2781C1A1
:107BA000448B984133B3B04154E3C441D645B0410E
:107BB000FDF68A41560E7E411EA762417A363F414C
:107BC0001DC98D400C9391BF7B83CDC0BE3025C1B4
:107BD00017B73DC1371A58C17AA567C13D9B71C11E
:107BE000795878C1CE9986C1AF14B0C1E550C3C1F0
:107BF000A08910410B249841C3E4C3410A68C541E0
:107C00009D919741728A3C410091F440CDCC9840BF
:107C1000C1A8A43FCB10E73E4E62E83F772DA1BF3D
:107C20006D5613C1B8AF64C187167CC1B8405AC144
:107C300029CBF8C04F4068C1BBB8ACC11904CFC153
:107C40001DC9BD3FB29D8F3E6F12C3BED191BC3FD7
:107C500077BE034130BB0241C3F520416FF00441C0
:107C6000DFE08340C3642E4020416540FC18FF40A4
:107C7000C2866F409FAB29C04182ACC0F7758EC0F1
:107C800007F090C07424D7C0FB5C0FC1B684D8C184
:107C9000C520294152B82A4132773C417B144341E7
:107CA000AA602041E948D640BBB8A340E25827402B
:107CB0003E7998409B55234066667AC042CFEEC01D
:107CC000ECC01AC18C4A15C146251FC1986E01C16E
:107CD000BE30993FE17A74C0B0035FC0FCA9B3C164
:107CE00060E5F240492E06416FF03841500D824167
:107CF0000612B0416D56B8416F708E41F9A05141E6
:107D0000EE5A8941FB3A59417DD073BE9031E7BFAD
:107D10001A51CA3FD93D26C11C7CA6C1CA54C6C14E
:107D2000516BC8C173D7C2C1E4039BC10F0BCAC159
:107D3000E17AEA4023DB3941C06C8541A8357841BE
:107D4000F775024106129A40B150DBBF006F3DC08B
:107D50009C33D2C05839E2C0B1BF6CBF3FC6AA4005
:107D6000894190C027A0E5C0F8535BC0682260C07D
:107D7000B5A60CC12B18A9C030BBDF3FA61B9AC10A
:107D8000BE300B4116FB5B41302AA2418AB07941DB
:107D9000E17A004131993240BC741FC0D509CCC092
:107DA00057EC10C1C3D327C1637F3CC10DE02BC189
:107DB00016FBF7C0D734AFBE705F2141A3237940D3
:107DC000B6F37D402B1805C0249703C07969BFC165
:107DD000AB3EE7BF0E4FAFBF764F863F3480AF3F1D
:107DE000780BFC3F5396993F36ABEEBF2F6EFBBF2F
:107DF000EC2FE3BF5A64ABBFEFC957C033C449404F
:107E0000C5FE9A3F448B4C3F5B42FE3EFE652340DD
:107E1000A2B4574013F2154066889D4081262FC1B9
:107E20006E348240295CED40A01A4B41E17A9041CA
:107E3000F9B18441E336154104E7904039453740B4
:107E40004547D23F19739740F69746416FF011416D
:107E5000CC5DC7406C09793C1FF448C14EE28DC12E
:107E6000659995C183C04CC1D0338DC18A0EF2C1D2
:107E70007446543F68912940F2B0F03FD49A844050
:107E80009B55B5409A77B640EC519E40AA60DC40C5
:107E9000A470D94060760041CB10294197FF0A4178
:107EA000363CED3F68B30EC0CEAACBC0AE47D9C0BA
:107EB000736802C163EE14C143AD20C18104CEC119
:107EC0003945E340DDB574404182F23F37898D404A
:107ED000871699403F359440014DBA404CA6324038
:107EE0007A36D33FAD69DE3EAC1C0E402A3A804064
:107EF0009487053D583928C058CA22C0F69765C0F6
:107F00009FCD6AC060E586C04547E0C0E3B69FC12B
:107F1000925CFE3DFB3A43416ADE8940FAED8740C0
:107F2000F163F43F09F9203F091B8E3F7671C33F8F
:107F3000DAAC1240C05BA44012830C403199B8C047
:107F4000E3C7983F0534B9BF7E1D983ED12295C046
:107F5000C7295A3F4ED1993FF7067FC0E8EABAC118
:107F600074B5A3C01F85A3BFFCA921404A0C84405F
:107F700086385A404D15DCBF0A6862BF4260BDBFFB
:107F800098DDAFC08351DBC02B18C5BF5452773F7B
:107F90006ABC14C01B9E9CC014AE0441645D5C406E
:107FA000B684E4BF85EBC940560E57418F5312C1CA
:107FB000E2587F401E168C40DB8A874032E6424002
:107FC0002AA96F40211F2040D8F08C3F6ABCF4BE24
:107FD000849E19C0BD5226BFE63F543FE3C7583EBA
:107FE0005EBAC93D516B5ABE9318C43EE17AE4BFF4
:107FF000211F84BFCC7F08C0E6AECDBF598663C1C8
:1080000092CB354198DD6B4153168741AD69714183
:10801000492E1F41A54E0C41B4C88C407E8C01C036
:10802000EA042CC0772D81BF27C2463F0BB50EC096
:1080300021B082C02FDD01C17B14C8C0D49AA6C074
:108040005E4BE0C0C0ECD6C0780B14C10011DBC1A0
:10805000091B6A400C933940A7798140EEEB05413A
:10806000CB10884166E6BA41F90F82418941E6406A
:108070000F1C8B41FBCBCC40C13989C08B6C1EC11E
:10808000F0164CC1BA6B45C1DBF9AEC0DFE025C1CB
:108090005F292FC18C4A22C15C8FC0C035DEC2C1AE
:1080A00097FFF040D49ABC40B0728A40780B804071
:1080B00024283A40D3BCD33F47723D4024287A401D
:1080C000295CAF3F46943EC0764F4EBF1B0D60BF4C
:1080D000B6F37DBF000050BFCF6655BFDAACFABC27
:1080E000524929C0903133C0228E89C001DE8BC134
:1080F0009C3376411BAFA041B36AB5418805A541C9
:10810000166A72418A1F0D41E63F6840832F0CC0FA
:10811000CE1909C1A7E852C1121474C1FF2170C160
:10812000A3924BC1F2B00BC135EF183FB8408C4061
:108130005EBA11C06C09F9BC857CFCC05305CCC18A
:108140006D45BD41FD07BA41E5D0A2414ED1724116
:1081500062A13641EFC9B9401214AF40B072A83FD6
:108160009E5EA93D3A921BC02BF6E1C0E3A5C5C0B7
:10817000363CEDBF7A36B3405227B8BF6A4D77C15F
:1081800093188BC1AAF196C1CB108BC1439CC0C17F
:1081900002BC3A41FBCB61410467A9415474CE4112
:1081A00065AAA5410C026141728A624142608F4119
:1081B00045D869413D2C9A400D715440C520F03E90
:1081C000C5FE37C1C29799C16688ACC1D35EABC149
:1081D0008885A9C16DD6B2C1B840B1C13D9BBBC1B4
:1081E000BEC19540DFE04340FFB2D33F226CC640A2
:1081F000524901C0091B464000910E3F2653514091
:10820000C364AA3FE17A943D910FEA3F35EFBEC0C7
:108210004A0C2A405E4BC8BDC3D39BBFED9E10C025
:10822000F8C2643EF4FDBC3F7AA586C00A6865C109
:1082300066F714418CB93D4130BB6F41B30C5341DB
:10824000C0EC0841075F8840C807FDBE325544C0F6
:10825000F7E44DC0FB3AA4C0166ADDBFC66DD4403A
:10826000C3F558BFA32301C17C6119C1D0D5BAC0E1
:10827000D34D2A4066F704C179E9C0C0311999C1CC
:10828000CE881240F1F476404D849D40D42B0A41B3
:1082900011C75E41DE938E4119E27B416D56384134
:1082A000D3DEF040B8AF12415F981B41DCD7B74036
:1082B0003D0A073FA167B33E984CC7C03CBD4EC1C5
:1082C0004B5961C16DC5A4C14625D5C1B448FAC199
:1082D000303B9741F842904140135A41FC181C41F1
:1082E00020D2ED4016FBAB4002BC3D4079E9DE3FB9
:1082F000FAED2B3F24972F3F87A72F4055C1083F0A
:10830000CA328AC0A301C6C092CBDDC072F91DC1BA
:1083100032773EC1B30C12C179580FC11D5AC9C181
:108320000D71CE40FC18D940CE19174145474F4139
:108330003FD783417E8C6E41F5B904418E06D83F0C
:10834000363C21C01AC08FC07B83D7C09487DFC062
:10835000A2B495C067D5373FB22E863F0F9CA3C00D
:108360005DDC8EBFDBF9F0C0355E46C17AA5D9C1B0
:10837000140000000900000000020000E86601206F
:10838000140000000900000000020000E8C6002000
:1083900000000000000000000000000000000000DD
:1083A00000002041000048410000704100008C4165
:1083B0000000A0410000B4410000C8410000DC41C1
:1083C0000000F0410000024200000C420000164292
:1083D0000000204200002A420000344200003E42D9
:1083E0000100000004000000100000001807022037
:1083F000000000000000000000000000000000007D
:1084000001000000FFFFFFFF00000200000000006D
:1084100000000000000000008807022088070220FA
:108420009007022090070220980702209807022058
:10843000A0070220A0070220A8070220A807022008
:10844000B0070220B0070220B8070220B8070220B8
:10845000C0070220C0070220C8070220C807022068
:10846000D0070220D0070220D8070220D807022018
:10847000E0070220E0070220E8070220E8070220C8
:10848000F0070220F0070220F8070220F807022078
:108490000008022000080220080802200808022024
:1084A00010080220100802201808022018080220D4
:1084B0002008022020080220280802202808022084
:1084C0003008022030080220380802203808022034
:1084D00040080220400802204808022048080220E4
:1084E0005008022050080220580802205808022094
:1084F0006008022060080220680802206808022044
:1085000070080220700802207808022078080220F3
:1085100080080220800802208808022088080220A3
:108520009008022090080220980802209808022053
:10853000A0080220A0080220A8080220A808022003
:10854000B0080220B0080220B8080220B8080220B3
:10855000C0080220C0080220C8080220C808022063
:10856000D0080220D0080220D8080220D808022013
:10857000E0080220E0080220E8080220E8080220C3
:10858000F0080220F0080220F8080220F808022073
:10859000000902200009022008090220080902201F
:1085A00010090220100902201809022018090220CF
:1085B000200902202009022028090220280902207F
:1085C000300902203009022038090220380902202F
:1085D00040090220400902204809022048090220DF
:1085E000500902205009022058090220580902208F
:1085F000600902206009022068090220680902203F
:1086000070090220700902207809022078090220EE
:10861000800902208009022088090220880902209E
:10862000900902209009022098090220980902204E
:10863000A0090220A0090220A8090220A8090220FE
:10864000B0090220B0090220B8090220B8090220AE
:10865000C0090220C0090220C8090220C80902205E
:10866000D0090220D0090220D8090220D80902200E
:10867000E0090220E0090220E8090220E8090220BE
:10868000F0090220F0090220F8090220F80902206E
:10869000000A0220000A0220080A0220080A02201A
:1086A000100A0220100A0220180A0220180A0220CA
:1086B000200A0220200A0220280A0220280A02207A
:1086C000300A0220300A0220380A0220380A02202A
:1086D000400A0220400A0220480A0220480A0220DA
:1086E000500A0220500A0220580A0220580A02208A
:1086F000600A0220600A0220680A0220680A02203A
:10870000700A0220700A0220780A0220780A0220E9
:10871000800A0220800A0220880A0220880A022099
:10872000900A0220900A0220980A0220980A022049
:10873000A00A0220A00A0220A80A0220A80A0220F9
:10874000B00A0220B00A0220B80A0220B80A0220A9
:10875000C00A0220C00A0220C80A0220C80A022059
:10876000D00A0220D00A0220D80A0220D80A022009
:10877000E00A0220E00A0220E80A0220E80A0220B9
:10878000F00A0220F00A0220F80A0220F80A022069
:10879000000B0220000B0220080B0220080B022015
:1087A000100B0220100B0220180B0220180B0220C5
:1087B000200B0220200B0220280B0220280B022075
:1087C000300B0220300B0220380B0220380B022025
:1087D000400B0220400B0220480B0220480B0220D5
:1087E000500B0220500B0220580B0220580B022085
:1087F000600B0220600B0220680B0220680B022035
:10880000700B0220700B0220780B0220780B0220E4
:10881000800B0220800B02200000000003000000FB
:1088200084100220A00B022000000000841002200F
:10883000EC10022054110220000000000000000093
:108840000000000000000000000000000000000028
:108850000000000000000000000000000000000018
:108860000000000000000000000000000000000008
:1088700000000000000000000000000000000000F8
:1088800000000000000000000000000000000000E8
:1088900000000000000000000000000000000000D8
:1088A00000000000000000000000000000000000C8
:1088B00000000000000000000000000000000000B8
:1088C00001000000000000000E33CDAB34126DE655
:1088D000ECDE05000B0000000000000000000000BE
:1088E0000000000000000000000000000000000088
:1088F0000000000000000000000000000000000078
:108900000000000000000000000000000000000067
:108910000000000000000000000000000000000057
:108920000000000000000000000000000000000047
:108930000000000000000000000000000000000037
:108940000000000000000000000000000000000027
:108950000000000000000000000000000000000017
:1089600000000000000000004300000000000000C4
:1089700000000000000000000000000000000000F7
:1089800000000000000000004300000000000000A4
:1089900000000000000000000000000000000000D7
:1089A0000000000000000000430000000000000084
:1089B00000000000000000000000000000000000B7
:1089C0000000000000000000430000000000000064
:1089D0000000000000000000000000000000000097
:1089E0000000000000000000430000000000000044
:1089F0000000000000000000000000000000000077
:108A00000000000000000000430000000000000023
:108A10000000000000000000000000000000000056
:108A20000000000000000000430000000000000003
:108A30000000000000000000000000000000000036
:108A40000000000000000000C1660110E55E01109A
:108A5000000000004C7B011008730110586E0110DB
:108A6000586E0110586E0110586E0110586E0110AA
:108A7000586E0110586E0110586E0110586E01109A
:108A8000FFFFFFFFFFFFFFFFFFFFFFFFFFFF0000F4
:108A9000010041534349490000000000000000006C
:108AA00000000000000000000000000000000000C6
:108AB000000041534349490000000000000000004D
:108AC00000000000000000000000000000000000A6
:108AD0000000000000000000000000000000000096
:048AE0000000000092
:108AE400F58A0010D81D00206D770010C58700108E
:108AF4005D8900100D86001028180020E806022069
:108B0400A1830010347A0110457400105807022024
:108B1400C8C60020BD710010E97D00109C0B022026
:108B240088BE0020D9840010998C0010B5800010F4
:088B34007D6F0010317A001082
:0C8B3C000000000000000000000000002D
:108B4800D3DEFFFFFE010000FF010000F075FCFF0F
:048B5800793512ABAE
:040000051000014D99
:00000001FF
