:020000041000EA
:10000000002008205B0100101B0100101D010010E2
:100010001101001011010010110100101101001058
:100020001901001019010010190100101F01001022
:10003000110100101901001021010010230100100E
:100040001101001011010010110100101101001028
:100050001101001011010010110100101101001018
:100060001101001011010010110100101101001008
:1000700011010010110100101101001011010010F8
:1000800011010010110100101101001011010010E8
:1000900011010010110100101101001011010010D8
:1000A00011010010110100101101001011010010C8
:1000B00011010010110100101101001011010010B8
:1000C00011010010110100101101001011010010A8
:1000D0001101001011010010110100101101001098
:1000E0001101001011010010110100101101001088
:1000F0001101001011010010110100101101001078
:100100001101001011010010110100101101001067
:10011000EFF30580103800BE00BE00BE00BE00BE7A
:1001200000BE00BEF2EB8871607D0110807D011081
:100130009C01001090A31AE7D3DEFFFF42012110BB
:10014000FF010000F8890300793512AB00201E4939
:10015000086006C881F3088810474FF050400068D7
:1001600008B10020F3E70DA40ECC002902D000F066
:1001700012F8F9E71549164A002000E001C1914242
:10018000FCD114498847144988471449884700BE60
:10019000FDE701C901C29A42FBD37047807D01107F
:1001A00010010020C00E0220308B03100000082038
:1001B00000000820308B03100010082000100820D9
:1001C000000000007047000008ED00E0C00E0220B3
:1001D000B0190220293D001015020010ED3C00105E
:1001E00010B50A4C82B06368DA05FCD4226A6368F1
:1001F000DB05FCD4C2F3CF330DF106010448226ABB
:10020000ADF8063001F036F8EDE700BF00002050F1
:10021000741902202DE9F04F89B003F0BBFE1920BC
:1002200000F0E8F819234FF0010242EC44300421B9
:100230000B2000F0C1F810252423574A574C95662F
:100240005367136F4FF4E13183F490136FF30F038F
:100250002367536E5248DB4303F00103636601F0EA
:1002600097F80221002000F0A7F80221012000F0F9
:10027000A3F8002006F0B4F90446019006F05CFCF7
:100280008246204606F04EFC81464FEA4A05284643
:10029000CDF8089003F04EFC8046484603F04AFC37
:1002A000074600F06BF93F4C03462A4602213E48C0
:1002B00000F0CCFF20463D4906F02AF84FF4102309
:1002C00006934FF41403064600F108020493C30199
:1002D00043EA023323F0C0430593354B062108203F
:1002E000079300F069F80621092000F065F806215F
:1002F0000A2000F061F820464FF4E0634FF4C0623A
:10030000002106F06FF832460021204604AB06F0CB
:100310009FF84FF460430026C4F8D830236825487E
:1003200043F0010323601E4C06F036F94544039662
:1003300007EB090BBAF1000F08DDC14649461A4820
:1003400009F1020900F0D6FF4D45F7D14246394682
:10035000019806F005FCA3699906FCD4AA23236042
:10036000A3699A06FCD455232360029B43B13A4605
:10037000A3699B06FCD412F8013B5A452360F7D1D0
:100380000136192ED6D1039B83F00103039343EC6E
:1003900040600026CEE700BF00800A4000900A407F
:1003A0000000074000002050741902200869011065
:1003B00000240440E101001010B44FF480740C4B91
:1003C00053F8202003EB8003C00082F0400200F1CC
:1003D000804003F5805C02F0C00200F5203003F598
:1003E0004053CCF8002041601C605DF8044B70471E
:1003F0000480034030B44FF0000343EC440043EC6E
:10040000400005254FF480740B4BC20053F82010B8
:1004100003EB800081F0400102F1804303F52033BB
:1004200001F0C00200F5805100F540500A605D60A7
:10043000046030BC704700BF048003400FB400B5B7
:1004400083B0049C074803F0E9FD3CB105A92046B0
:10045000019103F0E3FB044803F0E0FD012003F009
:10046000F5FB00BF24690110406E0110EFF310800E
:1004700072B6064BD3E8CF1F01220029FAD1C3E898
:10048000412F0029F6D1BFF35F8F70477713022009
:100490000023034AC2E88F3F80F31088704700BFF3
:1004A0007713022070B58646EFF3108572B6124CB2
:1004B000D4E8CF6F0120002EFAD1C4E8460F002EF9
:1004C000F6D1BFF35F8F4FF0010CC80801F00703AE
:1004D0000CFA03F31EF800C01CEA030608D14CEA2C
:1004E000030C0EF800C0C4E88F6F85F3108870BD50
:1004F0001046FFF7A3FF00BF77130220F8B5EFF314
:10050000108772B61C4ED6E8CF5F0124002DFAD1B9
:10051000C6E8454F002DF6D1BFF35F8F9A421BD836
:10052000012502E00132934222D3D40810F804E0FE
:1005300002F0070C05FA0CFC1EEA0C0FF2D14EEA91
:100540000C0E00F804E010460023C6E88F3F87F346
:100550001088984207DBF8BD0023C6E88F3F87F379
:1005600010884FF0FF300029F5D00698FFF766FF9E
:100570004FF0FF30E8E700BF77130220044A1078FD
:10058000431CDBB2182B28BF10231370704700BF29
:100590005815002010B5054C82B001461F231822C3
:1005A00000940348FFF7AAFF02B010BD34690110A0
:1005B000C81402204FF0E022936843F00053936088
:1005C000704700BF0021044B03F12002C3E88F1FD6
:1005D00001339342FAD170476C1302204FF0E023AD
:1005E0004FF08032C3F80024C3F80424C3F8082471
:1005F000C3F80C24C3F81024C3F81424C3F8182437
:10060000C3F81C24C3F82024C3F82424C3F82824E6
:10061000C3F82C24C3F8302462B67047012300F0DD
:100620001F029340400941B1800000F1604000F595
:100630006140C0F8803103607047024A203042F8C0
:100640002030704700E100E00123064A410952F8DA
:10065000212000F01F0003FA00F01040003818BFFE
:100660000120704700E100E001224309034900F046
:100670001F008240403341F82320704700E100E032
:10068000054A10309268054B52F82000C01A4728DE
:100690008CBF00200120704700ED00E05C150020B9
:1006A00010B5EFF3108C72B6114BD3E8CF4F012287
:1006B000002CFAD1C3E8442F002CF6D1BFF35F8F92
:1006C0000C4A103092680C4C52F82020A24201D003
:1006D00091420BD1074A926842F82010BFF35F8F16
:1006E0000022C3E88F2F8CF3108810BD01F050F862
:1006F0007513022000ED00E0110100102DE9F04F0C
:100700000B4683B0EFF3108A72B6DFF8A891D9E8F0
:10071000CF4F0121002CFAD1C9E8441F002CF6D19B
:10072000BFF35F8F5D4991F90080B8F1000FC0F20F
:10073000B3805B4C08EB480704EB8705AE791030BB
:100740000E7058494FEA48068968009651F8201003
:10075000BF000E1B472E34D821F0010E9EF8076013
:10076000964209D871E00CEB4C0604EB860696F82D
:1007700007B093454ED9B6469EF906C0BCF1000FAE
:10078000F1DA4BF601560EF1040B043DA5EB0B0517
:10079000C5F34A056FEAC545009F6FEAD545474452
:1007A000BB468EF80680DFF8088104EB8707AEF8B9
:1007B000045044F82B80BE8087F806C0FA71BB60F5
:1007C0001AE0394EB14267D1AB60384BEA71BA1CBE
:1007D0002244043B9B1AC3F34A036FEAC3434FF41A
:1007E00021426FEAD343E2536B80FF224BF6015361
:1007F000AA71AB8045F001012A4B9B6843F8201099
:10080000BFF35F8F0023C9E88F3F8AF3108803B0DE
:10081000BDE8F08FF3463BF8046F76050FD47615EC
:1008200002360BEB460601966FF00706F61B019F9A
:10083000361B3E44C6F34A0646F46046A5E706F575
:10084000FF1606F5FF561F36E9E7AB606FF00703AA
:10085000EA714FF42142DB1B1B1B7344C3F34A06AE
:10086000124BE25302372744043BDB1BA2F5414203
:10087000C3F34A0313433243AA800D4A6B804AF6FE
:10088000AA2173461B1B5B415943090DA971CEF880
:10089000002045F00101AFE700F07AFFA81902201F
:1008A0005C15002000ED00E011010010A4150020EF
:1008B0000148804775130220F0B5EFF30585EDB2CE
:1008C000EFF3108C72B62C49D1E8CF2F0123002A08
:1008D000FAD1C1E8423F002AF6D1BFF35F8F274E1D
:1008E00040F0010EB4684AF6AA2354F82570244A51
:1008F0000446A41A644163431B0D77455BB223D0C1
:1009000092F906409C4224D092F912409C422BD08E
:1009100092F91E409C4229D092F92A409C4227D04D
:1009200092F936409C4225D092F942409C4208BF41
:1009300005240FD0134A0024157813708571C1E87F
:100940008F4F8CF31088F0BDB2680F4C42F82540F1
:10095000F0E7002404EB440402EB8402FF249471CA
:100960004BF601549480E5E70124F3E70224F1E714
:100970000324EFE70424EDE77513022000ED00E007
:100980005C150020A81902201101001010B5074CB9
:1009900082B001460523002200940548FFF7AEFD12
:1009A0000028A8BFC0F1330002B010BD506901108B
:1009B000AD190220014B0B44036070476C130220F9
:1009C00070B5104C104DAC420ED2FF26236863B1B7
:1009D000FFF7D4FD01462046FFF7ECFFA680BFF3EA
:1009E0005F8F0834AC42F1D370BDFFF7C7FD0146FD
:1009F0002046FFF7DFFF2671BFF35F8F0834AC425C
:100A0000E4D370BD4C0E02205C0E022010B50446EB
:100A1000FFF7B4FD01462046FFF7CCFFFF2323710B
:100A2000BFF35F8F10BD00BF10B504460120FFF774
:100A3000B1FD034B03442360BFF35F8F10BD00BFC4
:100A40006C130220024B0B440360BFF35F8F7047AF
:100A50006C13022010490B68EFF3108072B6D3E8D4
:100A6000CFCF0122BCF1000FF9D1C3E84C2FBCF16C
:100A7000000FF4D1BFF35F8F084A4FF0000C1378DA
:100A800009680133DBB21370C1E88FCF80F310889F
:100A900040BF00200021704784190220AA190220BB
:100AA0002DE9F04F2DED028B85B0EFF30583DBB21E
:100AB000103B9A0818BF01224FF0010103F0030B0D
:100AC00018BFAF4DAF4B08BFAF4D0BEB820253F8D1
:100AD000226001FA0BF205F541539FEDA78B0192BD
:100AE0005A602FE0B3881C0440F19380B379002B47
:100AF00040F0DD80B6F90820002AC0F21E8173693B
:100B000002EB420203EBC203D3E90247B7F1FF3F16
:100B100008BFB4F1FF3F0ED005EB8B01AB6A0A6949
:100B2000D21AE31A934205D301232A6A03FA0BF37C
:100B3000134200D10C61284600F048FBA042B941A5
:100B4000C0F2FB80B6F90830019A002B0093EA63EB
:100B5000C8DBD6F8148003EB4309284608EBC90725
:100B6000D7E9024A00F032FBA04271EB0A01B9DB7F
:100B7000BAF1000FC0F2C380D7E90431834A93422F
:100B800000F0ED807A88B6F9080092B242EA00409F
:100B9000984702460B4652EA030100F0B080002B52
:100BA00080F2D180B4EB020E6AEB030A38F93930D7
:100BB000C7E902EA002B95DB716903EB430201EB05
:100BC000C202D2E90270BE457AEB000C4FEA430242
:100BD00088DBB4462CF8083F06E003EB430001EB4A
:100BE000C0005A00D0E90270BE451A447AEB0000FA
:100BF00001EBC20404DB31F93230A446002BECDAFD
:100C000028F83930009BACF80030B3881C043FF55D
:100C10006DAF3369EFF3108272B6D3E8CF0F0121C5
:100C20000028FAD1C3E8401F0028F6D1BFF35F8F38
:100C30004FF6FF74B0880023316900B2B480C1E878
:100C40008F3F82F310889842FFF650AF0746A946BF
:100C5000746906F1080807EB470E04EBCE03D3E9ED
:100C60000250B6F90830C446002B13DBB246009799
:100C700004E034F936309446002B09DB03EB4306DD
:100C800004EBC602D2E90271BD4270EB0101F0DA59
:100C90005646009FACF8007034F93E7024F83E30A0
:100CA000002FD8DAB3794D46002B3FF423AF002351
:100CB000B371B6F9083006F10808581C3DD01A4641
:100CC000776903E08046591C3FF416AF03EB4301FC
:100CD00007EBC100B0F802C01C461CF4004F9E4652
:100CE00037F93130EED0944280ED028B05D0A8F870
:100CF0000030328927F8312034817246E3E738F832
:100D0000393033813369EFF3108272B6D3E8CF0FF5
:100D100001210028FAD1C3E8401F0028F6D1BFF313
:100D20005F8F7388316928F83930009B7380002306
:100D3000C1E88F3F82F31088D4E640BF05B0BDEC18
:100D4000028BBDE8F08F2846CDE9022300F03EFA81
:100D5000029A039B10EB020E43EB010A26E70846BA
:100D60000B69029198470028C9D00299D1E9002364
:100D700011E700BFAFF30080FFFFFFFFFFFFFFFFA2
:100D800000800B404C19022000000B40A10A00100B
:100D90002DE9F84F364C25692DB1BDE8F84F0A21F1
:100DA0003448FFF707BEDFF8E4800321404600F037
:100DB000FBF90326C4F80C80FFF7E0FB4FF0504C22
:100DC0002D4B267003442361DCF800300F21637043
:100DD000636961801D834FF00405A3F878504FF0DC
:100DE0000505A3F890504FF00605A3F8A8504FF062
:100DF00007050E214FF6FF7208274FF00A0EA3F8E1
:100E0000C0504FF001094FF00C0C4FF0020B4FF0A7
:100E1000090A0D204FF00B05A3F868111749A280AD
:100E2000A3F808E1A160A3F848B0A3F8F0A0A3F8E4
:100E30002051A3F838C1A3F85001A3F83090A3F8CB
:100E40006060A3F8D8701A800D4B3046C8F8207047
:100E50000C49DC60FFF724FC49463046FFF7DEFB17
:100E6000094B0A211F640348BDE8F84FFFF7A2BDF4
:100E7000C8150020841902206C130220FFFF100007
:100E80004C190220A10A001000200B4000000B406A
:100E900000487047C8150020F8B59DF8205004465A
:100EA00017461E4635B900F099F9874266EB0101F5
:100EB00000295CDB2169EFF3108372B6D1E8CF0F14
:100EC00001220028FAD1C1E8402F0028F6D1BFF353
:100ED0005F8FB4F90220656902EB4201002A4FEAF4
:100EE000C10C206905EBC10139DB35F80CE0A4F831
:100EF00002E04FF0000EC0E88FEF83F310884888BF
:100F0000069B0130C0F30E00012838BF01200B61A1
:100F1000079B48804B61C1E9027640EA02402369A1
:100F2000EFF3108172B6D3E8CF7F0126002FFAD1FC
:100F3000C3E8476F002FF6D1BFF35F8FA38825F872
:100F40000C30A2802369C3E88FEF81F3108801225F
:100F5000E368217803F501538A405A60F8BD002206
:100F6000C0E88F2F83F310884FF0FF30F8BD28467C
:100F7000F8BD00BF0146F0B50069EFF3108772B607
:100F8000D0E8CF5F0124002DFAD1C0E8454F002DF5
:100F9000F6D1BFF35F8FB1F902E04C690EEB4E0C56
:100FA000BEF1000F4FEACC05086904EBCC0C3CDB2A
:100FB000665B4E800026C0E88F6F87F31088BCF810
:100FC0000200CCE902230130C0F30E00012838BF33
:100FD0000120059BACF80200CCF81030069B40EADB
:100FE0000E40CCF814300B69EFF3108272B6D3E8E0
:100FF000CFCF0127BCF1000FF9D1C3E84C7FBCF182
:10100000000FF4D1BFF35F8F8B886353A1F804E026
:101010000B69C3E88F6F82F310880122CB680978CF
:1010200003F501538A405A60F0BD0023C0E88F3FAA
:1010300087F310884FF0FF30F0BD00BF03464089B2
:10104000B0EB214F37DD58690A1402EB420210B5AC
:1010500000EBC2001C69EFF3108C72B6D4E8CFEF3E
:101060000122BEF1000FF9D1C4E84E2FBEF1000FEE
:10107000F4D1BFF35F8F428889B292B28A4207D01F
:1010800000221B69C3E88F2F8CF31088002010BD4D
:1010900042F4004242800121002218699971C0E89F
:1010A0008F2F8CF310881C78DA68084602F50153FC
:1010B000A140596010BD0020704700BF40787047C4
:1010C0002DE9F04705460C4682B0EFF30587FFB2E5
:1010D000002F38D1304ED6E900238B4208BF824220
:1010E00039D0DFF8C080D8F80CA098F800905046AE
:1010F00000F06CF809F104095AF829301B1A281A73
:1011000064EB0101984271F1000124DA00F066F805
:10111000854264EB010100292DDB204B4046009302
:101120002A4623460197FFF725FF011E23DD1C4BAE
:10113000C6E900545A6AA2422CD39B6AAB4227D319
:101140001848FFF77BFF164B5A6AA24208D20020CC
:1011500002B0BDE8F08720BF114B5A6AA242F6D315
:1011600014BF012000209B6AAB4228BF40F0010061
:1011700002B0BDE8F0870A4B586AA042E7D3001BD3
:1011800018BF01209B6AAB4228BF40F00100EFE787
:10119000A242D5D120BFD3E7C0150020550A0010C8
:1011A00000000B40C815002010B4054B054C064A42
:1011B000A04214BF1846581C5DF8044BFFF772B9E3
:1011C000CC14022000800B406C6901100346416A78
:1011D0000A46986A596A8A42FAD17047034B596A9B
:1011E0000A46986A596A9142FAD1704700000B404A
:1011F00030B4154A536A9C46946A536A6345FAD1DF
:10120000021959414FF0000528BF01250E4B5B6ABA
:10121000B5B15A1C08BF1A4608D04FF0FF310A4634
:101220000948436A8B42FCD38B4207D1064902E04E
:10123000486A984202D1886A9042F9D330BC70471C
:101240009942EDD8F0E700BF00000B4070B50E46A4
:10125000194604461546FFF7ADFB00233146E581EC
:10126000A681A360681C02F081FC6060003818BF92
:10127000012070BD38B504460368EFF3108572B6DF
:10128000D3E8CF0F01220028FAD1C3E8402F00286D
:10129000F6D1BFF35F8F20896389E289C31A44BF07
:1012A00002F1010C6344934206D100202368C3E895
:1012B0008F0F85F3108838BDA289636802FB003068
:1012C00015F0EAFA00210A4A13780133DBB21370F1
:1012D0002389E28901339BB29A4238BF0B462268C8
:1012E0002381C2E88F1F85F3108840BF012038BDDD
:1012F000AA19022070B504460846244D2368EFF36E
:10130000108672B6D3E8CF1F01220029FAD1C3E8B4
:10131000412F0029F6D1BFF35F8FB4F80AC02389AB
:10132000B3EB0C030DD48BB92A782168D2B2C1E893
:101330008F3F86F310882B789A4200D120BF20BFC0
:10134000DCE7E28901321344002BEDD038B1A289E9
:10135000616802FB0C1115F09FFAB4F80AC0E3892A
:101360000CF1010C1FFA8CFC634538BF4FF0000CE8
:101370002B7822680133DBB22B70A4F80AC000235B
:10138000C2E88F3F86F3108840BF70BDAA190220C3
:10139000F8B5054606200E4600F0E4F8002842D0D5
:1013A000354A3648954214BF4FF080624FF00062D4
:1013B000334B344902601A608C6832EA0404FBD172
:1013C0002D4B4FF48071EB1AB3FA83F32E4A5B096D
:1013D000062022F8131000F0C5F8C300B3FBF6F3A3
:1013E0000133DA0920D1402601216962AA622F6BFC
:1013F000FB0722D42B46002253F82C1F062003F5AE
:10140000805422602F6300F0ADF840F201310322D6
:101410008000B0FBF6F0EB6A83F0700303F07E030C
:1014200023602963AA64F8BD4FF6FE718A421BD976
:1014300022464FF6FF71154ED7E740F2013205F50F
:1014400040531A636B6AAC6A062004EB831400F005
:1014500089F80F4BA402A3FB0023DB0A0021B4FB95
:10146000F3F0FFF7C5FEC5E7C3F34503114603EBF1
:1014700082161A46B9E700BF0080074000200240EC
:10148000003002400000024090190220C0FF3F00DF
:10149000757B2B8F00EB400C4FEA8C0C0CF1804CD1
:1014A0000CF5803CF0B51646DCF80420051FB2F5BB
:1014B000803F38BF4FF48032EDB238BFCCF8042003
:1014C000012D2AD94FF40067254C0CF540521760C6
:1014D00054F82020B2B9DCF80020012D82EA46122F
:1014E00002F0E0020CF5805632602AD94FF4006118
:1014F00044F820304FF480330CF500521160CCF8E2
:101500000430F0BD6769B7FBF2FE0EF1010E0EEB81
:101510004E0EBEF1030EFCD2DDE70129D2D1032429
:101520000CF540521460DCF80820D207FBD5DCF83B
:1015300000200B4C82EA461202F0E0020CF58056C5
:1015400032600122DCF800504D4005F003053560A3
:1015500002FA01F1DCF808200A42FBD0C6E700BF1E
:10156000D0140220014B53F820007047D014022001
:1015700070B4039D04682D0345EA03451B4B002C02
:10158000B3FBF1F3B2FBF3F61FDB194A194B9042A0
:1015900014BF4FF480424FF40042174C1A6003F519
:1015A00080531A60A36832EA0303FBD1212200F5BD
:1015B00040530433016086601A600268002AFCDA36
:1015C0000822C5601A6070BC7047036803F03F03CF
:1015D0008B42DAD18368C3F30B03B342D5D1C3681E
:1015E00003F4EE23AB42D0D1EDE700BF001BB70000
:1015F00000800540002002400000024030B44FF05F
:1016000080441C4B1C60E0B11B4CA3F54053DC61D3
:101610001A4C40F0010044401C62596298624FF03D
:1016200080454FF0E061134B1548164C1D608460F7
:1016300019604AB930BC4FF00042A3F580531A60DC
:101640007047114BD861EAE74FF47A7303FB02F25B
:10165000B2F1807F2ABF6FF07F4313461A464FF0E6
:1016600080410A4C08482360094B426030BC196035
:10167000704700BF00B00D40D3C007B02D3FF84FFA
:1016800000A00140F3FFFF0100800D403C19022043
:1016900000A00D40012300EB4000800000F18040DD
:1016A00000F5841041600360704700BF002370B5EF
:1016B000DB8A04460D461646002242E800F252023A
:1016C00054BF1021042144F25220984786463346E5
:1016D0002A462046F446BDE870400A21604700BF14
:1016E0000023DB8A002242E800F2520201D41021DA
:1016F00018470421184700BF08B51346021E0DDB2A
:101700004BB941F020010023DB7C022B09D04FF4C0
:101710008170FFF7CBFF41F03001F4E78B06F6D57F
:10172000F1E74FF49170FFF7C1FF00BF034AD2F811
:101730002838002BFBD0BFF35F8F704700000E40AE
:101740000021044B044ABFF35F8F43F8041B93420C
:10175000F9D170470C080E402C080E4010B44FF41D
:101760008D704FF42A64064A064B07491460D06016
:1017700019605368002BFCDA5DF8044B704700BF1A
:101780000080044000A0044000B0FA00704700BF91
:1017900008B50148FEF752FE9069011038B5054CB6
:1017A000054DAC4204D254F8043B9847AC42FAD3FE
:1017B00038BD00BFC06801100469011038B5054C80
:1017C000054DAC4204D254F8043B9847AC42FAD3DE
:1017D00038BD00BFEC6801100469011010B407485F
:1017E000074C084B084A094904601A608B6832EAC2
:1017F0000303FBD15DF8044B704700BF002002409B
:101800007F3BEFEF00300240F6FFF30300000240A1
:10181000044BDB6CB3F5004F03D14FF48022024B35
:10182000DA64704700001150002011504FF0E022A0
:10183000044BD2F8881D0B43C2F8883D10EE3004EB
:10184000704700BF030330006FF06041044B054A4E
:1018500019609368DB4333F06043FAD1704700BFEF
:10186000003002400000024010B545F25320FFF75F
:1018700037FFBDE8104003460420184710B545F275
:101880005320FFF72DFFBDE8104003460120184705
:10189000FEF798BE38B51349134C144D641AA408CA
:1018A000442C224628BF44222846920014F0F4FF1C
:1018B000432C14D80E4AC4F144000ED005EB840327
:1018C000410803EBC101C3E9002208338B42FAD17E
:1018D000C30704D520F00100044445F82420054B3B
:1018E0009D6038BD000000101001001000000020B5
:1018F0001101001000ED00E0002370B52B4C82B008
:10190000C4F88430FFF72AFF0122294BDA63636CA5
:10191000012BFCD10321264A244B11639C6B012C23
:10192000FCD10226052521460523224A224800969D
:10193000FFF71EFE21462B46204A21480095FFF75F
:1019400017FE0022042031461E4BFFF7A3FD21465F
:10195000284600221C4BFFF79DFD0022082011465F
:101960001A4BFFF797FD002209201146174BFFF78E
:1019700091FD002206201146134BFFF78BFD00223C
:10198000114B07201146FFF785FD0420FFF7EAFD04
:1019900000240F4BA3FB0035AD0CE0B22946013407
:1019A000FFF778FE062CF8D102B070BD00000140B0
:1019B00000300140002F685900000540008C864728
:1019C00000800540001BB70080D1F008006CDC02ED
:1019D00083DE1B43000000002DE9F04FC1F30A59DC
:1019E00016461F4687B0A9F2FF38B9F1000F30D074
:1019F00040F2FF74A1452CD00024C9F57F72033258
:101A0000201801EB025101F032F987A3D3E900233A
:101A100000F030FD0022864B04460D4600F01CFE0F
:101A200048B1204629460022824B00F0EBFC0446D8
:101A30000D46A9F2FE38B8F1000F22D132463B46DE
:101A40002046294600F0F2FC07B0BDE8F04F00F058
:101A5000D7BA01F00CF974A3D3E9002300F00AFD12
:101A60000022734B04460D4600F0F6FD48B12046B7
:101A7000294600226F4B00F0C5FC04460D46A9F232
:101A8000FE383046394600226B4B00F0D1FD48B19C
:101A9000B8F1000F4FF00000C0F2B780674907B0FF
:101AA000BDE8F08F304639460022654B00F0ACFDB2
:101AB0008146002840F0A3803046394600F026FADF
:101AC0000B460246394630461F46164600F09AFC41
:101AD00082468B461A22CDE900AB00F0F5F900F002
:101AE00015FAC1F30A5340F2FF7C82468B464BB194
:101AF000634507D01A2BD5BFCA46824601F0004B7A
:101B0000A1F1D07B3946304600F034FD8146404695
:101B100000F00CFD02460B46CDE9042352465B461D
:101B200000F084FC06460F4600F0F0F902460B4632
:101B30003046394616461F46CDE9026700F062FC82
:101B400006460F46DDE9000152465B4600F05AFCAE
:101B5000DDE9042300F06AFC32463B4600F03EFC1F
:101B6000CDE90401484600F0E1FC22462B4600F096
:101B70005DFC06460F4600F0C9F982468B463046AA
:101B8000394652465B4600F03DFCDDE9042300F097
:101B900025FC06460F46DDE9000122462B4600F0F3
:101BA00045FC32463B4600F019FC00F029FAC1F32F
:101BB0000A5440F2FF730D460646002C3FF46FAF07
:101BC0009C423FF46CAFDDE9020100F0D3FC08FB5E
:101BD00009F959468144504600F0CCFC00EB09035A
:101BE0001C44002C1ADD40F2FE72944211DD05F017
:101BF000004545F0FF41002041F4E0014FE7B8F116
:101C0000000F4FF00000FFF649AF002107B0BDE81C
:101C1000F08F002205EB0351901940E7002005F0FA
:101C200000413CE7AFF30080EF39FAFE422EE63F79
:101C30000000E03F0000F03F0000B0400000F07FF7
:101C40000000B0C0012A2DE9F04706460F4600F01B
:101C5000818002EBD2756D10012D144666D090463E
:101C6000002AB8BF02F103084FEAA808B8F1010F33
:101C700079D09146002AB8BF02F107094FEAE90975
:101C8000B9F1010F6CD09246002AB8BF02F10F0AD9
:101C90004FEA2A1ABAF1010F68D0A2F120031F2BD4
:101CA00067D90022FFF7CEFF02460B4600F0BEFBCD
:101CB00002460B461046194600F0B8FB1AF0010F19
:101CC00002460B4605D032463B4600F0AFFB0246CB
:101CD0000B461046194600F0A9FB19F0010F024609
:101CE0000B4605D032463B4600F0A0FB02460B46B1
:101CF0001046194600F09AFB18F0010F02460B46F9
:101D000005D032463B4600F091FB02460B4610469A
:101D1000194600F08BFBED0702460B4608D532460C
:101D20003B4600F083FB02460B4601E002460B46B1
:101D30001046194600F07AFBE40702460B4605D52B
:101D400032463B4600F072FB02460B4610461946EF
:101D5000BDE8F08702460B4610461946BDE8F087FD
:101D600002460B46C4E702460B46D0E702460B4646
:101D7000AFE702460B469DE72DE9F04F002992465A
:101D80009B4604460D4681B080F29280C3F30A530D
:101D9000A3F2FF33002B28DBD3F1340325D44FF01B
:101DA000FF32A3F1200802FA08F902FA03F1C3F1A5
:101DB000200E41EA090122FA0EF941EA09019A408E
:101DC0002AEA02022BEA01010A430ED1342B3BD04E
:101DD0002AFA03FC0BFA0EFE4CEA0E0C2BFA08F062
:101DE0004CEA000C1CF0010F2ED105F100431D46FA
:101DF000A04699465046594600F0BCFB2B0D0646BE
:101E000002462ED040F2FF7083422AD0C5F3130160
:101E1000214326D1294AA3F2FF33B242B8BF32464A
:101E20008242A8BF024602FB03F101F2FF33002BFE
:101E30003BDD40F2FE7293423DDC0022204800EB85
:101E400001531946104609E05B465246204605F10B
:101E50000041FFF791FF01F10043194601B0BDE8D1
:101E6000F08F66B106F12003402B0BD952465B463A
:101E70004046494601B0BDE8F04FFFF7ADBD002038
:101E80000F49EBE7002E06DB4046494601B0BDE8AE
:101E9000F04FFFF7D7BE42464B460020084900F0FE
:101EA000E9FA724280468946EEE700200021D5E734
:101EB000804689469EE700200249CFE700F8FFFFF1
:101EC0000000F03F0000F07FC1F30A53C3B110B52A
:101ED00040F2FF7E73450ED01344002B8C460BDD81
:101EE00040F2FE718B420CDD00200CF0004C4CF0F7
:101EF000FF4141F4E00110BD002001F0004110BDA0
:101F0000704700230CEB0251181810BDC1F30A539F
:101F1000A3F2FF335A1C8C462ADB2DD0342B26DA51
:101F2000012270B502210546C3F13304C3F1130E3B
:101F3000133B22FA03F302FA0EFE4EEA030EA4F15B
:101F4000200002FA04F3C4F120065B1921FA06F618
:101F500001FA00F001FA04F14CEB0E0C30434A4256
:101F600060EB400E0EEA0C0102EA030070BD704700
:101F7000002001F00041704701F0004C4CF07F510F
:101F8000002041F440117047C1F30A530A4673B36D
:101F9000A3F2FF33002B24DBC3F13403002B2ADD33
:101FA00010B501248446A3F12001C3F1200024FAD6
:101FB00000F004FA03F304FA01F10143581E41F161
:101FC000FF3400EAE27010EB0C0E04EAE27042EB20
:101FD00000025B4261EB410C0EEA030002EA0C01D5
:101FE00010BD00294FF0000006DA0449704718467A
:101FF00001F0004170477047002170470000F0BFBA
:10200000F8B540F6FF73B3EB115F3CD00022284BCC
:1020100004460D4600F0F8FAA8BB002220462946E7
:10202000244B00F005FB064680BB20462946FFF7FF
:102030006DFF00F09FFA074600F078FA02460B4663
:102040002046294600F0DEF917A3D3E9002300F06B
:10205000EDF900F08EFCC1F30A5340F2FF7405461F
:102060000A467BB1A3420DD03B44002B11DD40F268
:10207000FE718B4211DD304602F0004242F0FF411A
:1020800041F4E001F8BD00200021F8BD00200A491C
:10209000F8BD304601F00041F8BD701902EB075160
:1020A000F8BD00BFAFF30080EF39FAFE422EE63FE5
:1020B0000000B0C00000B0400000F07F2DE9F04FFC
:1020C00016461F4683B00022AF4B04460D4600F073
:1020D00075FA002840F081803B0DC7F30A59B346DA
:1020E000B84640F2FF7A0193B9F1000F41D0204683
:1020F00029460022A54B00F061FA00283ED0D145C8
:1021000037D03B0D534500F0938040F6FF734FEA04
:1021100018529A4200F09180A9F2FF39B9F1000FEC
:10212000C0F28680994AC9F13409B9F1000F17DD70
:102130004FF0FF33A9F1200C03FA0CFC03FA09F16C
:10214000C9F1200023FA00F041EA0C01014303FA2F
:1021500009F32BEA030328EA01010B4340F0F18065
:1021600032463B462046294603B0BDE8F04FFFF714
:1021700003BE0020844903B0BDE8F08FC5F30A53C5
:102180002A46290D73BB002FA9F2FF3334DB002B45
:1021900053DBD3F1340350D44FF0FF32A3F12000CE
:1021A00002FA00F702FA03F1C3F12006394322FADA
:1021B00006F739439A402BEA020228EA01010A4352
:1021C0003BD1342B09D02BFA03F308FA06F628FA90
:1021D00000F033430343D8072FD52046294603B0E8
:1021E000BDE8F08F514540D1002F4FF0000020DABC
:1021F000002103B0BDE8F08F40F2FE31894517DDC4
:10220000D3F1340314D44FF0FF31A3F1200401FAC9
:1022100004F601FA03F0C3F12005304321FA05F674
:10222000304399402BEA010127EA0000014307D01F
:102230000020574903B0BDE8F08F00200021D8E707
:10224000342B4FF0000009D02BFA03F307FA05F501
:102250002B4327FA04F42343D907EAD502F00042BE
:1022600042F0FF4141F4E00185E740F6FF70814212
:102270005BD1002FA9F2FF3329DB002BD8DBD3F190
:102280003403D5D44FF0FF32A3F1200002FA00F559
:1022900002FA03F1C3F12004294322FA04F5294389
:1022A0009A4026EA020227EA01010A43C0D1342BF0
:1022B00053D026FA03F307FA04F427FA00F0234375
:1022C0000343DA074FF00000B3D5324953E740F239
:1022D000FE329145B1DDD3F13403AED44FF0FF327D
:1022E000A3F1200002FA00F502FA03F1C3F1200481
:1022F000294322FA04F529439A4026EA020227EAF2
:1023000001010A4399D1342B2AD026FA03F307FAA4
:1023100004F427FA00F023430343DB074FF00000E7
:102320007FF566AF4FF0004125E7390D51451BD0D1
:10233000390D814220D0A9F2FF39B9F1000FBFF663
:10234000F2AE002AFFF674AF32463B4620462946DD
:1023500003B0BDE8F04FFFF73FBB00200D490AE78F
:1023600000204FF0004106E740F2FE3293424FF06A
:1023700000007FF73DAF5CE740F2FE3293424FF042
:1023800000007FF756AF33E70000F03F0000F0BFDA
:102390000000F07F0000F0FF86B003B451FC080499
:1023A000CDE9020151FC0904CDE9040151EC0A0414
:1023B000CDE9060103BCF047BDE800504EEC00C477
:1023C000BDE800504EEC01C4BDE800504EEC02C424
:1023D00000BD000000B5FFF7DFFF02E010FE30F4A3
:1023E000F8D441EC100443EC112400EE010410EE8B
:1023F000010480EE200451EC1004704700B5FFF793
:10240000CBFF02E010FE30F4F8D441EC100443ECB2
:10241000112400EE010410EE210480EE200451ECA2
:102420003004704700B5FFF7B7FF02E010FE30F44C
:10243000F8D410B541EC100443EC112451EC040421
:1024400053EC0524A0FB024C5FF0000EE0FB03CE32
:10245000E1FB02CE4CEC20440024E1FB03E444EC1D
:1024600030E480EE200451EC500410BD00B5FFF7BD
:1024700093FF02E010FE30F4F8D441EC100443EC7A
:10248000112451EC2104A0FB01126FEA820252FBDD
:10249000100052FB12F252FB1000A0EBD07C53EC68
:1024A00004245CFB13F153EC1524A1FB022001FB77
:1024B000030053EC4424A2EB000050FB1CF24FEA53
:1024C000111312EB017043EBE27140EA515020EA24
:1024D000915020F0070053EC7524A0FB023C53EC14
:1024E000752400FB03CC01FB02CC53EC0424ACEBC1
:1024F000824C40EA5C70A0F1010041EC400480EEA7
:10250000200451EC7004704700B5FFF745FF02E06E
:1025100010FE30F4F8D441EC100480EE220410EEEA
:10252000B204704700B5FFF737FF02E010FE30F449
:10253000F8D440EC700400EE010410EE210480EEAB
:10254000200451EC3004704700B5FFF725FF02E08E
:1025500010FE30F4F8D440EC600400EE010410EEFC
:10256000210480EE200451EC3004704700B5FFF7E1
:1025700013FF02E010FE30F4F8D441EC800400EECA
:10258000010410EE010480EE400410EE13047047C5
:1025900000B5FFF701FF02E010FE30F4F8D441EC83
:1025A000100443EC112400EE010410EE3004C0F3DB
:1025B0000070704700B5FFF7EFFE02E010FE30F448
:1025C000F8D441EC100443EC112400EE010410EEA9
:1025D0003004C0F38070704700B5FFF7DDFE02E005
:1025E00010FE30F4F8D443EC102441EC110400EE5A
:1025F000010410EE30F48CBF01200020704700BFB2
:1026000000B5FFF7C9FE02E010FE30F4F8D443EC49
:10261000102441EC110400EE010410EE30F42CBF44
:1026200001200020704700BF00B5FFF7B5FE02E0B3
:1026300010FE30F4F8D441EC100443EC112400EE09
:10264000010410EE30F42CBF01200020704700BFC1
:1026500000B5FFF7A1FE02E010FE30F4F8D441EC23
:10266000100443EC112400EE010410EE30F48CBF92
:1026700001200020704700BF404261EB410140F261
:10268000F334B1FA81F20C2A0CD2153211FA02F3AA
:10269000C2F12002D04021FA02F12244584141EB1C
:1026A0000251704769B1C2F12B0230FA02F3C2F154
:1026B0002002914090401943A4EB020201EB025129
:1026C000704701004FF00000A4F12004D9D17047F9
:1026D000012767F31F5117FA03F817D0A0FB08076B
:1026E00001FB0871A1FB06785FEAD8469219A6FBA8
:1026F000047806FB0588090351EA1051D7EB003036
:1027000061EB0801A94238BF70470BE00C33012789
:1027100017FA03F80FD0A0FB080701FB0871A942C4
:1027200038BF704708BFA04238BF7047001B61EB3D
:1027300005010132704703F1200311FA03F6D3F1CA
:102740002003D840D940304370470000000000000B
:10275000000000000453B1086018850FC8E5F22A94
:102760006E07271E0D12B2210412572F12557CBC82
:10277000DA30723F17A717A55531994E9D0DBF0A44
:10278000EEE0AB5FE3EF6D9C7636AD6F697BCCE33B
:102790003D62BD7EF0810682F3FA428F37D5B78A5B
:1027A0005313C89E7FABB320491570AF00000000E3
:1027B00000000000025E88155580FF00907806B189
:1027C000A602FE01DC4E21F0EB88FB027A7C801F22
:1027D0001615F8033C5DA9D110A9F304AA466CF5BF
:1027E000C146EE05FF65E4EB09F0E70613C00C9E59
:1027F000C3A6E007E1BFEC91C46CD808D5AF5EFF7B
:10280000DC43CF09466A72E4D72DC50A237E6E19D0
:102810007B2CBA0BBFF571648741AE0C61DFB88CBD
:10282000B86EA10D09A9856DC5B5930E3153B108D8
:102830006018850F3071E498359875105915550555
:1028400080FF0F0009C3EB8F80FB2F00B1910E9A20
:1028500082F34F001FE7FD2287E76F00C3A09A298C
:102860008FD78F004F4366AC9BC3AF00412A83A92B
:10287000ADABCF004FB7B41EC68FEF00B6815F0976
:10288000E66F0F01678589660E4C2F011A52DA3206
:1028900040244F01483A9B6A7CF86E01FF81B709DA
:1028A000C4C88E019C8DBC0B1895AE017010DA6BFC
:1028B000795DCE013A3BE224E921EE01387395338C
:1028C000427FECA03114FAF5BD8689916B02FAE6DD
:1028D000E0F29183E682120713A85177212621683E
:1028E0006AB2736A9D0DBF0AEEE0AB5F19B4E0B740
:1028F0001CB66A549596E53DEF07A548D1CBE55542
:10290000DC0E4E3CCE68ADE839B5A432CB3CFA962D
:10291000D9569A28C9B21CA1F9FCAE21864B6BE5A9
:102920008AD2F0160453B1086018850F02C00C9EBD
:10293000C3A6E0070000000000000000AC79CFD182
:10294000F71772B1293BAAB84FEAC12040F0004006
:10295000490043F1200340F20001C3F6F071C3F1D6
:102960000B0320FA03F038BF7047404261F10001C9
:1029700070475FEAD17CC1F30A53A3F2FF330C2BFB
:1029800062DA13F1200FDFDD2DE9F0413C4C70CC11
:102990004FF00002FFF79CFE1CF0010F04D06FEA1D
:1029A0000202201A65EB010102F2FE3C40F2FE73C6
:1029B0009C455CD20A0F334B03EBC2030CCB02F0F5
:1029C0003F0545F04005801A99410A0E2E4B03EB56
:1029D000C20318CB02F580725543C01AA1414A0DBB
:1029E0002A4B03EBC20318CB124402F5805205FBBD
:1029F0000255C01AA1418A0252EA905242F10002E5
:102A000082FB02345B0D53EAC423C01841EB5451DE
:102A100084FB02344FF0553383FB043454FB11F331
:102A200004EB930410EB440241EBE473E900A1FBD7
:102A30000240C1FB0301400A50EBC1504FEA512153
:102A400051EB0C51BDE8F081B3F5806F07D150EA2E
:102A500001320CBF21EAE17141F4002170470020EE
:102A600000211CF0010F08BFC7F6F07170474FF04E
:102A700000004FF00001A8BFC7F6F071BDE8F0817B
:102A80003C2900104C270010AC2700103C280010F7
:102A900040F20001CFF6F0710020704750EA013299
:102AA00018BF41F4002170477FEAA65540F0198114
:102AB0004FF4805420E18CEA11331B0640F0EE8085
:102AC000BCF1000F67D1C90451EA5031C004B1FA1A
:102AD00081F4202C4BD20125A540A0FB052301FB4E
:102AE0000533A0FB03C5A1FB02C6E1FB6356B2EBB5
:102AF000152263F10003B2EB066273EB1623A0FB11
:102B000006C7A1FB05C8E1FB66784FF05535A7FB6A
:102B100005C65FF0000CE8FB056C16EB0C064CF1EB
:102B2000000C12EB963243F1000312EB8C4243EBA4
:102B30009C3358FB11F55FF0333755FB11F656FB0C
:102B400017F8A5EB581756FB11F5C2F6802656FB71
:102B500015F507EB1537B2EB472063EBD751C4F5FA
:102B60008064A4F11504FFF78CFDBDE8F081B0FA94
:102B700080F410FA04F1A0FB01234FF00000B0EB49
:102B8000132061F10001C4F58064A4F13504FFF75E
:102B900078FDBDE8F081890451EA9031800440421B
:102BA00061EB4101B1FA81F4202C4ED2013C0125A8
:102BB000A540A0FB052301FB0533A0FB03C5A1FB3A
:102BC00002C6E1FB635612EB152243F1000312EB40
:102BD000066253EB1623A0FB06C7A1FB05C8E1FB69
:102BE00066784FF05535A7FB05C65FF0000CE8FB93
:102BF000056C16EB0C064CF1000C12EB963243F10F
:102C0000000312EB8C4243EB9C3358FB11F55FF051
:102C1000333755FB11F656FB17F805EB581756FBE3
:102C200011F5C2F6802656FB15F507EB153712EBAA
:102C3000472043EBD751C4F58064A4F11504FFF796
:102C400020FD41F00041BDE8F081B0FA80F410FAB7
:102C500004F1A0FB01234FEA1320C4F58064A4F122
:102C60003504FFF70EFD91F00041BDE8F0815FEA09
:102C7000410CBFF40DAF5FEA5C5C3FF409AFACF20E
:102C8000FF3CBCF5806F3FF409AF012262F31F5196
:102C90002DE9F041BCEBEC7F3FF40DAF0C0C4E4D39
:102CA00005EBC40595E80C0002F03F0505F1400571
:102CB000A5FB000605FB01616FEAE14404F01F0477
:102CC000464D05EBC40560CD521943EB060304F5F0
:102CD0008074A4FB000604FB01667FEA26643FF4CF
:102CE000E3AE3F4D05EBC40522CD521843EB05037F
:102CF00041F2010505EB44046404A4FB0050C4EB5D
:102D0000C401E4FB060180EAE17481EAE175A5FBF8
:102D10000567A4FB05487F084FEA360616EB080650
:102D200047F100078C0254EA905444F10004801BE0
:102D300061EB070154FB14F555FB14F655FB15F731
:102D40004FF0553456FB14F6B6EB173610EB8600F1
:102D500041EBA671101A63EB0101224A24CA1CF14F
:102D6000010C0BDDA2FB0C230024E5FB0C34121A32
:102D70008B4164F100045FF080410CE0DCF1000C59
:102D8000A2FB0C230024E5FB0C3482184B4144F1D8
:102D900000045FF040414CB91C0013000022B1F167
:102DA00000711CB91C000023B1F10071B4FA84F564
:102DB000A5F11D06A1EB0651AC4013FA05F0C5F1D3
:102DC0002005EB401C43EA401043C00A50EB44503E
:102DD00041EBD421BDE8F0813C280010AC27001065
:102DE0003C2800103C2900102DE9F04101292DED6F
:102DF000028B08EE100A50D001EBD1756D10012D39
:102E00000C463CD00E460029B8BFCE1CB610012E91
:102E10004ED00F460029B8BFCF1DFF10012F44D060
:102E200088460029B8BF01F10F084FEA2818B8F109
:102E3000010F40D0A1F120031F2B3FD90021FFF744
:102E4000D3FF07EE900A67EEA77A18F0010F67EE3E
:102E5000A77A01D067EE887AF80767EEA77A01D5DE
:102E600067EE887AF10767EEA77A01D567EE887A70
:102E7000EA0767EEA77A04D567EE887A01E0F0EEFC
:102E8000487AE30767EEA77A01D567EE887ABDEC4A
:102E9000028B17EE900ABDE8F081F0EE487ABDECA7
:102EA000028B17EE900ABDE8F081F0EE487AD9E780
:102EB000F0EE487ADCE7F0EE487ACDE7F0EE487ABB
:102EC000C3E700BF021E38B50C4618DAC1F3C7537A
:102ED0007F3B084610D4D3F117030DD44FF0010CFB
:102EE0000CFA03FC0CF1FF3C1CEA010F04D1172B78
:102EF00024D0D840C30721D402F10042104607EE87
:102F0000904AFDEEE77A12F0FF4317EE901A1DD0BB
:102F1000B3F1FF4F1AD0C2F31603BBB9D20D7F3AFB
:102F200001F3080101FB02F303F17F02002A38DDFF
:102F3000FE2A38DCDB0503F17E5038BD214602F164
:102F40000040FFF7BFFF00F1004038BDB1B101F113
:102F50002003402B15D913F093FCFFF788FE02469F
:102F60000D462046144613F08BFC22462B46FFF7F5
:102F70005DFAFFF7FEFCFFF7CBFA38BD4FF07E504D
:102F800038BD002903DBBDE83840FFF72DBF07EE51
:102F9000100AF7EE007AC7EE877A494217EE900AD8
:102FA000F1E7002038BD4FF0FF4038BDB7EE007AA2
:102FB00007EE900A77EE676A37EE877A26EE877A11
:102FC00017EE103A13F0FF4F01D0002B07DB17EE7E
:102FD000901AF1EEC77A17EE900A00F073BC4FF02A
:102FE000FF40704708B500F0B7F9DFED047A07EE4F
:102FF000100A67EE277A17EE900A08BDD95BDE3E0D
:10300000B7EE007A07EE900AF4EE477AF1EE10FA86
:1030100032D011F0FF4238B50C460B4629D0FFEEF6
:10302000006AF4EE667AF1EE10FA26D1B2F1FF4FA3
:103030001FD040F27F105749E20DFF2A60D040F2C6
:10304000FF1C624558D012F0FF020BD07F3A5BD4D0
:10305000C2F11702002A05DD012000FA02F2013A4E
:103060001A4251D12146BDE8384017EE900AFFF7C9
:1030700029BF17EE100A38BD704710F0FF4F014608
:103080001AD1002C4FEAD4521DDB7F3A19D4D2F169
:10309000170216D4012191400139214211D1172A7A
:1030A000E9D09FED3D7A24FA02F212F0010F47FEBB
:1030B000277A17EE900A38BDC00DFF283BD1002CAF
:1030C0000CDA002038BDD2B27F3A07D4D2F1170211
:1030D00004D4012090400138204202D04FF0FF403C
:1030E00038BD172A03D024FA02F2D007F6D501F032
:1030F000004040F0FF4038BDC0B27E28EED9E0E786
:10310000C0B27E28DDD9E9E70029E7DB17EE900A97
:1031100013F0B6FBFFF7ABFD02460D462046144602
:1031200013F0AEFB22462B46FFF780F9FFF721FC98
:10313000FFF7EEF938BD40F2FF15A8424FEAD4522E
:103140007FF47BAF002C11DB7F3AC7D4D2F117029A
:10315000C4D40121914001392142BFD1172A03D0A3
:1031600024FA02F2D207B9D50C4838BDD2B27F3A60
:10317000A7D4D2F11702A4D40121914001392142F0
:103180009FD1172A03D024FA02F2D30799D54FF022
:10319000004038BD000080BF00000000000080FF3C
:1031A000000000000000000000000000DB60BE28FE
:1031B0004A059193F4D5097F70374D7D66A5D836C1
:1031C00010E4104FAFF224024B1102EB830201F026
:1031D0001F034FF001049C40A4FB0034D568A5FBFD
:1031E0000456956805FB0466E5FB0356556805FB28
:1031F0000366704700000000C11545D4852932DA06
:10320000012262F3DF507E392AD400FA01F041F640
:103210009553C5F6554380FB03012BA292EC034A5C
:10322000820D61F39A2200EE102ABBEEC00A60EE16
:10323000000AC1F3444220EE042A26A320EE201AFD
:1032400053F8222000EEA42A891501EE052A02EB8C
:10325000C15200EE102A00EE020A10EE100A70476A
:103260004942C840D3E747F21822C4F2B122904243
:10327000C6D3B0F1FF4F02D950F48000704740F23E
:103280000000C7F68070704711F17B0F0CDA012245
:1032900062F3DF50823105D54942C84040F1000059
:1032A0004042B4E78840FBE74AF64F42CCF2AE22F8
:1032B0009042ECD910F5000F02D950F4800070470D
:1032C0004FF00000704700BF1872313FF0FD753EAF
:1032D0004758633D0000803F87CD823FC3AA853FAA
:1032E0000F98883FC2958B3F3AA48E3FD3C3913F3E
:1032F000F0F4943FF037983F3A8D9B3F32F59E3F74
:103300004370A23FD7FEA53F5BA1A93F3F58AD3F09
:10331000F623B13FF304B53FAFFBB83FA408BD3F70
:103320004D2CC13F2A67C53FBEB9C93F8C24CE3F53
:103330001EA8D23FFD44D73FB8FBDB3FDFCCE03FC8
:1033400007B9E53FC7C0EA3FBAE4EF3F7D25F53F47
:10335000B383FA3F00000000B0F1FF4F3ED2C11529
:103360003ED04FF0010262F3DF5038BF400026A389
:1033700093EC034AAFF21C0303EB104323F0070363
:10338000D3E9002300FB02F040EC103AFAEEC00A49
:1033900020EEA01A61F17E0160EE811AC90521EECE
:1033A000012A40F6FC3221EE041AC5F6B90261EE9C
:1033B000A41A51FB12F122EE052A03EE901A71EEC7
:1033C000C21AFAEEC53A31EE611A70EEC10A30EE59
:1033D000200A30EE230A10EE100A704705DC0BD0ED
:1033E00010F1FF4F09D310F5000F40F4800003D80F
:1033F00040F20000CFF6C070704740F20000CFF6F8
:1034000080707047AFF300800000003FABAAAA3E77
:103410000000803E000000005501000001CB92BE7C
:1034200048010000C3C87DBE3B010000685F54BE78
:103430002F010000C7992CBE250100002C3C0ABEBC
:103440001A0100002F1AC6BD11010000C2AC83BDD5
:1034500008010000D814FCBC0001000000000000BE
:10346000F8000000EC0A023DF10000008E51773DAB
:10347000EA0000009806B83DE40000003B39ED3D4D
:10348000DD000000088B163ED800000003FA2D3E38
:10349000D2000000D7D24A3ECD000000DE7F633E5E
:1034A000C8000000E3C87C3EC3000000E65A8B3E23
:1034B000BF00000084F7953EBA0000006E8CA33E6A
:1034C000B6000000EFADAE3EB2000000C40EBA3E42
:1034D000AE000000CDB1C53EAB0000005F99CE3E0E
:1034E000410201D150F0004050F480007047F0B527
:1034F000012363F3DF50C1F109014FF07E07FFF7AD
:1035000061FEB30F53F100039C44B6EB8376B20027
:1035100028BF5242B2F1805F0BD20231FFF752FE58
:1035200096EA260242F10002B2F1805F01D2023F28
:10353000F3D50A4CA2FB0424B4FA84F29440240A82
:10354000A7EB020244EBC250C10DD1F17F01F60F8F
:1035500000EBC673BDE8F04073E00000A2DA0FC9CB
:1035600011F1800FBCD030EACC7248BF0CF1020CD4
:1035700020F0004000EE100A0DA2F2EC032A22EE29
:10358000802A11F1080FB9FE422AB0DDA2EE630ACB
:10359000A2EE430A10EE103AFDEEC21AC3F3C75270
:1035A000782AA4D3D2F17F0111EE902A944448E006
:1035B00083F9223F7A7795B60010C93F07B5C0F36B
:1035C000C751FF2925D000F032F8BDE80640CEF8FB
:1035D00000000ED2C9438CEAD17C63EEA02AE1EE52
:1035E000032A73EE622A12EE900A80EACC70106011
:1035F00000BD8CEAD17C21EE232AA3EE602A8CEA5E
:10360000D37133EEC22A12EE100A80EAC170106044
:1036100000BD4102BDE80E4001D150F0004050F421
:1036200080001060186070475FF0000C01E05FF0F0
:10363000010CC0F3C751A1B3D1F17F0190D920EAA9
:10364000CC7323F0004000EE100AC0F38440203019
:1036500030FA01F1834A51F10001B2EC024A02EB67
:10366000810202EBC102D2EC032A70EE620A20EE64
:10367000A01A5FEA5C0C61EE201A15D221EE041A42
:1036800061EEA41A70EEE10A21EE232AA3EE602A6D
:103690008CEAD37133EEC22A12EE100A80EAC170AE
:1036A000704700F00040C7E761EEA41A70EEE10A2F
:1036B00021EE041A63EEA02AE1EE032A73EE622AD9
:1036C00012EE900A80EACC70704700BFAFF3008022
:1036D000C1FEFF3E25AA2A3E000000000000803FF8
:1036E0000000000061C9FC3CCDE07F3F1CBFFC3CFA
:1036F0007605813DFE7D7F3F9EEF803D090CBF3DFD
:103700000FE37E3F22C5BE3DB624FF3D14047E3F3D
:10371000E27BFE3D13071F3E48EB7C3FA0631E3E4D
:103720006D30403E1D817B3F15103F3EA2AD603E97
:10373000CFDC793F3EE15E3E7B0D803EFA08783F6C
:1037400096717D3E6E988F3E65FF753F68B88D3EE1
:10375000F4E19F3E939E733FFD4B9D3EC654B03EA9
:10376000AEF7703FB3DDAC3EC589BF3E604B6E3FE8
:103770000A1ABB3E26C4CF3ECA356B3F631CCA3E05
:10378000F254E03E66D1673F0739D93EDDF0EF3EA7
:103790004B66643F1641E73E312B003F8894603F03
:1037A0000FC3F53E07E4073FA2C55C3F2B99013FDD
:1037B000C51F103F8F7D583F65A1083F8AF6173F10
:1037C000B534543FCA310F3FE2FF1F3F599B4F3F73
:1037D000D7C8153F4606283F6BCF4A3FC4371C3F2A
:1037E0004130303FE0B9453FE49A223FA71D383FC2
:1037F000CA98403F20A6283F2FC73F3FAC763B3FAB
:103800004A562E3FDB13483FCCB6353F6B52343F10
:1038100079C74F3F2F35303FD0B4393F52DD573F46
:1038200070412A3F912D3F3F26CE5F3F9F3E243F70
:10383000C35D443FF125683F50C21D3F1C9D493F79
:10384000E13B703F4150173FBF7E4E3F7810783FBD
:1038500071ED103FAF06533FD4F47F3FA75A0A3FA4
:103860009B64573FD036001051F48000704703D15D
:10387000B3F1FF4F3CD106E050F480007047FBD11C
:10388000B3F1FF4F49D1013801391BE003F0004388
:10389000B2F5000F02D20BE002F0004243EC102A16
:1038A00080EE201A1EE003F00043B2F5000F04D2B0
:1038B00041F07E5106E002F0004243EC102A80EE17
:1038C000801A24E020F0004221F0004343EC102A4B
:1038D0009A4214D880EE201AB3F5000FD6D3B2F571
:1038E000000FD9D3B3F1FF4FBED8B2F1FF4FBED214
:1038F00000294CBFDFF82CC14FF0000C11E080EE26
:10390000801AB3F5000FCED3B2F5000FD3D3B3F1C5
:10391000FF4FA9D8B2F1FF4FB1D2DFF804C191F047
:10392000004142A2F0EE411AFFEECD1A11EE903A9C
:103930005B0853F1000302EBC302D2ED012A22EE31
:10394000810A71EE620AF7EE002A32EE800A32D066
:1039500080EE800A1268002948BF52426244002863
:1039600048BF5242002A07D55242B2FA82F39A4027
:103970000BD0C3F5C07305E0B2FA82F39A4004D0CD
:10398000C3F18003120A42EBC35220EE001ADFEDAE
:10399000261A21EE001A90EA010F21EE211A02EEFA
:1039A000102A30EE410A54BF32EE000A32EE400ACD
:1039B00010EE100A704780EE800A6246002848BF69
:1039C0005242002A07D55242B2FA82F39A400BD0F3
:1039D000C3F5C07305E0B2FA82F39A4004D0C3F194
:1039E0008003120A42EBC35220EE001ADFED0E1ADA
:1039F00021EE001A90EA010F21EE211A02EE102AA0
:103A000030EE410A54BF32EE000A32EE400A10EEA8
:103A1000100A10F0FF4F18BF704700F000407047C9
:103A2000A9F6433251ED8764ABAAAA3E000000001C
:103A30000000000023EEFF00BB01003DDC88FE011A
:103A40002A997F3D700AFE020312C03D28D2FA0374
:103A50006803003E70ABF504EAFD1F3EF856ED0525
:103A6000DCDD3F3EA0CFE4062514603EE0D3D8075E
:103A70005D21803E6004C608A500903E7067B209D3
:103A80009214A03E506D990A7713B03E106D7A0BD8
:103A9000A0F4BF3EE03C590C9F01D03ED0EB330D6B
:103AA000BC1BE03EB07A080EBD1FF03E8061D50E13
:103AB00098EFFF3E80DEA10FBF0E083F009D631010
:103AC00031EC0F3FE0902611FD0C183FC014E011BF
:103AD0006500203FE0519612BE08283F00D44613EF
:103AE0007D0A303FC0C7EF132FEE373F608998142F
:103AF000320C403FC0A8371542EF473F60CCD41589
:103B000030F64F3F80F26E163415583FC075FF16E1
:103B10001EEF5F3FA01691174D18683FA05A1B1863
:103B20002217703F6005A1187110783F604021197D
:103B300051F47F3F38B50446094812F089FE20460B
:103B40000CF0DEFE0546064812F08AFE2DB1054B4C
:103B50002C449C4201D8284638BD0348FCF76EFC33
:103B60004C0E0220000008209C69011070B504462C
:103B70000E460B4812F06CFE314620460CF080FEDB
:103B80000546074812F06CFE06FB04F42DB1054B08
:103B90002C449C4201D8284670BD0348FCF74EFCDB
:103BA0004C0E0220000008209C69011010B504464C
:103BB000054812F04DFE20460CF0AAFEBDE810406C
:103BC000014812F04DBE00BF4C0E022000B97047F4
:103BD00000F0E2B90FB410B50E4B84B006A91C6812
:103BE00051F8043B03915CB100914FF0FF3202A900
:103BF0000948A047012004B0BDE8104004B0704758
:103C0000184600F00BFA204604B0BDE8104004B09E
:103C1000704700BF38190220CD3B001010B5094B8A
:103C200084B01C684CB1034600914FF0FF3203A9E9
:103C30000548A047012004B010BD00F0EFF9204670
:103C400004B010BD38190220CD3B001000BEFDE7C6
:103C5000704700BF074A0346106838B1064903445D
:103C60008B428CBF4FF0FF3013607047034908460A
:103C70001160F3E73415022000000820B01902207B
:103C800003460846114623B9034BD3E9002300F04D
:103C90002FB94FF0FF30704718740110431E012BED
:103CA00009D810B51446084601230022214600F029
:103CB000A9F8204610BD4FF0FF3070470EB44FF00A
:103CC000FF3003B0704700BF4FF0FF30704700BFB8
:103CD0004FF0FF30704700BF4FF0FF30704700BF1C
:103CE00002288CBF00200120704700BF08B5FFF7F5
:103CF000ADFF00BF9C46144600B50B460246614628
:103D000083B044B1054D064801940095FFF762FF6A
:103D10000120FFF79BFF034D2C46F4E7E4690110F7
:103D2000F4690110406E011038B5064C064DFDF7E0
:103D300035FDAC4204D254F8043B9847AC42FAD368
:103D400038BD00BF04690110086901100368084606
:103D5000114618472DE9F0411546427D0746884631
:103D6000002A46D0002D1DDD0B780A2B23D0012D13
:103D70004FF0000C18D04646012416F8012F2146BA
:103D80000A2A04F1010422D0A542F6D165450BDCD4
:103D900008EB050313F8013CA3F10D03B3FA83F319
:103DA0005B093B75BDE8F0813B68A5EB0C0108EBB6
:103DB0000C009847ECE7037D002BD8D10368022163
:103DC0000F489847012DE3D04FF0010CD3E716F8C8
:103DD000013C0D2BD8D08C4508EB0C00A1EB0C015D
:103DE00001DA3B689847022105483B689847A4469A
:103DF000CAE7294640463B68BDE8F041184700BF86
:103E0000747401102DE9F04782B00D4691461C46AE
:103E10000646FDF7E3F94FF0FF3C6FF000472E4AEE
:103E2000821841F10003944577EB03013CBF6246E1
:103E30003B462A4812F040FD6B1C804640D00CB334
:103E4000274F284B1C68B4B1B9F1000F1CD1DFF823
:103E50009C9001E0246974B12368002BFAD0D9F852
:103E600000300BB19C42F5D120462A463146B84776
:103E70002469002CF0D1B8F1000F26D1284602B0F9
:103E8000BDE8F087184FDCE74FF00A0ADFF85C90D6
:103E900002E02469002CEED02368002BF9D0D9F879
:103EA00000300BB1A342F4D12A4631462046B84730
:103EB000012220460DF107018DF807A0B847E8E779
:103EC00030460EF023F90546B9E7044812F0C8FC65
:103ED000284602B0BDE8F08740420F00540E022091
:103EE000553D0010241502204D3D001030150220D4
:103EF0002DE9F04F984607460E4683B0DFF860B0D4
:103F0000DFF86090DFF860A00192DBF8004014B9A0
:103F100011E024697CB1D9F800500DB1A542F8D167
:103F2000A268002AF5D03146384690470028F0DDD7
:103F300003B0BDE8F08FDAF8242090450BD8DAF80A
:103F40002810019B994204D36FF0010003B0BDE833
:103F5000F08F9045F8D101200021FDF749F9D4E711
:103F6000241502203015022000000B40084A136877
:103F700023B90AE003F110021B6933B18342F9D17E
:103F800029B9186910601961704701B11060704754
:103F90002415022000F0FCB9F0B583B006468DF878
:103FA0000700FDF71BF94FF0FF356FF00044174A8B
:103FB000821841F10003954274EB03013CBF234694
:103FC0002A46134812F078FC124B07461C689CB135
:103FD000114D01E024697CB12368002BFAD02B68D5
:103FE0000BB19C42F6D1204601220DF10701FFF7EB
:103FF000B1FE2469002CEFD117B9304603B0F0BDF3
:10400000034812F02DFC304603B0F0BD40420F00D3
:10401000540E0220241502203015022038B5044623
:104020000EF074F8012305461A4620462946FFF78C
:10403000E9FE084B1C682CB163682BB198472469D2
:10404000002CF9D1284638BD2469002CF4D128462B
:1040500038BD00BF24150220024A034B10601960CE
:10406000704700BFC0140220C4140220184B70B562
:104070001A68002A28D0EFF3108172B6D2E8CF4F29
:104080000120002CFAD1C2E8440F002CF6D1BFF376
:104090005F8F00220F4C186859602270C0E88F2F84
:1040A00081F31088002400250B4E3078FCF7CCFA01
:1040B00020B9002400252046294670BD3078FCF741
:1040C000D3FA2046294670BD4FF47A740025EBE7F9
:1040D00044190220AC190220AB190220014B1878B8
:1040E000FCF7C2BAAB19022038B5044600200D46D1
:1040F00001F05EFBA8B3002001F070FB88B3FDF770
:104100006DF84FF0FF3E6FF0004C174A821841F1F6
:10411000000396457CEB03013CBF7246634613489F
:1041200012F0CAFBE8B1002001F042FB58B90021AF
:104130004FF0FF3000F076FD6FF002040B4812F0F4
:104140008FFB204638BD002001F048FB0028EED050
:1041500021462A46002001F04BFB04460028EDD101
:10416000EAE76FF00204ECE740420F0088190220F2
:1041700008B5FDF733F84FF0FF3E6FF0004C0F4AE3
:10418000821841F1000396457CEB03013CBF724667
:1041900063460B4812F090FB70B14FF0FF300021E6
:1041A00000F040FD002001F06BFB0028F5D1BDE8D8
:1041B0000840034812F054BB08BD00BF40420F0046
:1041C000881902202DE9F84380460F46FDF706F8CE
:1041D0004FF0FF356FF00044334A821841F100037D
:1041E000954274EB03013CBF2A4623462F4812F048
:1041F00063FB08B9BDE8F883002001F0D9FA002874
:1042000047D0002F40DD0025DFF8A890284E13E0AE
:104210002246002001F07AFB002104464FF0FF30D7
:1042200000F000FD002001F02BFBFCF7D7FFC9E9EF
:1042300000012544AF4227DD002001F087FB7C1BF5
:104240008442A8BF044608EB0501002CE0D12146BA
:104250004FF0FF3000F0E6FC204601F011FB204655
:1042600001F0A6FA80B1204601F070FB0028E1D1F0
:10427000FCF7B4FFD9F80030D9F804209B1942F1BB
:10428000000283428A41D5D20848BDE8F84312F0C3
:10429000E7BA00200021074BC3E90001BDE8F8435D
:1042A000024812F0DDBA00BF40420F008819022018
:1042B00020A107004010022030B5002185B02E4813
:1042C00012F0F2FAF0B92D4B1A68CAB1EFF310816F
:1042D00072B6D2E8CF5F0124002DFAD1C2E8454F73
:1042E000002DF6D1BFF35F8F254C1D6822785960F1
:1042F000D3B201222270C5E88F0F81F31088CBB1B1
:1043000005B030BD00214FF0FF3000F08BFC0020E5
:1043100001F064FA0446184812F0A2FA002CEFD01B
:10432000184B1B68002BEBD0174A106805B0BDE88E
:1043300030401847FCF7ACFD0446FCF74FFF4FF048
:10434000FF3C6FF0004510F57A7241F1000394458F
:1043500075EB030138BF2B464FF000014FF001050C
:1043600020460A4C38BF6246CDE901150094FCF79F
:1043700093FD05B030BD00BF88190220441902200A
:10438000AC190220C0140220C41402206D40001099
:104390004FF0504330B585B01C68FCF779FDFCF751
:1043A0008DFEA04202D0002005B030BD00212A4B76
:1043B00008461B7801F086FC28480368002B47D08C
:1043C0000120FCF7E3FA0346254C2649C0B22370CE
:1043D000FCF766F920780121FCF720F90E20FCF7A4
:1043E0004FF940BB204B0125C3E90000FCF750FD0D
:1043F0000446FCF7F3FE4FF0FF3E6FF0004C10F563
:104400007A7241F1000396457CEB03014FF0000105
:104410002046164C3CBF72466346CDE90115009418
:10442000FCF73AFD0028BEDB01211148FFF79EFD95
:10443000012005B030BD0120FCF7ACF801460A4868
:10444000FCF700FB00220E200A49FCF757F9EBE7C6
:10445000FCF7DCFAB4E700BF7C7D0110881902206C
:10446000AB190220B9420010441902206D4000101F
:10447000E0150020DD40001000487047F074011086
:10448000004870479C74011038B5184B04461A78E0
:104490000AB344B940F209424FF44173144D6A80A3
:1044A00013482B8038BD052C1DD8124B104D53F8E6
:1044B000241028460023013903E0132B20F8022F93
:1044C0000ED011F8012F0133DBB2002AF5D15B00C9
:1044D00043F44073E4E71121184600F025F8D8E7CB
:1044E0004FF44A73DCE7002038BD00BF9419022066
:1044F000FC1402208474011000B545F247308BB0E3
:10450000FDF7EEF801220346092101A89847DDE9ED
:104510000332044912BA1BBAC1E900230BB05DF89B
:1045200004FB00BF6C190220012901F1FF3300F0E8
:10453000B3805D490A784FEA121C9F2A8CBF0CF1A8
:10454000370C0CF1300C012B80F800C000F0A78074
:1045500002F00F02092A8CBF37323032022B427030
:1045600000F09D804A784FEA121C9F2A8CBF0CF104
:10457000370C0CF1300C032B80F802C000F08F8058
:1045800002F00F02092A8CBF37323032042BC2707E
:1045900000F085808A784FEA121C9F2A8CBF0CF1AC
:1045A000370C0CF1300C052B80F804C077D002F0EA
:1045B0000F02092A8CBF37323032062B42716ED07F
:1045C000CA784FEA121C9F2A8CBF0CF1370C0CF1F1
:1045D000300C072B80F806C061D002F00F02092AC8
:1045E0008CBF37323032082BC27158D00A794FEA6B
:1045F000121C9F2A8CBF0CF1370C0CF1300C092BCC
:1046000080F808C04BD002F00F02092A8CBF373265
:1046100030320A2B427242D04A794FEA121C9F2A4A
:104620008CBF0CF1370C0CF1300C0B2B80F80AC04E
:1046300035D002F00F02092A8CBF373230320C2BF2
:10464000C2722CD08A794FEA121C9F2A8CBF0CF1BF
:10465000370C0CF1300C0D2B80F80CC01FD002F081
:104660000F02092A8CBF373230320E2B427316D01C
:10467000CA7911099F2A8CBF373130310F2B8173D2
:104680000DD002F00F02092A94BF30323732102BBE
:10469000C27318BF103002D0002303707047184453
:1046A00000230370704700BF6C190220704700BFE1
:1046B0000022014B1A707047A91902204B79FF2B79
:1046C0000BD1887948B9CB79012B07D1082A05D9B4
:1046D000034B8A7809201A7070470020704700BF8A
:1046E000A919022001207047012901D0012070473B
:1046F00008B5104B91881B78994201D0002008BD65
:104700005378012B08D0022BF8D1002164220846EF
:10471000FCF774FF012008BD518811F480721ABFA4
:10472000C1F3C012480A4FF0FF3001F00301FCF75B
:10473000E3FF00BFA919022000487047AC750110C3
:10474000012907D15378012B02D19388072B03D07D
:1047500000207047012070471146A623014A00F04F
:10476000F7BE00BF047501100346012201481A700C
:10477000704700BFD075011008B50B68B3F5966F90
:1047800000D008BD00224FF0FF301146FCF7B4FF07
:1047900070B500F027F90C234026194CFF22A367BF
:1047A0000E201849FBF7AAFF32460021164812F0E6
:1047B0004BF80125002380211348144A4184457099
:1047C0000683068782604360136042F8043C80F8E9
:1047D000213080F83B3043620D4B4FF00056C360F0
:1047E000C362803B836212F05BF84FF48032094968
:1047F000094B25642846E664C4F89010DA6470BD5D
:10480000000011502D0400203815022084001050A3
:104810000001105010D001000020115001210E2085
:10482000FBF7FCBE00220248114600F0FBB800BFB7
:1048300058150220044B197021B14FF40032034B7C
:10484000C3F89020704700BFA61902200020115025
:104850000B785B0602D14B78052B00D070474B8854
:10486000014ADBB21360704700001150CB782DE98C
:10487000F04103F0030EBEF1010FC3F3010057D066
:10488000002791F802C0314C0CF07F025600898855
:1048900006EBDC1304EB43134FEADC15D876C1F3C7
:1048A0000A0185F0010083F802C019835870DF7097
:1048B000D3006DBB2648043304EB821C03EB0008D5
:1048C000CCF808801F5062B3224BD2001344CCF8BE
:1048D0000430214A3F31136821F03F01BEF1020F3D
:1048E00008BF49001D4819442E4404EB4614814278
:1048F0001160E36027D883F0A04383F480136268DB
:1049000043EA8E6343F0004313600120BDE8F08169
:104910000F4804EB821C0344CCF8283040F8327076
:104920004AB900230E4A04EB4514E2606360ECE7E9
:104930000020BDE8F081D20002F1A04202F5801211
:10494000CCF82420C5E7FCF723FF00BF3815022070
:10495000800010500400105040190220FF0F10502A
:104960000001105011F09CBF8C4608B51146074855
:104970001A460CF07F034FEADC1C0CEB430C00EBF7
:104980004C1000F04FF8012008BD00BF3815022080
:1049900011F07F0205D100290CBF02200120064B37
:1049A0009866C909054B01EB420003EB40104FF438
:1049B0000062002111F050BF002011503815022074
:1049C00011F07F0300D17047002205485B0003EB24
:1049D000D11300EB43106FF40061C27011F03CBFC3
:1049E000381502204FF0805209480A4908B50A4B91
:1049F00002600A609968C94311F08051FAD14FF4FE
:104A00008052064811F020FF0922054B5A6708BD65
:104A10000020024000300240000002400000105020
:104A20000000115000234FF0010C10B580F81AC09F
:104A30008282C3820161044611F02AFF20B14FF443
:104A40000032074BC3F89020204611F00DFF10B143
:104A50000123237710BD2046BDE8104011F00CBFA4
:104A6000002011502DE9F0414FF000081C4D044684
:104A700042462B781B4F1C4E0DE0336813EB42135C
:104A800024D0DB682046984708F101082B785FFAAC
:104A900088F2934206D39342A2EB0303EDD807EBCF
:104AA0004313EEE754220021104811F0CDFE4FF0E1
:104AB000FF330E482022041D4360C4E90133E36044
:104AC000FF21BDE8F041143011F0BEBE4FF0E023ED
:104AD000D3F8F03DDB0700D500BEBDE8F08100BF94
:104AE000A5190220F0750110C811022098130220A8
:104AF000704700BF704700BF00207047002070471C
:104B0000704700BF704700BF704700BF704700BFCD
:104B1000024B5878003818BF0120704798130220C4
:104B2000024B1878C0F38000704700BF9813022032
:104B30002DE9F047DFF8E49099F80030FF2B55D1CC
:104B40000D4600293DD0002154220646294811F087
:104B50007BFE0022284C294B20461A70FBF756FF9B
:104B6000274B28481C60284CFBF75EFF204601F0CD
:104B70008FFB264A264B146023B12648FFF7F4FD2D
:104B8000254B18604FF0000A224C53462278DFF87C
:104B90009080214F0DE03A6812EB431311D05B680F
:104BA0007BB198470AF1010A22785FFA8AF39342AF
:104BB00011D89342EFD39B1A08EB43135B68002B89
:104BC000EFD14FF0E023D3F8F03DDB0700D500BE76
:104BD0000020BDE8F0872946304689F80060FFF7DD
:104BE000D7FD0028EDD03046FFF718FE0120BDE8C4
:104BF000F08700BF9813022090130220A71902200B
:104C0000EC1302200C160020F8150020F0130220EF
:104C100069470010A5190220C811022014160020AF
:104C2000F07501102DE9F04FDFF8B0928BB099F8D4
:104C30000030FF2B00F0ED80A24CA34DDFF898A2CE
:104C4000DFF89CB226687369EFF3108272B6D3E87E
:104C5000CF0F01210028FAD1C3E8401F0028F6D168
:104C6000BFF35F8FB261304607A901F05BF9002303
:104C70007269C2E88F3FB36983F31088002800F09F
:104C8000C8809DF81D30013B072B00F26B83DFE8E5
:104C900003F0A5AF939B8C350A04089B002BD1D061
:104CA00009989847CEE79DF8201001F07F0605EBA4
:104CB000460000EBD11090F8343023F0010380F867
:104CC000343090F8343023F0040380F83430002E70
:104CD00000F0A280027D9AF800309A4280F0918024
:104CE0007A4B1B6813EB421300F08C809E699DF891
:104CF0002120099B9DF81C00B047A3E79BF80030DA
:104D0000002B7FD09BF80030013BDBB28BF80030EA
:104D10009BF8003003F0FF00002B93D16A4F9DF801
:104D20001C803B7843F001033B7097F8343060F30C
:104D3000000387F8343097F8343060F3820387F843
:104D4000343097F8353060F3000387F8353097F842
:104D5000353060F3820387F8353000F05BFC9DF856
:104D6000203003F06002602A66D0402A76D003F03B
:104D70001F03012B00F0B680022B7BD0002B5BD1F0
:104D8000202A00F0DB81002A56D19DF82130092B22
:104D900052D8DFE813F0A20194015100B301510091
:104DA00087015D0151005201E5002B78D9077FF59D
:104DB00049AFFFF7ABFE45E7EB78DA077FF542AF87
:104DC0000898FFF797FE3DE72B78D8077FF53AAFB5
:104DD0002878C0F3C000FFF797FE33E79DF81C006A
:104DE000FFF740FE00F00CFC9DF82030AB7029E787
:104DF0009DF81C00FFF736FE00F002FCFFF782FE74
:104E000020E711D04FF0E023D3F8F03DDC0700D5C8
:104E100000BE0BB0BDE8F08F099B9DF821209DF8E6
:104E20001C0000F00BFC0DE7294B5FE7FFF728FBA8
:104E30000246002840F079814FF0E023D3F8F03D9E
:104E4000DE0700D500BE9DF81C000021FFF7A0FD85
:104E500080219DF81C00FFF79BFDF3E61D4800F044
:104E6000D9FB0121404608AAFFF76AFC00287FF41D
:104E7000E9AEE8E79DF8241011F0700FDCD101F0E5
:104E80007F0607EB4600144B00EBD1101B78007D2A
:104E90007600019698424FEAD11600964FD340F023
:104EA0005F810B4E002A00F05F81706900F0B2FB59
:104EB00001214046736908AA984700287FF4C2AED2
:104EC000C1E700BFF013022098130220C81102208E
:104ED000F075011041470010A5190220141600209A
:104EE000A71902209DF824300F2BACD8AA4A3B44C6
:104EF0001B79127893422DD3A5D1A84E706900F08A
:104F000089FB01214046736908AA984700287FF46D
:104F100099AE9DF8203013F0600694D19DF82130B1
:104F20000A3B012B8FD800F075FB9DF821300A2B2E
:104F300000F0F181404608A900F0F0FA82E6984BB3
:104F40001B6803EB4016002A00F00E81002E3FF490
:104F50007AAFAAE7924A166816EB4316CED172E7EB
:104F60007B789DF822609E4200F04C817B78002B7C
:104F700040F0BD817E70002E00F04281701EC0B2F4
:104F8000FFF77EFA0346002800F05E814278022A8D
:104F900040F05A81C17903F10906C1F340121201B0
:104FA000C1F3801142EA41123146387820F03000D6
:104FB00002433A705A88CDF808809A180092009BF4
:104FC0008B4240F2A3814B780B2B00F0AE814FF067
:104FD000010C042B40F038810023009A1E46521A1F
:104FE00092B201926C4ACDF80CC012781DE06C4A66
:104FF000126812EB461800F02781019A0593029877
:10500000D8F8103004919847059B08280246049967
:1050100003F1010303D90198904280F0F8805E4AC1
:10502000DEB21278B242C0F00F81B242A6EB0202A9
:10503000DDD85A4800EB4218DFE77B7840468DF810
:105040001A300DF11A02012308A900F081FAF9E5DE
:10505000BDF82200030A013B020AC0B20E2B3FF644
:10506000F2AE01A151F823F079520010195100104D
:10507000B5520010474E0010474E001097520010D6
:1050800019510010474E0010474E0010474E0010B7
:10509000474E0010474E0010474E0010474E00107C
:1050A0006B52001008A800F0BBFA40469DF8221091
:1050B000FFF7B8FB3B7843F002033B70C2E5BDF855
:1050C0002230012B7FF4BFAE3B78404623F008032B
:1050D00008A93B7000F022FAB4E540463B789A08F4
:1050E00002F00202C3F340131343ADF81A300DF17E
:1050F0001A02022308A900F02BFAA3E5BDF822301A
:10510000012B7FF4A0AE3B78404643F0080308A98A
:105110003B7000F003FA95E5022A3FF487AEFFF7F3
:10512000EDFC024600283FF48EAE4046538808A9A5
:1051300000F00EFA00287FF485AD84E69DF8243057
:105140000F2B3FF680AE144A3B441B7912789342F2
:105150001DD2134A166816EB43167FF4A6AE72E60C
:10516000002A7FF470AE00269DF8212002F0FD0396
:10517000012B17D0002A7FF45FAE019B009A3B44BD
:10518000134493F834304046C3F34003ADE77FF453
:105190005AAE024E89E600BFA5190220F075011033
:1051A000C8110220BDF82230B3B9012A99F80000D5
:1051B00000F08880FFF7ECFB019B009A3B4413440E
:1051C00093F8342042F0020283F8342093F834201C
:1051D00042F0010283F83420002E3FF433AD7069B1
:1051E00000F018FA7369012108AA40469847002088
:1051F00000F010FA97F83530DF073FF523AD99E658
:10520000FFF780FC404608A900F088F91AE5DDF8B0
:105210000CC0BCF1010F00F09D80BCF1000F00F04C
:105220008A80002391F8028004E00671D8B2844598
:1052300040F2818008EB030057FA80F090F804E018
:105240000133BEF1FF0FF0D04FF0E023D3F8F03D73
:10525000DA0700D500BE4FF0E023D3F8F03DDB07BE
:1052600000D500BE00237B70EDE5FFF765FA02462E
:1052700000287FF45AAFE6E5FFF7FEF80246002863
:105280003FF4DAAD4046122308A900F061F9002886
:105290007FF4D8ACD7E5FFF72FFC024600283FF497
:1052A000D2AD4046137808A900F052F900287FF4E7
:1052B000C9ACC8E5BDF82410FFF7E6F8024600289F
:1052C000EFD1C0E50293FFF77BFB019A009B3A44C4
:1052D0001A4492F83410029B63F3410182F83410AF
:1052E00092F8341063F3000182F8341074E700215F
:1052F0004046FFF79FFA4046FFF734FBBB78404635
:105300000093FFF7AFFB009BBB7033E6DDF808802E
:10531000FFF7F6FB76E74046012308A90DF11A02D4
:105320008DF81A6000F014F98CE40B7891F803C042
:1053300019444B784DE633460F480392019100F033
:1053400069FD0E4B01991B78039AB3421144BFF4D7
:1053500036AE79E7D8F81000094B984208BF4FF0F5
:10536000020C5EE74FF0E023D3F8F03DDB077FF55A
:1053700069AC00BE66E400BFAC130220A519022090
:105380004D5A00102DE9F84F0A9F002A40D00C46D4
:105390001E4615464FF0000ADFF87C90DFF87C804F
:1053A00018E0204698F8021099F800B000F002FDCD
:1053B000E0B121465846FFF759FAF0B1A2780AF158
:1053C000010AD10916BF0B9B3A701A702278AA45C0
:1053D00014441DD06278052A0FD1E17801F0030151
:1053E000B1420AD1A27812F0700FDAD04FF0E02368
:1053F000D3F8F03DDA0700D500BE4FF0E023D3F834
:10540000F03DDB0702D40020BDE8F88F00BEFAE7CC
:105410000120BDE8F88F00BF141600209813022069
:1054200038B58B7813F0700F08D04FF0E023D3F825
:10543000F03DDB0700D500BE002038BD074A084B11
:105440000C46084691781D7800F0B4FC0028ECD09A
:1054500021462846BDE83840FFF708BA98130220D5
:10546000141600200B46064A06481168DA09343241
:1054700003F07F0302EB4303184400F055BC00BF68
:10548000EC130220981302200B46064A06481168C6
:10549000DA09343203F07F0302EB4303184400F0CF
:1054A0006DBC00BFEC1302209813022010B5194800
:1054B00001F07F0C00EB4C0000EBD11090F834C0F1
:1054C0001CF0010F08D04FF0E023D3F8F03DDA07CD
:1054D00000D500BE002010BD00F1300494F804C0D7
:1054E0000D484CF0010C007884F804C0FFF73CFA3A
:1054F0000028F0D14FF0E021227960F30002227100
:10550000227960F382022271D1F8F03DDB07E1D508
:1055100000BEDFE7981302201416002030B50B4CB4
:105520008C46A6460546086849680023AEE8030095
:105530009CF800102846C943C4E90233BDE8304056
:105540001A4601F08001FFF7B1BF00BF58130220D7
:105550002DE9F041284F4FF00008BE468C46064624
:1055600008684968BA60AEE80300A7F80E801546DF
:10557000BCF80620934228BF1346BB819AB11C4653
:1055800033B3DDB197F90030402C28BF4024002B05
:1055900029DB414623463046184AFFF787FF68B1AA
:1055A0000120BDE8F0819CF800101346C943304645
:1055B00001F08001FFF77AFF0028F1D14FF0E023DE
:1055C000D3F8F03DDB0700D500BE0020BDE8F08138
:1055D0001A46397801F0800123463046FFF766FF0E
:1055E0000028DDD1EAE722462946044811F054F9A3
:1055F0008021024AF0E700BF58130220181302204E
:105600000022034BC3E90022C3E902221A6170475A
:1056100058130220014B1861704700BF5813022035
:1056200030B40246044C0025234600685168C4E9A2
:10563000025530BC03C370475813022070B53D4C6F
:10564000C90922780646B1EBD21F1D4682B017D099
:1056500053B14FF0E023D3F8F03DDB0702D4002034
:1056600002B070BD00BEFAE72146FFF7F1F82369EA
:105670001BB12246032130469847012002B070BD7D
:1056800094F90030002B06DBA0680028E7D02A46FA
:10569000294911F001F9E089A168E388284480B222
:1056A00029448342E081A16016D03F2D14D9A289FC
:1056B00094F90040131A9BB2402B28BF4023002CC2
:1056C00027DB90424FF0000131D01B4A3046FFF7F4
:1056D000EDFE0028D1D1BCE7236923B10221304679
:1056E000144A984760B121780023C94330461A46CE
:1056F00001F08001FFF7DAFE0028AAD00120BDE703
:1057000001463046FFF744F980213046FFF740F963
:10571000B3E7904208D01A460748019311F0BCF84D
:105720008021054A019BD1E780210022CEE70A466D
:10573000CCE700BF58130220181302202DE9F041D6
:105740000446FFF7E5F908B9BDE8F081FFF7E8F98D
:1057500005460028F8D1C82304FB03F3124EF718BE
:10576000F9780029F0D010331E44304600F0C8FB11
:105770003F28E9D92846F978FFF774FE0028E3D0DE
:10578000304600F0BDFB3F28F97808D9074A284683
:1057900002EBC4124023BDE8F041FFF787BE284664
:1057A000BDE8F041FFF770BE50120220CC1102207C
:1057B00010B50446FFF7ACF908B9002010BDFFF79B
:1057C000AFF90028F9D1C822034B02FB0433187942
:1057D00000F0010010BD00BF50120220C82208B521
:1057E000024B02FB003000F071FB08BD601202208A
:1057F0002DE9F8434FF6FF73C8249A4228BF1A4692
:1058000000FB04F4DFF8748004F1100545440646FB
:1058100092B2284600F0D0FB0746FFF779F910B99D
:105820003846BDE8F883FFF77BF981460028F7D1B9
:10583000A04498F80330002BF2D0284600F060FB1B
:105840003F28EDD9484698F80310FFF70BFE0028D3
:10585000E6D0284600F054FB3F2898F8031007D9FB
:10586000054A4846402302EBC612FFF71FFED7E762
:105870004846FFF709FED3E7CC1102205012022060
:105880002DE9F0410446FFF743F910B90020BDE8C7
:10589000F081FFF745F905460028F7D1C82604FB3B
:1058A00006F6DFF8648006F124074744384600F026
:1058B0000DFB0028EAD0B044284698F80210FFF704
:1058C000D1FD0028E2D00F4E384606EBC416314613
:1058D000402200F071FB98F80210044668B10346BC
:1058E00032462846FFF7E2FD50B94FF0E023D3F8E7
:1058F000F03DDB07CAD500BEC8E7FFF7C5FDC5E729
:105900002046C4E70C1202205012022038B54FF690
:10591000FF75C823AA4228BF2A460B4C92B203FB4C
:1059200000440546204600F005FC034620461C4680
:1059300000F0CCFA3F2801D8204638BD2846FFF7B2
:105940009FFF204638BD00BF74120220C82208B550
:10595000024B02FB003000F0D3FA08BD74120220A3
:10596000F0B5002483B0C8220021174810F06CFF66
:10597000FF234FF4E13108221448047012480094C8
:10598000074643718160827300F138010123402290
:10599000103000F06BFA0123402207F178010093E8
:1059A00007F1B80607F1240000F060FA07F1C0051E
:1059B0003046FBF72BF82846FBF728F8C7E90746DF
:1059C000C7E90C5403B0F0BD501202204C12022063
:1059D0000A4A116B136A61B13BB10023C2E90C336F
:1059E000D36100231362012070470120C2E90C3308
:1059F0007047002BF7D0D161F3E700BF50120220AF
:105A0000002210B50E4C0F48237802600271DA07AD
:105A100007D59B070BD5BDE8104001210A4800F0CF
:105A200053BC103000F034FC23789B07F3D40648B5
:105A300000F02EFCBDE810400121034800F044BCFA
:105A40004C1202205012022074120220F0B54B7941
:105A500083B0022B02D18B79022B03D0002528467C
:105A600003B0F0BD274FBB783BB14FF0E023D3F834
:105A7000F03DDB07F2D500BEF0E78B7806463B70C1
:105A80000B78CC186178242908BF092507D036E0A7
:105A900023781C4461782B4424299DB207D1AA4263
:105AA000F6D20020FFF74AFE284603B0F0BD0B46B1
:105AB000052916D0042BF4D163790A2BF1D1124BAE
:105AC0002778019301330093022330461A46E119E7
:105AD000FFF758FC0028C8D00E3517FA85F5ADB28F
:105AE000DFE721463046FFF79BFC0028BDD0A378B6
:105AF0007B7023785A191C44637895B2DAE70B4619
:105B00000925D5E75012022052120220137803F023
:105B10006003202B08D170B5264C938894F800C000
:105B20009C4503D0002070BD002070475378203B77
:105B3000032BF7D8DFE803F027230D0201292ED02D
:105B400003291ED11C4BE3B100205188AFF3008024
:105B500017E0012923D0032913D15588174805F0F0
:105B6000010686F00101257100F0AEFB144B43B134
:105B700031460020C5F34002AFF3008001E0012967
:105B800011D0012070BD01290DD00329F9D10D4B91
:105B9000002BF6D000200C49FEF7EEFDF1E7114690
:105BA000FFF7BCFCEDE711460723074AFFF7D0FCDF
:105BB000E7E700BF5012022000000000741202202C
:105BC0000000000079470010581202202DE9F84328
:105BD000354E0C46F27807468A421D463DD0B378D2
:105BE0008B4212D04FF0E023D3F8F03DDB0732D4E4
:105BF0000020BDE8F8832D4B23B12D4800F076F945
:105C000000284DD00020FFF799FDB378A34201D0C2
:105C10000120EEE7274B13B10020AFF300800020F6
:105C2000FFF72EFE0028F3D1234800F04FF900289B
:105C3000EED1002DECD015F03F05E9D13846B17812
:105C4000FFF710FC0028E3D02B462A463846B178EF
:105C5000FFF72CFCDCE700BECAE79AB2174906F151
:105C6000100000F067FA164B002BC4D07379FF2B9D
:105C7000C1D0002DBFD0DFF8448008EB050902E059
:105C8000C845B8D0737918F8012B9A42F8D1084862
:105C900000F02CF90028F3D17179AFF30080EFE721
:105CA000AFF30080AEE700BF5012022000000000FA
:105CB000601202200000000074120220CC110220A9
:105CC0000000000010B582B0C9B101280CD80B78D3
:105CD00053B1144C012B235402D0012002B010BD4B
:105CE000FEF726FF0028F8D14FF0E023D3F8F03D6F
:105CF000DB0702D4002002B010BD00BEFAE7012489
:105D0000084601A9ADF80440FEF712FF38B94FF07C
:105D1000E023D3F8F03DDA07EDD500BEEBE7014B09
:105D20001C70E8E78C130220F8B5037813F0010427
:105D30001AD1037805465A07C3F3800701D52046D8
:105D4000F8BD0E464FF0FF31304610F09DFD2B7828
:105D500013F001040BD12B785B0709D42B780124B5
:105D600043F004032B7003E000242046F8BD3C46BA
:105D7000304610F075FD2046F8BD00BF70B50C46EA
:105D800005464FF0FF31204610F07EFD2B78C3F31F
:105D900080065B0708D52B7813F0010311BF00269E
:105DA0002A7863F382022A70204610F059FD3046AB
:105DB00070BD00BFC378828803F003000228C2F3DD
:105DC0000A0215D003280AD001281CD1022940F26A
:105DD000FF3308BF4FF4806393420DD3704702290D
:105DE00014BF40234FF48063934205D301207047D2
:105DF00002290AD0402AF9D94FF0E023D3F8F03D28
:105E0000DB0700D500BE00207047B2F5007FEDD063
:105E1000F2E700BF0A44914226D291F801C0BCF1DA
:105E2000050F05D091F800C061448A42F5D870474B
:105E300000B591F802C00CF07F0E00EB4E0E4FEA59
:105E4000DC1C0EF80C3091F800C061448A4209D97C
:105E500091F801C0BCF1050FEBD091F800C061448E
:105E60008A42F5D85DF804FB704700BF2DE9F04188
:105E7000B2F5004F9DF8188024D80446C068174634
:105E80000E461D4618B14FF0FF3110F0FDFC2069A1
:105E900018B14FF0FF3110F0F7FC0022C5F30E03EC
:105EA000E06843EAC83362812660A780E3802281EC
:105EB00008B110F0D5FC206908B110F0D1FC012028
:105EC000BDE8F0810020BDE8F08100BF0389428970
:105ED0009BB292B28088934236BFC2EB40029B1ABB
:105EE0009B189BB2984228BF184670470289438985
:105EF00090B29BB2C01AB0FA80F04009704700BF60
:105F0000038942899BB2808892B2934236BFC2EB2A
:105F100040029B1A9B189BB2984286BFC01A80B25F
:105F20000020704738B5044600690D4618B14FF09F
:105F3000FF3110F0A9FC2189638989B29BB2A28844
:105F4000994236BFC3EB4200C81A401880B250B322
:105F5000824209D291422CBF891A89188BB29A4287
:105F6000638103D89B1A9BB29A42FBD9E2882168CD
:105F7000C2F30E0202FB0311284610F08DFC61896A
:105F8000012589B24B1C9BB29942A2880ED90023ED
:105F900002FA05F15B1A9BB22069638108B110F027
:105FA0005FFC284638BD054663899BB2B3EB420FC0
:105FB0004FEA4201F0DBEDE72DE9F04706460069C4
:105FC0008846914618B14FF0FF3110F05DFC3389DF
:105FD00074899BB2A4B2B588A34236BFC4EB45070F
:105FE0001F1BFF18BFB2002F4AD0BD4240D3B94596
:105FF00028BFB946A5421FFA89F703D8641BA4B28B
:10600000A542FBD9B6F806A02B1B31689BB2CAF398
:106010000E029F42924602FB041123D913FB02F3A6
:106020001FFA83F94A4640467D1B10F035FC621981
:1060300012FB0AF2316808EB090092B210F02CFC56
:106040007289B58892B2D3199BB29A421AD96A0062
:106050009B1A9BB23069738108B110F001FC38467D
:10606000BDE8F087404607FB02F210F015FCE7E7B9
:10607000AB422CBF5B1B5B199CB22F467481B6E709
:1060800073899BB2B3EB450F4FEA4502E2DBDFE7D2
:10609000F8B50446C0680E4618B14FF0FF3110F055
:1060A000F3FB2589238961899BB289B2A2888B423F
:1060B00036BFC1EB42015B1A5B189BB29A42ADB28C
:1060C00008D8E779FF0905D1E06808B110F0C8FBEE
:1060D0003846F8BD954228BF2B4618D39B1A9BB271
:1060E0009342FBD2E2882068C2F30E0202FB030057
:1060F000314610F0D1FB6B1C9BB29D42A28812D995
:10610000002351005B1A9BB201272381DCE7E28860
:106110002068C2F30E0205FB0200314610F0BCFB02
:106120000135A288ABB2B3EB420F4FEA4201EBDB81
:10613000E8E700BF2DE9F04F174683B0002A75D07D
:106140000646C068894618B14FF0FF3110F09CFB3D
:10615000F379B6F808807289DB09B5881FFA88F8E8
:1061600092B23CD1904536BFC2EB4502A8EB020289
:10617000424492B2AA425ED2AA1A92B2BA4228BF4E
:106180003A46B6F806B097B27B1B08EB070ACBF38A
:106190000E0B9BB21FFA8AFAA845444603D3641B30
:1061A000A4B2AC42FBD22D1B3068ADB2BD420BFB9A
:1061B000040057D349460BFB07F210F06DFBB28881
:1061C000D0454FEA420302D8BAEB420F03DBAAEBF9
:1061D00003031FFA83FA3D46A6F808A02CE0B6F8A0
:1061E00006B0AF42CBF30E0B2FD2904536BFC2EBB9
:1061F0004501A8EB0201414489B2680039447B1B88
:1062000081429BB20DDB02EB050A1FFA8AFAAAEB68
:1062100007081FFA88F8424537D9A8EB00001FFA93
:1062200080F807EB080A1FFA8AFAB5E715462846F0
:1062300003B0BDE8F08F0025F0680028F7D010F01B
:106240000FFB284603B0BDE8F08F002DF4D07F1B74
:1062500002EB050A0BFB079990462F4600231FFA15
:106260008AFA99E715FB0BF5ADB22A464946019328
:1062700010F012FB019B3068E21812FB0BF209EBE5
:10628000050192B210F008FB99E7404584DCC4E7B1
:1062900010B50446C06818B14FF0FF3110F0F4FAA1
:1062A000206918B14FF0FF3110F0EEFA0023E068DA
:1062B0006381238108B110F0D3FA206908B110F08E
:1062C000CFFA012010BD00BF38B50446C0680D46A6
:1062D00018B14FF0FF3110F0D7FA206918B14FF024
:1062E000FF3110F0D1FAE379E06865F3C713E37189
:1062F00008B110F0B5FA206908B110F0B1FA012028
:1063000038BD00BF0022014B5A607047C011022007
:106310002DE9F0470E460546FAF7A8F8012296F84F
:1063200004A096F9054005F12F4CDFF8B4800CF578
:10633000600C02FA0AF24FEA1C5C002C58F82C7030
:1063400002F1FF32CAF1200331DB9C42A64627D876
:1063500002FA04F33B4223D1F3795B0732D402FA09
:106360000EF2174235D13168BAF1000F10D07646DF
:1063700001EB4A0A31F8023B06F11209B3F5005F5E
:1063800038BF7344514506F1010645F82930F1D173
:106390003A4348F82C20FAF77BF82046BDE8F0870E
:1063A0004FF0FF34FAF774F82046BDE8F0871C1E62
:1063B00002DA0EE0013C0CD302FA04F33B42A6469B
:1063C000F8D1C9E76FF00A04FAF762F82046BDE891
:1063D000F0876FF00804FAF75BF82046BDE8F08715
:1063E000B41402202DE9F0474FF4003501EB4106CB
:1063F00000EBC60404F5435400EBC606D6F8DCA057
:106400004FEA4108D6F8CC90E560BBB14EF2800768
:1064100093FAA3FCBCFA8CFC22FA0CF503F1FF3EC4
:106420004FEA4C1C05F001054CF080643D4313EA33
:106430000E03C6F8DC40C6F8D850E9D1884400EB1A
:10644000C800C0F8DCA0C0F8CC90BDE8F08700BF61
:10645000F0B5012504688D4024EA05040460B3B357
:10646000D3E901561F68DC6801EB410300EBC3036D
:10647000C3F8C8704FEA410CC3F8D060C3F8CC50E1
:10648000C3F8DC400CEB01034FF0013500EBC30C0B
:106490004FF0004600EBC30E01230EF5865E0C1D87
:1064A00001F108078D40CEF8106003FA04F4CEF82D
:1064B000106002F01F028560BB4000F500500460D0
:1064C0000EF1100E03600020CCF8D820F0BD4FF480
:1064D00080374FF440264FF4F83501EB410400EBD0
:1064E000C404C4F8C8704FEA410CC4F8D060C4F8C2
:1064F000CC50C4F8DC30C5E703BD00BF10B504467E
:10650000FBF75CF92346BDE810401847F0B5054697
:1065100087B0192017460E46FAF796F80021044670
:106520001920FAF77BF8002103970496002700262C
:1065300001224FF050438C461648CDE9006705957F
:1065400002924270A9B11A6D9507FCD5596540BFFA
:106550001A6DD00703D420BF1A6DD207FBD59A6DF0
:106560008A420BD04FF0000C0DEB8C021168E9E76A
:106570009A6D1A6DD607FBD440BFE4E70CF1010C0D
:10658000BCF1060FF0D12146192007B0BDE8F0405C
:10659000FAF744B8F81402200C4B0D4A93420ED37C
:1065A0009C4603F2F4710B4A9268CCF8F4070A484F
:1065B000CCF8F837CCF8FC070848FFF7A7BF4FF036
:1065C000FF3340F2F3719C46EDE700BF000808205E
:1065D0000000082000ED00E0FD640010F9640010E8
:1065E0002DE9F04FE54E05287E4480468BB002D958
:1065F000082840F0FA8140F60470FDF79BFA044643
:10660000002800F0F28107466D4647F8048B4FF4EE
:10661000FA516846D04A09F00BF80FCDB9460FC7BA
:106620000FCDD4F810A00FC795E8030087E803004A
:10663000A56863682563ED002846C4F834A0E362CA
:10664000FDF778FA0746C4F84408002800F0CD8129
:1066500028460121FDF78AFA8046C4F8640800281C
:1066600000F0C0814FEA8A052846FDF763FA8346A9
:106670002064002800F0D9812846FDF75BFAC4F8B1
:106680004C08002800F0C781BAF1000F06DD4FF07A
:106690007E53054440F8043B8542FBD1002500238E
:1066A00004F6540104F505620D604FF400701946BC
:1066B00015601A4602F076FD002302461946A263D1
:1066C0004FF400701A4602F06FFD226C04F144038F
:1066D000A16BE063484609F05FF84846D4F84418D7
:1066E00009F0C6FD002301211A464FF4007002F0A4
:1066F0005BFD9A4F04F50763C4F860081F6004F659
:106700006C031D6004F668034FF420721D600021C5
:1067100004F5086010F098F8A069FBF707FF02463F
:106720000B4689A1D1E90001FBF7A4FEFBF7F0FEBF
:1067300004F67403186010F0A3F802460B4684A117
:10674000D1E90001FBF796FEFBF714FF0246002794
:10675000DFED836A9FED837ADFED837A4FF07E531E
:10676000C4F8782804F68852C4F8847D156004F6CD
:106770008C52C2ED006A04F5596282ED007ADFF8AE
:1067800000B204F69452C2ED007ADFF8F8A104F6E4
:106790009852C2F800B0DFF8F08104F69C52C2F8BB
:1067A00000A0DFF8E8E104F55A62C2F80080DFF8E3
:1067B000E0C104F6A452C2F800E06C4904F6A85205
:1067C000C2F800C004F55B6804F6AC52116048469C
:1067D000C8F8003008F0A4FAC4F85808002800F0FF
:1067E00004810123DFED627A4FF07C5BC8E901335D
:1067F000D4F8308004F6C85E04F6C45C04F55D602D
:1068000004F6CC5104F68C6204F6BC5A04F55C69BB
:10681000CAED007AC9F800B0CEF80050CCF80050AC
:1068200005600D60C4F8D47D15604FEA081505F5C4
:10683000CA752846C4F8907EC4F8947E84F8983EC1
:10684000FDF778F9C4F84808002800F0DB8018F15B
:10685000190F03DB2A4639460FF0F6FF0025012702
:106860002368C4F8D85D082BC4F85C7827D00021D1
:106870004FF000084FF0000904F56F62C2E900898B
:10688000C4F8FC1EC4F8001F6BB1012B4CD1414A67
:10689000414BB258C4F8F82EF358C4F8FC3E2046D9
:1068A0000BB0BDE8F08F20463C4A3D4BB258C4F8CF
:1068B000F82EF358C4F8FC3E0BB0BDE8F08F2D481D
:1068C00004F094FB80462C4804F090FB42460346BB
:1068D000142104F6DC5004F0B9FB5022294604F6DA
:1068E0002C600FF0B1FF5022294604F69C600FF097
:1068F000ABFF002204F67C63294684F8EC5E80201E
:106900001A602B462A46C4F8805E02F04BFC034610
:106910003946C4F8843E80202B462A4602F042FCC9
:106920002368C4F8880EA2E7022B3FD120461D4AF7
:106930001D4BB258C4F8F82EF358C4F8FC3E0BB007
:10694000BDE8F08FAFF3008044174154FB2119409C
:1069500050455254FB2109400AD7233C00004842CD
:10696000133A923E133A123F1D575B3F5681244023
:10697000CDCC4C3E000048430040674570A8011054
:10698000133A923F98C8B63F1D57DB3FA2E5FF3F41
:10699000133A1240440000003400000020000000C0
:1069A000500000001400000028000000032B0DD050
:1069B000042B1CD12046264A264BB258C4F8F82E88
:1069C000F358C4F8003F0BB0BDE8F08F2046224AD0
:1069D000224BB258C4F8F82EF358C4F8FC3E0BB062
:1069E000BDE8F08F3846FDF7E1F8002457E7052BA6
:1069F00022D11B4A1B4BB258C4F8F82EF358C4F8E6
:106A0000FC3E4CE7184B194A1948CA217B447A448A
:106A10007844FDF76FF93846FDF7C8F84046FDF7B2
:106A2000C5F85846FDF7C2F8DFE73846FDF7BEF86F
:106A30004046FDF7BBF8D8E7082B7FF430AF0D4A8E
:106A40000D4BB258C4F8F82EF358C4F8FC3E26E7B4
:106A500010000000540000000C00000008000000BE
:106A60000000000038000000B0000100FE0B010033
:106A7000C0000100480000004C00000010B590B3B9
:106A80000446D0F84808FDF791F8D4F8580808F003
:106A900001FAA06B02F084FBE06B02F087FBD4F8F4
:106AA000600802F083FB2368082B13D0D4F8440855
:106AB000FDF77CF8D4F84C08FDF778F8206CFDF76A
:106AC00075F8D4F86408FDF771F82046BDE8104069
:106AD000FDF76CB8D4F8840E02F062FBD4F8880E8F
:106AE00002F05EFBE2E7054A054B06487A444FF4A4
:106AF0008E717B4478441032FDF7FCF8200B0100C6
:106B00002E000100DCFF00000368082B05D8044AB2
:106B10007A4402EB8303186A70470020704700BF75
:106B2000FC0A010008B5FFF7EFFFC31D48BF00F1E5
:106B30000E03D81008BD00BF0368052B07DC012B2E
:106B400002DC0AD8A02070474FF4A0707047082BD1
:106B500014BF00204FF4A07070470020704700BFA2
:106B600010B528B1D0F8F83E6BB1BDE81040184719
:106B70000A4A0B4B0B487A4440F273117B44784429
:106B80004432FDF7B7F8084A084B09487A444FF4F5
:106B9000BA717B4478444432FDF7ACF8960A0100A0
:106BA000A4FF000052FF0000800A01009AFF0000CD
:106BB0003CFF000010B568B1D0F8FC4E1CB1234674
:106BC000BDE810401847D0F8004F74B1A446BDE8A6
:106BD000104060470A4A0B4B0B487A4440F28B1135
:106BE0007B4478445432FDF785F8084A084B09483D
:106BF0007A444FF4C6717B4478445432FDF77AF8F6
:106C0000320A010040FF0000EEFE00001C0A0100F5
:106C10004AFF0000D8FE00000023FFF7CBBF00BFF3
:106C2000F0B500262B4F83B07F44019600283DD05D
:106C30000C4601AD334609222946204607F0C0FD27
:106C4000334609222946204607F0BAFD334604227E
:106C50002946204607F0B4FD844620466446334664
:106C60000622294607F0ACFD1B4BB2EE047AFB5816
:106C7000DB6803EB8403D3ED007A77EEC77A08B9BB
:106C800077EEC77A17EE900A0FF0FAFD0022104B4C
:106C9000FBF7F0FB0CA3D3E90023FBF7C7FBFBF7E3
:106CA00037FC03B0BDE8F040FCF7A6BA0B4A0C4B2A
:106CB0000C487A4440F219617B4478446832FDF70D
:106CC00019F800BFAFF30080000000C0B16B0240B4
:106CD0000000244030A201102C0000005A090100DD
:106CE00068FE000016FE0000F0B5ADF2345D00282D
:106CF0007ED003680446052B0D465BD80022002198
:106D000005AF03AEC7E9002231605BB9092304A9CE
:106D1000052228460B6007F083FD052107F086F960
:106D200023683060012B0ED1022304A908222846D3
:106D30000B6007F075FD3B460090324607A9201D09
:106D400007F084FC2368022B0BD1092304A9052238
:106D500028460B6007F064FD052107F067F92368FA
:106D60003060032B0ED1022304A9082228460B60B1
:106D700007F056FD3B460090324607A9201D07F05C
:106D800065FC2368042B0DD10B2304A90B6005229D
:106D9000D4F85C38284607F013FD052107F046F9C2
:106DA00023683060052B13D0082B0AD030680DF211
:106DB000345DF0BD082B26D100220021CDE905224B
:106DC000039129462046FFF72BFF0DF2345DF0BDFD
:106DD000022304A9082228460B6007F021FD3B4648
:106DE0000090324607A9201D07F030FC2368DBE73E
:106DF0000A4A0B4B0B487A4440F234617B44784496
:106E00007C32FCF777FF084A084B09487A4440F285
:106E100035617B4478447C32FCF76CFF1608010036
:106E200024FD0000D2FC0000000801005EFD00000F
:106E3000BCFC0000F0B52DED028B0D460168ADF2F3
:106E4000145D0DF5A664082994ED008A16460446E3
:106E500006D002AF1A463946304605F081FA3B4665
:106E600004F66802206B314605F0B6FA04F66C01B0
:106E7000304608F0EDFA0121D4F844283346CDE934
:106E80000021D4F86428D4F86018206B09F066FA61
:106E9000226BD4F86448002A52DD2046234604EBD6
:106EA0008202D3ED007A67EE887AE3EC017A9A42A7
:106EB000F7D12346DFED267AB3EC017AB4EEE77A18
:106EC000F1EE10FA77FE277A9A42F5D19FED216A0A
:106ED000F7EE006A87EE867AB4EEE67AF1EE10FA03
:106EE0000CDD67EE077A234686EEA77AD3ED007AAB
:106EF00067EE277AE3EC017A9A42F7D19FED167A92
:106F0000DFED166A164CA91E0DE0F4EEE67AF1EEFE
:106F100010FA1AD4FDEEE77A17EE903A1BB28242CD
:106F200021F8023F0CD0F0EC017AF4EEC77AF1EED2
:106F300010FAEADD47F6FF73824221F8023FF2D1F0
:106F40000DF2145DBDEC028BF0BD2346E7E700BFF8
:106F5000000000000060EA4600FEFF4600FEFFC69B
:106F60000180FFFF2DE9F04F2DED028B0024ADF5E0
:106F7000DA5D85B00DF53568A8F604331C600B9119
:106F8000002800F0FA8016464CAF05464FF42072F8
:106F900021460DF15009381D0FF056FCA9F1040AE5
:106FA0004FF42072214607F5A3600FF04DFC01223B
:106FB0005146304607F034FCA8F6282BCBF81005D4
:106FC00001225146304607F02BFC0722514648F873
:106FD000040C304607F024FC07220146281D06F069
:106FE00013FBA8F2145318600FF04AFC0B4602463C
:106FF00067A1D1E90001FBF73DFAFBF7BBFA0522D7
:10700000CBF818055146304607F00AFC052107F079
:107010000DF816A90C958B460D460A90C9F8040088
:10702000204605F0CDFB51460246304607F0F8FBFE
:1070300001340A2C45F8040BF2D10C9D59460DF190
:10704000A80B2246584624ABA7F108060F9305F07B
:10705000F3FC05F6740307F20C52194630461193FF
:10706000EB6903F013FC05F55B630A99186810934C
:1070700003F018FCB7EE008A5A464FF0000B0DF1F2
:10708000800A05F6885300941946C9F800000E934B
:1070900050464FF07C5303F061FC05F55C630D93A3
:1070A00012AB5746344605F6BC5A34AE0C93314603
:1070B00038460A2203F080FE0023CDE902330C9B00
:1070C000CDF82080019359F8043B314600930D9B85
:1070D0000A221B6828370793DAF800302C3606930B
:1070E000D5F8B83D0593D5F8B43D0493E86B234635
:1070F00006F008F9204606F053FF8DED008A2B6B51
:107100000B9A03FB0BF3284602EB4301434622464E
:10711000FFF790FE0BF10103022B4FF0010B04F27D
:107120001454C4D140F214521198A8F214510FF023
:10713000B3FBDDED0A7A109BC3ED007ADDE90E4367
:1071400003F1180703F138063D4610340FCDB54260
:1071500007F1100744F8100C44F80C1C44F8082CF4
:1071600044F8043CF0D103CF206061600DF5DA5D96
:1071700005B0BDEC028BBDE8F08F074A074B08480D
:107180007A4440F2ED117B4478449032FCF7B2FD32
:1071900050455254FB2109408C0401009AF900002B
:1071A00048F900002DE9F04F0027ADF5DA5D87B012
:1071B0000DF65838A8F608331F600A91002800F031
:1071C0001F8115460DF59C7A04464FF4207239460E
:1071D0000DF158090AF104000FF036FBA9F1080679
:1071E0004FF4207239460AF5A3600FF02DFB0122FF
:1071F0003146284607F014FBA8F6282BCBF81005DB
:1072000001223146284607F00BFB0822314648F898
:10721000040C284607F004FB04F6CC5300900AF255
:107220000C51201D09F1040207F010FA18A90B9463
:107230008B460C46384605F0B7FA314602462846DA
:1072400007F0EEFA01370A2F44F8040BF2D1594641
:107250000DF1B00B3A4626AB58460B9C0F9306F047
:107260009BFB3946584605F0FBFE394658466A4BAB
:107270006A4A06F069FDAAF1080504F674030AF2E9
:107280000C52194628461093E36903F0FFFA04F5FF
:107290005B63D9F804101868119303F003FBCA4626
:1072A0005A464FF0000B04F6885322AE0097194659
:1072B000C9F800000E9330464FF07C5303F04EFBAC
:1072C00004F55C630D9304F6BC530B9313AB36AF1C
:1072D0000C930A223946304603F06EFD0023CDE9B7
:1072E00002330C9BCDF8208001930D9B0A221B6872
:1072F000394607930B9B1B680693DAF8003000931E
:10730000D4F8B83D0593D4F8B43D0493E06B2B4614
:1073100005F0F8FF284606F043FE4FF07E53009339
:10732000236B0A9A03FB0BF3204602EB430143460F
:107330002A46FFF77FFDD4F8F03E5BB304220A2112
:1073400030460AF0CDFB04220121D4F8F03E50462D
:107350000AF0C6FB04220121D4F8F03E28460AF0C8
:10736000BFFBD5F81035042207EE903AF8EEE77A25
:10737000A8F604330121C3ED007AA9F10400D4F882
:10738000F03E0AF0ADFB04220A21D4F8F03EB81812
:107390000AF0A6FB0BF10103022B4FF0010B06F1E3
:1073A000280607F12C070AF1040A05F2145590D1BA
:1073B00040F214521098A8F214510FF06DFADDE962
:1073C0000E42D9F8043002F1180702F13806119A7A
:1073D00013603D4610340FCDB54207F1100744F855
:1073E000100C44F80C1C44F8082C44F8043CF0D170
:1073F00003CF206061600DF5DA5D07B0BDE8F08F66
:10740000074A084B08487A444FF41F717B4478447C
:10741000A432FCF76FFC00BF0000C84200004842E5
:107420000602010014F70000C2F600002DE9F04F3B
:107430002DED028B0024ADF5185D8DB00DF5C66302
:10744000109315940B91002800F0688116460446AD
:107450000DF58F5808F11008A8F110030DF5185517
:107460009B4611933C35A8F1040318464FF4207253
:1074700000210FF0E9F900F21453AB42F5D11CAB37
:10748000A3F11C070122394630460C9307F0C8F9D6
:107490000DF5B1531033C3F8C00001223946304610
:1074A0001D460E9307F0BCF90722C5F8D4053946EE
:1074B000304607F0B5F904F1040A014607225046A8
:1074C00006F0A2F80E9BC3F8C4000FF0D9F90B46E2
:1074D00002469BA1D1E90001FAF7CCFFFBF74AF87D
:1074E0000522C5F8C8003946304607F099F905214C
:1074F00006F09CFD844610990122A1F5BB690D9010
:1075000039463046C9F804C007F08AF90122C5F8A7
:10751000E80A3946304607F083F90DF51852D06273
:1075200039462C323046072207F07AF90722014605
:10753000504606F069F80DF50453D8611C330FF07E
:107540009FF90B4602467EA1D1E90001FAF792FFAE
:10755000FBF710F80522C5F8F00A3946304607F067
:107560005FF9052106F062FD0C9BC9F80C00A3F140
:10757000080A0025D1460F90284605F015F939462E
:107580000246304607F04CF901350A2D49F8040B44
:10759000F2D142AE2CAB51462A463046139306F048
:1075A000FBF92946304605F05BFD29463046624B23
:1075B000624A06F0C9FB08F2045A04F67403524604
:1075C000194611981193E36903F060F904F55B63C0
:1075D0000D991868129303F065F9109B5146A3F5B5
:1075E000BB673860E36908F62C7208F6182003F0D0
:1075F0004DF90F990D9803F055F9B5EE008A04F690
:1076000088530DF19009B8604FF003084F46F0EE33
:10761000488A9A46109318EE103A48463246514628
:10762000009503F09BF9B8F1010838EE288A09F1BA
:107630002809F0D1B7EE008A0C9B4546A3F1180843
:1076400004F55C630C9314AB4CAE0DF5F07904F6C5
:10765000BC5A0D93314638460A2203F0ADFB002395
:10766000CDE902330D9BCDF82090019358F8043BEF
:10767000314600930C9B0A221B6828370793DAF8DF
:1076800000302C360693D4F8B83D0593D4F8B43DB9
:107690000493E06B5B4605F035FE584606F080FC2F
:1076A0008DED008A236B0B9A05FB03F3204602EB5A
:1076B000430101355A464B46FFF7BCFB042D0BF244
:1076C000145BC7D10E9B40F2145203F6EC211198C3
:1076D0000FF0E2F8DDED0F7A129B109CC3ED007AFB
:1076E000139B03F1580603F17807354610340FCD8C
:1076F000BD4206F1100644F8100C44F80C1C44F886
:10770000082C44F8043CF0D103CE206061600DF5F4
:10771000185D0DB0BDEC028BBDE8F08F0A4A0B4B33
:107720000B487A4440F22B317B447844B832FCF762
:10773000E1FA00BFAFF300800000C84200004842F9
:1077400050455254FB210940EAFE0000F8F30000C6
:10775000A6F300002DE9F04F2DED028B0024ADF5CE
:10776000185D8DB00DF5C6630F9315940C9100282C
:1077700000F03D81174604460DF58F5A0AF1100AB4
:10778000AAF110030DF518551E460B933C35AAF1CE
:10779000040318464FF4207200210FF055F800F250
:1077A0001453AB42F5D10DF17009A9F11C08012267
:1077B0004146384607F034F80DF5B1531033C3F89D
:1077C000C000012241463846119307F029F80DF513
:1077D0008F5BCBF8240A08224146384607F020F890
:1077E000251D04F6CC530090A9F1140228460AF294
:1077F00004510D9306F02AFF01224146384607F056
:107800000FF80122CBF8380F4146384607F008F848
:107810000DF51853D8620822414638462C3306F03D
:10782000FFFF0AF62C7100900D9B2846A9F10C026F
:1078300006F00CFFA9F108010D9400258B460C46BB
:10784000284604F0B1FF41460246384606F0E8FFFC
:1078500001350A2D44F8040BF2D142AF2CAB594646
:107860002A4638460D9C129306F096F8294638466B
:1078700005F0F6FB29463846624B634A06F064FA87
:107880000AF204520B9804F67401E3690B9210910A
:1078900002F0FCFF0F9BB5EE008AA3F5BB6B04F56D
:1078A0005B63DBF804101868139302F0FBFF0B9A7C
:1078B000E3691146CBF800000AF62C720AF618208C
:1078C00002F0E4FFDBF80C10DBF8040002F0EAFF42
:1078D0000DF19008CBF808004FF0030AF0EE488A4B
:1078E000C34604F688530E9318EE103A58463A46AB
:1078F0000E99009503F032F8BAF1010A38EE288AA1
:107900000BF1280BF0D1B7EE008A78AB0B9314ABD8
:107910005546A9F118094CAF04F55C6B04F6BC5A46
:107920000D93394640460A2203F046FA00210B9B8C
:10793000CDE902110D990893019159F8043B39469C
:107940000093DBF800300A220793DAF8003008F1E0
:1079500028080693D4F8B83D2C370593D4F8B43DE5
:107960000493E06B334605F0CDFC304606F018FB7F
:107970008DED008A236B0C9A05FB03F3204602EB86
:107980004301013532460B9BFFF754FA042D06F2F2
:107990001456C6D1DDE9100340F2145203F6EC216F
:1079A0000EF07AFF0F9B129AA3F5BB63DB6802F11E
:1079B000580602F17807139A0E9C1360354610346E
:1079C0000FCDBD4206F1100644F8100C44F80C1C13
:1079D00044F8082C44F8043CF0D103CE20606160E8
:1079E0000DF5185D0DB0BDEC028BBDE8F08F074AB8
:1079F000074B08487A4440F2DA317B447844CC3271
:107A0000FCF778F90000C8420000484218FC00006A
:107A100026F10000D4F000002DE9F04F2DED028B8F
:107A20000025ADF5185D8FB00DF5C7640B94169564
:107A30000C910A93002800F0AB810DF58F5A0AF1E2
:107A4000180AAAF1100B904604465D460DF519562A
:107A5000AAF10403043618464FF4207200210EF0F8
:107A6000F3FE00F21453B342F5D10DF1580901228F
:107A70004946D4F85C381EAF4046119706F0A0FE88
:107A80000DF5B15318331E46C3F8C0000122494614
:107A900013934046D4F85C3806F092FE0122C6F8F3
:107AA000D4054946D4F85C38404606F089FE0122E8
:107AB000C6F8E80A4946D4F85C38404606F080FE2D
:107AC0000DF5185358630722494634334046D4F81D
:107AD0005C3806F075FE07220146201D05F094FD76
:107AE0000DF50453586224330EF0CAFE02460B46CD
:107AF000B2A1D1E90001FAF7BDFCFAF73BFDD4F8D9
:107B00005C38C6F8F00A05224946404606F058FEA1
:107B1000052106F08BFA1CA90D9500260F460D468F
:107B20000B9BA3F5BB63D860304604F03DFE49468D
:107B30000246D4F85C38404606F042FE01360A2E72
:107B400047F8040BF0D144AF2EAB294632463846F5
:107B500012930D9D05F020FF3146384605F080FA5E
:107B6000934B944A3146384606F0EEF80A980EF0E8
:107B700087FE8DA3D3E90023FAF76EFD002840F0BD
:107B8000EC80B5EE008A0AF62C730A93129B119AC8
:107B9000A3F1200803F1580A04F68853109304F661
:107BA0007403A2F118070F9304F55B63D946CDE97E
:107BB0000D53BB46464618EE105A0A23304652462D
:107BC000109900932B4602F0C9FEE36948460A9AD1
:107BD0000F9900932B4602F0F7FD0B9B2A46A3F565
:107BE000BB63D9680E9B2836186802F06FFE07EE5B
:107BF000105AF5EE007A77EE277A564517EE905A2E
:107C00004BF8040B09F21459D7D14FF00009B7EE25
:107C1000008A7AAB0A9315AB0D9D4EAE04F55C6BF2
:107C200004F6BC5A0D930A223146404603F0C4F8CC
:107C300000210A9BCDE902110D9908930191DBF80F
:107C400000300A220793DAF80030314606933B6889
:107C50000093D4F8B83D0593D4F8B43D0493E06B99
:107C60002B4605F04FFB284606F09AF98DED008A69
:107C7000236B0C9A03FB09F3204602EB43010A9B9A
:107C80002A46FFF7D7F8D4F8F03E63B304220A215E
:107C9000404609F025FF04220121D4F8F03E384681
:107CA00009F01EFF04220121D4F8F03E284609F015
:107CB00017FFD5F81035119807EE903AF8EEE77AED
:107CC0000B9B0422A3F2DC530121C3ED007A1C3884
:107CD000D4F8F03E09F004FF04220A21D4F8F03E63
:107CE000B01809F0FDFE09F10109B9F1040F08F11E
:107CF000280806F12C0607F1040705F2145592D165
:107D0000139B40F2145203F6EC210F980EF0C4FDC1
:107D10000B9B129AA3F5BB63DB6802F1580702F1D3
:107D200078050E9A109C13603E4610340FCEAE427A
:107D300007F1100744F8100C44F80C1C44F8082C08
:107D400044F8043CF0D103CF206061600DF5185D6C
:107D50000FB0BDEC028BBDE8F08F0023139A052114
:107D60003046C2F8FC3FC2F8E83AC2F8D435C2F84F
:107D7000C03006F05BF9844631460F4B0B9E1A4625
:107D8000A6F5BB663846C6F80CC005F0DDFFF8E680
:107D90000C4A0D4B0D487A4440F27F417B447844B5
:107DA000E032FBF7A7FF00BF333333333333C33F36
:107DB0000000C84200004842000048435045525469
:107DC000FB21094076F8000084ED000032ED000050
:107DD0002DE9F04F2DED028B0024ADF5185D8DB02F
:107DE0000DF5C6630F9315940C91002800F04181A6
:107DF000174605460DF58F5A0AF1100AAAF110032D
:107E00000DF518541E460D933C34AAF10403184690
:107E10004FF4207200210EF017FD00F21453A3421C
:107E2000F5D10DF17009A9F11C080122414638462F
:107E300006F0F6FC0DF5B1531033C3F8C000012273
:107E400041463846119306F0EBFC0DF58F5BCBF8FD
:107E5000240A08224146384606F0E2FC2C1D05F6AD
:107E6000CC530090A9F1140220460AF204510B935E
:107E700006F0ECFB01224146384606F0D1FC012217
:107E8000CBF8380F4146384606F0CAFC0DF51853BA
:107E9000D8620822414638462C3306F0C1FC0B9BC1
:107EA0000090A9F10C0220460AF62C7106F0CEFBD8
:107EB00000231C46A9F108030E959B461D4620464B
:107EC00004F08AFC41460246384606F0A9FC01341B
:107ED000032C45F8040BF2D12CAB42AF58460A22D2
:107EE00039460B9412931C4600230E9D05F0D4FED8
:107EF0000A21384605F0B4F80A213846624B634A35
:107F000005F022FF0AF204520D9805F67401EB69A0
:107F10000D92109102F0BAFC0F9BB5EE008AA3F50A
:107F2000BB6B05F55B63DBF804101868139302F074
:107F3000B9FC0D9AEB691146CBF800000AF62C72D9
:107F40000AF6182002F0A2FCDBF80C10DBF80400A3
:107F500002F0A8FCA4F12008CBF808004FF00A0AB0
:107F6000F0EE488AC34605F688530B9C0E9318EE34
:107F7000103A58463A460E99CDF800A002F0EEFCB1
:107F8000013C38EE288A0BF1280BF0D1B7EE008ABD
:107F900078AB0B9314ABA9F118094CAF05F55C6BEA
:107FA00005F6BC5A0D93394640460A2202F004FFFA
:107FB00000210B9BCDE902110D990893019159F80D
:107FC000043B39460093DBF800300A220793DAF8C5
:107FD000003008F128080693D5F8B83D2C370593F2
:107FE000D5F8B43D0493E86B334605F08BF9304681
:107FF00005F0D6FF8DED008A2B6B0C9A04FB03F382
:10800000284602EB4301013432460B9BFEF712FF78
:10801000042C06F21456C6D1DDE9100340F21452C6
:1080200003F6EC210EF038FC0F9B129AA3F5BB630C
:10803000DB6802F1580602F17807139A0E9C136070
:10804000354610340FCDBD4206F1100644F8100C31
:1080500044F80C1C44F8082C44F8043CF0D103CE3E
:10806000206061600DF5185D0DB0BDEC028BBDE8C0
:10807000F08F074A074B08487A444FF4A8617B44C5
:108080007844F432FBF736FE0000C8420000484254
:1080900094F50000A2EA000050EA00002DE9F04F3C
:1080A0002DED028B0026ADF5AB5D87B00AAF07F171
:1080B0001008F960C8F80060002800F0C08014467D
:1080C0000546414633460922204606F079FB07F56E
:1080D000AA6BABF23C594146C9F80000092233466D
:1080E000204606F06DFB4146C9F8040033460422E1
:1080F000204606F065FB4146C9F808003346204695
:10810000062206F05DFB1423ADF5A15DC9F80C0055
:108110000DF12809D0B0049305F6DC53039305F55F
:108120006863029305F67C63019305F62C63009364
:1081300095F8983E07F130020993D5F8943E0AACC1
:108140000893D5F8883E7A600693D5F8843E07F503
:108150008078059307F1140307934A462346414666
:10816000281D04F065F89FED408A1CACABF22C5B37
:10817000D5F8F0AEBAF1000F1ED14FF07F53009347
:10818000296BFB6806FB01F1424603EB41012846DF
:108190004B460136FEF74EFE042E08F2145809F540
:1081A000A16904F15004E3D107F5AA571437BD467D
:1081B000BDEC028BBDE8F08FDC22002158460EF0AA
:1081C00043FBF3EE0E6A7B680C3B1A46BB60A4F1DE
:1081D0004803F3EC017A77EEE67A87EE887A9C42E0
:1081E000A2EC017AF5D1D8F800000EF049FB024666
:1081F0000B4619A1D1E90001FAF73CF900221B4B0B
:10820000FAF7ECF8FAF7B6F96438FAF78FF914A32D
:10821000D3E90023FAF70AF9FAF77AF9D8F8102522
:10822000CBF8900007EE902AF8EEE77A5346042246
:108230003721B868CBED257A09F052FC9DE70C4A4E
:108240000C4B0D487A4440F2E1517B44784402F5EE
:108250008472FBF74FFD00BF182D4454FB211940D9
:108260007B14AE47E17A943F000020420000354085
:10827000C8F30000D6E8000084E800002DE9F041D2
:10828000D0E90C670D46B91BADF5805D00290446A9
:10829000D0F84C3886B00ADD184603EB870703EBAD
:1082A000860C5CF804EB674540F804EBF9D1002E2E
:1082B0000EDD023A03EB810C02EB460132F9020FAC
:1082C00007EE900AF8EEE77A9142ECEC017AF5D1EC
:1082D000226C06AF009204F104083A464046A16BB6
:1082E00007F080FB324604F5076304F1440602936D
:1082F000009701963B1FD4F84C18D4F8580806F0A4
:10830000BBFE57F8040C0EF0BBFA02460B461AA14E
:10831000D1E90001FAF7AEF8FAF7FAF828600EF0A2
:10832000AFFA0B46024616A1D1E90001FAF7A2F80E
:10833000FAF720F93A4668602946404607F05AFCA9
:10834000D4F8F03E83B1012332463946284607F07F
:1083500041FD33463A462946404607F0E3FD0DF518
:10836000805D06B0BDE8F08132463946284607F008
:1083700031FDEEE7AFF3008044174154FB21194073
:1083800050455254FB21094000232DE9F043ADF242
:10839000A45D0DF10C08C8F8003000286CD08146AF
:1083A0000F461546FEF7B0FBC21D48BF00F10E0296
:1083B00023AC0021D21038460EF046FA2A46214658
:1083C0004846FFF75BFF012341463846DDF89C2510
:1083D00006F0EEF9D9F83020214605EB4202484676
:1083E000FFF74CFF012341463846DDF89C2506F097
:1083F000DFF90722239909F1040005F0E1F80A25C5
:10840000024607234146384606F0D2F9D9F83430FF
:1084100004ACCDE900352046D9F84030D9F84C28D5
:1084200018A905F07DF9052105F0DAFD05230246BE
:108430004146384606F0BCF92A460EAD214628468C
:1084400004F048FA0024204655F8046B04F0B8F90B
:108450000134034632464146384606F0A9F90A2C53
:10846000F1D14846FEF750FBD8F8003098420FD1C2
:108470000DF2A45DBDE8F0830B4A0C4B0C487A4426
:1084800040F2BB117B44784402F58E72FBF732FC5C
:10849000084A094B09487A4440F2D3117B44784496
:1084A00002F58E72FBF726FC8EF100009CE60000C0
:1084B0004AE6000076F1000040E8000032E60000E5
:1084C00000232DE9F043ADF2A45D0DF10C08C8F8CE
:1084D0000030002869D081460F461546FEF714FB90
:1084E0000A26C21D48BF00F10E0223AC0021D210A3
:1084F00038460EF0A9F92A4621464846FFF7BEFE47
:10850000012341463846DDF89C2506F051F9D9F89B
:108510003020214605EB42024846FFF7AFFE01231B
:1085200041463846DDF89C2506F042F90196D9F817
:10853000343004AD0093D9F840302846D9F84C289F
:1085400018A905F0EDF809F6C4520146204605F0D9
:108550009BFF082302464146384606F029F9294682
:108560000EAD3246284605F0B5F90024204655F8F0
:10857000046B04F019F9013403463246414638468B
:1085800006F016F90A2CF1D10223002238464146A2
:1085900006F00EF94846FEF7B7FAD8F800309842D0
:1085A0000FD10DF2A45DBDE8F0830C4A0C4B0D48D1
:1085B0007A4440F24A217B44784402F59872FBF7F2
:1085C00099FB094A094B0A487A4440F262217B44EC
:1085D000784402F59872FBF78DFB00BF5CF0000059
:1085E0006AE5000018E5000044F000000EE7000016
:1085F00000E5000000232DE9F04FADF2AC5D05ADC4
:108600002B60002800F0AE8006460C469046FEF730
:108610007BFAC21D48BF00F10E0225AF0021D21027
:1086200020460EF011F9424639463046FFF726FE45
:10863000012329462046DDF8A42506F0B9F8326B5F
:10864000394608EB42023046FFF718FE06F1040BEC
:10865000012329462046DDF8A42506F0A9F80722C3
:108660002599584604F0ACFF4FF00A0A024607234A
:108670002946204606F09CF8CDF804A0736B0DF156
:10868000180900931AAB1946D6F84C2848460393AC
:10869000336C05F045F8052105F0A2FC05230246E0
:1086A0002946204606F084F8326B394608EB8202F0
:1086B0003046FFF7E3FD012329462046DDF8A425D7
:1086C00006F076F8326B394602EB420208EB4202C2
:1086D0003046FFF7D3FD012329462046DDF8A425C7
:1086E00006F066F807222599584604F069FF07232B
:1086F00002462946204606F05BF8CDF804A0736BCD
:1087000048460093336CD6F84C28039905F008F8D6
:10871000052105F065FC0DF14008024605232946B8
:10872000204606F045F849465246404605F0D2F844
:108730000027A146384658F8044B04F035F80137B5
:10874000034622462946484606F032F80A2FF1D160
:108750003046FEF7D9F92B6898420FD10DF2AC5D87
:10876000BDE8F08F0B4A0C4B0C487A444FF439713A
:108770007B44784402F5A272FBF7BCFA084A094B25
:1087800009487A444FF444717B44784402F5A2725C
:10879000FBF7B0FAA2EE0000B0E300005EE30000D9
:1087A0008AEE000054E5000046E3000000232DE9B6
:1087B000F04FADF2AC5D05AD2B60002800F09D8060
:1087C00006460C469046FEF79FF94FF00A0BC21D75
:1087D00048BF00F10E0225AF0021D21020460EF056
:1087E00033F8424639463046FFF748FD0123294613
:1087F0002046DDF8A42505F0DBFF326B394608EB97
:1088000042023046FFF73AFD012329462046DDF8B3
:10881000A42505F0CDFFCDF804B0736B0DF1180958
:1088200000930DF1680A51464846336CD6F84C283F
:1088300004F076FF06F6C45301461A463846039301
:1088400005F022FE082302462946204605F0B0FF27
:10885000326B394608EB82023046FFF70FFD0123E9
:1088600029462046DDF8A42505F0A2FF326B3946E3
:1088700002EB420208EB42023046FFF7FFFC012305
:1088800029462046DDF8A42505F092FFCDF804B076
:10889000736B51460093336C4846D6F84C2804F06D
:1088A0003FFF039A0146384605F0EEFD0DF1400802
:1088B000024608232946204605F07AFF49465A46D3
:1088C000404605F007F80027A146384658F8044B03
:1088D00003F06AFF0137034622462946484605F061
:1088E00067FF0A2FF1D13046FEF70EF92B68984248
:1088F0000FD10DF2AC5DBDE8F08F0C4A0C4B0D486A
:108900007A444FF466717B44784402F5AC72FBF70D
:10891000F1F9094A094B0A487A4440F2BF317B44D5
:10892000784402F5AC72FBF7E5F900BF0CED0000EE
:108930001AE20000C8E10000F4EC0000BEE3000011
:10894000B0E1000000232DE9F043ADF2A45D0DF18C
:108950000C09C9F80030002800F09C8005468846C4
:108960001646FEF7D1F8C21D48BF00F10E0223AC37
:108970000021D21040460DF067FF324621462846BE
:10898000FFF77CFCD5F85C2801234946404600925D
:10899000DDF89C2505F0ECFE2A6B214606EB420231
:1089A0002846FFF76BFCD5F85C2801234946404672
:1089B0000092DDF89C2505F0DBFE2A6B214606EBD4
:1089C00082022846FFF75AFCD5F85C280123494665
:1089D00040460092DDF89C2505F0CAFE2A6B214630
:1089E00002EB420206EB42022846FFF747FCD5F8AD
:1089F0005C280123494640460092DDF89C2505F09D
:108A0000B7FE07222399281D04F0DAFD0A26D5F8BF
:108A10005C180246072340460091494605F0A8FE2F
:108A20006B6B04ACCDE9003620462B6CD5F84C2896
:108A300018A904F075FE052105F0D2FAD5F85C18E6
:108A40000246052340460091494605F091FE324614
:108A50000EAE2146304604F03DFF0024204656F875
:108A6000047B03F0A1FE3A46D5F85C7803464946FC
:108A700040460097013405F07BFE0A2CEED12846D3
:108A8000FEF742F8D9F8003098420FD10DF2A45DFC
:108A9000BDE8F0830B4A0C4B0C487A444FF48861D4
:108AA0007B44784402F5B672FBF724F9084A094B77
:108AB00009487A4440F264417B44784402F5B67236
:108AC000FBF718F972EB000080E000002EE00000D8
:108AD0005AEB000024E2000016E0000000232DE91C
:108AE000F04FADF2D45D05AE3360002800F0A480F5
:108AF00004460D469046FEF707F84FF00A0BC21DDC
:108B000048BF00F10E022FAF0021D21028460DF011
:108B10009BFE424639462046FFF7B0FB0123314613
:108B20002846DDF8CC2505F043FE226B394608EBDC
:108B300042022046FFF7A2FB012331462846DDF81A
:108B4000CC2505F035FECDF804B0636B0DF11809A6
:108B500000930DF1900A51464846236CD4F84C28F6
:108B600004F0DEFD04F6C45301461A46384603936A
:108B700005F08AFC082302463146284605F018FE17
:108B8000226B394608EB82022046FFF777FB012370
:108B900031462846DDF8CC2505F00AFE226B394621
:108BA00002EB420208EB42022046FFF767FB01237B
:108BB00031462846DDF8CC2505F0FAFDCDF804B0A5
:108BC000636B51460093236C4846D4F84C2804F05C
:108BD000A7FD039A0146384605F056FC0DF16808DA
:108BE000024608233146284605F0E2FD49465B4629
:108BF000404610AA04F018FF0027A146384658F84E
:108C0000044B03F0E9FD013703462246314628466E
:108C100005F0CEFD032FF1D1012300222846314675
:108C200005F0C6FD4846FDF76FFF336898420FD147
:108C30000DF2D45DBDE8F08F0B4A0C4B0C487A4422
:108C400040F2FD417B44784402F5C072FBF752F8D4
:108C5000084A094B09487A4440F225517B4478443C
:108C600002F5C072FBF746F8CEE90000DCDE00003A
:108C70008ADE0000B6E9000080E0000072DE00003D
:108C800000232DE9F04FADF66C3D08AF07F1180950
:108C9000C9F80030002800F0C0800E469246044615
:108CA000FDF732FFC21D48BF00F10E020021304621
:108CB000D2100DF0C9FD002507F59078226B4146D2
:108CC00005FB02F220460AEB42020135FFF7D6FA15
:108CD000042DF3D194F8EC3E201DF860079304F6C0
:108CE000DC53BB60009304F69C63069304F68C632C
:108CF0000593142307F11C02019307F1200A07F1E1
:108D0000800307F1D00BCDF810B051463B610393BF
:108D10007A6107F130030292424603F0F9F8D4F881
:108D2000903E1433C4F8903ED4F8F03E002B3ED071
:108D30002A4601217869C7F804D008F0D1FE2A46F6
:108D40001421D4F8F03E386908F0CAFE2A46D4F857
:108D5000F03E1421584607F2346508F0C1FE40F297
:108D60001452414628460DF097FD7A6994B092ED71
:108D7000007A08AA5946134602F15000F1EC017A34
:108D800077EE877AE3EC017A8342F7D129461425FE
:108D9000BB68F868009502F0DDFC0422A021D4F83D
:108DA000F03E07F23C6008F09BFED7F804D0D4F800
:108DB000F43E2BB14046012240F2145108F090FEDF
:108DC0000025DAF80020092349463046009505F0D1
:108DD000CFFCDAF80420092349463046009505F017
:108DE000C7FCDAF80820042349463046009505F010
:108DF000BFFC0623DAF80C2030464946009505F002
:108E0000B7FC2046FDF780FED9F80030984210D11B
:108E100007F64C37BD46BDE8F08F0C4A0C4B0D48A9
:108E20007A4440F2A5517B44784402F5CA72FAF7BD
:108E300061FF094A094B0A487A4440F2CD517B440C
:108E4000784402F5CA72FAF755FF00BFECE700005C
:108E5000FADC0000A8DC0000D4E700009EDE000081
:108E600090DC000007EE903AF5EEC07AF1EE10FAD1
:108E700008B59DED027A1DDBF7EE006AF4EEE67AA6
:108E8000F1EE10FA16D8B5EEC07AF1EE10FA1DDB4D
:108E9000B4EEE67AF1EE10FA18D800F6BC5C00F5F4
:108EA0005C63C0F8B41DC0F8B82DCCED007A83ED3A
:108EB000007A08BD0B4A0C4B0C487A4440F2E5613D
:108EC0007B44784402F5D472FAF714FF084A094B40
:108ED00009487A4440F2E6617B44784402F5D47252
:108EE000FAF708FF52E7000048DE00000EDC000041
:108EF0003AE7000050DE0000F6DB000008B568B17C
:108F00000368023B022B06D80A4A7A4402EB830329
:108F1000D3F8E00108BD4FF0FF3008BD064A074B0B
:108F200007487A4440F2F4617B44784402F5E272E7
:108F3000FAF7E0FE02E70000EAE60000F8DB0000D6
:108F4000A6DB000008B500B302684B78032A15D0F1
:108F5000042A04D0022A0AD04FF0FF3008BDCA7894
:108F60001343003B18BF01238B70002008BD0A7C0F
:108F70001343003B18BF0123CB73F6E7CA7A1343B0
:108F8000003B18BF01238B72EFE7064A064B0748E8
:108F90007A4440F20D717B44784402F5F672FAF798
:108FA000A9FE00BF7CE600008ADB000038DB000081
:108FB00010B1C0F85C187047064A08B50648074B60
:108FC0007A4440F23A717B44784402F50272FAF72F
:108FD00091FE00BF4CE6000008DB00005ADB0000F9
:108FE00010B1C0F8D81D7047064A08B50648074BAF
:108FF0007A4440F23F717B44784402F50972FAF7F3
:1090000079FE00BF1CE60000D8DA00002ADB000071
:109010002DE9F0410E46DFF854800446F8444146FD
:109020003046154608F0B8FB114FC4F8F00E7F44E7
:1090300048B135B14146284608F0AEFBC4F8F40EFD
:1090400068B1BDE8F08132460A4B0B49FB587944C0
:109050001B68D86808F0A8FB0120FAF747FE054B0B
:1090600006493246FB587944F2E700BF30DD000084
:109070002A7E01103C00000002DD00001EDD000021
:109080002DE9F8430D462749274E00AF1046794495
:109090007E44144608F080FB60B3244B2A01F35849
:1090A000804603EB05159E58AA68034602FB06F6A8
:1090B0004FEA860909F1070222F00702ADEB020D23
:1090C00004213246684608F06BFC002EED6809DD8D
:1090D00069462C460DEB090C51F8045B614544F8D8
:1090E000045BF9D1864211D1404608F0FBF8BD4639
:1090F000BDE8F8830E4B0F49F35822461B687944AC
:10910000D86808F051FB0120FAF7F0FD0A4A0B4B32
:109110000B487A4440F266717B44784402F50E7243
:10912000FAF7E8FD2EDD0000C87D01101C000000EC
:109130003C000000C2DC0000FAE40000CCDC0000CF
:10914000B6D90000D0F8903E63B107EE903A00F631
:109150008C6090ED007AF8EE677AC7EE277A17EE0A
:10916000900A70470020704738B5054650200C46DD
:10917000FAF7E0FC1423C5F8940E236038BD00BF55
:1091800080F8981E704700BF4FF0000C002300F6D7
:109190008C6280F8EC1EC2F800C0C0F8903E7047A8
:1091A000FAF704BD00F0F8BE01F072B8FAF7FEBCA1
:1091B00030B50268ADF5805DB2F5007F0D4681B037
:1091C0000DDC0446D20068460DF066FB2A460146D7
:1091D000204601F019F80DF5805D01B030BD0A465A
:1091E0000DF5805D01B0BDE8304001F00DB800BF65
:1091F0002DE9F04F2DED088B8BB0DDE91C849C46EA
:10920000029402FB03F3D8E9004707FB04FE012F99
:10921000164682460D4600EBCE094FEAC30329D01D
:1092200002FB04F208F108080592FA000694079779
:109230004446089698460F46564665469346029B16
:1092400039463046CDE90043059A2B465E44FFF788
:10925000CFFFB1454744F2D1DDE90647A31E5A4688
:10926000089E032B00F2B085DFE813F0870284022A
:109270008A021C0000F1080C624695E803004A458A
:10928000964602E903001D4402F10802F5D1A31E2F
:10929000032B00F2C385DFE813F030028401F000F5
:1092A0000400082207FB06F30299002F01EBC3011B
:1092B00001EBC30391ED424AD1ED432A0AEB42018F
:1092C000D3ED423A93ED433A0AEB020401EB02007C
:1092D00001EB420C40F3CC80012E40F0A983029DAB
:1092E000B1EE622A2F462E462B4608320CEB020EB8
:1092F0000AF1080A0834083108300CF10802D5EDEB
:1093000042BA95ED43BA14ED017A93ED43AA54EDB8
:10931000027AD3ED42AA51ED016A67EE4B1A27EEAD
:109320002B7AD6ED429A96ED435A51ED024A50ED12
:10933000015AEBEEA71AABEE277A66EECA7A66EE12
:10934000AA6A97ED428AD7ED438A12ED016A10EDC1
:10935000029AEAEE246AEAEEA47A65EEC54A65EE60
:10936000A95A12ED020AE9EE894AE5EE095A26EEFB
:10937000685A26EE086AA8EE005AA8EE806A74EED3
:10938000A78A77EEE47A5AED020A1AED011A36EE50
:10939000E5AA27EEC30A75EEA65A67EEE27A76EEE4
:1093A000076A37EE467A31EEC56A75EE219AA6EE67
:1093B000020AE3EE067AF0EE601AB0EE605A23EE8F
:1093C0000A8AF0EE414AB0EE416AA2EE878AE4EEE4
:1093D000264AA3EEA66AE4EE291AA3EEA95A27EEBE
:1093E000437A38EEA99AA2EE8A7AE3EEA81AE3EE5F
:1093F000A54AA4EE285AA4EE256A75EEA66A79EE6F
:10940000200A75EE075A31EEC89A74EEC08A35EE1E
:10941000475A71EE881A36EE277A76EE816A74EE34
:10942000804A36EE676A08320834083108307245DF
:109430004AED020A4AED016A0AF1080A04ED049AAB
:1094400044ED038A05F1080542ED041A42ED034A92
:1094500003F1100341ED045A01ED037A06F11806F9
:1094600000ED045A00ED036A07F120077FF447AFCF
:109470000BB0BDEC088BBDE8F08F0822029B0AEB15
:1094800042015B6806EB460092446446029DC000C0
:109490004FEAC60E4FEA06180A44002B40F07381CB
:1094A000012E40F0158428462B4693ED434AD3ED18
:1094B000421AD1ED015AD0ED432AD1ED004A95ED83
:1094C000420AD5ED430A90ED422ADAED017A92ED97
:1094D000016A65EEC43A65EEA15A92ED003A9AED42
:1094E000001AE4EE245A27EEE07A26EE624A67EE8E
:1094F000807A26EE026A14ED015A54ED026AA2EE59
:10950000836AE1EEA43AA2EE034AA0EE017AE0EE0D
:10951000817A75EE254A34EE073A75EE655A36EED5
:10952000A35A76EEE36A76EE273A44ED014A04ED5B
:10953000025A74EEE34A35EE435AC1ED014A81ED19
:10954000005A77EEC67A37EE447A14ED026A77EE67
:10955000A62A76EEE76A54ED017A35EEC74A36EE72
:10956000036A37EE257A77EEA37A0AF1080A083201
:10957000013F04F1080404ED046A44ED037A01F1AB
:1095800008014AED022A0AED014A05F1080542EDFB
:10959000026A02ED017A03F1100300F1180084D190
:1095A00066E7082206FB07F30299012E01EBC303CD
:1095B00093ED43AAB9464FEA071340F0658104339F
:1095C000161D0AEB030B56440AEB02070AEB42088E
:1095D0000D466446F1EE4AAA8A46D5ED424A95ED1B
:1095E000434A9AED426ADAED435A97ED018AD8ED83
:1095F000017A16ED015A5BED016A68EE248A27EEC6
:10960000867A28EE448A67EEE57AA5EEA67AE6EE3B
:10961000267AE4EE058AA4EE858A54F8080C37EE23
:10962000289A77EE889A78EEC78A38EE678A0DF026
:1096300027F9CDE9020119EE900A0DF021F9002277
:10964000E14BF8F7F3FE02460B46DDE90201F8F7BD
:10965000D9FEF8F75DFF46F8040C54F8040C0DF041
:109660000FF9CDE9020119EE100A0DF009F90022F7
:10967000D54BF8F7DBFE02460B46DDE90201F8F7B1
:10968000C1FEF8F745FF0834786014ED047A54ED14
:10969000037A37EE297A77EE897A04ED047A44ED7D
:1096A000037A56ED017AEAEE287A08374BED017A13
:1096B00057ED017AE8EE2A7AC8ED017A56ED017A83
:1096C000E8EEAA7A46ED017A57ED017AEAEE087AD9
:1096D000B9F1010906F1080608F108080BF1080BB9
:1096E00047ED017A05F108050AF1100A7FF475AF1C
:1096F0000BB0BDEC088BBDE8F08F0822012E64464C
:10970000029D524440F062810832D5ED435A52ED39
:10971000017A12ED026A95ED425A27EEE57A54ED90
:10972000026AA5EE067A76EEC76A67EE857A42EDA2
:10973000026AE5EE867A54ED016A76EEE76A42ED5A
:10974000016A14ED026A54ED016A36EE077A76EE8C
:10975000A77A013F04F1080402F1080205F10805A7
:1097600004ED047A44ED037ACFD10BB0BDEC088B45
:10977000BDE8F08F0AF1080C14E70AF1080CBDE708
:109780000AF1080C7AE6012E40F0268228462B4684
:10979000D3ED433AD3ED421AD1ED015AD0ED432A2D
:1097A000D1ED004A95ED420AD5ED430A90ED422AEB
:1097B000DAED017A92ED016A25EEE33A65EEA15AFF
:1097C00092ED004A9AED001AE3EEA45A67EEE06AC1
:1097D00066EE623A67EE807A26EE026A14ED025A6D
:1097E00014ED017AA2EE846AA1EEA43AE2EE043A04
:1097F000E0EE016AE0EE817A77EE254A35EE034A23
:1098000037EE657A75EE435A33EEA63A36EE275AAE
:1098100044ED014A04ED024A74EEC54A34EE434A6F
:10982000C1ED014A81ED004A76EEE36A77EEC67A31
:1098300076EE873A14ED026A37EE667A54ED016AE5
:1098400075EEE72A36EE036A77EEA57A76EE856A3C
:109850000AF1080A0832013F04F1080404ED046A21
:1098600044ED036A01F108014AED022A4AED013A8A
:1098700005F1080542ED027A02ED017A03F11003C9
:1098800000F1180084D1F3E504330AEB030B151D36
:10989000F300554405930AEB020833010F460AEB27
:1098A00042066446F1EE4AAA8A46069397ED425A6A
:1098B00097ED434ADAED426ADAED435A98ED018AB0
:1098C000D6ED017A55ED014A1BED016A65EE088A75
:1098D00026EEA77A24EE488A65EEE77AA6EE257A88
:1098E000E6EE267AE4EE848AA4EE858A54F8080C23
:1098F00038EE879A78EE279A78EEC78A38EE678A2C
:109900000CF0BEFFCDE9020119EE900A0CF0B8FF91
:1099100000222D4BF8F78AFD02460B46DDE90201D5
:10992000F8F770FDF8F7F4FD45F8040C54F8040C52
:109930000CF0A6FFCDE9020119EE100A0CF0A0FF11
:109940000022214BF8F772FD0B460246DDE90201C9
:10995000F8F758FDF8F7DCFD0834C8F8040014EDFA
:10996000047A54ED037A37EE297A77EE897A04ED9A
:10997000047A44ED037A55ED017AEAEE287A4BED4C
:10998000017AD8ED017AE8EE2A7A059B08361F4461
:10999000069B46ED017A55ED017AEAEEA87A45ED8F
:1099A000017AD8ED017AEAEE087AB9F1010908F1F5
:1099B000080805F108050BF1080B9A4448ED017AF7
:1099C0007FF474AF54E500BF0000E03FF6000832BA
:1099D00095ED436A52ED017A95ED425A52ED025AE5
:1099E00026EE677A54ED026AA5EE857A76EEC76AAE
:1099F00065EE277A42ED026AE5EE867A54ED016A59
:109A000076EEE76A42ED016A14ED026A54ED016AEE
:109A100036EE077A76EEA77A013F04F1080402F1E8
:109A20000802354404ED047A44ED037AD0D11FE5F1
:109A3000029B35010CF108020295B1EE622A4FF04B
:109A400000089E469C461D4606EB46094FEAC60B9B
:109A500076010AF1080A0834083108304FEAC909CA
:109A6000059693ED430AD3ED42BA14ED015AD5EDB4
:109A7000430AD5ED42AA14ED02BA11ED017A60EE67
:109A8000455A2BEE855A9CED431ADCED429A10EDB7
:109A9000016A11ED02AAABEE005A20EEC70A2AEEC7
:109AA000877ADEED428ADEED434A10ED029A52EDEE
:109AB000016AAAEE207A61EE460A29EE866A12ED64
:109AC000028AA9EE016AE9EE290A24EEE61AAAEE54
:109AD0002A0A68EEA66AA8EE281AE8EE246AEBEED7
:109AE0002B5A70EE604A35EE819A30EE200A77EEFE
:109AF000060A37EE467A35EEC16A75EE665A35EEDD
:109B0000265A64EEE26AE3EE066A5AED027AB0EE95
:109B1000661A79EE008A65EEC36A5AED011AE2EE22
:109B2000876A24EEC38A63EE074A38EEA77AE2EE2C
:109B3000A54A0AED027AA6EE028AF0EE675AB0EE66
:109B4000616AB0EE617A75EE208AA4EE056AA3EE32
:109B5000857AE4EE095AE3EE897A38EEA15AA3EE4B
:109B6000A06AA4EE207AE3EE805AE4EE007A0AEDD1
:109B7000015A75EEE40A76EE481A75EEA45A37EEED
:109B8000015A77EEA64A36EE086A77EEE67A37EEA5
:109B9000417A029E08F101083544059E08310830DB
:109BA0000832474544ED020A44ED011A04F1080465
:109BB00042ED045A02ED036A0AF1080A41ED044A33
:109BC00001ED035A5B4440ED047A00ED037ACC4486
:109BD000B6447FF446AF4BE42E462B46D3ED424AC3
:109BE00093ED434A91ED015A96ED433A95ED420AC1
:109BF00095ED431A96ED422ADAED017AD2ED015A3B
:109C0000D1ED001A64EE453A24EE855ADAED000AE9
:109C1000D2ED002AA1EE845A21EE676A23EE654A4E
:109C200060EE277A62EE255A54ED026A14ED017A4D
:109C3000E1EEA43AE2EE835AA2EE824AA0EE806AF6
:109C4000E0EE817A75EE074A36EE043A37EE457A51
:109C500033EEA65A76EEE36A77EEA53A44ED014A72
:109C600004ED025A74EEE34A35EE435AC1ED014A5F
:109C700081ED005A36EE446A77EEE57A77EE065AC1
:109C800036EEE74A37EE467A76EEA76A14ED026AB8
:109C900054ED017A36EE036A77EEA37A0AF1080AE8
:109CA0000832013F04F1080404ED046A44ED037A2C
:109CB00001F108010AED024A4AED015A754442EDEC
:109CC000026A02ED017A4344064487D1FFF7D0BB14
:109CD0002E462B4693ED434AD3ED421AD1ED015A5D
:109CE000D6ED432AD1ED004A95ED420A95ED431A8F
:109CF00096ED422ADAED017A92ED016A65EEC43AF8
:109D000065EEA15A92ED003ADAED000AE4EE245A2B
:109D100027EEC17A26EE624A67EE807A26EE026A64
:109D200014ED015A54ED026AA2EE836AE1EEA43A00
:109D3000A2EE034AA0EE807AE0EE817A75EE254A23
:109D400034EE073A75EE655A36EEA35A76EEE36ABC
:109D500076EE273A44ED014A04ED025A74EEE34AE6
:109D600035EE435AC1ED014A81ED005A77EEC67ACD
:109D700037EE447A14ED026A77EEA62A76EEE76AA9
:109D800054ED017A35EEC74A36EE036A37EE257A8E
:109D900077EEA37A0AF1080A0832013F04F10804B9
:109DA00004ED046A44ED037A01F108014AED022A48
:109DB0000AED014A754442ED026A02ED017A43441C
:109DC000064487D1FFF754BB029B4FEAC4091B68C6
:109DD0004846CDF814B00693F9F7ACFE002F804644
:109DE000059A13DDA9F1080909EB00034FF00009FA
:109DF000089307FB06F3D34607934B46002C65DC1C
:109E000001339F420BF1080BB144F7D140460BB030
:109E1000BDEC088BBDE8F04FF9F7C8BE029BE70028
:109E20003846D3F800B0F9F785FE002C8046EDDD0A
:109E300051463A460CF030FD98E80300012C8AE8C0
:109E400003000AF1040CE1D04FF00009A7F1080368
:109E5000CE466746029A434402F584755CED016A7A
:109E60009AED017A4146002272445A45A8BFA2EBFE
:109E70000B0205EBC200D1ED037AD0ED005AD0ED14
:109E8000014A91ED025A25EEA76A64EEE77AA5EE43
:109E9000246AE5EE257A37EE067A76EEA76A08316F
:109EA0008B424CED016A8AED017ADDD109F101099D
:109EB0004C450AF1080AB64407F10807A6D098E80D
:109EC00003003A1FBC4682E80300C7E70299CDF8B9
:109ED00024A001F5847105919C460025099908EBA1
:109EE000C50E013501EBCC01AC4203C9BC448EE880
:109EF0000300F3D198E80300012C8BE803000BF179
:109F0000040506D101339F420BF1080BB144E3D1A4
:109F10007CE7DC464FF0000ACDF8089055ED016A69
:109F20009CED017A40460021A646029CD0ED037AC2
:109F30002144069C90ED025A8C42D8BF091B059C17
:109F4000083004EBC104D4ED005AD4ED014A25EEEB
:109F5000A76A64EEE77AA5EE246AE5EE257A37EE85
:109F6000067A76EEA76A089C45ED016AA0428CED60
:109F7000017ADAD1029907980AF1010A0144D6451B
:109F80007446944402911544BCD098E80300A5F1AE
:109F9000040E8EE80300C1E72DE9F04F2DED028B92
:109FA00004462130884685B0C000002B00F0EC80CC
:109FB000002A00F0B68019688142C0F0B2801546D0
:109FC00018602046C5E90048F8F7B0FA002CCDE942
:109FD00000012BDD82468B46A946B8F1000F40F008
:109FE000AD806FA7D7E90067039525464046F8F78F
:109FF0009DFA32463B46F8F719FA52465B46F8F7A7
:10A0000039FAF8F785FA0446F9F711FB03462046BA
:10A01000C9F80831F9F708FB08F101084545C9F806
:10A020000C0109F10809E1D12C46039DDDE900018D
:10A03000F8F76EFA07EE900AF5EE407AF1EE10FAB4
:10A0400005F1080B58BFB1EEE78A00F1A380BBFE13
:10A05000488A18EE100A0CF013FCF0EE008A4FF05C
:10A06000040A06460F464FF00008DFF8449194FBBF
:10A07000FAF30AFB134282B1BAF1020F1DD0BAF112
:10A08000040F25D1B4EEE88AF1EE10FA1ED4E307EE
:10A090004FD44FF0020A94FBFAF3012B1C46CBE994
:10A0A00000A340DD94FBFAF30AFB13420BF1080B0B
:10A0B000002AF2D0BAF1020FE1D142464B463046B7
:10A0C00039464FF0030AF8F78BFA70B1A246CEE793
:10A0D0000AF1020A5046F8F729FA02460B463046C2
:10A0E0003946F8F77DFA0028F0D194FBFAF30AFB21
:10A0F0001342002AD1D0BAF1020FE9D1F0EE087A6A
:10A10000B4EEE78AF1EE10FAE0D4274A274B4FF07D
:10A11000030A02FB0433B3F1553FD9D294FBFAF39F
:10A12000BBE718600025284605B0BDEC028BBDE8F2
:10A13000F08F4FF0030A00221D4BD0E74FF00008CC
:10A1400003954046F8F7F2F915A3D3E90023F8F791
:10A150006DF952465B46F8F78DF901F10047394633
:10A16000F8F7D6F90546F9F762FAC9F80801284662
:10A17000F9F75AFA08F101084445C9F80C0109F148
:10A180000809DED1039D51E7F9F7D4FC0546002804
:10A19000C8D016E70CF054FB08EE100A57E700BFD2
:10A1A000182D4454FB2119C0ABAAAAAAAAAAAA2A0C
:10A1B00000000840F0B59142044683B009D000F198
:10A1C0000805CDE9005410460122FFF711F803B04D
:10A1D000F0BD07680E46FF0038461D46F9F7AAFC99
:10A1E00001940834009404462B4631460122FEF7C0
:10A1F000FFFF3A46214630460CF04EFB204603B0A6
:10A20000BDE8F040F9F7D2BC0123FFF7D3BF00BF90
:10A21000704700BFF0B5DFF874C0174C174E1849EF
:10A22000184D194FC20703460DD403EBD3725310D8
:10A230009207FAD504FB0362B2F1553F12D28CFBB0
:10A2400003E2A2EBE37304FB0362B2F1553FF6D3E2
:10A2500001FB0352B2F1333F09D287FB03E2DB1764
:10A26000C3EB620301FB0352B2F1333FF5D3012B81
:10A2700001DD0130D6E7F0BDABAAAAAAAAAAAA2A94
:10A28000CDCCCCCC999999196766666656555555CB
:10A290002DE9F04F2DED028B594C10F001067C4456
:10A2A00083B040F09380984644100DF1040917469E
:10A2B0004B46324620460D46FFF76EFEDDF804A001
:10A2C00004EB440202EBD27252100AF10C0000EBD4
:10A2D000C200B8F1000F00F08980D8F80030C8F84B
:10A2E000000083427CD3002F7AD007F10C0202EBEE
:10A2F0000A01C7E9002101EBC401B9604B462946B8
:10A300002046FFF749FE04EBD47A012C4FEA6A0A93
:10A310002DDD07EE904ABC68B8EEE78A4DBB4FF0E2
:10A320000008DFF8E090013507EE905AF8EEE77A82
:10A33000C7EE887A17EE900A0CF0A2FA42464B4616
:10A34000F8F74CF82CA3D3E90023F8F76FF8F8F7E7
:10A35000DFF80646F9F76BF9034630462360F9F754
:10A3600063F9AA4504F1080444F8040CDBDC384620
:10A3700037E0A3464FF00008DFF88890013607EE7B
:10A38000906AF8EEE77AC7EE887A17EE900A0CF03A
:10A3900077FA42464B46F8F721F817A3D3E9002392
:10A3A000F8F744F8F8F7B4F80446F9F740F902462C
:10A3B00084F00040CBF80020F9F736F956450BF150
:10A3C000080B4BF8040CD9DB38460AE00E4B0F485B
:10A3D000E35824221B680121DB68784407F080FBE6
:10A3E000002003B0BDEC028BBDE8F08FF9F7A2FBB3
:10A3F000074678E7AFF30080182D4454FB2109C0CD
:10A40000BA6B01100000E03F3C0000003ECA0000B3
:10A41000F8B5064600684368002B68D11446726898
:10A420000768FFF7F1FE73680022D3ED007A93ED21
:10A43000017A77EE876A77EEC77A04EBC70107EBFC
:10A44000D775012FC4ED006A4FEA6505C1ED007AAA
:10A450004FEAC70C62604A6048DDF6EE005A4FF0E2
:10A46000010E2246B46803EB0C0050ED014AD3ED17
:10A47000036A93ED026A94ED015A10ED027A94EDAD
:10A48000004A74EEA67A76EEE46A76EE474A37EE34
:10A49000067A25EE676A67EE847AA4EE846AE4EEB3
:10A4A000857A77EE064A37EEA65A37EE467A77EE89
:10A4B000E67A24EEA56A65EE256A27EE257A67EE30
:10A4C000A57A0EF1010E0839AE4502F1080282EDBF
:10A4D000006AC2ED016A03F1080381ED007AC1ED63
:10A4E000017AA0F1080004F10804BEDDF8BD044BB8
:10A4F000044A054858217B447A447844F9F7FAFB2A
:10A500004AC9000064D3000062C90000F8B50546DE
:10A5100000684668012E5ED10B460468D1ED007AD2
:10A5200003EBC40C9CED007A77EE877A696804EB44
:10A53000D477C1ED007AD3ED007A9CED007A77EE06
:10A54000C77A012CC1ED017A4FEA67074FEAC40EC2
:10A550003DDD0C46AD688E441CED015A93ED036A57
:10A56000D3ED026AD5ED005A5CED027A35EE067A3B
:10A57000D5ED014A36EE456A36EEE75A77EEA67A11
:10A5800067EE256A24EEC77AE5EE246AA5EE257A01
:10A5900076EE665A37EE875A76EE866A77EEC77A97
:10A5A000B1EE657A0136AEF1080EBE4204F1080440
:10A5B00084ED005AC4ED016A03F10803CEED007A80
:10A5C0008EED017AACF1080C05F10805C4DDBDE89B
:10A5D000F840FFF719BE054A054B06487A448C211E
:10A5E0007B4478440C32F9F785FB00BF80D2000031
:10A5F000CCC800007AC800002DE9F0412DED028B97
:10A6000008EE101AB5EEC08AF1EE10FA40F3B780EA
:10A61000054608460CF034F960A3D3E90023F7F7A8
:10A62000F3FF002800F0A28095ED007AB6EE006AF4
:10A63000C8EE077A77EE867AFBFE677AFDEEE77A58
:10A64000B8EEE76A17EE904AF0EE487AE7EE467AFF
:10A65000F7EE006AC7EE888AF4EEE68AF1EE10FAA9
:10A660007BD8002C63DD18EE900A0CF009F9024645
:10A670000B4600204849F7F7C5FED5F8048006468A
:10A68000A0450F4638DD05EB8405A8680CF0F8F806
:10A690003FA3D3E90023F7F7A1FEF7F739FFF8F757
:10A6A000A1FC0446E8680CF0EBF839A3D3E90023D9
:10A6B000F7F794FEF7F72CFFF8F794FC034608EE43
:10A6C000103A20460CF0DCF832463B46F7F7AEFE77
:10A6D00068EE287A044617EE900A0D460CF0D0F882
:10A6E00002460B4620462946F7F778FEF7F710FF9B
:10A6F000BDEC028BBDE8F08105EB8808D8F80800B6
:10A700000CF0BEF822A3D3E90023F7F767FEF7F7B2
:10A71000FFFEF8F767FC0CF0B3F832463B46F7F75C
:10A7200085FEF7F7F5FEBDEC028BBDE8F081E86829
:10A730000CF0A6F816A3D3E90023F7F74FFEF7F7BE
:10A74000E7FEF8F74FFC07EE900A67EEA87ABDEC3B
:10A75000028B17EE900ABDE8F081124B124A1348A3
:10A7600078217B447A447844F9F7C4FA104B114AB3
:10A77000114874217B447A447844F9F7BBFA0F4BB3
:10A780000F4A104873217B447A447844F9F7B2FAAF
:10A790008DEDB5A0F7C6B03E0000F03F50455254D5
:10A7A000FB210940C6C7000010D100006AC70000A5
:10A7B000ACC70000FED0000058C7000042C7000030
:10A7C000ECD0000046C700002DE9F8432DED028BC8
:10A7D00008EE103AD0F8103504460A9D4BB1D1F876
:10A7E0001005D2F81035164650EA030213D1C4F80A
:10A7F0001025256028460CF043F802460B4621A19F
:10A80000D1E90001F7F736FEF7F7B4FEBDEC028B95
:10A810006060BDE8F88360B30D68002BE9D018EEE6
:10A82000100A0CF02DF802460B4600201449F7F7E9
:10A83000E9FD8046284689460CF022F802460B4680
:10A8400040464946F7F7F2FDD6ED007A68EE277AE2
:10A85000064617EE900A0F460CF012F802460B4619
:10A8600030463946F7F7BAFDF7F752FE0546206045
:10A87000C0E70BB13568BCE72568BBE7AFF30080E4
:10A880000000F03F50455254FB2109409C4600B562
:10A8900083B04FF07C53CDF800C0FFF795FF03B0B5
:10A8A0005DF804FB07EE900A07EE101A67EE877A50
:10A8B000F5EE407AF1EE10FA04D4B1EEE77A17EE35
:10A8C000100A704717EE900A0BF0BABF70B52DED65
:10A8D000028B0C4608EE102AF8F784FB0646204649
:10A8E000F8F780FB034618EE100A08EE903A0BF0DA
:10A8F000C7FF02460B4600201749F7F783FD0446C1
:10A9000030460D460BF0BCFF02460B46204629465A
:10A91000F7F78CFD68EE887A044617EE900A0D462C
:10A920000BF0AEFF02460B4620462946F7F756FDD0
:10A9300007A3D3E90023F7F779FDF7F7E9FDBDECAD
:10A94000028BBDE87040F8F757BC00BFAFF3008042
:10A95000000000C0B16B02400000F03F2DE9F84F4D
:10A960002DED028B0C9C002C2FDD074618460E4661
:10A97000924608EE903A0BF083FF02460B46002009
:10A980001449F7F73FFD8046894606EB840BBAEC85
:10A99000018A56F8040B0BF073FF42464B46F7F75B
:10A9A00045FD68EE287A044617EE900A0D460BF036
:10A9B00067FF02460B4620462946F7F70FFDF7F7DB
:10A9C000A7FDB34547F8040BE1D1BDEC028BBDE810
:10A9D000F88F00BF0000F03F2DE9F04F8DB000AFC1
:10A9E000FB604B1C9B000E46D91D21F00701ADEB0F
:10A9F000010DEC46C7F81CD0ADEB010DB7EE007AA7
:10AA00006D4606EBD671012ED7ED163AACEC017A05
:10AA1000A5EC017AC7F818D04FEA610140F3C18173
:10AA20000446F0EE476A012004F1040E1C44FEECDB
:10AA3000017A34ED016A77EE865A77EEC67A35EE02
:10AA4000C77A76EEA76A01308142A5EC017AECEC78
:10AA5000016AECDAD7E90654002095ED007AD4EDCE
:10AA6000007A37EE077A77EEA77A01308142A5ECBB
:10AA7000017AE4EC017AF0DC0025DFEDCE2AF7EE76
:10AA8000005A481C80007861081F400802304FEAD5
:10AA9000C00EAC463D62BFEE004AB6EE003AB0EEE4
:10AAA000626AF0EE654A75467869C7E9012300F1EC
:10AAB000070AF8687A6201302AF0070AF8623A60F9
:10AAC0001CF0010FEB46D7E90632ADEB0A0D18BFBB
:10AAD00090466A4608BF98466B460432032ECDED79
:10AAE000004AEE46C2ED005A104603F1080333DD7A
:10AAF000072E75EEA56A40F34E81B0EE657AF7EE4B
:10AB0000007A02240DEB0509C7F82880D6EE877A73
:10AB100096EEA77A03F10808C8459E4600F10800A2
:10AB200040ED017A434608ED017A04F10204EDD1CB
:10AB3000D7F82880DEED007A90ED007AD7EE267AFD
:10AB4000A142C9ED007A07DDDEED017A90ED017AD0
:10AB5000D6EE877AC9ED017A7B699FED965A9844C3
:10AB60004046002352ED017A30ED017A01339942DB
:10AB7000A7EE275A02F10402F4DAB4EEC46AF1EE49
:10AB800010FADD46C7F828C065DBEB46ADEB0A0DD1
:10AB90006A4635EEE36A6B460432032ECDED004A79
:10ABA000EE4682ED006A104603F108032EDD072E03
:10ABB00076EE066A52DDB0EE467AF7EE007A0224AF
:10ABC0000DEB0509D6EE877A96EEA77A03F1080C0D
:10ABD000CC459E4600F1080040ED017A63460CED3D
:10ABE000017A04F10204EDD1DEED007A90ED007AF5
:10ABF000D6EE877AA142C9ED007A07DDDEED017A53
:10AC000090ED017AD6EE877AC9ED017ADFED697AA7
:10AC10004046002312ED017A70ED016A013399423A
:10AC2000E6EE877A02F10402F4DA25EE277AB5EE31
:10AC3000C07AF1EE10FADD4613D4F5EE407AF1EE6B
:10AC400010FA0ED0B4EEC46AF1EE10FAF0EE465AE5
:10AC5000B0EE675A99DAD7F828C080E09946022406
:10AC6000C2E73B6AD7F828C001333B62FB68002B80
:10AC7000C0F29480F0EE652A4FF00009C7F810C0CA
:10AC8000BD6272EE865AEB46ADEB0A0D6A4665EE82
:10AC9000835A6B460432032ECDED004AEC46C2EDDA
:10ACA000005A104603F108032FDD072E75EEA56A42
:10ACB0006EDDBC6AB0EE657A0DEB040EF7EE007A3D
:10ACC0000224D7EE267A96EEA77A03F10805AE4560
:10ACD0009C4600F1080040ED017A2B4605ED017A13
:10ACE00004F10204EDD1DCED007A90ED007AD7EEAC
:10ACF000267A8C42CEED007A07DADCED017A90ED0F
:10AD0000017AD7EE267ACEED017ADFED2A7A404637
:10AD1000002312ED017A70ED016A01339942E6EEEB
:10AD2000877A02F10402F4DA27EE857AB5EEC07A6A
:10AD3000F1EE10FAFB6A09F10109C6BFF0EE652ACF
:10AD4000B0EE675AB0EE656A9945DD4699D1D7F8FD
:10AD500010C0BD6A7B6AF0EE652AC3ED005A7B6ABB
:10AD60000CF1010C043366457B627FF4A9AED7E990
:10AD700001433A68043BD5182068F8F717F944F8FE
:10AD8000040BA542F8D1386A3437BD46BDE8F08FD0
:10AD90009E460224A7E799460224CBE6F0EE625ACB
:10ADA000D8E73FF469AE00233B62386A3437BD46CA
:10ADB000BDE8F08F000000002DE9F04F15464FEA86
:10ADC000820A0AF1070283B022F007024FEA8A03DF
:10ADD000083300AFADEB020DE846002DADEB030DDF
:10ADE0006E46796075DD0446C14600EB0A0B54F8E7
:10ADF000040BF8F71CFC5C4549F8040BF7D16C1008
:10AE000022010021304608320BF01EFD002C04F117
:10AE1000FF324FEA0212D8BF0022B7EE007AB6EE38
:10AE2000002ADFED332A0023D7F80490324409F1D9
:10AE300004010C325144012DD8BFF0EE477A2EDDCB
:10AE400040463346F0EE477A4FF0000C90ED006A32
:10AE5000D0ED016A93ED005AD3ED025A36EE066A40
:10AE600076EEA66A93ED014AD3ED034A83ED007AAC
:10AE7000C3ED027AA6EE457AE6EEE57A0CF1010C16
:10AE8000A44503F1100337EE047A77EEA47A00F1BB
:10AE9000080003ED035A43ED015AD7DB1346D3ED07
:10AEA000016A93ED026A77EE266AC3ED027A77EEC5
:10AEB000C67A76EEA77A67EE827AE9EC017A49459E
:10AEC00083ED017AB0EE627AB5D10C37BD46BDE8AC
:10AED000F08F05EBD5746410A3000133A4BF0024E8
:10AEE000CDE90044002D91D00C37BD46BDE8F08F70
:10AEF00000000000000000002DE9F041022B079E39
:10AF000064DD002E60DDA3F1030E05460023144628
:10AF1000069A02EB8606581C01EB8007B2EC017A18
:10AF2000D7ED007AB4EEE77AF1EE10FA4FEA80003E
:10AF300010DD00F1040C8C440AE0FCEC017AB4EE64
:10AF4000E77AF1EE10FA03F1010300F1040001DDEC
:10AF50007345F2DB4FEA830C2044D0ED006A01EB2D
:10AF60008307604604EB0C0897ED006AD8ED004AB1
:10AF70000F182044D7ED025A37EEC64A76EEE44A5F
:10AF800090ED025A37EE677A35EE665A75EEE77A3B
:10AF900075EEC65A84EE846AC5EE274A67EE867A55
:10AFA00034EEC66AE4EE847A86EE255A87EEA56A08
:10AFB00065EE075A66EE077AE7EE257A76EEA76A1F
:10AFC0009642E5EC016AA6D1BDE8F081044B054A42
:10AFD000054839217B447A447844F8F78BFE00BF5A
:10AFE00060BF0000AEC8000064BF000008B50BF0F1
:10AFF00047FC0022124BF7F73DFA0022114BF7F7FE
:10B00000EDF9F7F785FAF7F7EDFF0BF039FC0AA336
:10B01000D3E90023F7F70AFA00220B4BF7F7DEF922
:10B02000F7F776FA07EE900AFBFE677A17EE900ABA
:10B0300008BD00BFAFF30080000000000046A44040
:10B0400000E085400000F03F0000E03F2DE9F84FB0
:10B0500007EE103A4B1E2DED028B07EE903A08EEEC
:10B06000102AF8EEE77A37EE487A0029C7EE278AE9
:10B070002FDD1BA7D7E900671BA5D5E90045824650
:10B080004FF00008DFF8709000EB810B18EE100A0B
:10B090000BF0F6FB32463B46F7F7ECF922462B461F
:10B0A000F7F7C4F9F7F734FAF8F7A6F80BF0E8FB6E
:10B0B00042464B46F7F7A6F90DA3D3E90023F7F76D
:10B0C000B5F9F7F725FA4AF8040BD34538EE288A84
:10B0D000DCD1BDEC028BBDE8F88F00BFAFF3008080
:10B0E000000000000046A440000000C0B16B024018
:10B0F000666666666666E63F0000F03F2DE9F04F43
:10B100002DED028B4F68ADF2345D002FCDE90423A5
:10B1100040F3868001240BAE8B469FED478AB146F3
:10B120008046ACABCDE907679A4606933B1901F11F
:10B130000C050393099655F8040B0BF0A1FB3AA3F9
:10B14000D3E90023F7F74AF9F7F7E2F9F7F74AFFEF
:10B15000B3EE046A07EE900A07EE104A67EE867AAD
:10B16000F8EEC76A9BED007AF4EEC87A26EE877A8D
:10B17000F1EE10FAE9EC017A17EE100A37FE888A30
:10B180000BF07EFB0646D8F800000F46F7F7CEF925
:10B1900000222A4BF7F76EF902460B463046394635
:10B1A000F7F744F922A3D3E90023F7F763F9F7F798
:10B1B000AFF9039B01349C424AF8040BBBD1DDE993
:10B1C000078718EE100A0BF05BFB00221C4BF7F709
:10B1D00019F9DFED1C8A04460D46099E06EB870926
:10B1E00058F8040B0BF04CFB22462B46F7F7F8F906
:10B1F00018B178EE687A48ED017AC145F0D1DDE901
:10B200000404DDF860353246019306993B4600940C
:10B21000FFF772FE0DF2345DBDEC028BBDE8F08FDE
:10B22000ACAB0BAE0693EAE7BC89D897B2D29C3C94
:10B23000182D4454FB2109400000C8C200409F4023
:10B2400000004940000048422DE9F04F2DED028BEF
:10B250008DB09A4616465F4C5F4A7C4454F802B063
:10B2600002AFDBF80C40DBF800207C61DBF81C400F
:10B2700052453C614FEA830404F1070323F00703BE
:10B28000C7E90060ADEB030D40F09380B86D0D464B
:10B2900005F066F98146B86D05F062F99FED4A7BCD
:10B2A00007F11803CDF80090FB6001938046DBF8AE
:10B2B00008305246294687ED067B87ED087B786982
:10B2C00005F058FABB6D002B37DDDBF8183002AE05
:10B2D000BB6053462C44AA464FF0000B3546464609
:10B2E0009846D9F804300BEB8B0053F82000B8F1E6
:10B2F000000FF86110DD00FB08F07B69AC4603EB42
:10B3000080005346B0EC017AF3EC017A77EEC77A0D
:10B310009C42ECEC017AF5D1FB684246CDE9006332
:10B320002946BB68386905F025FABB6D0BF1010BA6
:10B330005B45D6D15546C246B046D8F80430BAF17E
:10B34000000FD3E9004631DD9FED218A04FB0AF0AE
:10B3500006FB0AF33A690AEB030C02EB80007A69F8
:10B36000396802EB830302EB8C02B3EC017AF0EC58
:10B37000016AF5EC017A37EE267A77EEC77A9A42BF
:10B38000A1EC017AA7EEA78AEFD1484605F038F97B
:10B39000404605F035F918EE100A7B682C37C3E9F2
:10B3A0000064BD46BDEC028BBDE8F08F9FED088ABE
:10B3B000EBE70A4A0A4B0B487A44B4217B447844B1
:10B3C0000C32F8F797FC00BF0000000000000000FE
:10B3D00000000000FE5B01101C000000CCC4000057
:10B3E000D0BB00007EBB00002DE9F04F2DED048B9B
:10B3F0000D46910009EE903ACB1D85B023F007036E
:10B40000002A00AFADEB030D7BDDDFED498A6B4613
:10B4100004460646B0EE689AEA464FF00008C7E9CF
:10B420000231DFF8109105EB010B786055F8040B41
:10B430000BF026FA3AA3D3E90023F7F71BF8F7F746
:10B4400067F8F7F7CFFDB3EE047A07EE900A96EDB2
:10B45000008A67EE877A38EE278AEAEC017A18EEDE
:10B46000100A0BF00DFA42464B46F7F703F82EA3ED
:10B47000D3E90023F6F7DAFFF7F74AF8F7F7BCFE4F
:10B4800028EE298A07EE900AA6EC018A18EE100A27
:10B4900039EE279A0BF0F4F942464B46F6F7EAFFED
:10B4A00021A3D3E90023F6F7C1FFF7F731F8F7F747
:10B4B000A3FE07EE900A5D4578EEA78AB6D1C8EEE6
:10B4C000897A17EE900AF7F78DFDF2EE047A06EE10
:10B4D000900A66EEA76AF9687A68BB680A44D4EDF8
:10B4E000007AB3EC017A77EEE67A77EEC77AE4EC8D
:10B4F000017AA242F3D11437BD46BDEC048BBDE8FE
:10B50000F08FDFED0B7AC7EEA77A17EE900AF7F708
:10B5100069FD1437BD46BDEC048BBDE8F08F00BF5C
:10B52000333333333333D33F000000C0B16B0240B9
:10B5300000000000000024402DE9F0472DED028BB3
:10B54000002782B008EE103A0D9B154604460E46C1
:10B55000C2E90077C2E90277002B00F081800E9BE0
:10B56000002B00F0D9800C980BF08AF902460B46AC
:10B57000CDE9002300220023F6F758FF804618EE9D
:10B58000100A89460BF07CF902460B4640464946B4
:10B59000F6F724FFF6F7BCFFF6EE087A012768EE0F
:10B5A000277A824617EE900AC4F800A02F600BF0AD
:10B5B00067F9002280468946DDE90001604BF6F715
:10B5C00035FF02460B4640464946F6F707FFF6F7B9
:10B5D0009FFFF6EE007A68EE277A606017EE900A19
:10B5E0006F600BF04DF9002280468946DDE90001CD
:10B5F000544BF6F71BFF02460B4640464946F6F70A
:10B60000EDFEF6F785FFF5EE007A68EE277AA0608A
:10B6100017EE900AAF600BF033F90022804689469E
:10B62000DDE90001484BF6F701FF02460B464046B4
:10B630004946F6F7D3FEF6F76BFFE0605046EF6041
:10B640000BF01EF902460B463BA1D1E90001F6F7CB
:10B6500011FFF6F75DFF07EE900AFBFE677A10E038
:10B660000E9B002B52D0DDED0C7A0123374AC0ED42
:10B67000037AC0ED027A42600260C5E90233DFED71
:10B68000347AFDEEE77A6068C6ED007A0BF0F8F8E0
:10B6900002460B4628A1D1E90001F6F7EBFEF6F7CA
:10B6A00037FF07EE900AFBFE677AFDEEE77AA068A7
:10B6B000C6ED017A0BF0E4F802460B461EA1D1E973
:10B6C0000001F6F7D7FEF6F723FF07EE900AFBFE20
:10B6D000677AFDEEE77AE068C6ED027A0BF0D0F803
:10B6E00002460B4614A1D1E90001F6F7C3FEF6F7B6
:10B6F0000FFF07EE900AFBFE677AFDEEE77AC6EDD4
:10B70000037A02B0BDEC028BBDE8F0870F4B0360FB
:10B7100043608360C360B2E701230C4A80ED018A75
:10B7200080ED008AE260A26018EE100AC5E90033DD
:10B7300086E700BFAFF30080182D4454FB21094079
:10B740000000D03F0000E03F0000E83FFDAD803D3D
:10B75000000044422DE9F04F2DED028B4FF0000B1D
:10B76000F1EE007AADF22C5D02AFD7F850E59846C5
:10B770000EF102047C60A40004F1070C2CF0070C0D
:10B78000ADEB0C0D0DF10809ADEB0C0D02AB0D4648
:10B79000FB60114603EB8E0309EB8E02BEF1000F36
:10B7A000CDF808B0C2F804B00646C3ED017AC9F876
:10B7B00000B00BDD083C224609F104000BF06CF8E8
:10B7C000FB6822464146181D0BF066F86B68002B9B
:10B7D000BB60D8BF07F5287C32DD0FF2E00BDBE958
:10B7E00000AB3068F6F7A2FE334B0022F6F742FEBC
:10B7F000012407F5287C95ED008A6646BB68C7E9F9
:10B80000040103EB0408C7F800C007EE904AF8EE05
:10B81000E77A67EE887A17EE900A0BF031F8D7E9ED
:10B820000423F6F703FE52465B46F6F723FEF6F7CF
:10B830006FFE0134444546F8040BE6D1D7F800C04A
:10B84000BB6807F11C0A01937B68F9684A465046B9
:10B85000CDF800C0FFF750FB6B68002B1EDD4FF0EA
:10B86000000805F10C06DFF85C9006EB830B10A5D1
:10B87000D5E900455AF8040B0BF002F842464B4656
:10B88000F6F7F8FD22462B46F6F7D0FDF6F740FE18
:10B89000F7F7B2FC46F8040B5E45EBD107F22457EC
:10B8A000BD46BDEC028BBDE8F08F00BFAFF300805A
:10B8B000000000C0B16B024000409F40182D44546E
:10B8C000FB210940000034402DE9F04F2DED028BA3
:10B8D000ADF2445D934602AF7B6203EBD3735B1022
:10B8E000BB6001333B629B00073323F00703ADEBE2
:10B8F000030D02AADBF80480ADEB030D7A6102AA06
:10B90000ADEB030D02ABB8F1000F81467960FA612F
:10B91000BB6140F3E18007F13403B3EE048A9A4639
:10B920000124C7E90A0807F52E76FB603E610BF19A
:10B930000C05F5EC017AF5EE407AF1EE10FA00F024
:10B94000D28017EE900AF7F74DFB07EE104A07EE8C
:10B95000900AF8EEC76A67EE887A9BED007AEAEC07
:10B96000017A66EE877A17EE900A0AF089FFBB6AC1
:10B97000804618688946F6F7D9FD0022644BF6F731
:10B9800079FD02460B4640464946F6F74FFD5CA35B
:10B99000D3E90023F6F76EFDF6F7BAFDFB6A013432
:10B9A0009C4246F8040BC4DD9846D7F828903B6AC1
:10B9B000002B31DDD9F80000F6F7B8FD0022554B19
:10B9C000F6F758FD8146786A8A46F6F7AFFD0024FF
:10B9D000C7F82C80C7F828B0C8468B46D1468246A7
:10B9E000FD69BE6807EE904AF8EEE77A17EE900A16
:10B9F0000AF046FF42464B46F6F718FD52465B46B4
:10BA0000F6F738FDF6F784FDA64245F8040B04F17D
:10BA10000104E7D1D7E90AB83B6A0193FB690093B7
:10BA20007C69D7E9032143462046FFF765FAD7F83A
:10BA30006C3521460093D7F868357A6AB86900F00A
:10BA4000D5FDDBF80430002B3FDD0FF2BC09D9E94E
:10BA50000089D7ED097A4FF0010AB8EEE78A7E68CF
:10BA6000BC69DBED008A03EB0A0B07EE90AAF8EE47
:10BA7000E77A67EEA87A67EE887A17EE900A0AF0FE
:10BA8000FFFE42464B46F6F7F5FC0022224BF6F746
:10BA9000A5FCF6F73DFD07EE900AFBFE677AFDEE8A
:10BAA000E77A17EE903A04EB83031D680AF1010A66
:10BAB0002846F7F7BCFD03462846B360F7F7B4FD08
:10BAC000DA45F06006F10806CFD107F23C57BD46D3
:10BAD000BDEC028BBDE8F08F07F13403FB6007F586
:10BAE0002E733B6163E70D4A0D4B0E487A4440F2DA
:10BAF00073117B4478442032F8F7FCF8AFF30080F0
:10BB0000182D4454FB210940182D4454FB211940A1
:10BB100000409F4000408F400000E03F98BD000083
:10BB2000B6B4000048B400002DE9F04F2DED028BB3
:10BB3000ADF2445D994602AFD7F86845D9F804B034
:10BB400004EBD4746410BC6001343C62A4007C60DB
:10BB5000073424F00704ADEB040D02ABADEB040D8C
:10BB6000BB61BBF1000F02AB804639607A61FB61BB
:10BB700040F3178107F13403C7E9090BB3EE048AD8
:10BB80009A460124CB4607F52E763B61FE6009F10B
:10BB90000C05F5EC017AF5EE407AF1EE10FA00F0C2
:10BBA000078117EE900AF7F71DFA07EE104A07EE25
:10BBB000900AF8EEC76A67EE887A9BED007AEAECA5
:10BBC000017A66EE877A17EE900A0AF059FE7B6AD0
:10BBD000804618688946F6F7A9FC00227C4BF6F7E8
:10BBE00049FC02460B4640464946F6F71FFC76A341
:10BBF000D3E90023F6F73EFCF6F78AFCBB6A013472
:10BC00009C4246F8040BC4DD9B46D7F82480D7F845
:10BC10006835DE003B6A002B40F39C80D8F80000BA
:10BC2000F6F784FC00226B4BF6F724FC02460B4629
:10BC3000D7F86805C7E90A23F6F778FC4FF0000843
:10BC400004460D46D7F81CA0D7F8089007EE908A56
:10BC5000F8EEE77A17EE900A0AF012FED7E90A2307
:10BC6000F6F7E4FB22462B46F6F704FCF6F750FC09
:10BC7000C1454AF8040B08F10108E7D1FB699FEDC3
:10BC8000568A00933C6AD7E903120194BD695B466A
:10BC90002846FFF731F9ADEB060D0DF1080BADEBC2
:10BCA000060D02AB2868BB620AF0EAFD00224B4B8E
:10BCB000F6F7E0FB02460B4600204849F6F7FEF98E
:10BCC000F6F726FC012C8BED018ACBF8000025D07D
:10BCD0007B6806EB0B042B442E1D9A465D464FF005
:10BCE0000008DFF8F89056F8040B0AF0C9FD424648
:10BCF0004B46F6F7BFFB02460B4640464946F6F771
:10BD0000DDF9F6F705FC08355645A4F10804206076
:10BD1000286084ED018A85ED018AE4D1BC6A594628
:10BD20002246D7F87005FEF76FFA796900290ADB19
:10BD300022463B68181D00EB810052F8081B43F8AF
:10BD4000041B9842F9D107F23C57BD46BDEC028B6B
:10BD5000BDE8F08F0193FB690093BD695B46D7E9AD
:10BD600003122846FFF7C8F8ADEB060D0DF1080BDE
:10BD7000ADEB060D02AB2868BB620AF081FD002224
:10BD8000164BF6F777FB0B46024614490020F6F7F0
:10BD900095F9F6F7BDFB0023CBF80000CBF8043093
:10BDA000BCE707F134033B6107F52E73FB602EE718
:10BDB0000B4A0C4B0C487A444FF4CE717B447844C8
:10BDC0003032F7F797FF00BF182D4454FB2109408C
:10BDD00000409F4000408F400000000000002440D1
:10BDE000CEBA0000ECB100007EB100002DE9F84FA2
:10BDF000B2F1000A2DED028B3DDD0FF20419D9E9F5
:10BE0000008904460D46DFED3C8A9FED3C8AB3BBBA
:10BE1000DFF8F4B000EB8A0AFB440BF1400BBBECFB
:10BE2000017AF4EC017A77EEC77A67EEA87A17EE1A
:10BE3000900A0AF025FD02462F68164638460F463E
:10BE40000AF01EFD42464B46F6F7F0FA02460B4654
:10BE500030463946F6F7C2FAF6F75AFB07EE900A73
:10BE6000F5EEC07AF1EE10FA48BFF0EE487A54458C
:10BE7000E5EC017AD3D1BDEC028BBDE8F88FDFF899
:10BE80008CB000EB8A0AFB440BF1400BBBEC017A4F
:10BE9000D4ED007A77EEC77A67EEA87A17EE900AAB
:10BEA0000AF0EEFC02462F68164638460F460AF0A6
:10BEB000E7FC42464B46F6F7B9FA02460B463046D7
:10BEC0003946F6F78BFAF6F723FB07EE900AF5EE04
:10BED000C07AF1EE10FA48BFF0EE487AE5EC017A4C
:10BEE000B4EC017A77EE677A544544ED017ACDD10E
:10BEF000BDEC028BBDE8F88F0AD7A33C0000000020
:10BF0000000000F6285CEF3F6CBA0000FEB90000AC
:10BF10002DE9F04F1D4687B0DDF8448092468946F2
:10BF2000109B1146CDF800802A46129E139C159F47
:10BF30000390FFF7E3F807EE908ADFF818B1B8F145
:10BF4000000FFB44F8EEE76A6DDDDFED417A2B462A
:10BF50004FEA8802029205EB8801B3EC017A99421C
:10BF600077EE877AF9D187EEA67A86ED007AD5ED5D
:10BF7000007A77EEC77AB8F1010FC4ED007A0BD0E2
:10BF80002B1D221DF3EC017A96ED007A77EEC77A2D
:10BF90009942E2EC017AF5D142462046179B169968
:10BFA000FFF724FF05232146009348464346149A91
:10BFB000FFF74AF997ED007A029D149B2544F4ECB3
:10BFC000017AF3EC016A77EEE67AA7EEA77AAC4243
:10BFD00087ED007AF3D14FF07E5304931E4B314628
:10BFE0005BF8032005AB01939368D0680093136856
:10BFF00004AA00F0FDFBC9F80800DAF8100520B922
:10C00000C9F80C0007B0BDE8F08F06220398DAF8F3
:10C01000001001F011FB002808BF0120C9F80C0036
:10C0200007B0BDE8F08F9FED0A7AC7EE267A424648
:10C030002046179B1699C6ED007AFFF7D7FE052319
:10C040002146009348464346149AFFF7FDF8C2E79D
:10C0500000000000164F01102C0000002DE9F04FE9
:10C060002DED028BB3F1000C87B0029049DD042462
:10C070000025B7EE008AF5EE008A2746CDE90312C7
:10C0800001EB8C0B0095CDF814C018EE100A0AF0E5
:10C09000F7FB02460B4600201C49F6F7B3F9DDE931
:10C0A000038A019706460F46029B009A03EB82091A
:10C0B000F8EC017A67EE887A17EE900A0AF0E0FB56
:10C0C00002465AF8045B144628460D460AF0D8FB8F
:10C0D00032463B46F6F7AAF902460B462046294669
:10C0E000F6F77CF9F6F714FAC34549F8040BDFD1EB
:10C0F000009B019F059A013F134438EE688A009324
:10C10000C3D107B0BDEC028BBDE8F08F0000F03F5B
:10C110002DE9F047DFF80C910E46DDE909A4089FF0
:10C12000F944054611469846002C49D0002B6ADD9B
:10C13000A446334604EB88025CF8040B944543F8AC
:10C14000040BF9D10B9B2BBB374BDAF8082059F8BD
:10C150000330DB6803EB820393ED007A87ED007A0E
:10C16000D6ED007A77EE877AB8F1010FC5ED007A47
:10C170000EDD06F1040C2C1D06EB8806BCEC017AE2
:10C18000D7ED007A77EE877A6645E4EC017AF5D14F
:10C19000BDE8F08742464FF07F533046FFF724F961
:10C1A000214BDAF8082059F80330B8F1000FDB68AA
:10C1B00003EB820393ED007A87ED007AD0DCE7E7AA
:10C1C000002B20DD3446194ADAF8003059F8020015
:10C1D000DAF8042003FB08F302FB08FCC268C0691C
:10C1E00000EB8C0008EB030C02EB830302EB8C02E8
:10C1F000F3EC017AB0EC017A77EE877A9A42E4ECBC
:10C20000017AF5D19EE70B9B002BC3D1064BDAF8E0
:10C21000082059F80330DB6803EB82031B683B609E
:10C22000B6E700BF384D01102C0000001C000000D4
:10C230002DE9F04F99B004AFD7F888408346A400A9
:10C2400004F1070C2CF0070CADEB0C0D04A8ADEBC2
:10C250000C0DD7F894507C61786091461E46D7E962
:10C260002632CDE9023207F11C0301950093D7E98C
:10C2700021230C4604A9FFF74BFFEB68FB60002B62
:10C2800062D1DFED367AC7ED027A3046D7F88830D2
:10C290007A68B96FFFF7E2FED7ED027ACDED007A4A
:10C2A000FB6807F130080293D7F8803007F1400AA5
:10C2B0001B6807F120050193FB6F42465146284653
:10C2C0001B68FFF739F9C7F81080D7F88830324675
:10C2D000009355F8043B214623605AF8043B584626
:10C2E000636058F8043BC4F81035D7F88430FFF782
:10C2F00031FAD7F8902080230192D7F88C20494654
:10C30000009258462246FFF7DFFA7B6904F2145484
:10C310001E443B6909F5A1699D42D6D1D7F8883002
:10C32000002B04DD7A697968B86F0AF0B5FAD7EDA9
:10C33000027AFB6FFA68C3ED007AD7F88030543781
:10C340001A60BD46BDE8F08F19460622584601F036
:10C35000AFF90123B860FB6097E700BFFDAD803DFA
:10C360002DE9F84343682DED028B002B2BDD0125D1
:10C370009146D0ED008A0C469FED158A0026154F98
:10C3800003EB050807EE905AF8EEE77A67EEA87A15
:10C39000C7EE887A17EE900A0AF072FA3B463246E8
:10C3A000F6F71CF8F6F7E6F809EBC000D0ED017AD5
:10C3B000F1EE677A03680135454504F1080423600E
:10C3C000C4ED017ADED1BDEC028BBDE8F88300BF7D
:10C3D000DB0F493C0000E03F07EE900AD1ED006A18
:10C3E000F8EEE77A92ED007A2DE9F04FA6EEA77A03
:10C3F0002DED028B17EE100AADF21C5D16460F46AE
:10C400009A460AF03DFA72A3D3E9002304460D468A
:10C41000F6F730F80022744BF5F7E0FFF6F778F8FE
:10C4200007EE900AFBFE677A17EE900A0AF028FAE8
:10C4300067A3D3E90023F5F7F9FF0B460246294627
:10C440002046F5F7DFFFF6F763F87B683060002BD6
:10C4500040F39E800125D046CDF80CA0AA460DF1F0
:10C460001009CDF8009007F5247BD7F81055002D62
:10C4700000F0948007EE90AA96ED007AF8EEE77A45
:10C4800067EE877A17EE904A2046F7F7D0F808EE65
:10C49000900A2046F7F7C8F8D8ED036A07EE900A2D
:10C4A00098ED027A27EEE66AA7EE286A27EE278A39
:10C4B00016EE100AC9ED028AA6EEA88A0AF0E0F983
:10C4C00045A3D3E90023F5F789FFF6F721F80146E4
:10C4D00018EE100AF7F7F6F97A680AF10104A24299
:10C4E0004BF8040B09F1080908F1080850DB002D8E
:10C4F0006CD00FF2E409D9E900895546009BCDE9DB
:10C500000089B1461646DDF80CA0A43507EB850579
:10C510000AEBC40A03EBC40707EE904A99ED007AD0
:10C52000F8EEE77A67EE877A17EE90BA5846F7F793
:10C530007EF80346584608EE903AF7F775F89AEDFC
:10C54000017A07EE900ADAED006A27EEC76A3B46E9
:10C55000A6EEA86A26EEA78A16EE100AC3ED008A98
:10C56000A7EE288A0AF08CF9DDE90023F5F736FFFB
:10C57000F5F7CEFF014618EE100AF7F7A3F90134DC
:10C58000A64207F1080745F8040B0AF1080AC3DAC6
:10C590000DF21C5DBDEC028BBDE8F08F03F0D0FF07
:10C5A00007EE900AF8EEE77A17EE900A0AF068F9BB
:10C5B00007A3D3E90023F5F739FF09A3D3E9002343
:10C5C000F5F758FFF5F7A4FF04465EE7A2464CE7EF
:10C5D00044174154FB21194011EA2D819997713D6F
:10C5E00000000000C0FFDF400000E03F2DE9F04FF9
:10C5F00085B000AF1446C7E901036B46A3EBC40343
:10C600009D46A3EBC4030A4669469D46EA46AAEB4B
:10C61000C4008546A0EBC4004FF0000CE8468546F8
:10C6200004EBD4767610136806F10109B9F1010F15
:10C630004FEAC405C1F804C00B60C7F80CD021DD77
:10C640006818131D8C468E46024603EB860BF3ECEE
:10C65000017A0EF1080E5B45A2F10802C2ED007AE4
:10C66000CEED007AF3D101224FF0000E964240F851
:10C6700004EC0CF1080CCCF804E0A0F1080002F185
:10C680000102F3D15246B86BFDF7BEFD002C70DD00
:10C6900007EE904A5246F8EEE77A514600200AF13A
:10C6A000040353ED016A86EEA77A03ED017AD1ED1A
:10C6B000016A86EEA77A0130844201F1080103F194
:10C6C000080301ED017AECD19AE80300032C88E815
:10C6D00003001BDD434601215544D2ED037A55ED9D
:10C6E000016A92ED027A15ED026A77EEA67A37EECC
:10C6F000067A01318E4203F1080302F10802A5F126
:10C70000080583ED007AC3ED017AE6DC08EBC60389
:10C710000AEBC60A4C459AE8030083E803004FEA97
:10C72000C60337DD4A4600214344013294429960F2
:10C73000D96003F10803F8D1D7E902024146FDF7B9
:10C7400063FDB9F1000F10DDDFED156A7B68FA6853
:10C75000191D01EB860192ED017AC7EE267AE3EC12
:10C76000017A8B4202F10802F5D11437BD46BDE8CB
:10C77000F08F08EBC6020AEBC6054C459AE80300A9
:10C780004FEAC60388E8030095E8030082E8030047
:10C79000C8DCD1E74146FA68B868FDF735FDD3E754
:10C7A00067F90A4100000000034B044A7B449B5890
:10C7B00003EB001358687047AC46011018000000E6
:10C7C000034B044A7B449B5803EB001358687047A3
:10C7D0009446011004000000034B044A7B449B581C
:10C7E00003EB0013586870477C46011040000000BE
:10C7F0002DE9F04FDDE9099BB9F1000F5ADD0F4635
:10C800000021064690461D4600EB8302DFED2F5ABD
:10C810000C4608464FEA830A002D27DCF5EEC05A85
:10C82000F1EE10FAC8BF204604F10104C8BFDFEDE5
:10C83000285AA14529445244EED1DBED007AB0EEEE
:10C84000656A77EE867ACBED007ABDE8F08FF4EE7C
:10C85000C65AF1EE10FA04F10103294452441CDDDA
:10C8600099451ED02046F0EE465A1C469FED186AA8
:10C870003B46C64606EB810CFCEC017AB3EC017A30
:10C88000FEEC016A77EEC77A26EEA77A67EE277A82
:10C890006245A6EEA76AEFD1D9E79945CDD01C46EF
:10C8A000E4E7DBED007A77EE867A2046CBED007A7E
:10C8B000BDE8F08FDBED007A9FED046A77EE867AB3
:10C8C0000020CBED007ABDE8F08F00BFAEC59D74AF
:10C8D000000000002DE9F04F2DED028B9500EB1DBF
:10C8E0008BB023F0070302AFADEB030D02AEADEB4F
:10C8F000030D0C4602A9ADEB030D0DF10808ADEBDD
:10C90000030DDFF82CC1796102A9ADEB030D02AB79
:10C91000002AFC44B8603961FB607FDD4FF00009FC
:10C920004FF07E5009F101094A4543F8040BF9D153
:10C9300004EB050B7D60B246654654F8040B09F024
:10C940009FFF39A3D3E90023F5F770FDF5F7E0FD6C
:10C950005C454AF8040BF0D14FF07E53AC46F968C1
:10C96000344A0B605CF802403368D4F80CB0C8F865
:10C970000030A368D4F800A07D68009307F11C0381
:10C980000A467B604146584601935346FFF730FF05
:10C990000AFB00FABA680BEB8A0B1060DBF8003078
:10C9A00039697869B9F1010F0B60036036D093469D
:10C9B00073190436103400F1040908F1040801F178
:10C9C000040ABB607E617A6919ED018AD4E902C567
:10C9D000F2EC017A77EEC87A54F8103B7A613B6149
:10C9E000FA684146E8EC017ACDF800C07E68284636
:10C9F0000196FFF7FDFE3B697A6900FB03F305EB47
:10CA00008305D5ED007A37EE888ABB684BF8040FB2
:10CA10009A42EAEC017AA9EC018AD4D12437BD46C6
:10CA2000BDEC028BBDE8F08FA6E52B4BF5E49340FF
:10CA300046450110040000002DE9F84F2DED028B52
:10CA40009300073323F007032F4C00AF002AADEB10
:10CA5000030DE8467C44ADEB030D4CDD2B4B9346B8
:10CA6000E4580B682268054603FB02F2E3680E46B1
:10CA700003EB8203D3ED007ACDED007AC8ED007AA6
:10CA800017EE900AB0EE678A09F0FAFE1CA3D3E90C
:10CA90000023F5F7CBFCF5F73BFDBBF1010F286058
:10CAA00029D04FF0010A0DF1040908F104080435FA
:10CAB000216956F8042FE36901FB02F203EB8203BC
:10CAC000D3ED007A38EE278AE9EC017A18EE100AE5
:10CAD000A8EC018A09F0D4FE09A3D3E90023F5F7F5
:10CAE000A5FCF5F715FD0AF1010ADA4545F8040B36
:10CAF00004F11004DCDBBD46BDEC028BBDE8F88F11
:10CB000093E099B665BC493F04440110040000005D
:10CB1000D0ED007A90ED017A37EE677AF4EEC77ABD
:10CB2000F1EE10FA58BFF0EE477A2DE9F843022AE9
:10CB30002DED028B0C469046C1ED007A1BDD0346BD
:10CB400000EB82070D1D083F1E46D3ED017AD6ED9E
:10CB5000006A93ED027A37EE677A77EEE67AF4EEC2
:10CB6000C77AF1EE10FA58BFF0EE477A04339F42CD
:10CB7000E5EC017AE8D108F18045013D00EB850044
:10CB800090ED008A50ED017A18EE100A38EE678AAF
:10CB900009F076FE02460B461EA1D1E90001F5F729
:10CBA00031FC06460F4618EE100A09F069FE3246BF
:10CBB0003B46AD00F5F714FD28B930463946F5F788
:10CBC000A7FC08EE100A6319B8F1000F83ED008A84
:10CBD0001ADD0FF24809D9E90089002604350C4F07
:10CBE0002544206809F04CFE42464B46F5F7F6FB1B
:10CBF00002460B4630463946F5F73CFCF5F788FC13
:10CC000044F8040BA542ECD1BDEC028BBDE8F883DF
:10CC10000000F03F50455254FB2109407B14AE47C1
:10CC2000E17A843FF0B50D1E3CDD02EB830E1C461D
:10CC30000023074616469FED1C6A18461A46002C2C
:10CC40001CDCB5EEC06AF1EE10FAC8BF104602F166
:10CC50000102C8BF9FED156A95422344EFD1F0BD94
:10CC6000B4EEC67AF1EE10FA02F10101234415D5B3
:10CC7000A9421046F3D0B0EE476A0A4631469FED0E
:10CC80000B7A07EB830CF1EC017AFCEC016A77EE8E
:10CC9000E67A8E45A7EEA77AF5D1E1E78D42DED0A0
:10CCA0000A46EBE70020F0BDA95F635800000000D2
:10CCB0002DE9F0430D1E079E42DD1F4600238046EE
:10CCC000DFED215A18461C46914607EB8602002EDE
:10CCD0001DDCF5EEC05AF1EE10FAC8BF204604F193
:10CCE0000104C8BFDFED195AA5423344EFD1BDE8B6
:10CCF000F083F4EEE56AF1EE10FA04F10101334439
:10CD00001AD5A9422046F2D0F0EE665A0C46CE461D
:10CD10003946DFED0E6A08EB830CFEEC017ABCECC1
:10CD2000016AB1EC017A77EEC67A27EE277A8A4259
:10CD3000E7EE876AF1D1DCE78D42D8D00C46E6E712
:10CD40000020BDE8F08300BFA95F63580000000029
:10CD50002DE9F04F2DED028B8DB0D0ED007AD0EDA6
:10CD6000016A36EEE77AF4EEC77AF1EE10FA16466B
:10CD700058BFF0EE477AB84BB84C7B4453F804A048
:10CD800002AFDAF80C3005463B61DAF81C3090004F
:10CD9000FB60DAF82C3006F1FF3BBB60C31D23F0CB
:10CDA0000703ADEB030D02AAADEB030D7A6002AAF7
:10CDB000ADEB030D7A6202AAADEB030D02ACADEB55
:10CDC000030D3A6202AAADEB030D02ABBBF1010FFA
:10CDD000C4ED007A7961FA61BB6147DD042E40F34E
:10CDE00023812A46A4460121731F23F00103033344
:10CDF00092ED026A76EE667AB4EEE77AD2ED036AD5
:10CE0000F1EE10FA54BFF0EE675AF0EE475A36EEE4
:10CE1000C67AF4EEC77AF1EE10FA58BFF0EE477A10
:10CE20000231CCED015A994202F108020CF1080CD2
:10CE3000CCED007ADCD105EB8302D2ED007A12ED65
:10CE4000017AD2ED016A37EEC77A76EEE77AF4EE30
:10CE5000C77AF1EE10FA04EB830103F1010337FE08
:10CE6000277A5B4581ED007AC0F2B980284450ED05
:10CE7000017A10ED028A17EE900A37EEC88A09F09F
:10CE8000FFFC02460B4672A1D1E90001F5F7BAFAA0
:10CE90008046894618EE100A09F0F2FC42464B46DD
:10CEA000F5F79EFB28B940464946F5F731FB08EEF9
:10CEB000100A04EB8B0B8BED008A32462146284684
:10CEC000FFF726FED7F810B033462A465846DAF860
:10CED0000810FFF7A7FEDAF8183006EBD678002E18
:10CEE0004FEA68083B6140F3888000FB06F27B68EC
:10CEF000D7F814C0B1180BEB8100E14619460BEBD3
:10CF00008202B2EC017AACEC017AF5EC017A77EEB0
:10CF1000C77A8242E1EC017AF3D1012E00F08680DB
:10CF2000D7E9085CD7E906100022D3F800E0013207
:10CF30004CF804EBD3F804E0424545F804EBD4F890
:10CF400000E003F1080340F804EBD4F804E004F136
:10CF5000080441F804EBE8DBFB697A6A3969CDF82B
:10CF60000080D7F80CB05846FFF7A2FEBB693A6ABA
:10CF7000CDF80080BD680446DAF828102846FFF78F
:10CF800097FE002206FB04F400FB06F67B6904EB27
:10CF9000D47406EBD6766410761004330BEB840061
:10CFA00005EB860153ED017AB0EC017A77EE877AD2
:10CFB00043ED017AB1EC017AD9ED017A77EE877A07
:10CFC0000132424509F1080903F1080349ED017AEC
:10CFD000E8DB2C37BD46BDEC028BBDE8F08F92ED4F
:10CFE000027A37EE667AF4EEC77AF1EE10FA58BF9D
:10CFF000F0EE477AC1ED017A38E77A6A1946F868A7
:10D00000FB69CDF80080FFF753FEBB693A6AB86848
:10D01000DAF82810CDF80080FFF74AFE2C37BD461D
:10D02000BDEC028BBDE8F08F012304E70024D7E9B3
:10D030000301FB697A6A0094FFF73AFEBB693A6A1A
:10D04000B868DAF828100094FFF732FEC1E700BF95
:10D0500050455254FB210940DE40011040000000C1
:10D060002DE9F04701292DED028B3DDD22A7D7E9FF
:10D070000067884605464FF00009012305EB83024F
:10D08000D2ED007A12ED018AF4EEC87AF1EE10FAD0
:10D090001446A2F1040A03F1010306D49845EDDC1D
:10D0A000BDEC028B4846BDE8F08717EE900A09F008
:10D0B000E7FB32463B46F5F7A5F9F5F729FA0346B3
:10D0C00018EE100ACAF8003009F0DAFB32463B4687
:10D0D000F5F784F9F5F71CFAB8F1020F09F1010927
:10D0E0002060DDD00223C9E74FF00009BDEC028BC0
:10D0F0004846BDE8F08700BF9A9999999999B93F38
:10D10000012928DDF8B514A7D7E900672DED028BBA
:10D11000041D00EB8105B4EC018A54ED027A78EE2F
:10D12000677A17EE900A09F0ABFB32463B46F5F7FB
:10D1300057FA58B118EE100A09F0A2FB32463B46E6
:10D14000F5F74CF9F5F7E4F944F8040CA542E2D1FF
:10D15000BDEC028BF8BD70477B14AE47E17A843F8B
:10D160002DE9F0472DED028B14469A46ADF5A05DF2
:10D1700086B00DF5A2520432D2F800800DF5A2520D
:10D180000DF58269083292ED008A06460F464FF48B
:10D1900000620021484609F057FB23680DF58365BE
:10D1A000BAF1000F45F8083C12DDB0EE487A0AF1FA
:10D1B00001010DF2144304EB8101221DF2EC017A0E
:10D1C00067EE877A8A4227EE087AE3EC017AF5D196
:10D1D0000DF54164494622463046FDF719F92246CD
:10D1E0000DF5A0510DF614431431D3ED007A13ED73
:10D1F000017A67EEA77AE7EE077A08338B4243EDB0
:10D20000037AF2D103AC3E462546BA460DF20C49EC
:10D2100092ED007AFAEC017A67EE877AF5EE407AC1
:10D22000F1EE10FA58D4B1EEE77AA5EC017AA945EF
:10D2300002F10802ECD1DFED328A3B4607F5806A45
:10D24000F3EC017A9A4578EEA78AF9D19FED2C8A02
:10D250003D4654F8040B4146F5F7D2FE07EE900A1E
:10D2600095ED007A67EEA77A67EE877AA145E5EC3F
:10D27000017A38EE278AECD10DF5A25288EE887A31
:10D28000D2ED047A3B4627EE277A1032D3ED007AAE
:10D2900067EE877AE3EC017A9A45F7D10DF5A25350
:10D2A0000C331B688BB114A5D5E9004507F58077D1
:10D2B000306809F0E5FA22462B46F5F7B7F8F5F79E
:10D2C00027F946F8040BB742F2D10DF5A05D06B080
:10D2D000BDEC028BBDE8F08717EE900A019209F0D1
:10D2E000AFFA019A45F8040BA94502F108028FD163
:10D2F000A1E700BFAFF300805B8FC2F5285CFF3F62
:10D3000017B7D1382DE9F04F2DED048B0C4693461D
:10D31000ADF6340D0DF668020DF1300ACDE90904C1
:10D3200092ED008A00214FF4006250460693DDF82A
:10D330008848CDF82CB009F087FA5B46002B06DB55
:10D340000B9B50465A1C0A99920009F0A5FA0FF25D
:10D350006829D9E90089224651460998FDF758F80D
:10D36000554600268E4F04340DF5866B2346D3EDCB
:10D37000007A14ED017A67EEA77AE7EE077A17EEE6
:10D38000900A09F07DFA42464B46F5F727F8024627
:10D390000B4630463946F5F76DF8F5F7B9F845F81C
:10D3A000040BAB4504F10804E0D1DDF87838002B1C
:10D3B00040F0B8805346D3ED007A67EE887AE3EC0C
:10D3C000017A9B45F7D1069B5C68002C40F3C9802D
:10D3D00099464FF0010859F80C0B09F051FA04EB8B
:10D3E000080BDFED708A9FED709ADFED709A0024D4
:10D3F000CDE906016E4D4046F5F798F822462B46DA
:10D4000006460F46F4F7FEFFDDE90623F5F70EF8B2
:10D410005DA3D3E90023F5F72DF822462B46F4F758
:10D42000DDFFF5F7A7F803462246304639461E468B
:10D430002B46F4F7D3FFDDE90623F4F7F7FF52A3F9
:10D44000D3E90023F5F716F822462B46F4F7C6FF7A
:10D45000F5F790F8B0F5807FA8BF4FF48070B04228
:10D460005DDDDFED527A0AEB86060AEB8000B6EC52
:10D47000017A864277EE877AF9D1F5EE407AF1EEBD
:10D4800010FA70D4B1EEE77A99ED008A78EE477A17
:10D49000DDF87438A8EE089AE7EEA78A1BB3B4EE5D
:10D4A000C78AF1EE10FA0CD517EE100A09F0E8F968
:10D4B00037A3D3E90023F4F7B9FFF5F729F807EE0E
:10D4C000100AB4EEC78AF1EE10FA0CDD17EE100A5E
:10D4D00009F0D6F930A3D3E90023F4F7A7FFF5F755
:10D4E00017F807EE100A08F10108D845A9EC017AEF
:10D4F00081D1C9EE287A17EE900AF5F773FDB2EEE6
:10D50000047A07EE900A67EE877ADDF86C38C3ED8F
:10D51000007A0DF6340DBDEC048BBDE8F08FB0EE53
:10D52000697AB1E78DED048A0DF68403D3ED007AB4
:10D53000CDED027A0DF50863D3ED007ADDE90A231B
:10D54000DDF87C18CDED017A0391DDF870180998AB
:10D5500000915146FFF704FE069B5C68002C3FF7E4
:10D5600037AF1448C9E717EE900A09F069F9D9ED09
:10D57000007A07EE100A77EEC76AA7EEA79AE6EEE2
:10D58000A68AB0E7AFF3008000000060FB21893F6E
:10D59000666666666666E63F666666666666F63F69
:10D5A0000000F03F1FB14F0A6042A20D00000000D2
:10D5B0000000E03F0000C8428DEDB5A0F7C6B03EC8
:10D5C000012303FA02F207EE102A90ED066AF8EE44
:10D5D000C75A06EE901A90ED077A76EEC66A37EED5
:10D5E000467AF6EE007A86EE876AE5EE867AFBFEEC
:10D5F000677AFDEEE77A17EE900A20EAE070824241
:10D60000D8BF02F1FF3070470123934090ED066AC6
:10D61000D0ED076A07EE903A76EEC66A07EE101A6A
:10D62000F8EEE77AB8EEC77AC6EEA75AA7EE256AF3
:10D6300016EE100A704700BF70B5034601242DEDA9
:10D64000048B084694409D69DE69F5F7CBFC08EE33
:10D65000900A2846F5F7C6FC0346304609EE103A14
:10D66000F5F7C0FC0346284608EE103AF5F7BAFC79
:10D6700007EE100A78EEC98A38EE478A07EE104A9C
:10D68000F6EE007AF8EEC76A88EE887ABDEC048B75
:10D69000E6EE877AFBFE677AFDEEE77A17EE900AF0
:10D6A00020EAE0708442D8BF04F1FF3070BD00BFB3
:10D6B00038B503462DED048BC06914469D6908EE0C
:10D6C000101AF5F78FFC0346284608EE903AF5F756
:10D6D00089FC0346284609EE103AF5F783FC01233E
:10D6E000A34007EE903A07EE100A78EEC98AF8EEEA
:10D6F000E77AB8EEC88A88EEA76AF0EE477ADFEDDF
:10D70000076AE8EE067ABDEC048BBDE8384067EEA8
:10D71000A67A17EE900AF5F76FBD00BF8E5D134035
:10D720002DE9F0472DED028B82B002AFD7E90AA5B3
:10D730004FEA8A0E6E1CB6000EF1070C2CF0070C97
:10D7400006F10709ADEB0C0D29F00709BAF1000F3E
:10D75000044602A8ADEB090D7DDD944688469FED99
:10D760005A7A02460DF10809E644FCEC017AF3EC22
:10D77000016A67EEA67AE645E2EC017AA7EEA77A9F
:10D78000F3D1B5EE407AF1EE10FA64D052462B4652
:10D79000494601F0DFF82A464146484601F006F9BD
:10D7A000002DC0F28380C2469FED478A434646441F
:10D7B000B3EC017AF9EC017A9E42A7EE278AF7D101
:10D7C0000026DFF80C9107EE906AF8EEE77A4846FB
:10D7D00017EE901AF5F714FCDAED007A07EE100A4E
:10D7E00067EE877AB542EAEC017A06F10106EAD1E2
:10D7F000364E05232246404629460096FDF7ECF8B2
:10D8000085424CD0002D4AD02846F4F78FFE0246C0
:10D810000B462BA1D1E90001F4F72CFE002680462F
:10D82000894607EE906AF8EEE77A17EE900A09F05B
:10D8300027F842464B46F4F7F9FDF4F769FE013646
:10D84000B54244F8040BECD118EE100ABD46BDEC0D
:10D85000028BBDE8F087002D1FDD2846F4F766FE39
:10D8600002460B4616A1D1E90001F4F703FE00269B
:10D870008046894607EE906AF8EEE77A17EE900A3E
:10D8800008F0FEFF42464B46F4F7D0FDF4F740FEA9
:10D890000136B54244F8040BECD19FED0B8A18EE2B
:10D8A000100ABD46BDEC028BBDE8F087074E05238C
:10D8B0002246294640460096FDF78EF8EDE700BF68
:10D8C00050455254FB210940000000000AD7233C78
:10D8D000C9767E3F2DE9F04F4FEA8209DFF8B0C0EC
:10D8E00009F1070387B023F00703002AFC4402AFC5
:10D8F000ADEB030D41DD0FF2900BDBE900AB02ADA8
:10D900002E467D6080460C4615468944C7F800C007
:10D9100054F8040B08F0B4FF52465B46F4F786FD5A
:10D92000F4F7F6FD4C4546F8040BF1D14FF07E516B
:10D930002A46D7E900C5174B07F10C0AB9605CF815
:10D940000340534600269146AA46A8F1040807F171
:10D95000080B7B607A682368E0680192A5685146ED
:10D960005A460095FEF744FF0136B14548F8040FCA
:10D9700004F110040AF1040AECD11437BD46BDE8E5
:10D98000F08F00BFAFF30080A6E52B4BF5E493408A
:10D990006C350110180000002DE9F8434FEA820EA3
:10D9A0001F4C0EF1070323F00703002A00AF7C444D
:10D9B000ADEB030D2CDD1B4B0546E358E9466C46E9
:10D9C000E846A1F1040C0CEB0E0618685CF8041F85
:10D9D000DA6800FB01F102EB81021268664503F18F
:10D9E000100348F8042BF0D14E460FF22C09D9E968
:10D9F0000089764454F8040B08F042FF42464B4637
:10DA0000F4F714FDF4F784FDA64245F8040BF1D1B8
:10DA1000BD46BDE8F88300BF93E099B665BC493FB9
:10DA2000AA340110180000002DE9F04F2DED028BF3
:10DA30008DB0D1ED007AD1ED016A36EEE77AF4EEE1
:10DA4000C77AF1EE10FA1E4658BFF0EE477A904CB6
:10DA5000904D7C4454F805A002AF3A609A00D31D63
:10DA6000DAF80C4023F00703ADEB030D7C61DAF824
:10DA70001C400D4602A9ADEB030D3C617960DAF85C
:10DA80002C4002A9ADEB030D796202A9ADEB030DA9
:10DA9000FC6002ACADEB030D396206F1FF3B02A95D
:10DAA000ADEB030D02ABBBF1010FC4ED007AB86022
:10DAB000F961BB6149DD042E40F3E1802B46A446A9
:10DAC0000120711F21F0010101F1030E93ED026AA3
:10DAD00076EE667AB4EEE77AD3ED036AF1EE10FAE9
:10DAE00054BFF0EE675AF0EE475A36EEC67AF4EEBF
:10DAF000C77AF1EE10FA58BFF0EE477A0230CCED5B
:10DB0000015A704503F108030CF1080CCCED007AC2
:10DB1000DCD105EB8E01D1ED007A11ED017AD1ED6A
:10DB2000016A37EEC77A76EEE77AB4EEE77AF1EE7D
:10DB300010FA58BFB0EE677A0EF1010304EB8E00C5
:10DB40009B4580ED007A00F38D80AB1853ED017A90
:10DB500013ED028A17EE900A37EEC88A08F090FE9D
:10DB600002460B4648A1D1E90001F4F74BFC804680
:10DB7000894618EE100A08F083FE42464B46F4F739
:10DB80002FFD28B940464946F4F7C2FC08EE100ABA
:10DB900004EB8B0B3246214628468BED008AFEF7BC
:10DBA000B7FF33462A467869DAF80810FFF73AF8E3
:10DBB00006EBD678002E81464FEA680835DDD7E9B6
:10DBC000000309FB06F2796906EB020C01EB8C0CF1
:10DBD00001EB82021946B2EC017AA0EC017AF5EC75
:10DBE000017A77EEC77A6245E1EC017AF3D1012E32
:10DBF0001BD0D7E90856D7E906100022D3F800C099
:10DC0000013246F804CBD3F804C0424545F804CBB2
:10DC1000D4F800C003F1080340F804CBD4F804C0E2
:10DC200004F1080441F804CBE8DBFB697A6A38693F
:10DC3000DAF81810CDF80080FFF73AF8CDF8008038
:10DC40000446BB693A6AF868DAF82810FFF730F83A
:10DC5000BB682C37C3E900949860BD46BDEC028BCD
:10DC6000BDE8F08F91ED027A37EE667AB4EEE77A8E
:10DC7000F1EE10FA77FE877AC0ED017A65E74FF092
:10DC8000010E46E7AFF3008050455254FB21094096
:10DC900006340110400000002DE9F041284C294DC8
:10DCA0007C44645982B0E669E568E46A0096161E11
:10DCB000984601948768D0E900433EDD06FB04F0F6
:10DCC0008C460C46321805EB820205EB800050F8BA
:10DCD00004EB82424CF804EBF9D1B8F1010F2CD0DF
:10DCE000012E4FEA660528D006FB03F206FB07F378
:10DCF000009802EBD272521003EBD37300EB820058
:10DD0000019A5B1002EB83020023043151ED017A8A
:10DD1000B0EC017A77EE877A41ED017AB2EC017AC4
:10DD2000D4ED017A77EE877A0133AB4204F108042F
:10DD300001F1080144ED017AE8DB02B0BDE8F081B1
:10DD4000B8310110400000002DE9F04105462DEDED
:10DD5000028B10461C46884608F092FD46A3D3E984
:10DD60000023F4F763FB95ED008AD5ED018A78EE88
:10DD7000C87A064617EE900A0F4608F081FD024663
:10DD80000B4630463946F4F767FC60B118EE100ACE
:10DD900008F076FD32463B46F4F720FBF4F7B8FB7B
:10DDA00008EE900A686095ED028A78EE687A17EEC0
:10DDB000900A08F065FD02460B4630463946F4F7F6
:10DDC0004BFC60B118EE900A08F05AFD32463B4613
:10DDD000F4F704FBF4F79CFB08EE100AA860D5EDFD
:10DDE000037A77EEC87A17EE900A08F049FD3246BA
:10DDF0003B46F4F7F5FB50B118EE100A08F040FD71
:10DE000032463B46F4F7EAFAF4F782FBE860B8F1F1
:10DE1000040F2ADD204608F033FD17A3D3E90023C1
:10DE2000F4F704FB06460F4605F1100405EB8805E0
:10DE3000F4EC017A14ED028A77EEC87A17EE900AB4
:10DE400008F01EFD32463B46F4F7CAFB58B118EE07
:10DE5000100A08F015FD32463B46F4F7BFFAF4F716
:10DE600057FB44F8040CA542E2D1BDEC028BBDE89F
:10DE7000F08100BFAFF3008093E099B665BC493FE5
:10DE80002DE9F0412DED028B90ED008AD0ED018A55
:10DE900078EEC87A054617EE900A884608F0F0FC3E
:10DEA0003BA3D3E90023F4F79BFB68B118EE100AFB
:10DEB00008F0E6FC36A3D3E90023F4F78FFAF4F771
:10DEC00027FB08EE900A686095ED028A78EE687A82
:10DED00017EE900A08F0D4FC2DA3D3E90023F4F741
:10DEE0007FFB68B118EE900A08F0CAFC28A3D3E9BA
:10DEF0000023F4F773FAF4F70BFB08EE100AA8609E
:10DF0000D5ED037A77EEC87A17EE900A08F0B8FCE0
:10DF10001FA3D3E90023F4F763FB58B118EE100AEE
:10DF200008F0AEFC1AA3D3E90023F4F757FAF4F78C
:10DF3000EFFAE860B8F1040F23DD17A7D7E900670F
:10DF400005F1100405EB8805F4EC017A14ED028A62
:10DF500077EEC87A17EE900A08F092FC32463B46FC
:10DF6000F4F73EFB58B118EE100A08F089FC32466F
:10DF70003B46F4F733FAF4F7CBFA44F8040CA54225
:10DF8000E2D1BDEC028BBDE8F08100BFAFF30080B1
:10DF90007337A8762F1BB43F7337A8762F1BC43F67
:10DFA00010B50446006808F06BFC09A3D3E9002310
:10DFB000F4F716FB50B1E06808F062FC06A3D3E961
:10DFC0000023F4F733FAF4F7A3FAE06010BD00BFC2
:10DFD0002D53FC31C728BE3FFCA9F1D24D62A03FB2
:10DFE00010B501248C40F4F7FDFFB2EE047A06EE82
:10DFF000900ADFED0D5A06EE104AA6EE877AB8EECB
:10E00000C66AC7EE256AF6EE007AE6EE267AFBFED1
:10E01000677AFDEEE77A17EE900A20EAE070844214
:10E02000D8BF04F1FF3010BD0000484208B50123FD
:10E030008B4007EE903ADFED125AF8EEE77A07EEE2
:10E04000100A85EEA76AB8EEC77AFAEE046AE7EE20
:10E05000066A16EE900A08F013FC0022094BF4F74A
:10E0600009FA05A3D3E90023F4F7E0F9F4F750FA2D
:10E07000BDE80840F5F7C0B8000000C0B16B024031
:10E0800000004842000024402DE9F84F2DED048B9C
:10E09000B7EE008A82ED018A4D4B14461360D0ED35
:10E0A000017AF5EEC07AF1EE10FA05460E465BD421
:10E0B000B7EE089A474FDFF84091DFF840A1DFF84C
:10E0C00040B1DFF84081D6ED007AD5ED008A78EED8
:10E0D000E78AF0EEE88A18EE900A08F0D1FB3AA33E
:10E0E000D3E90023F4F77CFA90B384ED019AB0EE03
:10E0F000498AC4F80080D6ED017AB2EE047AD5EDF3
:10E10000016A37EEC77AF4EEC76AF1EE10FA09D564
:10E11000F6EE007A28EE278A84ED018AD5ED016AB1
:10E12000D6ED017AB3EE047A77EEC77AF4EEE67AAA
:10E13000F1EE10FAC4BFF6EE007A28EE278A28EE38
:10E14000088A276084ED018ABDEC048BBDE8F88F56
:10E15000F6EE007AF4EEE78AF1EE10FACABF5746FF
:10E160004F46C4F800B0C6E79FED1B8A82ED018AD6
:10E170001A4BFAEE047A136090ED017AB4EEE77A66
:10E18000F1EE10FA11D59FED168A164B9FED169AF7
:10E1900082ED018A154FDFF87090DFF870A0DFF88C
:10E1A00070B0DFF8708013608DE79FED119A114F0A
:10E1B000DFF86490DFF864A0DFF864B0DFF8648013
:10E1C00081E700BFAFF300809A9999999999C93F67
:10E1D0000000F041000061459A99993E000090418D
:10E1E000EC51B83DCDCCAC40713D0A3EAF47E94261
:10E1F0006766E63E0000A2440000614400006143FF
:10E200000000704100007042AF47E941AF47E9406C
:10E21000CDCC2C40CDCC2C410000A2430000A2422A
:10E220000000104100001042D0ED007A9FED8A7A84
:10E23000F8EEE77AF4EE477A2DE9F0432DED048B02
:10E24000F1EE10FA8B4E8C4C7E4436598BB0D6E9E9
:10E25000024890ED068AD0ED078A3668039440F0B4
:10E26000DE80086817461C460D4608F009FB72A3BD
:10E27000D3E90023F4F7FEF80022784BF4F7D6F840
:10E280000022774BF4F7F6F8F4F742F9F4F7AAFE18
:10E290009FED747A06EE900AC6EE877A3868CDED67
:10E2A000047A08F0EDFA66A3D3E90023F4F796F8B0
:10E2B000F4F72EF9F4F796FEB2EE047A07EE900A20
:10E2C00067EE877A0DF120094A46214604A8CDED74
:10E2D000057AFFF7D9FE002E40F3978094ED007A7F
:10E2E0009FED619ADDED047AE7EE497A012ECDEDDE
:10E2F000067A76D094ED017ADFED5C9ADDED057A51
:10E30000E7EE697A4B4600964046039906AACDEDA2
:10E31000077AFEF7CDFC00FB06F608EB860393EDCB
:10E32000006AD4ED007AA7EE896A84ED006A9DED5B
:10E33000067AF0EE467A93ED006A37EE467A8DED76
:10E34000067AD4ED016A93ED017AA6EEA97A84EDFE
:10E35000017A17EE901A4FF08040F4F751FE08F062
:10E360008FFA39A3D3E90023F4F760F800223B4B7E
:10E37000F4F780F8F4F7CCF807EE900AF4EEE87AB8
:10E38000F1EE10FA78FEA78AB4EEE88AF1EE10FA00
:10E3900038FE288A85ED008A18EE100A08F070FA17
:10E3A00002460B4624A1D1E90001F4F763F8F4F723
:10E3B000E1F8034660686B6008F062FA00222C4BBB
:10E3C000F4F758F822A3D3E90023F4F72FF8F4F771
:10E3D0009FF8F4F711FF38600BB0BDEC048BBDE87B
:10E3E000F0834B4640460399009606AAFEF760FC70
:10E3F00008EB8000D4ED007A90ED007AA7EE897AE0
:10E40000F0EE477A84ED007AA3E74B464046039945
:10E41000009606AAFEF74CFCD4ED007A99E7174B5C
:10E42000174A184840F2FE317B447A447844F5F7A5
:10E4300061FC00BFAFF3008050455254FB210940FE
:10E440002D431CEBE2361A3F2646E0598CA263406E
:10E45000000000C0B16B02400000FA450040AF4030
:10E46000000049409B209A3ECDCC4C3F6666663FFB
:10E4700000002440102C011030000000948B00009C
:10E48000EA9400009C8B00002DE9F0412DED028BF9
:10E49000694B6A4D7B445B5988B0D3E90276B7F586
:10E4A000807F1D6840F0A680006808EE101A1446B0
:10E4B00008F0E6F95EA3D3E90023F3F7DBFF0022BF
:10E4C000554BF3F7B3FF0022544BF3F7D3FFF4F7A8
:10E4D0001FF8F4F787FDDFED527AB4EEE78A06EE17
:10E4E000100ADFED506AF1EE10FA86EE267A54BF7C
:10E4F00018EE100A17EE900A8DED027A08F0C0F9B6
:10E5000043A3D3E90023F3F769FFF4F701F8F4F725
:10E5100069FDB2EE047A07EE900A67EE877A0DF194
:10E5200018084246214602A8CDED037AFFF7ACFD5C
:10E53000002D53DD94ED007A9FED3B8ADDED027AEC
:10E54000E7EE487A012DCDED047A31D094ED017AD1
:10E55000DFED368ADDED037AE7EE687A4346009513
:10E560003946304604AACDED057AFEF7A1FB00FB43
:10E5700005F506EB850393ED007A94ED006AA6EEAF
:10E58000087A84ED007ADDED047A93ED007A77EE77
:10E59000C77ACDED047AD4ED016AD3ED017AE6EEC7
:10E5A000A87AC4ED017A08B0BDEC028BBDE8F08119
:10E5B000434639463046009504AAFEF779FB06EB40
:10E5C000800694ED007AD6ED007AE7EE087AC4ED85
:10E5D000007A08B0BDEC028BBDE8F08143463946B5
:10E5E0003046009504AAFEF763FB08B0BDEC028B31
:10E5F000BDE8F081124A134B13487A4440F233418C
:10E600007B4478441032F5F775FB00BFAFF3008010
:10E610002D431CEBE2361A3F0040AF40000049405A
:10E62000000000009B209A3ECDCC4C3F6666663FC2
:10E6300050455254FB210940C4290110300000000C
:10E640001A930000188A0000C6890000F8B52DED65
:10E65000028BDFF814C1454CFC445CF804C00D4645
:10E66000DCF800701C46002F164690ED068AD0EDAF
:10E67000078AD3ED007A1CDD089BDCF80C2003FB35
:10E6800007F302EB830191ED007ADFED336AA7EE29
:10E69000A67A012FF0EE477A84ED007A09D094ED46
:10E6A000016A91ED017ADFED2D6AA6EE267A84EDFE
:10E6B000017A17EE901A4FF08040F4F7A1FC08F0B1
:10E6C000DFF81FA3D3E90023F3F7B0FE0022244BA9
:10E6D000F3F7D0FEF3F71CFF07EE900AF4EEE87AAA
:10E6E000F1EE10FA78FEA77AF4EEC87AF1EE10FA9D
:10E6F00054BF17EE900A18EE100A286008F0C0F810
:10E7000002460B4610A1D1E90001F3F7B3FEF3F77F
:10E7100031FF034660686B6008F0B2F80022114BCD
:10E72000F3F7A8FE0AA3D3E90023F3F77FFEF3F77C
:10E73000EFFEF4F761FDBDEC028B3060F8BD00BF69
:10E740002646E0598CA2634050455254FB210940B3
:10E75000000000C0B16B0240CDCC4C3F6666663F06
:10E760000040AF40000024400028011030000000AD
:10E77000F0B5059C0CB182EA62020C6804F0070C4B
:10E78000CCF1080C63451D4628BF6546E6085B1BB7
:10E79000875D42FA03FEACEB050C0EFA0CFC4CEA6A
:10E7A000070C2C4400F806C00C60002BE6D1F0BD2D
:10E7B00010B5012482B00094FFF7DAFF02B010BD5B
:10E7C0002DE9F041002501260C6804F0070ECEF17A
:10E7D000080E7245174628BF77464FEAD40C10F84A
:10E7E0000CC0AEEB070E06FA07F84CFA0EFC08F167
:10E7F000FF3ED21B0CEA0E0C0CFA02FC3C4445EA2C
:10E800000C050C60002AE0D13BB185EA152585EAAC
:10E81000151585EA950585EA55052846BDE8F08178
:10E820000123FFF7CDBF00BF002B0FDD92ED007A73
:10E8300001EB8303D1ED007A77EEC77AE0EC017A41
:10E84000B1EC017A994282ED007AF3D1704700BFB2
:10E850002DE9F84F002B25DD0FF24C09D9E900898D
:10E8600093460E460746106801EB830A08F008F845
:10E870004B464246F3F7DAFD024656F8045B14466F
:10E8800028460D4607F0FCFF02460B462046294667
:10E89000F3F7A4FDF3F73CFEB24547F8040BCBF8C1
:10E8A0000000E3D1BDE8F88F14AE47E17A14EE3FE3
:10E8B0002DE9F04FB2F1000B83B042DD82460BF13F
:10E8C000FF300D46F3F732FE00244FF00008CDE98B
:10E8D0000001DFF87C9007EE904AF8EEE77A17EE39
:10E8E000900A07F0CDFF18A3D3E90023F3F79EFDAC
:10E8F000DDE90023F3F7BEFDF3F70AFEF4F797FE18
:10E9000007F0BEFF42464B46F3F790FD0B4602462A
:10E9100049464046F3F776FD02465AF8047B164610
:10E9200038460F4607F0ACFF02460B4630463946E4
:10E93000F3F77CFDF3F7ECFD0134A34545F8040B38
:10E94000C9D103B0BDE8F08F50455254FB211940A6
:10E950000000E03F002B25DB70B50546144600EBB8
:10E96000820E9FED116A002205EB4406581C7600CA
:10E97000A31A002BA1EC016A0EDD2B46DFED0A7A0B
:10E98000A6EB0E0CF3EC016ABCEC017AE6EE877A9A
:10E990009E4541ED017AF5D101328242AEF1040E7D
:10E9A000E6D170BD704700BF000000002DE9F04FB8
:10E9B0002DED048B14468DB0013202FB02F39B0057
:10E9C000073300AF23F00703002C90ED008A796233
:10E9D000ADEB030D40F3B980D0ED017ADFED658A30
:10E9E00077EEA87A4FEA820808F10403834617EE0F
:10E9F000900A7B6107F044FF024601F1004318EEE4
:10EA0000100ABA62FB6207F03BFF02460B46D7E9E9
:10EA10000A01F3F72FFDF3F77BFD07EE900AB7EE3F
:10EA2000007AF0EEE76AF4EEC76AF1EE10FA6D468E
:10EA30004FEA980940F39380F0EE687A09F10102F9
:10EA400005EB8203012CC3ED007A00F08D800BF101
:10EA50000803C7E90384F7EE008A4FF0020A1C4658
:10EA60000BEB0801396208F1040108F1080605EB17
:10EA7000010BA8F104012E44B962BA6018EE100A25
:10EA800007F0FEFEA0460B46B8EC019ADFED397A9E
:10EA90004FF0010C02465946B1EC017A74ED016A5F
:10EAA0000CF1010CD445E6EE877AF5DB77EE897A36
:10EAB00017EE900AC7E9002307F0E2FED7E900232A
:10EAC00001F10041B861F961D7E90601F3F7D2FC21
:10EAD000F3F71EFD06EE900AF0EEE67AF4EEE87A21
:10EAE000F1EE10FAD6BFF0EE687ADFED226AE6EEBC
:10EAF000E67ABB68D8BF28EE278A0AFB03F305EB4A
:10EB00008303C3ED006AFB6803EB0B010A4633463F
:10EB1000FBEC017A33ED017AE7EE267A5E45E2EC12
:10EB2000017AF5D17B698B461E443B6A0AF1010AE2
:10EB300098451DD13C6909FB04F4D7E90932013439
:10EB4000181D05EB840107F0A7FE4FF07E537A6A8B
:10EB500034371360BD46BDEC048BBDE8F08FA7EEE3
:10EB6000E77A28EE078A69E7A8F10403BB62E2E7C7
:10EB7000444683E70000000030B5002A039D0DDD08
:10EB8000A0EB850C0020AC0003EB820E002D43F8B7
:10EB9000040B04DA73450CF1040CF7D130BD9FED82
:10EBA0000C6A04340846DFED0A7A04EB0C0272EDBD
:10EBB000016AB0EC017AE6EE877A624543ED017AAC
:10EBC000F5D173450CF1040CE8D0A3EC016AE9E738
:10EBD00000000000002A27DD30B51D46DDF80CE0FE
:10EBE000034600EB8204AEEB8500F3EC017A91ED75
:10EBF000007A67EE877A7246002D0EF1040EC8BFC8
:10EC000001F1040C4EED017A09DD72ED016ABCECF4
:10EC1000017AE6EEC77A90424EED017AF5D1A34231
:10EC200000F10400E1D130BD704700BF2DE9F04F85
:10EC3000994601339E00ADF6040DF31D23F0070342
:10EC400000AFB2F5007FD7F82888ADEB030D30DABE
:10EC500092460C463946FFF72BFE4B465246694614
:10EC60003846FFF777FE4A4621466846FFF79EFE84
:10EC7000DFED147AB9F1000FC8ED007A14DB2146FC
:10EC800068463319F1EC016AB0EC017AE6EE877A56
:10EC90009942C8ED007AF5D1F5EEC07AF1EE10FA9E
:10ECA00044BF094BC8F8003007F60407BD46BDE86D
:10ECB000F08F064B064A0748FA217B447A44784491
:10ECC000F5F718F800000000CCBC8C2B7E83000008
:10ECD000748C00008E830000002A20DD2DE9F041B5
:10ECE00001242DED028B8846061D1D1D171907EE08
:10ECF000904AF8EEE77A404617EE901AB6EC018A91
:10ED0000F4F77EF907EE900A68EE277A0134BC42E8
:10ED1000E5EC017AEBD1BDEC028BBDE8F0817047E8
:10ED20002DE9F84F054640F2DC60EC682E68F4F7F8
:10ED300001FF8246002870D0B6F5FA5F70D0B6F5B4
:10ED40007A5F40F082806868CAF804403030CAF8C0
:10ED500000608000F4F7EEFEC0220021CAF8D4065D
:10ED600007F072FD04EBD4746410B4F5A07F63DC8B
:10ED70003D4B4FEAE47B83FB0423042CCBEB630B7A
:10ED80002DDD0BF1FF30F3F7D1FB002480468946DF
:10ED90000026364F0AF108052046F3F7C7FB30A3DB
:10EDA000D3E90023F3F742FB42464B46F3F762FBFD
:10EDB000F3F7AEFBF4F73BFC07F062FD32463B464F
:10EDC000F3F734FB02460B4630463946F3F71AFB9D
:10EDD000F3F79EFB01345C4545F8040BDCDB4FF494
:10EDE000A06200210AF5847007F02EFD00230AF5C9
:10EDF000C16003600AF20C600360C02200210AF5C2
:10EE0000C26007F021FD00234FF400701A46194636
:10EE1000FAF7C8F9CAF8D00628B15046BDE8F88F0D
:10EE2000C0E90064A1E7124B124A13489B217B44BE
:10EE30007A447844F4F75EFF104B114A11488F2151
:10EE40007B447A447844F4F755FF0F4B0F4A10483F
:10EE500078217B447A447844F4F74CFFAFF3008088
:10EE600050455254FB211940676666660000E03F3A
:10EE7000E28200000C8B000086820000C482000049
:10EE8000FA8A00007482000046820000E88A0000CE
:10EE90006282000010B5B0B10446D0F8D006FAF78F
:10EEA0007FF92368B3F57A5F04D02046BDE81040AF
:10EEB000F4F77CBED4F8D406F4F778FE2046BDE81B
:10EEC0001040F4F773BE054A054B06487A44AA2160
:10EED0007B4478440C32F4F70DFF00BF708A0000C9
:10EEE00058820000E68100002DE9F04F2DED028BE5
:10EEF00085B011994FF420679FED5B7AD1ED007AD0
:10EF000097FBF2F7DFED596A67EE877ADDF840A0EC
:10EF1000814618460AEBDA73B7EB630F87EEA67AE1
:10EF200000F39380FDEEC77A5C1017EE908A07F02D
:10EF3000A7FC9FED4F8ACDE9000102266FF0604BE0
:10EF40002046CDF80CA0F3F7F1FA4FF03332494BDD
:10EF500004460D46F3F76AFAF3F70CFB034629461D
:10EF600020461D463AA3D3E90023F3F75FFAF3F7EF
:10EF700001FBB842B8BF38464045044655DAA845BB
:10EF800053DA35A3D3E90023DDE90001F3F74EFAA4
:10EF9000F3F7BEFA06EE900AF0EE487A2346013502
:10EFA00009EBC402114691ED007AB4EEE77AF1EE76
:10EFB00010FAC8BF1C4603F1010377FE277A9D4271
:10EFC00002F10802EED1F4EEE67AF1EE10FA14DD69
:10EFD00004EB0B0309EBC30393ED007AB4EEE77A7D
:10EFE000F1EE10FA09D593ED047AB4EE677AF1EEFA
:10EFF00010FA039B48BF2346039301369AFBF6F0B1
:10F00000B842A0DADDED037ADFED186AF8EEE77AB0
:10F010009FED157A67EEA67AC7EE877A17EE900A0B
:10F0200005B0BDEC028BBDE8F08F0DA3D3E9002342
:10F03000DDE90001F3F7FAF9F3F76AFAAC4206EEFC
:10F04000900AA9DDF0EE487ABDE7CDF80CA0D9E72B
:10F050009A9999999999E93F333333333333C33FBD
:10F06000333333333333D33F000020450000FA45B8
:10F07000000000003333F33F2DE9F04F2DED048BFA
:10F08000E74CADF5815D81B07C4402AFBC607A6134
:10F09000FB60002800F0A581D0E9003CB3F5FA5FE1
:10F0A000804600F06881B3F57A5FEB4640F0A381BB
:10F0B00002EBD27676100CEBDC7E002A4FEA6E0E65
:10F0C0004FEA860A40F37781D0F8D446ACEB0203CE
:10F0D00004F1C002104601EB830301EB8C0153F8ED
:10F0E000045B8B4240F8045BF9D10AF1070323F07B
:10F0F0000703ADEB030D7B6902A8012B1DD08446ED
:10F100000025DFF82093C434F94409F1DC013A61A9
:10F11000DFEDC17A224609F11C03F3EC016A32EDFE
:10F12000017A8B42E6EE877AF7D10135B542ECECF5
:10F13000017A04F10804EBDB3A69A6F1180302EB4B
:10F14000C3010B46C03AC03153F8044B994242F810
:10F15000044BF9D1AEEB060373453B6180F2248189
:10F1600003F1420508EB85038244F0EC017A67EE77
:10F17000A77A5045E3EC017AF7D1F4467E61DD468B
:10F180004FEA8E0308EB850508F5C16408F20C6BA5
:10F19000B7EE009AD4ED008A9BED008AAA46A146FC
:10F1A000C7E9005C08F584761E44F0EE687ADAED73
:10F1B000008A78EEE77A17EE900A07F061FB0446C2
:10F1C00018EE100A0D4607F05BFB91A3D3E900236C
:10F1D000F3F72CF902460B4620462946F3F7FEF8D2
:10F1E000F3F796F908EE100A78EE097AEAEC017A5C
:10F1F0005645DAD1D7E9005CC9ED008A8A4BBA6876
:10F20000CBF8000052F8039008F2146B08F5C263C3
:10F2100008F2CC6A09F1C004C7F808C0BC225946FC
:10F22000184607F045FB0346DFED7B7A19464A4650
:10F2300055F8040BCAF80000B2EC017AF1EC016A4F
:10F240009442E6EE877AF7D1AE4245ED017AE5D1F8
:10F25000D7F808C007F118052C462B46002207F501
:10F26000805118311A605A6008339942FAD16B4BB9
:10F270004FEAEC7683FB0C23BCF1040FC6EB63066C
:10F2800014DD42462846002308F10801D2ED427AF7
:10F29000B1EC017A844667EE877A0133B342CCED54
:10F2A000007A02F1140200F10800EFDB2946D8F8D9
:10F2B000D006F9F77DFF07F5805207F11C031C32D9
:10F2C000D3ED007A13ED017A67EEA77AE7EE077ABD
:10F2D0000833934243ED037AF2D11023DFED4E7AE7
:10F2E0001A4694ED207AB4EEE77AF1EE10FAC8BF30
:10F2F0001A4603F1010377FE277A812B04F10804F3
:10F30000EFD107F58253009218331B68284601930A
:10F31000A02217EE903A1421FFF7E6FD3B6907EEB5
:10F32000900A002B0EDD19467A6908F58473423283
:10F3300008EB820203EB810952F8041B43F8041B1B
:10F340004B45F9D198ED007AB8EEC77AC7EE276A37
:10F35000FB6817EE900AC3ED006A07F58253183375
:10F360001B6807F580571C37C3ED007ABD46BDEC1E
:10F37000048BBDE8F08FACEB02039C453B617FF74B
:10F3800069AF03F1420501EB830200EB850001EB5D
:10F390008C014FEA8C03F2EC017A67EEA77A914276
:10F3A000E0EC017AF7D1EDE67B6901330EDBF44640
:10F3B000DD467E614EE70AF10703D0F8D42623F03C
:10F3C0000703ADEB030DC03202A8B6E6174A184B8F
:10F3D00018487A4440F207117B4478441832F4F715
:10F3E00089FC154A154B16487A44E3217B4478443E
:10F3F0001832F4F77FFC134A134B14487A44F42173
:10F400007B4478441832F4F775FC00BFAFF30080FA
:10F41000666666666666EE3F0000000067666666C2
:10F42000D01D011034880000240000006A8500000F
:10F43000787D0000DE7C0000548500003C7D0000EB
:10F44000CA7C0000408500003C7D0000B67C0000C6
:10F450002DE9F84346682DED028B002E07460C4639
:10F460009FED6B7A0FDD00F10C0303EB8602F3ECEA
:10F47000017A9342A7EEA77AF9D1B5EEC07AF1EE00
:10F4800010FA40F3A98007EE906AF8EEE77AC7EE2B
:10F49000277A17EE900AF3F7A5FDF2EE047A08EE4C
:10F4A000100A206828EE278A07F0EAF9DFED597A7A
:10F4B000B4EEE78AF1EE10FA2CD40022564BF2F7A4
:10F4C0008DFF0022554BF2F7D5FF49A3D3E9002366
:10F4D000F2F7ACFFF3F71CF8F3F78EFED7F8103510
:10F4E00008EE100A93B1002E10DD0FF20C19D9E9C5
:10F4F0000089012407F10C05F5EC017AF4EEC87AD5
:10F50000F1EE10FA3AD40134A642F5DABDEC028BE2
:10F51000BDE8F883D7F81035002B49D138A3D3E9DB
:10F520000023F2F783FF064618EE100A0F4607F095
:10F53000A7F935A3D3E90023F2F778FF02460B467B
:10F5400030463946F2F74AFFF2F7E2FF206007F053
:10F5500097F90022304BF2F741FF00222F4BF2F7D0
:10F5600089FF23A3D3E90023F2F760FFF2F7D0FF6E
:10F57000BDEC028BBDE8F843F3F73EBE00F0E0FFC0
:10F5800007EE900AF8EEE77A17EE900A07F078F99E
:10F5900042464B46F2F74AFFF2F7BAFF7E68013463
:10F5A000A642C5F88002A7DABDEC028BBDE8F8835D
:10F5B0000022194BF2F712FF0022184BF2F75AFF04
:10F5C0000BA3D3E90023F2F731FFF2F7A1FFF3F722
:10F5D00013FE08EE100A86E7114B124A12487021FA
:10F5E0007B447A447844F4F785FB00BFAFF3008096
:10F5F000000000C0B16B02407D489C982D22293F3D
:10F60000CDCCCCCCCCCCEC3F9A9999999999B93F77
:10F61000CCBC8C2B0000204200001840000034407D
:10F62000787B0000F68400007C7B00000000000076
:10F630002DE9F04FB1F5FA5F0D46044607EE902A2A
:10F6400083B002D0B1F57A5F7FD107EE105AB8EEE1
:10F65000C77A67EE277A17EE900A07F011F9F2F7EA
:10F6600055FCF2F787FF81462846F2F75FFF45A376
:10F67000D3E9002382468B46F2F7D8FE0022404BA6
:10F6800006460F46F2F7D2FEF2F77EFCF2F772FF63
:10F6900033A3D3E90023804659465046F2F7C6FE0D
:10F6A000F2F772FCF2F766FF0346394630461F4612
:10F6B000F2F76AFCF2F75EFF2BA3D3E900230646BC
:10F6C00059465046CDE900ABF2F7B0FEF2F75CFCCC
:10F6D000F2F750FF82463046F2F728FF02460B460B
:10F6E00023A1D1E90001F2F7C5FEF2F711FF83462D
:10F6F0003846F2F71BFF02460B461DA1D1E9000177
:10F70000F2F7B8FEF2F704FF666140F2171340F219
:10F71000FF16B5F5FA5F08BF1E4617A3D3E900230D
:10F72000E061C4E90198DDE90001C4E903A7C4F878
:10F7300018B025602662F2F779FEF2F71BFF034648
:10F740002046636203B0BDE8F08F104B104A1148A9
:10F750003F217B447A447844F4F7CCFAAFF300803D
:10F760007B14AE47E17A643F7B14AE47E17AA43F55
:10F7700044174154FB2119407B14AE47E17A743F92
:10F780000000E03F7B14AE47E17A943F46790000E9
:10F79000908300005E7A00002DE9F04F2DED028B82
:10F7A000ADF5005D8BB00693036AD0F80C80029330
:10F7B00003EBD3735B10164608EBD8720591C3EBCD
:10F7C000620100294FEA6202C3F100030191039232
:10F7D000049305DD0B46304600219A0007F034F80B
:10F7E000DDE903329B1AC2F10009019A934240F30A
:10F7F000B5800793029B9FED648A581EF2F796FE30
:10F80000079B019ACDE9078906EB82070996002438
:10F810004FF0000A804689461E46DFF874B19D1AF3
:10F820002046F2F783FE56A3D3E90023F2F7FEFD4C
:10F8300042464B46F2F71EFEF2F76AFEF3F7F7FE7A
:10F8400007F01EF852465B46F2F7F0FD02460B4603
:10F8500050465946F2F7D6FDF2F75AFE07EE900AE7
:10F860000134A542A7EEA78A47F8040BD8D1DDE9F9
:10F8700007893346DFED457A984528EE278A099EA9
:10F880000ADDA8EB030292009845D8BF04220021AC
:10F8900006EB830006F0D8FFB5EE408AF1EE10FAD1
:10F8A00064D4F1EEC87AF7EE006AB8F1000F86EE84
:10F8B000A77A0ADD334606EB8808D3ED007A67EEB7
:10F8C000877AE3EC017A9845F7D10AA908460B46F6
:10F8D00000220DF5815408341A605A6008339C42A6
:10F8E000FAD1029B012B1CDD039B06EB8302002354
:10F8F00052F8045B01334B4540F8085BF8DB049B8E
:10F9000001989A00C2EB800203F5007306EB8005B4
:10F9100001EBC303164455F8042BB54243F8082BFA
:10F92000F9D122460598FAF76FFC21460DF50055EE
:10F930000DF5C153069A2835083353F8084B51F892
:10F94000080B42F8044B9D42C2F8FC03F5D10DF5BB
:10F95000005D0BB0BDEC028BBDE8F08F984502DD79
:10F960009FED098A8DE7DFED087A9CE718EE100A13
:10F9700006F066FF07EE900A95E700BFAFF3008040
:10F9800044174154FB2119400000000000000044CE
:10F990000000E03FF8B5054608680C4606F070FF29
:10F9A00000220F4BF2F742FD064628460F4606F0AE
:10F9B00067FF02460B4630463946F2F70FFD064612
:10F9C00060680F4606F05CFF02460B46304639463B
:10F9D000F2F718FDF2F79CFD65602060F8BD00BFEE
:10F9E0000000C0BF2DE9F0410E46114604464FF01D
:10F9F000000E30468C460E46069DE768D4F82080FF
:10FA00001A4601F58053CCF800E0CCF804E00CF184
:10FA1000080C6345F7D108EBD874B8F1010F4FEA31
:10FA2000640431DD4FF0000C07EBD7777F1002EB59
:10FA3000870E05EB8703FEEC017AB3EC017AB04642
:10FA400067EE877A0CF1010CA445C8ED007A06F147
:10FA50000806F0DB4FF0000C3F1B05EB870EC4F5EA
:10FA6000007502EB870301EBC505F3EC017ABEECF0
:10FA7000017A2A4667EE877A0CF1010CA445C2EDA3
:10FA8000007A05F10805F0DBBDE8F041F9F790BB1D
:10FA90002DE9F047D0F800A02DED0A8B81465046A5
:10FAA0000AEE102A0AEE903A884606F0E9FE02466F
:10FAB0000B464EA1D1E90001F2F7DCFCF2F75AFD4A
:10FAC000B4EEEAAAF1EE10FADDED12BAC9F80400BC
:10FAD00063D805461AEE100A06F0D2FE02460B461F
:10FAE0003DA1D1E90001F2F7C5FCF2F711FD9FED50
:10FAF0003CCA09EE900A002D29EE8C9A46DD9FED56
:10FB000039BA0026384F0135B0EE498ADFED358A23
:10FB1000012418EE100A06F0B3FE32463B46F2F717
:10FB20005DFCF2F727FD08EBC000D0ED017A90ED07
:10FB3000007A67EEA77AE7EE077A0134AC4238EE36
:10FB4000098A78EEA78AE4D1F4EECB8A3AEE2BAAA2
:10FB5000F1EE10FAF4EECAAA27DDF1EE10FA1EDB80
:10FB60001AEE100A06F08CFE02460B461AA1D1E9E5
:10FB70000001F2F77FFCF2F7CBFC19EE90AA09EE38
:10FB8000900AB0EE68BA29EE8C9ABDE73AEE2BAA3D
:10FB9000F4EECAAAF1EE10FAF8DA09EE90AAC9ED6D
:10FBA000009ABDEC0A8BBDE8F087F1EE10FAF4DBA9
:10FBB0001AEE100A06F064FE02460B4606A1D1E9D1
:10FBC0000001F2F757FCF2F7A3FC09EE900A29EEC8
:10FBD0008C9A99E7AFF3008044174154FB211940F8
:10FBE00083F9A242000000000000E03F504552545B
:10FBF000FB2109402DE9F0432DED028B054683B032
:10FC000008680C46164606F03BFE02460B4666A107
:10FC1000D1E90001F2F72EFC0022694B80468946AB
:10FC2000F2F7DCFBF2F774FC00220746644B404617
:10FC30004946F2F7E7FBF2F76BFC4FF07E530246C2
:10FC40003146204600933B46FFF722FF206806F02E
:10FC500017FE02460B4654A1D1E90001F2F70AFC57
:10FC60000022584B80468946F2F7B8FBF2F750FC69
:10FC700000220746534B40464946F2F7C3FBF2F7D2
:10FC800047FC4FF07A5302463146204600933B46EC
:10FC9000FFF7FEFED4ED008A18EE900A06F0F0FDA4
:10FCA000064668690F46F2F741FC02460B463EA144
:10FCB000D1E90001F2F7DEFB80468946304639463D
:10FCC00042464B46F2F78CFC50B149464046F2F7AB
:10FCD0001FFC206008EE900A06F0D2FD06460F4693
:10FCE0002869F2F723FC02460B462FA1D1E9000157
:10FCF000F2F7C0FB32463B4680468946F2F770FC7D
:10FD000050B149464046F2F703FC206008EE900AE5
:10FD100006F0B6FD06460F4625A1D1E900013246A0
:10FD20003B46F2F7A7FBF2F7F3FB08EE100ABBFE27
:10FD3000488ABDEEC88AF8EEC87A67EEA87A17EE50
:10FD4000900A06F09DFD1CA3D3E9002306460F464A
:10FD5000F2F76EFC70B118EE103A013B08EE103A63
:10FD6000F8EEC87A67EEA87A17EE900A06F088FDDA
:10FD700006460F460EA3D3E900233046394684EDEC
:10FD8000018AF2F72DFC20B103B0BDEC028BBDE877
:10FD9000F0830D4A0D4B0E487A4440F245117B44E6
:10FDA00078441032F3F7A6FF44174154FB21194061
:10FDB00050455254FB210940D8C1E75C48E0074058
:10FDC000000014400000F03F4C7D00006274000011
:10FDD000147400002DE9F04F2DED048B466885B0BA
:10FDE000002E039367DD90ED008A054618EE100A99
:10FDF000884606F045FD01249FED479ADFED478ACE
:10FE00004FF0000ACDE90001DFF814B10C3506EB24
:10FE100004092046F2F78AFB52465B4606460F4627
:10FE2000F2F7F0FADDE90023F2F700FB38A3D3E99B
:10FE30000023F2F7FBFA52465B46F2F7CFFAF2F7ED
:10FE400099FB03465246304639461E465B46F2F75A
:10FE5000C5FADDE90023F2F7E9FA2DA3D3E900237F
:10FE6000F2F7E4FA52465B46F2F7B8FAF2F782FB91
:10FE7000864240DADFED286A08EBC60608EBC000D0
:10FE8000D6ED017A96ED007A67EEA77AE7EE077A6B
:10FE90000836B04276EEA76AF2D1F5EE406AF1EE8E
:10FEA00010FA2BD4F1EEE67A039BE5EC017A3BB92C
:10FEB00001344C45ADD105B0BDEC048BBDE8F08FED
:10FEC00007EE904AF8EEE77A67EE887AC7EEA87AEE
:10FED00017EE900A06F0D4FC52465B46F2F77EFA23
:10FEE000F2F748FB08EBC00001684068F3F7EAFC52
:10FEF000C5F88002DCE7F0EE497AD5E716EE900A05
:10FF000006F09EFC07EE900ACEE700BFAFF300803C
:10FF100000000060305F544000000000DB0F493CEF
:10FF20000000E03F2DE9F04F2DED048B04468BB02F
:10FF30004868154603930F46F2F7F8FA82468B4657
:10FF40002668CDE904AB06EBD6704010F2F7EEFA66
:10FF5000804689460022BE4B50465946CDE9068967
:10FF6000F2F764FA42464B46F2F784FAF2F702FBE4
:10FF7000B0F10008D7ED008A40F35C81DFEDB59A5F
:10FF800007F10C0303EB8802F3EC017A9A42E7EEE7
:10FF9000A79AF9D118EE900A06F072FC01249FEDA1
:10FFA000AD8A9FEDAD9A4FF0000ACDE90001CDE991
:10FFB000086708EB0403DFF8B4B202930FF280295C
:10FFC000D9E900892046F2F7B1FA52465B46064667
:10FFD0000F46F2F717FADDE90023F2F727FA0022BD
:10FFE0004FF08143F2F722FA42464B46F2F742FACB
:10FFF000F2F78EFA07EE900AFAFE677AFDEEE77ADC
:020000041001E9
:100000003046394652465B4617EE906AF2F7E6F9FB
:10001000DDE90023F2F70AFA00224FF08143F2F7FC
:1000200005FA42464B46F2F725FAF2F771FA07EE67
:10003000104A07EE900AB8EEC77AFAFE677A27EE02
:10004000287AFDEEE77A17EE907A67EE097A17EED6
:10005000900A06F015FC42464B46F2F70BFA0246B0
:100060000B4600207D49F2F7CDF952465B46F2F788
:10007000B5F9F2F77FFABE4237DA9FED797A039B42
:10008000304403EB800205EBC60610463346B0EE63
:10009000476AF0EE476A05EBC701F0EC017A93ED91
:1000A000005AD3ED015A08339942E7EEA76AA5EE4C
:1000B000277AA7EEA56AF0D1C7EE265AC6EE267AB1
:1000C000F1EE655AB1EE676A96ED007AF2EC016ADC
:1000D000D6ED017AA6EEA57AE6EE867AA7EE078A35
:1000E0000836B142A7EEA78AEED1029B01349C42AA
:1000F0007FF468AFDDE90867C9EE887A17EE900AE9
:10010000F2F770FFDDE904ABB2EE047A08EE100AF4
:10011000F1EE087A28EE078AB4EEE78AF1EE10FADB
:10012000CCBF0124002400224E4BC7F81045504696
:100130005946F2F77BF9DDE9068942464B46F2F76C
:1001400099F9F2F717FA04460022474B50465946F0
:10015000F2F76CF942464B46F2F78CF9F2F70AFADD
:10016000002CDFED3C6A09DD07F10C0303EB840290
:10017000F3EC017A9A42E7EEA76AF9D184429FED47
:10018000357A0CDCA31C07F10C0207EB830302EBAE
:100190008002F3EC017A9342A7EEA77AF9D1C6EE7A
:1001A000877A17EE900AF2F71DFFF1EE086AB4EEB7
:1001B000E68A07EE900AB2EE047AF1EE10FA67EEE4
:1001C000877A20DDBAEE047AF4EEC77AF1EE10FAFF
:1001D00028D50023C7F810353046F2F7A7F90246B4
:1001E0000B4619A1D1E90001F2F744F9F2F790F9B1
:1001F00007EE900AF4EEE87AF1EE10FA0BDB00233A
:10020000C7F8103507E0F4EEC77AF1EE10FA02DD18
:100210000123C7F8103518EE100A0BB0BDEC048BA3
:10022000BDE8F08FB9EE007AF4EEC77AF1EE10FA7D
:10023000F1D5D1E7F7EE007A60E700BFAFF30080B9
:1002400044174154FB211940D005FD9EDB8F7740B8
:1002500000408F4017B7D1380000004400007040C4
:100260000000000000409F400040AF400000E03F21
:100270002DE9F84F4568476A05EBD5746610C7EB62
:100280006404002C884604DD00214046A20006F0EC
:10029000DBFA3E44A6421BDD7800F2F747F902463E
:1002A0000B4600202C49F2F7E5F882468B460020E9
:1002B00008EB840408EB860944F8040B06F0E0FA26
:1002C00052465B46F2F78AF8F2F722F9A145F3D1DC
:1002D0004FEA450A05EB450505EBD575C7EB650407
:1002E000B4424FEA650509DD4FF07E5208EB860601
:1002F00008EB840346F8042B9E42FBD13D44A54203
:100300001CDD7800F2F712F902460B460020124974
:10031000F2F7B0F806460F464FF07E5008EB840423
:1003200008EB850944F8040B06F0AAFA32463B466E
:10033000F2F768F8F2F7ECF84C45F3D1554509DAD5
:10034000AAEB050208EB85000021BDE8F84F9200FA
:1003500006F07ABABDE8F88F0000F03F2DE9F04FC3
:100360002DED048BADF5805D87B092460DF5825280
:10037000143212681E468C460346441E9AB1012868
:100380000CDD5046AAF1040202EBC3020AEB830122
:1003900051F8045B914240F8045BF9D100210AEB6B
:1003A000830242F8041C0DF501673A4600200DF562
:1003B000805518351060506008329542FAD1706847
:1003C000002849DD0FF27019D9E9008932469FED06
:1003D000589A0125D2ED008ACDE90043CDE902CA41
:1003E00000F1010B0C3607EE905AF8EEE77A67EE53
:1003F000A87A67EE897A17EE900A06F041FA42462B
:100400004B46F2F737F800224A4BF1F7E7FFF2F7D5
:10041000B1F8B6EC018AFF28A8BFFF20D6F880A269
:1004200004465046F3F703F907EE900A68EE277A80
:1004300007EBC4045046C4ED007AF3F7F5F807EE75
:10044000900A28EE278A0135AB4584ED018ACAD18E
:10045000DDE90043DDE902CA04AE394660463246B2
:100460000093FAF753F8002C009B19DD51460DF567
:100470008252C3F50070103201301568AAF10402EF
:1004800006EB800002EB8302D1ED007AB5EC017A35
:10049000F0EC016AE6EE877AE1EC017A8A42F3D168
:1004A0000DF58251143109685A0009B3A24218DDD2
:1004B00032460DF58251103109680AEB840A01EBCE
:1004C00084040DF582511031096801EBC303B4ECCB
:1004D000017AF2EC017A67EE877AA342EAEC017ABC
:1004E000F5D10DF5805D07B0BDEC048BBDE8F08F54
:1004F000A242F6DD32460DF582511031096801EB5A
:1005000084010AEB84040AEBC30AD4ED007AB1EC4F
:10051000017AF2EC016AE6EE877AE4EC017AA24510
:10052000F3D10DF5805D07B0BDEC048BBDE8F08F15
:10053000000000440000E03F44174154FB211940F3
:1005400043F23900054B04497B441A6801FB020061
:100550001860C0F30E4070476D4EC6412C0201106A
:1005600070B5061E1DDD0820F3F7E4FA054650B30A
:1005700006EB86018C0020462E60F3F7DBFA03467B
:100580006860B8B10022DFF850C00119C3F810C08C
:10059000C3E90022C3E9022214338B42F6D1284674
:1005A00070BD0E4B0E4A0F482A217B447A44784492
:1005B000F3F7A0FB0C4B0D4A0D4831217B447A44E4
:1005C0007844F3F797FB0B4B0B4A0C482C217B44E8
:1005D0007A447844F3F78EFBAEC59D74726C0000CC
:1005E000647500007A6C0000C86C00005275000051
:1005F000686C0000A66C000040750000566C00009E
:1006000010B540B104464068F3F7D0FA2046BDE883
:100610001040F3F7CBBA054A054B06487A443C2113
:100620007B4478441032F3F765FB00BFF47400009C
:10063000546C0000066C000070B51C1E1EDD002A04
:100640001CDD4FF0000C960000EB8200C2EB427202
:100650000D46D100A0EB060E2A467346D3ED007A74
:10066000B2EC017A67EE877AE3EC017A9842F5D131
:100670000CF1010C6445AEEB0100EBD170BD00BF85
:1006800038B52DED028B08EE102AD0E90020002AA3
:100690000EDD0D4604460023D4ED047AF4EEC87A4C
:1006A000F1EE10FA07DC01339A4204F11404F3D19D
:1006B000BDEC028B38BDD21A013A013303EB830340
:1006C00002EB82022146920000EB830006F0F0F874
:1006D00028686968AA68EB6820606160A260E360CE
:1006E00084ED048ABDEC028B38BD00BF2DE9F047D4
:1006F0000E461B4B1B497B445F581B493B68024617
:100700007944D86801F050F83368002B26DD0025C5
:10071000A946DFF85880DFF858A0F844FA440024CE
:1007200072683B6802EB840241465259D868013432
:1007300001F03AF8042CF3D1736809F101092B4454
:10074000186906F09DF83C680B4602465146E06881
:1007500001F02AF8336814354B45E0DCBDE8F0873A
:10076000620701103C000000986B0000826B0000E3
:10077000886B00002DE9F84F1F1EDDE90A6B2ADDAA
:1007800004468946904600254FEA820AB8F1000FD8
:100790002ADDCC469FED167A23465444F3EC017AC9
:1007A000FCEC016A77EEE67AA342A7EEA77AF5D1D0
:1007B0001C46CBF80050D6E9002302EB820203EB83
:1007C000820353ED017AF4EEC77AF1EE10FA04DCFD
:1007D0000135AF42DAD1BDE8F88F17EE102A59463D
:1007E0003046FFF74DFFF3E79FED017AE1E700BFE9
:1007F000000000002DE9F04F85B0DDE90EA8B8F14A
:10080000000FDDF84090019034DD002653451C4672
:100810003546A8BF54461F46CDE90212DDF844B064
:10082000002F9FED166A19DDBAF1000F16DDDDE924
:1008300002EC0022019B03EB8600BEEC017AF0EC97
:10084000017AFCEC016A77EEC77A26EEA77A67EEAA
:10085000277A0132A242A6EEA76AEEDBCBF800505F
:1008600016EE102A594648460135FFF709FFA845FC
:100870003E44D5D105B0BDE8F08F00BF00000000B8
:10088000024B0A460146186800F002B89C0B022091
:1008900038B5A1FB021434BB00F042F8054630B372
:1008A00050F8042C22F00302043A242A0CD8132A0C
:1008B0000FD91B2AC0E9004412D9242AC0E90244F6
:1008C00018D000F1100205E0214605F0BDFF2846D2
:1008D00038BD024600232846C2E90033936038BD84
:1008E00000F10802F6E701F0F5FB0C230360002598
:1008F000284638BD00F11802C0E90444EAE700BF09
:10090000024B0146186800F00BB800BF9C0B022098
:10091000024B0146186801F083BC00BF9C0B02200B
:1009200001F10B03162B2DE9F04F074683B023D8B6
:10093000102900F2AF8000F0AFFA10251823022032
:10094000BA4E33445C68A3F10802944200F0568129
:100950006368384623F00303D4E902122344CA60D3
:1009600091605A68083442F001025A6000F09AFA25
:10097000204603B0BDE8F08F002B23F00705C0F23E
:100980008980A94200F2868000F086FAB5F5FC7FE6
:10099000C0F07B826B0A00F08480042B00F262813D
:1009A000AB0903F1390003F1380EC3009F4E334405
:1009B000A3F1080C5C68A44507D10DE0002AE168AA
:1009C00080F216818C450C4606D0636823F0030341
:1009D0005A1B0F2AF2DD7046DFF8688234694445FD
:1009E00000F0F280636823F0030CACEB05030F2BDF
:1009F00000F37481002BC6E9048880F26381BCF5A2
:100A0000007FD6F804E080F0FF804FEADC0301228B
:100A10004FEA5C1C013302FA0CF256F833104EEA2E
:100A2000020E06EBC302083AC6F804E0C4E902125B
:100A300046F83340CC6083104FF0010C0CFA03FCF5
:100A4000F44534D81CEA0E0F07D120F003004FEA1A
:100A50004C0C04301CEA0E0FF9D006EBC00A81469C
:100A6000D646DEF80C300BE05A681C46DB6822F0F4
:100A70000302511B0F2900F30181002980F2158127
:100A80009E45F1D109F101090EF1080E19F0030F8D
:100A9000E7D158E10C233B600024204603B0BDE8B9
:100AA000F08F4FF4007340204FF03F0E7EE7B468A4
:100AB000636823F00309A945A9EB050302D30F2BB3
:100AC00000F385805A4B08201B6803F1100804EBE3
:100AD0000903009301F00CFB564AA84483461368AF
:100AE000013305D008F1FF384342804403EA080887
:100AF0004146384601F0C6FAB0F1FF3F82464D4A02
:100B000000F0078104EB0903834200F200814A4BA5
:100B10000BF1FF3C18684044186000F064811168D4
:100B2000013100F06C8104EB0902AAEB02020244DD
:100B30001A601AF00702CDE9002300F02781C2F104
:100B40000802384692445A44D04408EA0C01521A2A
:100B500002EA0C0B594601F095FA421C019B00F089
:100B60006A81A0EB0A0000EB0B08186848F001024C
:100B7000B442C6F808A05844CAF80420186017D038
:100B8000B9F10F0F40F23E816168A9F10C024FF0FC
:100B9000050C22F0070201F0010111430F2A6160E8
:100BA00004EB0201C1E901CC00F24D81DAF8042026
:100BB000224B54461968814238BF1860204B19688F
:100BC000814238BF1860A6E0D6F804E033E7621926
:100BD00045F0010543F00103083444F8045C38464D
:100BE000B260536000F05EF9204603B0BDE8F08FBC
:100BF000A26823443846D1608A60B2E6DC68A3422A
:100C00007FF4A6AE0230E7E6BCF5206F4FEA5C2227
:100C100076D3142A00F2CD8002F15C035B32DB0054
:100C2000F118F3580839994211D1A5E0880702203C
:100C3000801002207C070220501002207810022031
:100C40007C100220900702209B68994204D05A68C9
:100C500022F003026245F7D8D968C4E902318C60FA
:100C6000DC60E8E6142B63D9542B00F2AB802B0B2D
:100C700003F16F0003F16E0EC30097E6D4F808C0CD
:100C80003846671945F001056560CCF80C30C3F8AB
:100C900008C041F00103C6E90477C7E902887B6018
:100CA000A150083400F0FEF8F7E6224438465168B7
:100CB00041F00101516054F8082FD3609A6000F0B0
:100CC000F1F8EAE6A44438460834DCF8043043F08E
:100CD0000103CCF8043000F0E5F8DEE6621943F0D9
:100CE000010145F0010538466560C6E90422C2E904
:100CF0000288516044F80C30083400F0D3F8CCE698
:100D00004FEA9C1202F139033832DB0088E7B44223
:100D100062D0B468626822F00308A845A8EB050316
:100D200002D30F2B3FF753AF384600F0BBF8B3E6C2
:100D300003F15C0003F15B0EC30037E65AF8083993
:100D4000534540F0A08010F0030F00F1FF30F5D1C3
:100D5000736823EA0C0373604FEA4C0C0CF1FF320A
:100D60009A4204D3A3E64FEA4C0C09F104091CEAA9
:100D7000030FF8D0484670E692104FF0010C0CFAC1
:100D800002F24EEA020EC6F804E066E70AEB080239
:100D9000384602EA0C02ABEB020B0BEA0C0B59468D
:100DA00001F070F9431C019B7FF4DBAEDDF800B06D
:100DB000DBE6542A2AD84FEA1C3202F16F036E3266
:100DC000DB002DE7B3F5AA7F2AD8EB0B03F17800FF
:100DD00003F1770EC300E9E52E4B0BF1FF3C1868D9
:100DE000404418609BE61AEA0C0F7FF498AEC844A2
:100DF000D6F808A048F00102CAF80420D8E6C2F8E4
:100E000000A096E60123CAF804308DE7B2F5AA7F68
:100E100024D84FEADC3202F178037732DB00FFE6B8
:100E200040F25452934224D8AB0C03F17D0003F1FD
:100E30007C0EC300BAE5009A4FF0000B083A9044CC
:100E4000A8EB0A0891E6384604F10801009301F086
:100E5000E7F9009BD6F808A01868A7E640F25453BB
:100E60009A420CD84FEA9C4202F17D037C32DB00AF
:100E7000D6E64FF47E737F204FF07E0E96E54FF45A
:100E80007E737E22CCE6736866E7E80805F1080306
:100E900056E500BF50100220014801F025B900BFFF
:100EA00048100220014801F021B900BF481002207B
:100EB0002DE9F04F164683B0002900F09E800C46C5
:100EC00006F10B058046FFF7E7FF54F8040C162DDA
:100ED000A4F1080920F0030762D810220023154668
:100EE000B542C0F0A280002B40F09F80974261DAAB
:100EF000DFF82CB309EB0701DBF80830D1F804C0A8
:100F00008B4200F09A802CF001030B445B68DB07F6
:100F100068D42CF0030C07EB0C03934245DAC307AB
:100F200012D454F8083CA9EB030ADAF8043023F091
:100F3000030084440CEB070B5A4540F3018107EB97
:100F4000000B5A4540F3D78031464046FFF7E8FC96
:100F50000646002800F02C8154F8043CA0F1080259
:100F600023F001034B44934200F0B4803A1F242A3B
:100F700000F2E280132A00F2B38003462246116891
:100F800019605168596092689A602146404601F0A4
:100F900047F94046FFF786FF304603B0BDE8F08FC3
:100FA00025F007052A46EB0F9AE71F46D1E90223F1
:100FB000D3609A60781BD9F8043009EB07020F2838
:100FC00003F001031FD83B43C9F80430536843F0D2
:100FD0000103536026464046FFF764FF304603B0E6
:100FE000BDE8F08FC307AFD454F8083CA9EB030A5F
:100FF000DAF8043023F00300A1E7114603B0BDE89E
:10100000F04FFFF78DBC2B4309EB050140F00100C9
:10101000C9F80430083141F8040C4046536843F0E5
:101020000103536001F0FCF8D4E70C23C8F800304A
:101030000026304603B0BDE8F08F2CF0030C05F11C
:1010400010010CEB07038B4280F29280C0073FF542
:101050007BAF54F8083CA9EB030ADAF8043023F01C
:10106000030084440CEB070399423FF768AF3A1F33
:101070005646DAF80C1056F8080F242AC16088602A
:1010800000F2B080132A40F2AB8021681B2ACAF814
:1010900008106168CAF80C1000F2AB8008340AF13D
:1010A00010022168116061685160A16891605B1B4A
:1010B0000AEB0502404643F00103CBF808205360D9
:1010C000DAF8043003F001032B43CAF80430FFF7C9
:1010D000E9FE83E750F8043C23F003031F4469E76B
:1010E00023681B2A03606368436036D804F1080252
:1010F00000F1080343E73A1F5646DAF80C30242A79
:1011000056F8081FCB60996022D8132A1ED923688D
:101110001B2ACAF808306368CAF80C303CD8083477
:101120000AF1100322681A6062685A60A2689A6025
:1011300034465F46D1463DE7214605F0B9FB24E73A
:10114000D1E902133A1FCB609960D5E73346E9E74E
:101150002146304605F0ACFBEAE7A368242A836009
:10116000E368C36028D004F1100200F1100306E721
:101170005B1B09EB05024046264643F00103CBF812
:101180000820536054F8043C03F001032B4344F857
:10119000043CFFF787FE21E7A368242ACAF8103031
:1011A000E368CAF8143010D010340AF11803B9E714
:1011B0004046FFF777FE3BE7236904F1180203611D
:1011C0006369436100F11803D9E623691834CAF84A
:1011D000183054F8043CCAF81C300AF12003A1E787
:1011E00032465EE721463046019305F061FB019BE4
:1011F0005DE7A168242ACAF81010E168CAF8141043
:1012000003D010340AF118024BE722691834CAF8E7
:10121000182054F8042CCAF81C200AF1200240E7D8
:101220008807022070B500293FD006460C4610B151
:10123000436B002B3CD0636EB4F90C20DD0732D435
:10124000900538D52146304600F054F8E36A05464B
:1012500033B1E169304698470028B8BF4FF0FF35F9
:10126000A3891A0639D4216B41B104F14003994294
:1012700002D0304600F0D4FF00232363616C21B11B
:10128000304600F0CDFF0023636400F019FA636E6E
:101290000022DB07A2811CD5A06D00F023FF00F027
:1012A00015FA284670BD002ACCD10025284670BD0D
:1012B00000F0E8F9BFE7A06D00F016FFB4F90C30BC
:1012C000002BBFD1636ED907EFD4A06D00F00EFFE5
:1012D000EBE7A06D00F00AFFDEE72169304600F081
:1012E0009FFFC0E7024B01461868FFF79BBF00BF96
:1012F0009C0B0220B1F90C202DE9F04115070C469A
:1013000080464ED4496842F400630029A38163DD1E
:10131000A66A002E42D0002112F48052D8F8005064
:10132000C8F8001065D10123E1694046B047024684
:10133000501C6CD0B4F90C30A66A590705D5636807
:10134000D21A236B0BB1E36BD21A0023E16940463A
:10135000B047421CB4F90C304DD1D8F800101D290B
:1013600040D8304ACA40D7073CD523F40062DE0497
:10137000A2814FF0000262602269226001D500293B
:1013800043D0216BC8F8005041B104F140039942A9
:1013900002D0404600F044FF002323630020BDE854
:1013A000F0810E69002EF9D092070D680E600CBF17
:1013B0004B690023AD1B8B600BE02B463246E16985
:1013C0004046676AB847B0F1000CA5EB0C056644CF
:1013D00006DD002DF1DCE1E7E16B002998DCDDE7BB
:1013E000B4F90C3043F040034FF0FF30A381BDE867
:1013F000F081226DA1E723F40062DB04A2814FF0AB
:101400000002626022692260BBD52065B9E7D8F886
:101410000030002B8ED01D2B01D0162BE0D1C8F848
:101420000050BBE70100402038B505460C4608B126
:10143000436B03B3B4F90C0088B1636EDB0701D4CE
:1014400081050FD528462146FFF754FF636E0546F8
:10145000DA0702D4A3899B0508D5284638BD05467E
:10146000284638BDA06D00F03FFEEBE7A06D00F010
:101470003DFE284638BD00F005F9DBE7024A034986
:10148000034800F09FBA00BF900B02202512011004
:10149000A00B02200C4B4168994210B5044601D0C4
:1014A000FFF7C0FEA168094B994202D02046FFF722
:1014B000B9FEE168064B994204D02046BDE81040D1
:1014C000FFF7B0BE10BD00BF84100220EC10022058
:1014D000541102202DE9F843314A0025314C0423F0
:1014E0003149DFF8D89004F15C00DFF8D4802F4F49
:1014F0002F4E11602946082225606566C4E9033530
:10150000C4E90155C4E9055505F09EF904F15800F8
:10151000E662C4E90749C4E9098700F0E1FD254B0B
:101520002946082204F1C40063672567C4F8CC503B
:10153000C4F88050C4E91A55C4E91E5505F084F971
:1015400004F1680304F1C000C4F88430C4E92298AF
:10155000C4E9247600F0C4FD174B294604F59670C3
:101560000822C4F8DC30C4F8D850C4F83451C4F8A8
:10157000E850C4E93455C4E9385505F065F904F17B
:10158000D00304F59470C4F8F090C4F8FC60C4F87B
:10159000EC30C4E93D87BDE8F84300F0A1BD00BFD1
:1015A000BC110220841002207D140110791C01104E
:1015B000A11C01100900010012000200151C0110FD
:1015C000391C0110F8B506462A4800F08DFD2A4B5B
:1015D0001B68002B44D0294FD7E90134013B04D5C7
:1015E00024E05A1C04F1680420D0B4F90C50013BEB
:1015F000002DF6D1224B04F158006566E36000F03F
:101600006FFD1C4800F072FD0822294604F15C00C1
:101610002560A561C4E90155C4E9045505F014F934
:10162000C4E90C55C4E911552046F8BD3D680DB11B
:101630002F46D1E74FF4D6713046FFF771F90446D3
:1016400088B1042305600C302946254640F8083C43
:101650004FF4D072A06005F0F7F83C602F46BBE76E
:10166000FFF738FFB7E703483C6000F03FFD0C236D
:101670003360D9E74C100220BC110220900B0220ED
:101680000100FFFF10B504460A4800F02DFD636B12
:1016900023B9094B094A1B68626323B10548BDE8B9
:1016A000104000F023BDFFF715FF0248BDE81040D1
:1016B00000F01CBD4C100220BC110220951401103A
:1016C000014800F011BD00BF4C100220014800F09D
:1016D0000DBD00BF4C100220F0B5144683B00E467D
:1016E000074601AA214603F037F8002835D0054601
:1016F0003846FFF767FF044600282ED031464FF4E6
:10170000DB73019A384600F091FC061E1CDB636E09
:10171000DB0702D4A38998052DD51B4B2DB21B4A9C
:101720002362E9051A4BE681E461A581C4E9092336
:10173000184BE36215D4636EDA0702D4A3899B05C4
:101740001DD5204603B0F0BDFFF7BAFF0023A06D02
:10175000A38100F0C7FCFFF7B9FF0024204603B0C7
:10176000F0BD022300222146384600F029F9636EBD
:10177000DA07E6D4E2E7A06D00F0B6FCCDE7A06D95
:1017800000F0B4FCDDE700BF151C0110391C01108E
:10179000791C0110A11C0110024B0A460146186871
:1017A000FFF79ABF9C0B02200EB410B583B0074C14
:1017B000014605AB206853F8042B019300F024FE8A
:1017C00003B0BDE8104003B0704700BF9C0B02207F
:1017D0002DE9F04F994685B002FB03F30E9C01936F
:1017E000002B4DD0934606460D4610B1436B002B9F
:1017F00061D0636EB4F90C2013F0010144D112F4EE
:10180000007748D0900452D442F4005223F400539D
:10181000A2816366D4F804A0BAF1000F4EDBA2895E
:101820005346019F920750D4B04656460FE005F04C
:1018300033F823682146404633443544A7EB060A73
:10184000236000F06BF900287BD166685746BE42E2
:10185000324628462168EAD33A4605F01DF8CDF80D
:101860000490D4E90032D21B1F44636EC4E90072B5
:10187000DA0705D4A3899B0502D4A06D00F036FCDD
:10188000019805B0BDE8F08F9104BDD59F04C1D586
:1018900000230193F4E7A06D00F026FCB4F90C20BE
:1018A000636E9004B0D59904B4D50197E0E79F0426
:1018B000B0D50191DEE7FFF7E5FE9AE7A2890023A4
:1018C000019F92079A466360AED59F423A462168CF
:1018D000284628BF1A46904604F0DEFF2368216B95
:1018E000A7EB0807434423606368A3EB0803636026
:1018F00051B1002F38D004F14003994202D0304654
:1019000000F08EFC0023236345444FF0000ACDE92C
:1019100002B93FB3D4F810B02146D4F80080304665
:10192000D4F814902560C4E9045700F0F7F8636810
:10193000C4E904B91D44FA1AC4E9008AC0B91746BB
:10194000E7E7626EB246D00702D4A289910523D59B
:10195000019B5344DB1BB3FBFBF30193019805B0E0
:10196000BDE8F08FDDF80C90636ECDF804907FE752
:10197000626EDDF808B0D60707D4A289950504D4B5
:10198000A06D029300F0B2FB029B019A1344DB1B93
:10199000B3FBFBF3019373E7A06D00F0A7FBD7E760
:1019A00094460A46014630B51C4683B0034D634653
:1019B00028680094FFF70CFF03B030BD9C0B022099
:1019C00000F072B92DE9F8434FF000090746884648
:1019D0001646D6E90154013D0FD4A389012B08D93D
:1019E000B4F90E3021463846013302D0C04749EAE7
:1019F0000009013D68346B1CEFD13668002EE8D138
:101A00004846BDE8F88300BF2DE9F04186B002FBEF
:101A100003F81D46174601AB0C9C06460191039343
:101A20000123CDF80880CDF81480049310B1436BE6
:101A3000002B4CD0636EB4F90C20D80707D5910465
:101A400009D59B040DD5002006B0BDE8F0819005B6
:101A500030D591041DD442F4005223F40053A281E6
:101A60006366304603AA214602F0B6FE636E03F0B9
:101A70000103B8B12BB9A3899B0502D4A06D00F076
:101A800035FB059BA8EB0308B8FBF7F006B0BDE8F3
:101A9000F0819804E5D5A3899905D4D4A06D00F010
:101AA00025FBD0E713B9A3899A0513D5284606B0BC
:101AB000BDE8F081A06D00F017FBB4F90C20636E57
:101AC0009104C8D59A04CCD5D807BCD4E3E7FFF776
:101AD000D9FDAFE7A06D00F009FB2846E7E700BF9E
:101AE00094460A46014630B51C4683B0034D634612
:101AF00028680094FFF788FF03B030BD9C0B0220DC
:101B00008B8903F00903092B01D000207047024B99
:101B10001868FFF789BC00BF9C0B022070B5054612
:101B20000C4610B1436B002B56D0B4F90C30002298
:101B30009E06626058D4580719D4D9064FD51A07A3
:101B400039D443F00403A3812369002B3FD0B4F9B7
:101B50000C60B3071ED122692846266A6369E169D1
:101B60002260B0470028606041DD002070BD216B1D
:101B70000029E9D004F14003994202D0284600F040
:101B80004FFB0022E36B22636360002BDCD0A36B6E
:101B90002360EAE701231C4A1C49A3811C48FFF784
:101BA00011FF06F00903A681092BD4D1214628464E
:101BB000FFF7A0FBCFE721462846FFF735FC98B991
:101BC000B4F90C30A06023F00803A061B9E7214606
:101BD000284602F073FFBAE7FFF754FDA5E7092294
:101BE00043F040032A60A3814FF0FF3070BDB4F989
:101BF0000C3003D143F02003A381F5E7002243F02A
:101C000040036260A381EFE7900B0220011B0110EB
:101C1000A00B022010B50C46B1F90E1000F01CFA12
:101C2000002803DB236D0344236510BDA38923F43F
:101C30008053A38110BD00BF2DE9F0410C46B1F9DE
:101C40000C101F460546CB0516460BD421F48051D7
:101C50003B4632462846A181B4F90E10BDE8F0415A
:101C600000F022BAB4F90E100223002200F0C8F9E5
:101C7000B4F90C10EAE700BF10B50C46B1F90E102C
:101C800000F0BEF9421CB4F90C3004D043F4805388
:101C90002065A38110BD23F48053A38110BD00BF34
:101CA000B1F90E1000F084B92DE9F04F0C4697B051
:101CB00090461E46054618B1436B002B00F0338159
:101CC000626EB4F90C30D70702D4980540F1078151
:101CD00003F48473B3F5847F00F00C81D4F828906A
:101CE000B9F1000F00F05A81012E56D036F00207EC
:101CF0000FD0636E1622D9072A6005D4A3899F05E9
:101D000002D4A06D00F0F2F94FF0FF3017B0BDE83B
:101D1000F08F2269BA46002A63D0B4F90C3040F63D
:101D20001A02134207D15A0578D4A04A91455DD0D2
:101D300043F40063A38121462846FFF775FB002882
:101D400040F0278133464246E1692846C8470130C2
:101D500000F01F81216B41B104F14003994202D090
:101D6000284600F05DFA00232363A389002120693F
:101D7000082223F40263C4E90001A38104F15C009A
:101D800004F062FD636EDA0703D4A3899B0540F17A
:101D9000CD80002017B0BDE8F08F21462846FFF720
:101DA00043FBB4F90C3013F4805240F08A80334680
:101DB000E1692846C847421C074600F0EA80B4F9AA
:101DC0000C3022695E0740F181806368FF1A236B43
:101DD0000BB1E36BFF1AB8444FF0010A0026002A4A
:101DE0009BD12146284602F069FE96E7B4F90E1011
:101DF00000299DDB6A46284600F0ECF8B4F90C3067
:101E0000002895D1019A02F47042B2F5004F8FD1AB
:101E100043F48063A3814FF48063E364002E6ED1AA
:101E2000C346BAF1000F79D1A389DB0440F1898060
:101E3000206D6268216B871A00297BD0E36BFF1A43
:101E400017442069A26B121ABF1A1344BB4502DB68
:101E5000FA185A457ED8E76C0023E16928467F428C
:101E600007EA0B073A46C84701303FF464AF002346
:101E7000216B63602369236041B104F140039942FF
:101E800002D0284600F0CCF900232363A389BBEBE2
:101E9000070B23F02003A38110D021462846FFF72B
:101EA0003DFE00287FF447AF63685B45FFF443AF16
:101EB0002268A3EB0B035A44C4E900230822002143
:101EC0005CE75E07276D22693FF57FAF180782D573
:101ED0002368002B3FF47FAF9B1A1F447BE7A06D64
:101EE00000F002F9B4F90C3003F48473B3F5847F85
:101EF0007FF4F4AE21462846FFF796FAEEE66A46EE
:101F0000B4F90E10284600F065F800287FF413AFEE
:101F1000049B08EB030BBAF1000F85D0216B6268BC
:101F200041B1E36B8CE7FFF7ADFBC9E6A06D00F0B4
:101F3000DDF82EE72368002120691B1AFF1A1344DD
:101F400084E752460123E1692846C847471C7FF4CD
:101F500070AFF0E6ABEB07073844DB1BC4E90003C6
:101F600041B104F14003994202D0284600F058F9EB
:101F700000232363A3890021082204F15C0023F0DD
:101F80002003A38104F060FC636ED9073FF501AF25
:101F9000FBE6636EDB073FF5B7AEAFE6636E1D226F
:101FA000D9072A603FF5B0AEA8E600BF791C011042
:101FB00038B50022064D044608462A60F1F784FE33
:101FC000431C00D038BD2B68002BFBD0236038BDEC
:101FD0002C15022070B50C460346084D00262046FD
:101FE00011461C462E60F1F777FE431C00D070BDF1
:101FF0002B68002BFBD0236070BD00BF2C15022086
:1020000038B50C4684461146074D1A460023204633
:1020100064462B60F1F75CFE431C00D038BD2B6892
:10202000002BFBD0236038BD2C15022038B50C46A0
:1020300084461146074D1A460023204664462B600D
:10204000F1F73CFE431C00D038BD2B68002BFBD0C1
:10205000236038BD2C15022038B50C468446114645
:10206000074D1A460023204664462B60F1F708FE10
:10207000431C00D038BD2B68002BFBD0236038BD3B
:102080002C15022038B50022064D044608462A6069
:10209000F1F7E0FD431C00D038BD2B68002BFBD0CE
:1020A000236038BD2C15022038B50C4684461146F5
:1020B000074D1A460023204664462B60F1F7EEFDDB
:1020C000431C00D038BD2B68002BFBD0236038BDEB
:1020D0002C150220014B1868704700BF9C0B022092
:1020E000704700BF704700BF704700BF704700BF18
:1020F000082802D14FF48050704708B5FFF7EAFF77
:10210000162203464FF0FF301A6008BD20F003018D
:1021100010F00300C0F1000051F8043B00F1040C82
:102120004FEACC0C6FF000021CBF22FA0CF21343F2
:102130004FF0010C4CEA0C2C4CEA0C4CA3EB0C02BB
:1021400022EA030212EACC1204BF51F8043B043025
:10215000F4D0C2F1000102EA0102B2FA82F2C2F145
:102160001F0200EBD20070472DE9F8430646DFF866
:10217000AC8008208946FFF7BBFF05463046FEF7D6
:102180008BFED8F808305F6827F00307A7F1110429
:10219000A4EB09042C44B4FBF5F4013C05FB04F466
:1021A000A54208DC00213046FFF76CFFD8F8083064
:1021B0003B44984205D03046FEF774FE0020BDE84F
:1021C000F88361423046FFF75DFF01300FD03F1BBF
:1021D000104AD8F80830304647F001075F601368AE
:1021E0001B1B1360FEF75EFE0120BDE8F883002193
:1021F0003046FFF747FFD8F80820831A0F2BDADDA7
:1022000043F0010303495360034B1B68C01A086085
:10221000D1E700BF501002207C070220880702206F
:1022200000295AD0F8B50C460746FEF735FE734D27
:1022300054F804CCA4F10802A8682CF001030CF0B7
:10224000010ED1184E68884226F003067CD088190A
:102250004E60406800F00100BEF1000F2ED154F82E
:10226000084C05F1080C121B23449468644560D0A7
:10227000D2F80CE0C4F80CE0CEF8084000287DD07D
:1022800043F0010050600B60B3F5007F2ED2580977
:10229000D9080123834068680131034355F83100B0
:1022A0006B6005EBC103083BC2E9020345F831202E
:1022B000C2603846BDE8F840FEF7F4BD70B933445B
:1022C00005F1080C886843F0010460456ED0C968C8
:1022D000C16088605460D350D6E770474CF001016C
:1022E000B3F5007F44F8041CD350D0D3B3F5206F6E
:1022F0004FEA532144D2990901F1390001F1380420
:10230000C100681869580838884203D155E08968C7
:10231000884204D04C6824F003049C42F7D8C86873
:10232000C2E9021082603846CA60BDE8F840FEF794
:10233000B9BD80BB1E44D1E90213CB60996046F061
:10234000010353609651B4E71E44BEF1000F07D15C
:1023500054F8083CD21A1E44D2E90213CB609960AB
:1023600046F001035360264BAA601B68B342A0D815
:10237000244B38461968FFF7F7FE9AE73344A1E784
:1023800014290DD954291FD8190B01F16F0001F13F
:102390006E04C100B5E743F0010050600B6088E7B0
:1023A00001F15C0001F15B04C100AAE7C5E9042268
:1023B000C2E902CC5460D3507BE7A4100123A340B0
:1023C0006C6823436B60ABE7B1F5AA7F06D8D90BE5
:1023D00001F1780001F17704C10092E740F2545016
:1023E000814206D8990C01F17D0001F17C04C10005
:1023F00087E74FF47E717E2483E700BF88070220C1
:1024000080070220801002202DE9F04FDFB01C462B
:1024100082460A910DF1B8080C92129302F06EFCFC
:10242000036818461A93FFF771FE082219900021DD
:10243000404604F009FABAF1000F04D0DAF834305B
:10244000002B01F0FC810A9B5A6EB3F90C30D007C7
:1024500040F13881990400F1478743F400530A9909
:1024600022F400528B811BB24A661D0740F1BC80EA
:102470000A9A1269002A00F0B78003F01A020A2AA9
:1024800000F0C1800023CDF820A09E46CDE9333373
:1024900035ABCDF86CE0CDF870E01C463293CDF84A
:1024A00034E0CDF854E09FED927BCDE91DEE8DED4B
:1024B000167B0C9E089F904BD3F8E45002F018FC5A
:1024C000324603462AA93846CDF80080A84700289E
:1024D000034600F0B780C0F2AD802A9A252A01D0C9
:1024E0001E44E8E70C9B0546F71A40F0AF80002336
:1024F0004FF0FF32751C96F801908DF89F300E93C7
:102500000B9207930135A9F120035A2B00F2F680B4
:10251000DFE813F09704F400F4008F04F400F400F3
:10252000F4006D04F400F40052036403F4005D034E
:10253000AB04F400A3045B005B005B005B005B008A
:102540005B005B005B005B00F400F400F400F4004F
:10255000F400F400F4006501F4009602160465012D
:1025600065016501F400F400F400F4000E04F400C9
:10257000F400D703F400F400F400BE02F4004F04AA
:10258000F400F4009808F400F400F400F400F400FF
:10259000F400F400F4006501F4009602BC0165014A
:1025A000650165014304BC01B501F4003704F40082
:1025B000C70396036A03B501F400BE02B201070324
:1025C000F400F400C608F400B201A9F130030022BF
:1025D00002EB820215F8019B03EB4202A9F13003E2
:1025E000092BF5D90E928EE70A9D5046294602F036
:1025F000CDFA002841F0D887B5F90C3003F01A0263
:102600000A2A7FF43FAF0A99B1F90E20002AFFF69B
:1026100039AF4A6ED20702D49F0541F16883234641
:102620000C9A0A99504602F045F80D900D985FB04B
:10263000BDE8F08F08220021404604F005F901238F
:102640001E4438E70C9B0546F71A11D00C9B339AB1
:10265000C4E900370132349B072A3B443392349358
:1026600012DC08340D9B3B440D93002D7FF43FAFEB
:10267000349BDDF820A0002B41F02F8300220A9B21
:102680003392B3F90C3011E032AA0A99089802F09B
:1026900053F840B935ACE5E7DA460F9B1BB10F990B
:1026A0005046FFF7BDFD0A9BB3F90C300A9A526EF3
:1026B000D40740F1D7805A0600F12F820D985FB001
:1026C000BDE8F08F9F0540F118829E047FF5C5AEEE
:1026D00095047FF5CAAE0A9B9B899E0500F11D8279
:1026E0000A9B986DFFF702FD17E200BFAFF3008071
:1026F0000000000000000000E00C02200C95B9F181
:10270000000FB5D00023012245AF8DF814918DF84C
:102710009F300F9310920B9318930992CDE91333C6
:10272000079B349D13F08403AE4600F0E9809DF8CA
:102730009F20EAB133980026013001220135626002
:1027400007280DF19F02CDE93305226000F35F8475
:1027500008346EB13398013028AA02352260072868
:102760004FF00202CDE93305626000F35D84083466
:10277000802B00F097830B9B109A9E1A002E00F37B
:10278000D080079BDB0500F10481109B27601D446E
:102790006360339B34950133072B339300F3E58358
:1027A0000834079B5E0705D50E9B099A9E1A002EDA
:1027B00000F348840999DDE90D328A42ACBF9B18C9
:1027C0005B180D93002D40F0AA83002333930F9BD9
:1027D0001BB10F990898FFF723FD35AC69E6129BF2
:1027E0004FF0FF320C95073323F00701A34BB1ECF8
:1027F000027B57EC176B129127F000418DED207A88
:102800002191DDE920AB8DED167B50465946EFF75F
:10281000C3FE002840F014864FF0FF32974B50461D
:102820005946EFF7F1FE0546002840F00986079B60
:1028300000223046394623F0800307930023EFF748
:10284000CFFE002841F0C683B9F1470F9DF89F30B5
:10285000CCBF8B4F8B4F002B41F0688503220F9329
:10286000109258E799053FF526AF0A9CA06DFFF737
:102870003DFCB4F90C301EE795F8009042E6079B4A
:1028800095F8009043F0200307933BE607990C95D9
:10289000880640F1B285129B0791073323F00703A6
:1028A0001A465B6852F8085B1E461292002BC0F273
:1028B00059820B9A002AC0F24981079B23F08003BA
:1028C000079355EA060340F04181131E18BF012308
:1028D000002A40F03B811A460F939DF89F305EAF6F
:1028E000349D191E079BAE460B9218BF012113F0B1
:1028F0008403109209911892CDE913227FF417AF47
:102900000E9A0999561A002E00F3B8849DF89F205C
:10291000002A7FF40FAF0B9B109A9E1A002E7FF7B0
:1029200030AF102E339ADFF860A123DD2946102343
:10293000DDF820B00A9D02E0103E102E19DD0132B4
:1029400010315148072AC4E90003CDE9332104F1CD
:102950000804F1DD32AA2946584635AC01F0ECFEF8
:1029600000287FF499AE103E1023102EDDE93321AC
:10297000E5DC0D4601323544C4F800A0072A666044
:10298000CDE9332500F3A484079B0834DB057FF5EC
:10299000FCAEB9F1650F40F3F28200220023DDE9BD
:1029A0001601EFF70BFE002800F08D83339B0135F5
:1029B000364A0133349522600122072B339362603B
:1029C00000F35C870834299B159A934280F2908427
:1029D000199B1A9A1D44C4E90023339B3495013393
:1029E000072B339300F38D860834159B5E1E002E53
:1029F0007FF7D7AE102E339BDFF88CA040F3AB826D
:102A00001027DDF82090DDF828B003E0103E102EEE
:102A100040F3A18201331035072BC4E900A7CDE9AB
:102A2000333504F10804F1DD32AA5946484601F075
:102A300083FE002840F0008735ACDDE93335E5E75B
:102A4000129BB9F1430F0C9503F1040500F0858644
:102A5000079BDE0600F18186129B45AF1B688DF84F
:102A60001431012309931093002312958DF89F30A0
:102A70000F930B931893CDE9133351E6FFFFEF7FCC
:102A8000B4720110B0720110387C0110C8690110D5
:102A9000129E00230C9556F8047B8DF89F30002F72
:102AA00000F04B86B9F1530F00F0F486079B13F04A
:102AB0001003139340F0EE860B9B002BC1F2FF80B6
:102AC0001A461399384603F0D3FE9DF89F300F90B5
:102AD000002801F001840F9AD21B109222EAE272C0
:102AE00009920BB101320992139B4FF073091296B0
:102AF0000B93189314930F9312E60A9DA86DFFF79A
:102B0000F3FAB5F90C306A6E98047FF5A6AC91041F
:102B10007FF5ABACD7077FF5DEAD4FF0FF330D93FC
:102B2000CCE507990C958F0640F14784129B002253
:102B300007338DF89F2023F007035E6853F8085B86
:102B400012930B9B934280F2D98307910A2D76F161
:102B5000000380F0FC860B9B30359DF89FC00DF282
:102B60007717012B8DF87751B8BF01230993002304
:102B700013930123109300230F93BCF1000F02D095
:102B8000099B01330993139B002B01F07E85099B60
:102B900002330993079BDDE9330513F08403AE4646
:102BA000024600F0C881BCF1000F40F08582CDF8EC
:102BB00060C0CDE913CCCEE5129B53F8042B002A5C
:102BC0000E9280F2A6830E9A129352420E92079BA7
:102BD00095F8009043F00403079393E42B2395F8B2
:102BE00000908DF89F308DE4002212990C9547F6E5
:102BF00030030B9D51F8040B9542ADF8A0308DF8D1
:102C00009F200346C0F24F85079D25F0800545F0C3
:102C100002050795002840F00E870B98002840F029
:102C20000A874FF078091291079A00239DF89FC0F8
:102C30005EAF02F002020993109313920B939AE78E
:102C400007980C95810640F1A783129B073323F068
:102C500007031A46596852F8083B129200228DF871
:102C60009F200B9A002A3EDB20F4906207920B9A79
:102C7000002A3BD153EA010214BF0122002235D1C0
:102C800010F00101099100F0498330230DF277170C
:102C90000B928DF8773110910F921892CDE9132293
:102CA0003EE5079A129B92060C9503F1040140F150
:102CB000B6831B680D9A1A60D2175A601291FFF7FB
:102CC000F8BB079B0C959D0643F01000BDD4129BEA
:102CD0001A1D129B0021129200221B688DF89F2062
:102CE0000B9A002AC0DA20F4806207925EAF03F0EC
:102CF0000702DB08384643EA41733032C90807F857
:102D0000012D53EA0105F2D1302A03D0079BDD07DC
:102D100000F189845EAB0B9ADB1B9A421093B8BF1B
:102D20001A46099200230F931893CDE91333F7E461
:102D3000079B95F8009043F008030793FFF7E2BB69
:102D4000079B0C959D0643F010013FF5A4AD129B27
:102D50001A1D129B07911D681292EE173346002B25
:102D6000BFF6A7AD2D236D428DF89F3066EB46066A
:102D70000B9B002BFFF6EAAE079B23F08003079323
:102D8000E4E695F80090079BB9F16C0F00F0C5845C
:102D900043F010030793FFF7B5BB95F80090079B2E
:102DA000B9F1680F00F0C18443F040030793FFF7C7
:102DB000A9BB079B0C9543F010019B063FF5B6AEEF
:102DC000129B1A1D0026129B0B981B68B0428DF8AF
:102DD0009F601D46C1F2FB8021F080011292079195
:102DE000002B7FF4B3AE00283FF41EAFAEE6089F81
:102DF000384601F083FF436818461C93FFF786F9B5
:102E00001E900646384601F079FF836895F80090D9
:102E10001D93002E3FF476AB002B3FF473AB1B7871
:102E2000002B3FF46FAB079B43F480630793FFF7DE
:102E300069BB079B95F8009043F001030793FFF7E8
:102E400061BB9DF89F3095F80090002B7FF45AAB42
:102E500020238DF89F30FFF755BB079B95F8009016
:102E600043F080030793FFF74DBB294611F8019B00
:102E7000B9F12A0F01F0B683A9F13003092B01F251
:102E80008781002202EB820211F8019B03EB4202D0
:102E9000A9F13003092BF5D942EAE2730D460B93F1
:102EA000FFF731BB0E9B099A9E1A002E7FF763AC89
:102EB000102E339ADFF838A625DD29461023554613
:102EC000DDF828B0DDF820A002E0103E102E18DD5D
:102ED00001321031072AC4E90053CDE9332104F14E
:102EE0000804F2DD32AA5946504601F025FC0028BC
:102EF0007FF4D3AB103E35AC1023102EDDE9332127
:102F0000E6DCAA460D4601323544C4F800A0072A83
:102F10006660CDE9332500F3E88308342BE432AA58
:102F20000A99089801F008FC00283FF44EACDDF83F
:102F300020A0FFF7B2BB0E9E09991893761A002EB7
:102F4000CDE9133300F35381BCF1000F3FF403AC20
:102F50000226FFF7F1BB01333544C4F800A0072B6C
:102F60006660CDE933357FF71BAC32AA0A99089821
:102F700001F0E2FB0028DAD1349D35AC11E4159B59
:102F80000135339E04F10809012B06F1010640F3D7
:102F900015810123072E27606360CDE9336500F3B7
:102FA0001184199B01361A9A1D44072EC9E9002382
:102FB000CDE9336500F3F88309F10809159B002278
:102FC0005C1E0023DDE91601EFF7F8FA002840F057
:102FD0005781013601372544C9F80440072EC9F846
:102FE0000070CDE9336500F3F58009F108091B9BFA
:102FF00001361D44C9F80430072E2CABCDE93365EA
:10300000C9F80030B1DC09F10804FFF7CABB32AAE5
:103010000A9908981F9301F08FFB002887D1349DEF
:1030200035AC1F9BFFF795BB32AA0A9908981F93EE
:1030300001F082FB00287FF47AAF349D35AC1F9BF2
:10304000FFF796BB102E339BDFF8A8A420DD1027D6
:10305000DDF82090DDF828B002E0103E102E17DDDC
:1030600001331035072BC4E900A7CDE9333504F14E
:103070000804F2DD32AA5946484601F05DFB0028FB
:1030800040F0DA83103E35AC102EDDE93335E7DC55
:1030900001333544072BC4E900A6CDE933357FF76A
:1030A00089AB32AA0A99089801F046FB00287FF400
:1030B0003EAF349DFFF77EBB002202261892CDE979
:1030C0001322FFF739BB2999002940F33181139B63
:1030D000159A9342A8BF1346002B99460ADD1D445A
:1030E000C4E90073339B34950133072B339300F30A
:1030F000A1870834139EB9F1000FA8BFA6EB0906FB
:10310000002E00F3AF84079A139B50053B4400F157
:10311000AE86299E159A964203DB0799C90740F1AE
:10312000AD85199A1A991544C4E90012339A349559
:103130000132072A339201F306800834159A1744A6
:10314000961BFF1AB742A8BF3746002F0ADD23603F
:103150003D44339B676001333495072B339301F370
:1031600022800834002FA8BFF61B002E7FF719AB72
:10317000102E339BDFF878A37FF7EDAE1027DDF834
:103180002090DDF828B003E0103E102E7FF7E3AE6C
:1031900001331035072BC4E900A7CDE9333504F11D
:1031A0000804F1DD32AA5946484601F0C5FA002864
:1031B00040F0428335ACDDE93335E5E7079BDB07BB
:1031C0003FF5E7AE0123072E27606360CDE9336545
:1031D0007FF70DAF32AA0A99089801F0ADFA0028DE
:1031E0007FF4A5AE0DF1D409DDE93365FFE60223D6
:1031F000102E7146DFF8FCA22ADD1F935346A44629
:10320000BA461025DDF820B00A9C1F4602E0103EA9
:10321000102E18DD01321031072ACCE90075CDE9F6
:1032200033210CF1080CF2DD32AA2146584601F098
:1032300083FA0DF1D40C00287FF42EAA103E102E34
:10324000DDE93321E6DC3846644657461F9B82465B
:10325000501C7518C4F800A007286660CDE9330536
:1032600000F3D4829DF89F200834002A40F090801B
:10327000002B3FF480AA1346FFF76DBA339AB7E7E5
:10328000159B012B7FF7B3AE112BDFF864A240F33F
:10329000DC831027DDF820B003E0103C102C40F355
:1032A000D48301361035072EC9E900A7CDE933656F
:1032B00009F10809F1DD32AA0A99584601F03CFAF1
:1032C00000287FF4E9A90DF1D409DDE93365E4E7CD
:1032D00032AA0A99089801F02FFA00287FF427AE45
:1032E000349D35ACFFF74DBA92047FF5BEA814E4C7
:1032F000079BDF077FF555AAFFF76ABB21F0800225
:103300000792002B7FF422AC55EA06033FF48CAC05
:103310001CE495F800901293FFF7F4B8099A5EAF99
:103320000B92109218920F92CDE91322FFF7F8B981
:10333000339B01356B4A0133349522600122072B00
:103340003393626000F35A860834159B0B4300F0F8
:10335000E786199B1A9A1D44C4E90023339B3495D0
:103360000133072B339300F3808604F10802002910
:10337000C0F232871599013317600D44072B516055
:10338000CDE933353FF7F1AD02F10804FFF709BA93
:103390001E460023FFF7D0B90799129A11F01001C9
:1033A00052F8043B41F04881079D15F0400000F0C1
:1033B00093839BB22846129250E40799129A11F017
:1033C000100652F8043B7FF4FDAC079810F0400162
:1033D00000F08D839DB20B9B8DF89F60002BC0F297
:1033E000678420F0800112920791002B7FF4AEAB2E
:1033F000002D3FF419ACFFF7A9BB079B129AD90621
:1034000052F8045B01F11B81079B5B0640F1888346
:1034100045F3C03612922DB23346FFF747BA079BE9
:10342000DB0600F10C83079B5F0600F13384079BEA
:103430009E0540F10483129B0D9A1B681A703DE4AF
:10344000DDE9160102460B46EFF7A6F8064600280E
:1034500040F0768729F0200BBBF1410F40F06B83E1
:103460003023B9F1610F8DF8A03014BF58237823B1
:103470008DF8A1300B9B632B00F34484DDE9161219
:10348000002AC0F2058745AF1F900F909DED167B77
:103490008DED247B29AADDE9240101F045FC002201
:1034A0004FF07F53EEF7C2FF02460B46CDE91023E3
:1034B00000220023EFF782F808B101232993B9F124
:1034C000610FCDF84C903E46BB460CBF064B074BF8
:1034D00009930B9BDDF824A0591E0B948946DDE966
:1034E000104513E0C8690110C0720110D4720110B8
:1034F000387C0110487C01100022002309F1FF37BD
:10350000EFF75CF8002840F07C87B9460022B44B06
:1035100020462946EEF78AFF0D460446EFF72AF8C3
:103520000746EFF703F802460B4620462946EEF71A
:1035300069FF1AF80730B9F1FF3F324604460D46DD
:1035400006F8013BD8D19246A64B0022DDF84C90FC
:10355000CDE910453D460B9C5F46EFF77DF840B93D
:103560000022A04BDDE91001EFF728F8D8B1EB07F6
:1035700019D5099B3246CDF8C0A0D97B16F8013C7D
:103580008B4209D1302002F8010C309A531E30933F
:1035900012F8013C8B42F6D0392B00F0F287013350
:1035A000DBB202F8013C079B299A43F00201F31BAE
:1035B000159309F10F038DF8B030531E002B29939A
:1035C000C0F2B6872B22092B8DF8B12000F3FC83C3
:1035D0000DF1B202303302F8013B2CABD31A1B932E
:1035E000159B1B9A012B1A44109240F34C86109B9A
:1035F000199A1344109321F4806301F0020243F4FA
:10360000807313920793109B23EAE37309931F9B24
:10361000002B00F032864FF02D0C00238DF89FC058
:103620000B93FFF7ADBA302302380B9A07F8013C31
:103630005EAB07461B1A9A421093B8BF1A4609920E
:10364000FFF770BB68480C95079B129913F0200296
:1036500000F09B80073121F007014A6851F8083BD0
:1036600053EA0205079E14BF01250025F60702D57F
:10367000002D40F0E98000268DF89F600B9E002E03
:10368000C0F2B880079E26F4906607960B9E002E27
:1036900040F0EC80002D40F0E9801291FFF7C4BAB1
:1036A00052480C95D0E70798944612914FF078094C
:1036B00040F00200022107904C4813915EAF03F0E6
:1036C0000F011B09415C43EA0273120907F8011D4F
:1036D00053EA0201F3D15EAB0B9ADB1B9A421093C3
:1036E000B8BF1A460992FFF746BA32AA0A99089853
:1036F00001F022F800287FF41AAC349D35ACFFF7B6
:103700003AB832AA0A99089801F016F800287FF40E
:103710000EAC349D35ACFFF768B943F0200395F843
:10372000019001350793FEF7EDBE43F4007395F861
:10373000019001350793FEF7E5BE0B9B3A460B97C8
:10374000062B1296189228BF0623CDE91322CDE945
:103750000F730993264FFEF7E3BF0822002130A81C
:1037600045AF03F071F8129A30AB089812683946E9
:1037700002F0A8FF03461090013300F00687109B6B
:1037800023EAE3730993FFF76FB9079D51F8043BF0
:1037900015F010057FF464AF079A12F0400600F0B0
:1037A00093819BB22A465BE732AA0A99089800F0F7
:1037B000C3FF00287FF4BBAB0DF1D409DDE933650D
:1037C000FFF7FCBB32AA0A99089800F0B5FF002861
:1037D0007FF4ADAB0DF1D409DDE93365FFF7E1BB53
:1037E000000030400000E03FD4720110C0720110B0
:1037F000E8720110079D25F48065079512914FF03E
:10380000000C079901F00201139157E732AA0A99B7
:1038100008981F9300F090FF00287FF488AB9DF874
:103820009F20349D1F9B002A00F046811E4635AC28
:1038300003463398FEF780BFCA46FEF72EBF5046B8
:10384000FDF720FFFEF7FFBD30258DF8A1908DF824
:10385000A05000258DF89F500B9D002DC0F20083D5
:10386000079D25F4906545F002050795129107998B
:103870009DF89FC001F0020113911FE732AA0A9937
:10388000089800F059FF00287FF451AB349D35AC07
:10389000FFF799B80DF1C00A082200212B97504676
:1038A00002F0D2FF0B9B002BC0F28283002509940B
:1038B0000F969B462C46089E0EE045A9304602F026
:1038C00001FF421C05F10405204400F0EB8458453B
:1038D00007DC00F0FB8404462B9A53465259002A19
:1038E000EBD110940F9E099C109B002B00F093834A
:1038F000632B40F39384591C0898FDF711F8074691
:10390000002800F0B9860F9008220021504602F0EE
:103910009BFF109D2BAA39462B460898CDF800A096
:1039200002F0F6FE854240F09F86109900237B54FA
:1039300021EAE1719DF89F200991002A40F042841C
:103940000B9212961892CDE91322FEF7E9BE079B5F
:10395000002209945EA903F48063CDF83C90DFF85F
:103960009CB396461C46DDF8749023E0AB19AA463A
:103970003046394643F10003ABFB032C2CF0030225
:1039800002EB9C029B1A4FF0CC32EB1A66F1000658
:1039900002FB03F2BAF10A0FA3FB0B530BFB062247
:1039A0004FEA550570F10000134445EAC3754FEA2C
:1039B00053062BD3AB190EF1010E01F1FF3743F182
:1039C0000003ABFB032020F0030202EB90029B1AE2
:1039D000EB1AA3FB0B3266F100005B080BFB002225
:1039E00043EAC27303EB8303A5EB4303303301F8CF
:1039F000013C002CBAD099F80030FF2BB6D07345AB
:103A0000B4D10A2D76F1000380F0408300225EAB32
:103A1000099CDB1B13920B9ACDF874909A42DDF847
:103A20003C909DF89FC0B8BF1A46CDF854E0109363
:103A30000992FFF7A0B8B0484FF0780916E7129B3B
:103A40000D9A1B681A60FFF739B901362544C9F889
:103A500000A0072EC9F80440CDE933657FF7C5AA59
:103A6000FFF7B8BB102E339BDFF894A240F3F7802A
:103A700051462A46BA464FF01009DDF820B00F46ED
:103A80000A9D03E0103E102E40F3E5800133103212
:103A9000072BC4E90079CDE9333204F10804F1DDE4
:103AA00032AA2946584600F047FE00287EF4F4ADBD
:103AB00035ACDDE93332E5E7002B00F0DC8013465E
:103AC000339835ACFEF747BE079A12F400723FF404
:103AD000C7ADDBB23246C3E5079D15F4007100F0B7
:103AE000EA800146DBB228461292FFF7B7B8079882
:103AF00010F4007640F0D4800B991D468DF89F603D
:103B00000029C0F2D5800798129220F0800007901B
:103B1000002B7FF41BA800293FF486A8FFF716B8F6
:103B2000079B12929F0540F1B18045F3C0166DB21C
:103B30003346FEF7BBBE0B9A079B551C43F4807AB5
:103B4000DDE916010B4600F0F2801AB9BBF1470F10
:103B500000F0A684002BC0F28C8400239DED167B20
:103B60001F938DED227BB9F1650F00F0FB8200F30E
:103B7000F580B9F1450F00F0F582B9F1460F40F03C
:103B8000F1800B9B15930323009330AB159D049399
:103B90002BAB0195039329AB08980293DDE922230F
:103BA00001F096F9BBF1460F0746054440F04D84FD
:103BB0003B78302B00F03984299B1D4400220023E0
:103BC000DDE92201EEF7FAFC002840F0B483309BD7
:103BD0009D4240F2698530215A1C30921970309B09
:103BE000AB42F9D3299ADB1BBBF1470F1392159314
:103BF00000F0D180BBF1460F40F0D580079B1399B0
:103C000003F001030B9A002943EA020340F3F68410
:103C1000002B40F08383139B4FF066091093079BA2
:103C20005B0500F1B883109B23EAE37309931F9BA4
:103C3000002B00F09C82099BCDF81CA00133099356
:103C400000231A460F932D230B928DF89F30189264
:103C50001492FEF765BD15463A4657469246013323
:103C60003544C4F800A0072B6660CDE9333569DC24
:103C70000834FFF748BA35ACFEF77DBD1744961BF4
:103C8000FF1AB742A8BF3746FFF76CBAEE173346A4
:103C9000FEF70CBE129B0D9A1B681A80FFF70EB838
:103CA000DDB20B9B0E468DF89F10002BBFF699AB33
:103CB0001292FEF74BBF07981292FEF7CFBF38461D
:103CC000FEF724FA9DF89F3020EAE07210900992E6
:103CD000002B3EF409AFFEF705BF32AA0A99504601
:103CE00000F02AFD00283EF4C9ACFEF7DCBC886D6C
:103CF000FEF7FCF9FEF793BCC0720110CDCCCCCC22
:103D0000387C0110591C0898FCF70AFE0746002869
:103D100000F03B84DDE91612002AC0F2CD831F9625
:103D20000F909DED167B8DED247BFFF7B3BB002933
:103D3000C0F2CB8306231F969DED167B0B938DED72
:103D4000227B10E732AA0A99089800F0F5FC0028B7
:103D50007FF4EDA8349D35ACFFF7D5B9B9F1660F06
:103D60003FF40FAF0B9B0898019330AB04932BAB40
:103D7000039329AB029302230093DDE9222301F090
:103D8000A7F8079B0746DE0700F14D82309B1B1A00
:103D90001593299B1393139BDD1C02DB0B9A934213
:103DA00042DDA9F10209139B8DF8B090013B002B75
:103DB0002993C0F2A0822B22092B8DF8B12040F369
:103DC000A382002207990F920DF1C70CDFF8F0E4EF
:103DD0006546AEFB032A1E462846013D4FEADA0A35
:103DE000632E0AEB8A02A3EB4202534602F1300231
:103DF00000F8012CEDDC303305F8013C831E6345EF
:103E000080F016840DF1B10213F8015B634502F8EE
:103E1000015FF9D103F5BC732CAA6B44C43B1B1A98
:103E20009B1A1B93FFF7DCBB139B159A9342C0F2BE
:103E30000A82079B13F0010F139B00F09982199AD5
:103E400013441093079B590503D5139B002B00F3D4
:103E5000A082109B4FF0670923EAE3730993E6E61B
:103E6000079D25F4806545F002050795C6E4149A80
:103E700018990A43159A00F0E983B8188B46224630
:103E800029461C46DFF840A4DDF8749003461E9DC9
:103E90001F97BBF1000F32DC149809F1FF3901388C
:103EA00014901C982944C2E90005339834910130DC
:103EB000072833904DDC08321F1B99F800000B9344
:103EC0008742A8BF0746002F0BDD339839440130E5
:103ED000349107283390C2E900475ADC083299F838
:103EE0000000002FACBFC61B0646002E0ADC0444AF
:103EF00014980028CDDCBBF1000F40F3F5820BF1E4
:103F0000FF3BCEE7102E339840F3EB82109410273E
:103F1000344613950A9E089DCDF860A01D9302E0DB
:103F2000103C102C22DD013010310728C2E900A717
:103F3000CDE9330102F10802F2DD32AA314628460A
:103F400000F0FAFB002840F09E8035AADDE933013D
:103F5000E6E732AA0A9908980B9300F0EDFB0028D7
:103F60007EF4E5AF349935AA0B9BA5E72646139D51
:103F7000109CDDF860C01D9B01303144C2F800C0C8
:103F800007285660CDE9330160DC083299F800005B
:103F9000ADE732AA0A990898109300F0CDFB0028EB
:103FA0007EF4C5AF99F8000035AA3499109B98E7C4
:103FB00000232BAA08981946CDF800A002F0A8FB10
:103FC00003461090013300F06C832B978CE412921F
:103FD000FEF7BBBD2D23B9F1470F8DF89F3000F3DD
:103FE000DC8003222B46B54F0F95109204220B93D1
:103FF00018930992CDE91333FEF792BB32AA0A99BE
:10400000089800F099FB00287EF491AF299935AC0F
:10401000349DFFF79AB99DF89F301296003B18BF68
:1040200001230993109B0B9318930F93CDE913333E
:10403000FEF776BB32AA0A99089800F07DFB0028AB
:104040007EF475AF349D35ACFFF754B832AA0A99A7
:104050000898109300F070FB00287EF468AF99F880
:10406000000035AA3499109B41E732AA0A990898B2
:1040700000F062FB00287EF45AAF299935AADDE9E9
:104080003335FFF774B9AA46FEF707BB1E9A1C9991
:10409000A7EB020A504600F0F9FD99F801300BB188
:1040A00009F10109AB19864A4FF0CC314FF0010EEE
:1040B00043F100030AF1FF37A2FB030C2CF00300CD
:1040C00000EB9C001B1AEB1A66F1000603FB01F1E2
:1040D000A3FB023002FB061123FA0EF3014443EA6C
:1040E000C17521FA0EF6AB1943F10003A2FB0310D0
:1040F00020F0030101EB90015B1AEB1AA3FB0231E4
:1041000066F1000023FA0EF302FB001243EAC273C9
:1041100003EB8303A5EB430330330AF8013C6AE465
:10412000079BDE077EF53DAB199B1A9A1D44C4E937
:104130000023339B34950133072B339395DC04F133
:104140000802FFF717B932AA0A9908980B9300F0F2
:10415000F3FA00287EF4EBAE299E35AC349D0B9B20
:10416000FEF7ECBF0B9B0133159302230CE59DF882
:104170009F30002B00F0D381099A1F9B0132CDF8AC
:104180001CA00F9309920B9318931493FEF7C8BACF
:1041900000230D460B93FEF7B6B903222B46494F79
:1041A0000F95109222E732AA0A99089800F0C4FAF3
:1041B00000287EF4BCAE299E35AC159B349D9E1B19
:1041C000FEF7D0BF099A0B93013212961893099209
:1041D000CDE91333FEF7A4BA4E421031DFF8E8A060
:1041E0003EDAB9461024574602E0103E102E35DD67
:1041F00001331035072BC2E90074CDE9333502F1E4
:104200000802F2DD32AA0A99089800F095FA00280F
:104210007EF48DAE35AADDE93335E6E7002345AF00
:104220000F93FFF771BB0B9B0022C5180023DDE93C
:104230002201EEF7C3F9002840F09C80309B9D429C
:104240003FF6C9ACCEE4159B199A9A18139B002B24
:10425000109240F394804FF06709E0E4BA464F466D
:1042600001333544C2F800A0072B5660CDE9333541
:1042700000F309810832FFF77DB81F9B9DF89FC0AE
:104280000B93FEF77ABCC8077FF5B5A9FFF7AFB966
:1042900002F1004345AF249125932D230F901F93E6
:1042A000FFF7F8B8B2460A9B0022B3F90C300F9220
:1042B00043F040030A9A9381FEF7EFB9B072011000
:1042C000CDCCCCCCB4720110387C01100B9B099C76
:1042D0000F9E1093FFF708BB1296002B00F044814D
:1042E0000B9B4FF073090B905A1C10931890099276
:1042F0001490FEF715BA139B2D22C3F101038DF81C
:10430000B120092B3FF75DAD302207998DF8B2201F
:1043100000220F920DF1B302FFF75CB91346199A10
:104320004FF0660913440B44109378E400230322F2
:10433000CDE90F325AE6EB1B1593299B13935DE4ED
:10434000079B23F080030793179B13F000431393FD
:1043500000F0F8802D230322B9F1470F8DF89F302C
:104360004FF00003CDE90F3240F30981AD4F3DE638
:10437000109367E5299B13930B9B15930BE5C3F1F2
:1043800001034FF067091A4422EAE273109209937D
:104390004DE44FF067091D990B78FF2B00F0528117
:1043A0000025139A284603E001300131FF2B08D085
:1043B000934206DAD21A4B78002BF5D10B780135EF
:1043C000F4E713921D9114901895189A149B1E9956
:1043D0001344109A01FB0323109323EAE373099318
:1043E0001F9B002B00F08C80099BCDF81CA0013393
:1043F00009932D238DF89F3000230F930B93FEF725
:104400008FB949460B9CDDF84C905F460029FFF6BA
:10441000CAA84A1C33463020324403F8010B9342A9
:10442000FBD131444E1CFFF7BEB800220023DDE96A
:104430002201EEF7C3F8002800F0C480299B1393F3
:10444000EB18DB1B1593FFF7D9BB00220023DDE936
:104450002201EEF7B3F828B9309B9D423FF6BBAB83
:10446000DB1B1593299BBBF1470F13937FF49BAC88
:1044700091E4DDE9161202F10043229123932D23EA
:104480001F93FFF770BB32AA0A99089800F054F9FD
:1044900000287EF44CAD35AADDE93335FEF76ABF5E
:1044A0000029C0F2958001231F969DED167B0B938A
:1044B0008DED227BFFF757BB02F1004324910F9053
:1044C00025932D231F93FEF7E5BFDDE9161202F1B8
:1044D0000043229123932D231F9306230B93FFF771
:1044E00042BBDFF848C147E523461F9F14460D46EF
:1044F000CDF874900B9A934228BF1346FEF709BE7D
:104500009DF89F30002B00F0C580099A1F9B013257
:10451000CDF81CA00F9309920B93FEF701B91F9BD6
:10452000CDF81CA00F930B9318931493FEF7F8B8D3
:10453000C2F101032D22092B8DF8B1203FF744ACC5
:10454000FFF746B8B9F1470F9DF89F30CCBF354F04
:10455000354F002B7DD103220B93189310921493A7
:104560000F930992FEF7DCB80B9B4FF07309109381
:1045700009930F9B189314930B93FEF7D1B82A4F0E
:1045800034E5099B9B7AFFF70CB80A98B0F90C3018
:10459000426E43F04001D60781813EF5BEAA9805E0
:1045A0003EF5BBAAFEF761B90A9A536ED8073EF5ED
:1045B000B4AA938999053EF5B0AA906DFDF796FDD2
:1045C000FEF7ABBA159BC3F101032993FFF7F5BAC8
:1045D00001F10043229023932D231F9301230B937A
:1045E000FFF7C1BA129B95F801900D4653F8042BC2
:1045F00042EAE27212930B92FDF784BF33B90123B2
:104600004FF0660909931093FFF711BB199B4FF008
:1046100066090B9A01331A4422EAE2731092099355
:10462000FFF705BBBC720110B8720110387C011095
:1046300002231B93FEF7D4BF0798FEF74ABB194627
:10464000FEF787BB002318931493BEE6BA180B92AB
:1046500050E703220023109204220B93099218932F
:1046600014930F93FEF75CB80A9BDDF820A0B3F912
:104670000C3043F040031DE60A9BDDF820A0B3F99F
:104680000C300F9043F0400314E6139B18931493DF
:10469000FEF746B81F9BCDF81CA00F930B93FEF7B7
:1046A0003FB8DDF820A0FEE5DB1B1593299B139393
:1046B000FFF7A4BA2DE9F04198468B89ADF58D6DD1
:1046C000164623F00203074616A80D46ADF80C3037
:1046D0001AAB6C46009304934FF4806302930593E6
:1046E0004B6E1993CB89ADF80E30CB6907934B6AAB
:1046F000099300230693FDF7F3FC324643466946CF
:104700003846FDF781FE061E07DB69463846FCF792
:104710008BFE002818BF4FF0FF36A3895B0603D538
:10472000AB8943F04003AB81A06DFDF7DBFC304665
:104730000DF58D6DBDE8F081936810B514461BB979
:1047400018460023636010BD00F046F80023A36004
:104750000023636010BD00BF10B50B78722B36D0FC
:10476000772B06D0612B2BD0044616230020236024
:1047700010BD4FF4C0644FF0010C08204B7801319C
:104780006BB916E02B2B20F01C0E2CF0030303D189
:104790004EF0100043F0020C11F8013F4BB1622BB8
:1047A0000BD0782BEED111F8013F4CF4006C002BAC
:1047B000F5D144EA0C04146010BD4CF4803CEBE7E6
:1047C0004FF402744FF0010C4FF48470D6E70024CC
:1047D0000420A446D2E700BF9368002B00F0B78006
:1047E000B1F90CC01CF0080F2DE9F04F174683B04B
:1047F00080460C4627D00B692BB31CF002033D68A2
:104800002DD04FF0000ADFF8B0B2B94656465E45EB
:1048100033465246404628BF5B46002E00F0868055
:10482000E169676AB847002840F38980D9F8083001
:104830008244361A1B1AC9F80830002BE7D1002031
:1048400003B0BDE8F08F2146404600F09FF90028F4
:104850007AD1B4F90CC03D681CF00203D1D11CF030
:10486000010976D14E460097002E5BD01CF4007FE4
:104870002068D4F808B000F0B280B3455A4600F280
:10488000E0801CF4906F33D06369216913EB43031C
:10489000A0EB010B48BF01334FEA630A0BF10103A0
:1048A00033445246534501D99A461A461CF4806F48
:1048B00000F0E58011464046FCF732F8002800F091
:1048C000F4805A462169019001F0E6FFA289019B1C
:1048D00022F4906242F08002A28103EB0B0023617C
:1048E0003246AAEB0B03B346C4F814A0A3602060C1
:1048F0004946019201F0DCFFA368019AB246A3EB9E
:104900000B01236800261344A1602360009AD14460
:104910009368A3EB0A039360002B90D0B4F90CC00A
:10492000002EA3D1D5E9009608359DE7D5E900A66C
:1049300008356CE721464046FCF776FD70B3B4F9C4
:104940000C3043F04003A3814FF0FF3078E70020A4
:1049500070471E46BA46994618461F4600955EB3F4
:10496000002831D04A46A168B2426369206828BF56
:10497000324603EB010B2169884201D95A4570DCAC
:10498000934261DC3A46E1694046656AA847B0F166
:10499000000BD4DDB9EB0B09CCD00120DAF80830DC
:1049A0005F44A6EB0B06A3EB0B03CAF80830002B01
:1049B0003FF445AF002ED3D1009A56681346083213
:1049C0000092002EF8D01F6832460A21384601F0C6
:1049D0004FFF002866D00130A0EB0709C2E723692A
:1049E000834216D36269B24213D86FF00043E16983
:1049F0004046676AB34228BF334693FBF2F302FB9B
:104A000003F34A46B847B0F1000A98DDA6EB0A0660
:104A10007CE7B345DA46494628BFB246524601F024
:104A200047FFA3682268A3EB0A035244A3602260F5
:104A3000002BEBD121464046FCF7F6FC0028E5D0E0
:104A40007DE7B346324653E73946019201F030FF25
:104A5000019AA36893469B1AA360236813442360BA
:104A600098E739465A4601F023FF2368214640461D
:104A70005B442360FCF7D8FC00288BD05FE74046FE
:104A8000FCF716FA034600287FF427AF2169404659
:104A9000FDF7C6FBB4F90C300C2223F08003C8F8F4
:104AA00000204EE7721C91465DE70C22B4F90C30F1
:104AB000C8F8002045E700BF00FCFF7FB1F90C30CB
:104AC00070B50C46990796B007D504F1430301224F
:104AD0002360C4E9043216B070BDB4F90E10054667
:104AE00000292BDB6A46FDF775FA002824DB4FF41A
:104AF00080612846019EFBF713FFB4F90C30A0B388
:104B000006F4704643F080034FF480622060B6F5EF
:104B1000005F2061A381626135D1B4F90E1028468F
:104B200000F0F0F8B4F90C3068B323F003034FF44D
:104B3000006243F0010314E0B4F90C3013F0800F6D
:104B400028460CBF4FF4806540252946FBF7E8FE58
:104B5000B4F90C3048B143F0800300222060C4E96E
:104B600004051343A38116B070BD9A05B3D423F096
:104B7000030304F14302012143F002032260C4E96C
:104B80000421A381A7E74FF40062EAE738B53E4B62
:104B900005460C461B6813B15A6B002A5BD0B4F96A
:104BA0000C3019070BD522699AB113F0010221D0FC
:104BB000636900225B42A260A361002038BDDA066F
:104BC00059D558071BD4226943F00803A381002A52
:104BD000EBD1990529D5180603F0800125D4D80713
:104BE00042D49D073DD5A2600029E6D043F04003A2
:104BF000A38145E09B0716D46369A360DDE7216BC1
:104C000051B104F14002914204D02846FDF708FB5F
:104C1000B4F90C30002222630021226923F024031E
:104C2000C4E90021D0E7A260C7E721462846FFF784
:104C300045FFB4F90C30226913F001010FD061690E
:104C400000204942A060A161002AB6D103F0800192
:104C50000029B2D0CAE71846FCF714FD9FE7980771
:104C600000D46169A160EFE76069A2604042A06181
:104C70000029A2D0BAE7092243F040032A60A381A9
:104C80004FF0FF3038BD00BF9C0B022040EA01030B
:104C90009B0730B501D1032A17D8844601F1FF3EA6
:104CA00007E01EF8011F541E03F8011B29B122461C
:104CB0009C466346002AF4D130BD002CFCD09444BD
:104CC00003F8011B6345FBD130BD0C4684462568C3
:104CD00021460434A5F1013323EA050313F0803F94
:104CE000DCD1043A4CF8045B032AF0D82146D5E71E
:104CF000014B93F828017047E00C022000487047F0
:104D0000D00D022038B50022064D044608462A6020
:104D1000EEF7E6FF431C00D038BD2B68002BFBD01C
:104D2000236038BD2C150220F8B5DFF860C021F0F3
:104D300000430027044663450D461646176020D8F9
:104D4000844653EA0C0C1CD0DFF844C00A4601EA42
:104D50000C0CBCF1000F09D100220B4BEDF766FBE8
:104D60006FF0350704460A4621F000436FF31E52E8
:104D70001B1542F07F55A3F2FE3345F400153B446A
:104D8000336020462946F8BD00005043FFFFEF7F07
:104D90000000F07F2DE9F04F036985B00C69A34254
:104DA000C0F29080013C01F1140500F11408814625
:104DB00055F824304FEA840C58F8242005EB84077A
:104DC000013308EB840B9A42B2FBF3F642D3002086
:104DD000AA46C646CDF80C8003468846CDE901C5F3
:104DE00005465AF8042BDEF8001090B257454FEAFA
:104DF000124C06FB00508AB24FEA104580B206FB07
:104E00000C55A2EB00021A44ABB24FEA1545C3EBB6
:104E1000224392B203EB114342EA03424FEA234397
:104E20004EF8042BDDD24146DDF80C80DDE901C5EA
:104E300058F80C3073B9ABF1040BD84504D307E034
:104E4000D84504F1FF3403D25BF80439002BF7D0C6
:104E5000C9F81040484601F0EFFA00282EDB002286
:104E60004146944655F8040B0B681FFA80FEAF428A
:104E70009AB24FEA1040A2EB0E026244C0EB22400D
:104E800092B200EB134042EA00424FEA204C41F854
:104E9000042BE7D258F8242008EB84036AB9043BBA
:104EA000434504D807E0984504F1FF3403D253F892
:104EB0000429002AF7D0C9F810400136304605B061
:104EC000BDE8F08F002005B0BDE8F08F00000000C5
:104ED0002DE9F04F816B9DB016461F460446299D73
:104EE000CDE9046741B1C26B012393404A608B60F6
:104EF00001F028F80023A363B7F10009C0F2AA80EB
:104F000000232B60744B33EA090300F0AE800022CB
:104F100000239DED047B51EC170B8DED027BEDF72B
:104F20004DFB824668B10123289A13602A9B13B176
:104F30006A4B2A9A13606A4B069306981DB0BDE827
:104F4000F08F1AAB204601931BAB0093DDE90223DF
:104F500001F04CFBDDF868805FEA1955099040F0DC
:104F60009A801B9D454405F23243202B40F3CD81AE
:104F7000C3F1400309FA03F905F2124326FA03F3D9
:104F800049EA0300EDF7E4FA013D0122A1F1F873CB
:104F9000129219460022534BEDF734FA48A3D3E995
:104FA0000023EDF743FA48A3D3E90023EDF716FAFF
:104FB00006460F462846EDF7B9FA45A3D3E9002384
:104FC000EDF734FA02460B4630463946EDF706FA5D
:104FD00006460F46EDF7CEFA0022814607900023E1
:104FE00030463946EDF7FCFA002840F07581A8EB11
:104FF0000508079D08F1FF36162D089600F2598125
:10500000394B03EBC503DDE90201D3E90023EDF7DA
:10501000E7FA002840F08081B8F1000F40F30F86D6
:105020002E4410900F9508960A9000230E93269B0D
:10503000092B61D8052B40F36D81043B0025269395
:10504000269B023B032B59D8DFE813F08902860226
:105050007B027001012329F000492B601E4BCDF823
:10506000149033EA09037FF452AFC9F3130942F2F3
:105070000F73289A59EA0609136017D12A9B002B4F
:1050800000F01487194B069308332A9A0698136088
:105090001DB0BDE8F08FDDE90201154BA5F2FF352B
:1050A000C1F31302CDF848A0134372E72A9B002BEB
:1050B00040F038810F4B06933FE700BFAFF300800D
:1050C00061436F63A787D23FB3C8608B288AC63F0E
:1050D000FB799F501344D33F0000F07FC969011052
:1050E000C86901100000F83F907C0110387301106E
:1050F0000000F03F44730110002326930021204656
:10510000E16300F0F9FE0690002800F06686069B39
:10511000A3631B9B002B03DB079A0E2A40F3E48555
:10512000002227924FF0FF320B921192129A002A1E
:1051300040F018821A9BC3F13603089A0E9D1A4458
:1051400008920A9A90461A440A920121204600F0D9
:10515000BFFF0646B8F1000F00F07A85089B002BD0
:1051600040F37685089A0A9942451346A8BF4346FC
:10517000C91AA8EB0308D31A0A9108930E9BC3B16E
:10518000002D00F0D68531462A46204601F082F8EF
:10519000099F064620463A46314600F0C7FF394689
:1051A0000746204600F0CEFE0E9B09975D1B40F09F
:1051B000848501230E930121204600F089FF0F9B77
:1051C0000746002B40F00683269B012B40F35D83AE
:1051D000012308990B4413F01F0300F05482C3F11C
:1051E0002002042A40F3F284C3F11C030A9A1944F2
:1051F0001A4498440A9208910A9B002B05DD1A462E
:105200000999204601F0A6F80990089B002B05DDBE
:1052100039461A46204601F09DF80746269B022B88
:10522000109BD4BF4FF0000A4FF0010A002B40F052
:10523000E6820B9B002B00F32F82BAF1000F00F0E7
:105240002B820B9B002B40F0AE8239460522204674
:1052500000F082FE07460998394601F0EDF8002873
:1052600040F3A182079BDDF818B003F1010A312356
:105270000BF8013B394620460AF1010A00F062FEB4
:105280001EB13146204600F05DFE0999204600F02F
:1052900059FE00238BF80030289BC3F800A02A9BFE
:1052A000002B3FF44AAE0698C3F800B01DB0BDE82D
:1052B000F08F01231093089B002B20DB00230A931F
:1052C000079B002B16DA0A9A079BD21A5B420E93B1
:1052D00000230A920F93AAE64846EDF727F93246D3
:1052E0003B46EDF76BF900287FF481AE09F1FF33FF
:1052F00007937CE6089A0F931A44089295E6C8F142
:1053000001030A9300230893DAE7C3F1200306FAA6
:1053100003F037E6012593E6079B013B0793002343
:105320001093C8E7B74B06930333AEE64FF0010A7C
:10533000279B079A134411930133012B1E460B93AD
:10534000B8BF0126172E40F3A685012204235B0077
:105350001146013203F11400B042F8D9E16320464E
:1053600000F0CAFD0690002800F03785069BA36375
:105370000B9B0E2B00F22481002D00F02181079A57
:10538000002A40F3E581A04902F00F03151101EB5B
:10539000C303D3E90067D30540F154829B4B05F06A
:1053A0000F054FF00309D3E90823DDE90201EDF70A
:1053B00061F8CDE90C0185B1DFF85082E80740F1D2
:1053C000D4803046394609F10109F8E80223EDF7A7
:1053D0002DF806466D100F46F0D132463B46DDE90A
:1053E0000C01EDF747F8CDE90C01109B53B10022F9
:1053F000874BDDE90C6730463946EDF7F1F80028B8
:1054000040F0EE834846EDF791F8DDE90C23EDF727
:105410000DF8804B0022ECF7E1FF0B9B0646A1F153
:105420005077002B00F0B380079B18930B9B1393CE
:10543000754B1399199303EBC103DDE90C8913ED47
:10544000027B49464046CDE914678DED167BEDF7AA
:1054500091F80746069EEDF769F8303702460B468D
:1054600040464946751CECF7CDFF80468946FFB2A1
:10547000DDE91623BAF1000F00F02882002066490A
:10548000ECF7F8FFDDE91423ECF7BCFF3770424678
:105490004B4606460F46EDF7DFF8002840F04C84F7
:1054A0004FF0000ADDF84CB00C942BE00AF1010A31
:1054B000DA4580F2CE81304639460022574BECF770
:1054C000B5FF0022554B06460F4640464946ECF7CD
:1054D000ADFF89468046EDF74DF80446EDF726F816
:1054E00002460B46303440464946ECF78BFF3246C5
:1054F0003B4605F8014B80468946EDF771F80028D8
:1055000040F0198442464B4600204149ECF77AFFAF
:1055100032463B46EDF764F80028C7D0069A0C9C4B
:1055200002E0954200F0FF83AB4615F8013D392BB0
:10553000F7D001330692DBB22B70189B03F1010AFE
:10554000A3E64FF0010A279B002B40F33C81279BE9
:105550001E4611930B93F5E64FF0000AE8E64FF074
:10556000000AF0E703F23343E7E56D1008F108089D
:1055700024E74846ECF7DAFFDDE90C23ECF756FFA9
:105580000022244BECF72AFF0646A1F150770022B7
:10559000234BDDE90C01ECF735FF32463B468046F4
:1055A0008946EDF759F8002840F0588340464946AF
:1055B000324607F10043EDF713F8002840F0F98078
:1055C0001B9B002B02DB079A0E2A2BDDBAF1000F82
:1055D00040F047810A9B002B00F0F182089B002BD2
:1055E00000F0ED820A9A089913460E9E8A42A8BFDF
:1055F0000B46D21ACB1A0A920893002E40F03C8335
:105600009046D8E544730110907C0110687C01102D
:105610000000F03F00001C400000E03F000024407C
:1056200000001440A64B1993199B079A03EBC20381
:1056300093ED007B279B002B8DED047B80F25F8335
:105640000B9B002B00F35B83002B40F0B280002209
:105650009C4BDDE90401ECF7E9FE02460B46DDE96F
:105660000201ECF7D1FF0B99002840F0A380312311
:10567000DDF818B020460BF8013B00F063FC079BF7
:1056800003F1020A01E61C230A9A98441A440A927A
:10569000089A1A440892AFE50E9B002B40F0DF8178
:1056A000079B03F1010ADDF818800125DDF82CB015
:1056B000DDF8249007E0494600230A22204600F046
:1056C0004BFC0135814639464846FFF763FB5D4593
:1056D00000F1300308F8013BEDDB0B9A0025CDF813
:1056E000249002F1FF38002A069AD8BF4FF0000834
:1056F00001329044099901222046029300F02AFECB
:105700003946099000F098FE002840F3FB82069A83
:1057100002E0904500F0018318F8013CC34608F10F
:10572000FF38392BF5D0013388F800303946204650
:1057300000F008FC002E3FF4A8AD002D3FF4A1AD11
:10574000B5423FF49EAD2946204600F0FBFB98E5AC
:1057500000F06D82079B5A4A5D4205F00F0302EB91
:10576000C303DDE90201D3E90023ECF75FFE2D114D
:10577000CDE90C0100F08B83534E4FF00209E9078D
:105780000ED509F10109DDE90C01F6E80223ECF779
:105790004DFE6D10CDE90C013FF427AEE907F0D4C2
:1057A0006D100836EBE7279BDDF818B06FEA030AA7
:1057B00060E50021204600F0C5FB279BDDF818B00E
:1057C000C3F1000A61E5012300211193E1632793EE
:1057D0000B93C4E51A460146204600F05BFD269B6C
:1057E0000746012B40F3738200230F933B6907EBBD
:1057F0008303186900F002FCC0F12003E9E4394694
:10580000099800F019FE0028BFF613AD002309998E
:105810000A222046079D00F09FFB119B05F1FF39EE
:105820000990002BCCBF00250AF001050E9B002B30
:1058300040F00781002D40F01283119BDDF81CA081
:105840000B9330E79DED027B4FF002098DED0C7B51
:10585000B1E51B9B0C9C002B03DB079A0E2A7FF7FC
:10586000E3AE269A012A7FF761AC0B9B0E9A5D1E70
:10587000AA42C0F20E82002BA2EB050580F2F7824D
:10588000DDE90A32A3EB02085FE4049B002B7FF4FE
:105890009FAC059BC3F31303002B7FF499AC059BCE
:1058A00023F000431B0D1B05002B3FF491AC0A9B1A
:1058B00001330A93089B0133089301230F9388E473
:1058C000907C011000001440687C0110DDE9140197
:1058D000ECF7ACFD069B1F70139B012BCDE90C016F
:1058E00000F0C382069BAA46139A03EB020B002228
:1058F000B94B40464946ECF799FD89468046ECF79E
:1059000039FE0646ECF712FE02460B46303640469C
:105910004946ECF777FD0AF8016BD3458046894686
:10592000E5D16E1E139B1E440022AC4BDDE90CAB8F
:1059300050465946ECF752FD42464B46ECF750FEB6
:10594000002840F0FF8152465B460020A349ECF757
:1059500059FD42464B46ECF77FFE00286AD11B9B5F
:10596000002BFFF637AE079B0E2B3FF733AE199B8C
:10597000079A03EBC20393ED007B8DED047BDDE919
:10598000049ADDE902674A46534630463946ECF749
:1059900071FDECF7EFFD8046ECF7C8FD4A46534633
:1059A000ECF744FD02460B4630463946ECF72AFD3B
:1059B00008F13003069A13700B9B012B00F0DE8177
:1059C000C5F1010902944FF0000ADFF80CB24C4611
:1059D000DDF82C901CE0DDE9042330463946ECF775
:1059E00049FDECF7C7FD8046ECF7A0FDDDE9042397
:1059F000ECF71CFD0B46024639463046ECF702FD3B
:105A000008F1300305F8013B2B194B4500F0B58137
:105A100052465B46ECF70AFD0022002306460F467D
:105A2000ECF7CCFD0028D6D0079BAB46029C03F1D7
:105A3000010A2AE416F8013CB346013E302BF9D0A6
:105A40007BE5314600230A22204600F085FA119BAF
:105A50000646CDF81C900B93002D7FF4F2ABB8F105
:105A6000000F05DD31464246204600F073FC064635
:105A70000F9B002B40F06A81B146069D0B9A6B1E6E
:105A80000297099F1A44049B03F001030A920B93A7
:105A900002993846FFF77EF931468246384600F0D3
:105AA000CBFC029980464A4620460AF1300B00F0B2
:105AB000E5FCC3680146B3BB0890384600F0BCFC67
:105AC00008990890204600F03DFA269A089B1A4350
:105AD0005ED10B9B002B00F0B881B8F1000FC0F233
:105AE000B0810A9BA846AB4208F801BB00F07C815C
:105AF000394600230A22204600F02EFA4E4507467A
:105B000031464FF000034FF00A0220463AD000F031
:105B100023FA4946064600230A22204600F01CFAD2
:105B200045468146B4E72046CDE908B7029F00F01C
:105B300009FAB8F1000F089B08DB049A269902F0D5
:105B4000010248EA010852EA080232D10999012209
:105B50002046029300F0FEFB3946099000F06CFCF1
:105B60000028029B40F38D81392B00F046810AF119
:105B70003103AB460BF8013B3546079B4E4603F11C
:105B8000010AD3E500F0E8F94546064681467FE77D
:105B9000B8F1000FC0F23C81269A48EA02080B9A3D
:105BA00052EA080800F03481002B9ADD09975B4621
:105BB000029F392B00F02181AB460133DAE70E9EBC
:105BC000002E59D1DDF82880FFF7F5BA3FF414AB69
:105BD000C3F13C0358E500BF000024400000E03F53
:105BE0000B9B002B3FF4C5AC119D002D7FF7E8AC5B
:105BF000079B304639460022013B1893AD4BECF72A
:105C000015FC02460F4609F101001646CDE90C6766
:105C1000ECF78CFC32463B46ECF708FC0022A64B26
:105C2000ECF7DCFB13950646A1F1507700E49DEDFF
:105C3000027B4FF002098DED0C7BFFF7D6BBC8F15C
:105C4000010310900A93079B08930F93FFF7EDB998
:105C50000E9B002B3FF4ADAAFFF792BA3123DDF87B
:105C600018B0002120460BF8013B00F06BF9079BB0
:105C700003F1020AFFF709BB0E9A2046099900F0CA
:105C800009FB0023DDF828801E4609900E93FFF7DC
:105C900092BA0E9B01210F9A2046EB1A0B9F1A44D1
:105CA000089B3B440F92089300F012FA0A9B0646A9
:105CB000002B40F0838098460A972A46099920468F
:105CC00000F0E8FA012309900E93FFF774BA049BE1
:105CD000002B7FF489ADDDE90412C2F31303002B1E
:105CE00000F09E800F9181E5079A744B03EBC2038D
:105CF0004FF0FF3293ED007B0B928DED047B069B02
:105D00005D1C3CE603D1029BD8073FF500ADC346BE
:105D100018F8013D302BFAD008E53123069A0AF134
:105D2000010A137002E5189B069201331893312380
:105D300002E40E9DC1E70C9C189BAB4603F1010ADF
:105D4000FFF7A3BA3546069AFFF7EEBB7168204607
:105D500000F0D2F80546002800F0A180336906F172
:105D60000C010C3002339A0000F096FD2946012206
:105D7000204600F0EFFA81467FE6029C02460B4681
:105D8000ECF72CFB079B06460F4603F1010ADDE901
:105D90000423ECF761FC48B930463946DDE90423B9
:105DA000ECF70CFC38B118F0010F04D0079B069AF1
:105DB0001893FFF7B9BBAB46FFF767BA0A99089A81
:105DC0008A421346A8BF0B46D21AA1EB03080892D9
:105DD0000B9A8A18D31A0A936FE7394B002240F2C4
:105DE000AF113848EDF786FF079A354609975B46AD
:105DF000029F02F1010A4E467CE4079BA846069AE0
:105E0000354603F1010A39234E4608F8013B83E485
:105E10001A4609975B46029F002A3FF797AEA8E60D
:105E2000059B23F000431B0D1B05002B3FF4DDAC4D
:105E30000A9B01330A93089B0133089301230F93B4
:105E4000D4E409975B46029F93E65B460997029F5D
:105E5000392BD2D0B8F1000F3FF789AE89E6119BFC
:105E6000CDF81C900B93FFF7ECB92E465CE5089B30
:105E70000B9A134408930A9B984613440A93FFF71E
:105E800064B97FF476AEDA077FF573AE6CE64FF057
:105E90000209FFF7AABA0021E163FFF760BA0246E0
:105EA000074B40F2EF210748EDF724FF064B06931E
:105EB000FFF743B80000244000001C40907C011014
:105EC000487301105C7301103873011082B049B13E
:105ED0005AB16BB113780B601278101E18BF0120F5
:105EE00002B0704701A9002AF3D1104602B07047F2
:105EF0006FF00100F4E700BF38B5436C05460C466F
:105F00004BB153F8240080B1026843F824200023E9
:105F1000C0E9033338BD21220421FAF7B9FC034656
:105F200068640028EDD1002038BD0121284601FA1F
:105F300004F56A1D9200FAF7ABFC0028F3D0C0E923
:105F40000145E4E731B1436C4A6853F82200086028
:105F500043F82210704700BF2DE9F04107460E4676
:105F60001C460D6901F1140E0020DEF8001001300E
:105F70008BB285424FEA114102FB03434FEA134CB7
:105F80009BB202FB01CC03EB0C434FEA1C444EF8DE
:105F9000043BEADC3CB1B368AB4207DD06EB8503AA
:105FA00001355C6135613046BDE8F0817168384685
:105FB0000131FFF7A1FF8046A8B1326906F10C015B
:105FC0000C300232920000F067FC7B6C726853F870
:105FD0002210316043F82260464606EB8503013506
:105FE0005C613561DFE70246024BBA210248EDF7FA
:105FF00081FE00BF48730110B8730110B0F5803FF7
:10600000034610D203041020B3F1807F01D2083080
:106010001B02B3F1805F08D3B3F1804F10D29A0016
:1060200013D4033070470020EEE71A010430B2F1B8
:10603000804F06D29B0108D45B00F2D42020704729
:106040001A46002AFBDB013070470230704700BF60
:1060500003680246590707D0D8071DD499072AD5E7
:106060005B0801201360704799B279B91B0CD9B253
:10607000A1B11020190701D104301B09990712D0D2
:10608000D90701D401305B0813607047D9B241B120
:10609000180718D10420F0E70020704718201B0AC9
:1060A000E8E70820FBE713F0040F4FEA930106D05E
:1060B00002300B46E8E79B08022013607047DB08BC
:1060C00004D120207047DB080320DDE70330DBE745
:1060D00038B5436C04460D464BB15868B0B1026800
:1060E0005A60002201234561C0E9032338BD212203
:1060F0000421FAF7CDFB034660640028EDD1094B7B
:10610000002240F245110848EDF7F4FD1C22012160
:106110002046FAF7BDFB0028F1D001220223C0E996
:106120000123DEE748730110B87301102DE9F04F29
:10613000D1F8108085B015690E469246A84505DB5A
:106140002A46534645468A4690461E4605EB0804B5
:10615000DAE90113A342B8BF0131FFF7CDFE0028F1
:1061600000F08C8000F1140707EB840E774505D210
:106170003B46002243F8042B9E45FBD814360AF117
:10618000140906EB880809EB8505464569D2A5EB9D
:106190000A030AF1150ACDF808E0AE46153B039450
:1061A00023F00303AA4594BF9B464FF0000B8246A1
:1061B00005E0090C2DD1B04507F104074ED956F87A
:1061C000041B8DB2002DF4D0CC463C460023019632
:1061D0005CF8040B216886B2E6458AB24FEA1040AB
:1061E00005FB06224FEA11411A4405FB001101EBA1
:1061F000124192B24FEA114342EA014244F8042BA1
:10620000E6D8019E07EB0B02536056F8041C090CFC
:10621000D1D03B68002248463D461C469446028841
:106220009BB201FB02C202EB144243EA024345F86F
:10623000043B50F8043B2C684FEA134C8645A3B24C
:1062400001FB0C3303EB12434FEA134CE7D807EB87
:106250000B02B04507F104075360B0D85046DDE9A2
:1062600002E4002C02DC05E0013C03D05EF8043DB2
:10627000002BF9D0046105B0BDE8F08F0246034B56
:106280004FF4B1710248EDF735FD00BF48730110BE
:10629000B873011012F003032DE9F04114460746CC
:1062A00032D10E46A4102CD03D6C002D35D004F018
:1062B00001034FF0000864103BB92868B8B10546E7
:1062C00004F001036410002BF7D02A46314638460B
:1062D000FFF72CFF36B17B6C716853F821203260D8
:1062E00043F8216074B1064628680028E7D12A46A1
:1062F00029463846FFF71AFF28600546C0F8008097
:10630000DEE73046BDE8F081013B0F4A52F823201A
:106310000023FFF721FE0646C4E701213846FFF7B8
:10632000EBFD054640B1012340F27122C0E9043281
:10633000002338640360BAE70246044B40F245117B
:106340000348EDF7D7FC00BF587C011048730110DB
:10635000B87301102DE9F0470C46904606464FEA07
:1063600062192769A36807EB621749687D1C9D4283
:1063700003DD5B0001319D42FBDC3046FFF7BCFDD5
:1063800000284DD0B9F1000F00F1140C0BDD09F11C
:1063900005026346002100EB820243F8041B93428E
:1063A000FBD10CEB890C04F11403216918F01F08D0
:1063B00003EB81012BD0C8F12009E6464FF0000A1B
:1063C0001A6802FA08F242EA0A024EF8042B53F85D
:1063D000042B994222FA09FAF2D80B1B04F1150298
:1063E000153B23F00303914238BF002304334CF8DC
:1063F00003A0BAF1000F00D13D46736C62680561DD
:1064000053F82210216043F82240BDE8F087ACF138
:10641000040C53F8042B99424CF8042FF9D8EBE7FD
:106420000246034B4FF4EF710248EDF763FC00BFE7
:1064300048730110B873011084460B690069C01AD3
:1064400016D10CF1140C14310CEB830201EB830315
:1064500010B401E0944508D252F8044D53F8041DDD
:106460008C42F7D005D24FF0FF305DF8044B7047F7
:10647000704701205DF8044B704700BF2DE9F04FD5
:10648000136983B00E6989461546F61A002E14D199
:1064900001F1140702F1140101EB830107EB8303FF
:1064A00001E09F427ED253F8044D51F8042D9442EE
:1064B000F7D080F08280012603E0FCDB00260D4649
:1064C00091466968FFF718FD002800F083802F6966
:1064D00005F1140B05F11002D9F8103009F114057B
:1064E00000F114010BEB870E944605EB830A8846F6
:1064F0000023C660CDF804B055F8046B5CF8042F97
:106500001FFA86FBAA4594B2A4EB0B041C444FEA85
:106510001643C3EB124303EB2443A4B244EA0344FF
:106520004FEA234348F8044BE6D8AAEB090209F1E5
:106530001509DDF804B02646153A22F00302CA45D3
:1065400038BF00220BEB02080A4408F10408141DAE
:10655000C645454635D9A1EB0B0105EB010C55F8B5
:10656000042B1FFA82F9D618120CAE454B44B6B272
:1065700002EB234246EA02464FEA2243CCF800608F
:10658000EBD80EF1FF33A3EB080323F003032344FE
:1065900026B953F8042D013F002AFAD0076103B051
:1065A000BDE8F08F0021FFF7A7FC60B101220023B6
:1065B000C0E9042303B0BDE8F08F2B464D46994651
:1065C0007FE71346E4E70246064B40F237210648D0
:1065D000EDF790FB0246034B40F245210248EDF7F0
:1065E00089FB00BF48730110B8730110F0B5012199
:1065F00083B016461F46FFF77FFC0546002847D0AC
:10660000C7F30A54C7F313030CB143F48013002EED
:10661000019315D101A8FFF71BFD019A012100F19B
:1066200020036A6129611CB3A4F23344C3F135002D
:106630001C44089B1C60099B1860284603B0F0BDF1
:1066400068460096FFF704FD0346DDE9001230B10D
:10665000C0F1200002FA00F0DA4001430192002A62
:10666000C5E905120CBF012102212961002CDBD1F3
:10667000A3F2324305EB8102089803601069FFF72B
:10668000BDFC099BC0EB41101860284603B0F0BD6B
:106690000246034B40F20F310248EDF72BFB00BFDF
:1066A00048730110B8730110034649B1FF2A02D89C
:1066B00001200A7070478A224FF0FF301A6070473D
:1066C0000846704770B5054684B05BB11C460F4B59
:1066D000D3F8E060234669B12846B047431C0FD089
:1066E00004B070BD094B00F58274D3F8E060234616
:1066F0000029F1D10A46284601A9B047431CEFD131
:1067000000228A2322602B6004B070BDE00C0220BE
:1067100010B582B0049C00934FF0FF33019400F059
:106720007DF802B010BD00BF2DE9F04F8BB01C46C4
:10673000DDE91478DDF858900290B8F1000F50D0E0
:1067400000291668C3464FF0000508BF4FF0FF3719
:10675000924688460196039107E0019B013C53F85D
:10676000040B019300284AD06546AF4235D9002C6E
:1067700033D0DBF8003006A9019A0493DBF804302B
:10678000126805935B460298D9F8E060B047431C55
:106790001CD000EB050CBC4526D8039B002BDCD09D
:1067A00000280DDD08F1FF3206A9019E02EB000E64
:1067B00011F8013B02F8013F7245F9D1804401967E
:1067C000DAF800200432CAF80020C6E78A21002245
:1067D000029B05461960CBF8002028460BB0BDE8A7
:1067E000F08F00F58678ABE7D846DDF810A0DDF82D
:1067F00014B02846C8E900AB0BB0BDE8F08F039990
:10680000D84609B1CAF800000CF1FF35002228462D
:10681000C8F800200BB0BDE8F08F00BF10B584B001
:10682000054C06980090079801900448006802946F
:10683000FFF77AFF04B010BDE00C02209C0B022091
:106840005FF800F0550E00205FF800F021130020E3
:106850005FF800F0110100205FF800F0590B0020F4
:106860005FF800F0F10200205FF800F0250B002037
:106870005FF800F0A91400205FF800F09D0B0020E5
:106880005FF800F0751100205FF800F0B9020020F9
:106890005FF800F0FD0A00205FF800F0BD13002053
:1068A0005FF800F0390300205FF800F09D01002040
:1068B0005FF800F0251200205FF800F08102002050
:1068C00069180010DD17001011180010F9180010D9
:1068D0004918001041170010911800102D170010D2
:1068E000C109001095180010910D00108D170010AF
:1068F0007D1800102D180010B5050010DD050010E2
:0869000005630010F9440010CA
:106908001069011009FF01003EE0015041000150EB
:106918003EE80158450801583EE000000A2A2A2AA4
:106928002050414E4943202A2A2A0A004E6F2073DC
:1069380070696E6C6F636B7320617265206176613C
:10694800696C61626C6500004E6F2075736572201A
:10695800495251732061726520617661696C616288
:106968006C650000486172647761726520616C61D2
:10697800726D20256420616C726561647920636C96
:1069880061696D6564000000486172642061737319
:10699800657274004F7574206F66206D656D6F7237
:1069A8007900000052656C6561736500626F6F74F1
:1069B800325F77323571303830000000322E332E96
:1069C800300000007069636F3200000074780000C6
:1069D8004A756C2031392032303236002C206675E9
:1069E8006E6374696F6E3A2000000000617373650E
:1069F8007274696F6E2022257322206661696C6546
:106A0800643A2066696C6520222573222C206C6903
:106A18006E65202564257325730A000055534220AE
:106A2800737464696E202F207374646F757400002A
:106A380052617370626572727920506900000000BB
:106A48005069636F00000000426F61726420434424
:106A5800430000005265736574000000556E68615C
:106A68006E646C65642049525120307825780A009C
:106A7800657020253032582077617320616C72650B
:106A880061647920617661696C61626C65000000FF
:106A980043616E277420636F6E74696E7565207824
:106AA800666572206F6E20696E6163746976652011
:106AB800657020253032580063322D3E6270665F63
:106AC80062756620213D204E554C4C00433A2F55A7
:106AD800736572732F70657465722F446F63756D7B
:106AE800656E74732F4769744875622F4C696272BA
:106AF80065436F6D2F6275696C642F5F6465707391
:106B08002F636F646563322D7372632F7372632F03
:106B1800636F646563322E630000000063322021D6
:106B28003D204E554C4C000063322D3E656E636F20
:106B3800646520213D204E554C4C000063322D3EAB
:106B48006465636F646520213D204E554C4C207C64
:106B58007C2063322D3E6465636F64655F62657295
:106B680020213D204E554C4C0000000028434F4446
:106B78004543325F4D4F44455F414354495645288C
:106B8800434F444543325F4D4F44455F33323030C5
:106B98002C2063322D3E6D6F64652929207C7C2072
:106BA80028434F444543325F4D4F44455F4143546A
:106BB80049564528434F444543325F4D4F44455F4E
:106BC800323430302C2063322D3E6D6F64652929B4
:106BD800207C7C2028434F444543325F4D4F444539
:106BE8005F41435449564528434F444543325F4D1E
:106BF8004F44455F313630302C2063322D3E6D6F67
:106C080064652929207C7C2028434F444543325F12
:106C18004D4F44455F41435449564528434F4445E9
:106C280043325F4D4F44455F313430302C2063325E
:106C38002D3E6D6F64652929207C7C2028434F44B4
:106C48004543325F4D4F44455F41435449564528BB
:106C5800434F444543325F4D4F44455F31333030F5
:106C68002C2063322D3E6D6F64652929207C7C20A1
:106C780028434F444543325F4D4F44455F41435499
:106C880049564528434F444543325F4D4F44455F7D
:106C9800313230302C2063322D3E6D6F64652929E6
:106CA800207C7C2028434F444543325F4D4F444568
:106CB8005F41435449564528434F444543325F4D4D
:106CC8004F44455F373030432C2063322D3E6D6F83
:106CD80064652929000000006E626974203D3D202A
:106CE80028756E7369676E656429636F64656332BE
:106CF8005F626974735F7065725F6672616D652843
:106D0800633229002862657461203E3D20302E30B0
:106D180029202626202862657461203C3D20312EDA
:106D2800302900002867616D6D61203E3D20302EBE
:106D38003029202626202867616D6D61203C3D2082
:106D4800312E302900000000776200006572726FF2
:106D580072206F70656E696E67206D616368696E19
:106D680065206C6561726E696E6720666561747511
:106D780072652066696C653A2025730A0000000078
:106D88006572726F72206F70656E696E67206D61D3
:106D98006368696E65206C6561726E696E67204311
:106DA8006F6465632032206D6F64656C2066696C62
:106DB800653A2025730A0000726200006572726FDE
:106DC80072206F70656E696E6720636F6465626FAD
:106DD8006F6B2066696C653A2025730A0000000015
:106DE8006E72656164203D3D206E6577616D70311E
:106DF80076715F63625B6E756D5D2E6B202A206E07
:106E08006577616D703176715F63625B6E756D5D1C
:106E18002E6D00005265616C20464654206F7074D8
:106E2800696D697A6174696F6E206D75737420621B
:106E380065206576656E2E0A0000000073742D3E8D
:106E480073756273746174652D3E696E76657273CD
:106E580065203D3D20300000433A2F55736572731D
:106E68002F70657465722F446F63756D656E7473EA
:106E78002F4769744875622F4C69627265436F6D5C
:106E88002F6275696C642F5F646570732F636F641C
:106E98006563322D7372632F7372632F6B6973731B
:106EA8005F666674722E630073742D3E7375627329
:106EB800746174652D3E696E7665727365203D3D1B
:106EC8002031000077203E20302E3000433A2F55E5
:106ED800736572732F70657465722F446F63756D77
:106EE800656E74732F4769744875622F4C696272B6
:106EF80065436F6D2F6275696C642F5F646570738D
:106F08002F636F646563322D7372632F7372632FFF
:106F1800696E746572702E630000000077203C3D36
:106F28002050490066203C3D20312E3000000000F2
:106F38006E70203E3D203300433A2F5573657273BF
:106F48002F70657465722F446F63756D656E747309
:106F58002F4769744875622F4C69627265436F6D7B
:106F68002F6275696C642F5F646570732F636F643B
:106F78006563322D7372632F7372632F6E65776149
:106F88006D70312E630000006E64696D203D3D20F8
:106F98006E6577616D703176715F63625B305D2E0F
:106FA8006B0000006D6F64656C2D3E415B6D5D206C
:106FB800213D20302E3000004673203D3D203830E2
:106FC80030300000433A2F55736572732F70657423
:106FD80065722F446F63756D656E74732F4769749E
:106FE8004875622F4C69627265436F6D2F627569CF
:106FF8006C642F5F646570732F636F646563322DF3
:107008007372632F7372632F7175616E7469736520
:107018002E6300002831203C3C20574F5F455F42DB
:1070280049545329203D3D206E625F656E74726934
:10703800657300004E73616D203C204C50435F4DDA
:1070480041585F4E00000000433A2F557365727334
:107058002F70657465722F446F63756D656E7473F8
:107068002F4769744875622F4C69627265436F6D6A
:107078002F6275696C642F5F646570732F636F642A
:107088006563322D7372632F7372632F6C70632E76
:1070980063000000284673203D3D203830303029F9
:1070A800207C7C20284673203D3D2031363030300E
:1070B80029000000433A2F55736572732F70657469
:1070C80065722F446F63756D656E74732F476974AD
:1070D8004875622F4C69627265436F6D2F627569DE
:1070E8006C642F5F646570732F636F646563322D02
:1070F8007372632F7372632F6E6C702E63000000BF
:107108006D203C3D20504D41585F4D006E6C702DF8
:107118003E6666745F63666720213D204E554C4C81
:10712800000000006E6C705F737461746520213D0F
:10713800204E554C4C0000006E6C702D3E4673205E
:107148003D3D203136303030000000006A203C3DA3
:10715800206E000065203E20302E3000433A2F5527
:10716800736572732F70657465722F446F63756DE4
:10717800656E74732F4769744875622F4C69627223
:1071880065436F6D2F6275696C642F5F64657073FA
:107198002F636F646563322D7372632F7372632F6D
:1071A800706F737466696C7465722E6300000000FA
:1071B800433A2F55736572732F70657465722F4447
:1071C8006F63756D656E74732F4769744875622FA8
:1071D8004C69627265436F6D2F6275696C642F5FCD
:1071E800646570732F636F646563322D7372632FE8
:1071F8007372632F73696E652E6300006D6F64652B
:107208006C2D3E576F202A206D6F64656C2D3E4CA7
:10721800203C205049000000656E74726965732037
:107228003E203000433A2F55736572732F70657492
:1072380065722F446F63756D656E74732F4769743B
:107248004875622F4C69627265436F6D2F6275696C
:107258006C642F5F646570732F636F646563322D90
:107268007372632F7372632F6D626573742E63007C
:107278006D6265737420213D204E554C4C00000012
:107288006D626573742D3E6C69737420213D204EC8
:10729800554C4C0025730A0020202534642000003A
:1072A8002025660A00000000494E4600696E660007
:1072B8004E414E006E616E00303132333435363710
:1072C800383961626364656600000000303132332A
:1072D80034353637383941424344454600000000CA
:1072E800286E756C6C2900002E0000004C435F432B
:1072F8004F4C4C41544500004C435F435459504552
:10730800000000004C435F4D4F4E45544152590018
:107318004C435F4E554D4552494300004C435F5422
:10732800494D45004C435F4D455353414745530034
:10733800496E66696E697479000000004E614E00FE
:1073480042616C6C6F632073756363656564656423
:10735800000000002F646174612F6A656E6B696EAE
:10736800732F776F726B73706163652F474E552D5E
:10737800746F6F6C636861696E2F61726D2D313443
:107388002F7372632F6E65776C69622D63796777E7
:10739800696E2F6E65776C69622F6C6962632F73F3
:1073A80074646C69622F64746F612E63000000005E
:1073B8002F646174612F6A656E6B696E732F776FC6
:1073C800726B73706163652F474E552D746F6F6CC8
:1073D800636861696E2F61726D2D31342F7372632A
:1073E8002F6E65776C69622D63796777696E2F6E8A
:1073F80065776C69622F6C6962632F7374646C695A
:10740800622F6D707265632E63000000000000003B
:10741800FFFFFFFFFFFFFF7F06005250D3F07542CA
:10742800AC69011006005250E182887FB4690110EE
:1074380006005250ABB36053C469011006005250A5
:10744800BBFF3CB6CC69011006005250861C0302F3
:10745800D4690110060052505422A29DD869011027
:1074680005005250DE65F468448B03100D0A0000D5
:107478000600525053B4F4A1246A01100000000021
:10748800386A0110486A011094190220506A0110E4
:107498005C6A011009025400030100807D080B009A
:1074A800020202000009040000010202000405248F
:1074B8000020010524010001042402060524060019
:1074C800010705810308001009040100020A0000F1
:1074D800000705020240000007058202400000097B
:1074E80004020000FF00010512011002EF02014032
:1074F8008A2E090000010102030100000A000000B1
:1075080000000306A6000800020002009C00140008
:10751800030057494E555342000000000000000088
:107528000000800004000100280044006500760087
:1075380069006300650049006E0074006500720010
:10754800660061006300650047005500490044007B
:1075580000004E007B0062006300370033003900F2
:107568003800630031002D003700330063006400E9
:107578002D0034006300620037002D003900380008
:10758800620038002D0039003100330061003800F6
:1075980066006300610037006200660036007D0007
:1075A80000000000050F2100011C100500DF60DD50
:1075B800D88945C74C9CD2659D9E648A9F0000036C
:1075C80006A600010000000000000000AD46001003
:1075D80000000000B1460010BD460010E94600104A
:1075E800E54600100000000000000000615900108E
:1075F800D1590010015A00104D5A00100D5B0010AF
:10760800CD5B001000000000636F646563325F6348
:107618007265617465000000636F646563325F645E
:10762800657374726F79000040000000300000003C
:107638004000000038000000340000003000000066
:1076480000000000000000001C000000636F64657B
:1076580063325F656E636F6465000000636F646525
:1076680063325F6465636F64655F62657200000022
:10767800636F646563325F656E657267795F373023
:1076880030630000636F646563325F6765745F65CC
:107698006E65726779000000636F646563325F64CA
:1076A80065636F64655F333230300000636F646513
:1076B80063325F6465636F64655F32343030000045
:1076C800636F646563325F6465636F64655F3136F9
:1076D80030300000636F646563325F6465636F64B4
:1076E800655F313430300000636F646563325F6416
:1076F80065636F64655F313330300000636F6465C4
:1077080063325F6465636F64655F313230300000F7
:10771800636F646563325F6465636F64655F3730A8
:1077280030630000636F646563325F656E636F6426
:10773800655F333230300000636F646563325F65C4
:107748006E636F64655F323430300000636F646568
:1077580063325F656E636F64655F31363030000099
:10776800636F646563325F656E636F64655F313450
:1077780030300000636F646563325F656E636F6409
:10778800655F313330300000636F646563325F6575
:107798006E636F64655F313230300000636F64651B
:1077A80063325F656E636F64655F37303063000016
:1077B800636F646563325F7365745F6C70635F7079
:1077C8006F73745F66696C7465720000636F6465DB
:1077D80063325F6765745F73706172655F62697455
:1077E8005F696E64657800000F0000000A00000001
:1077F80002000000636F646563325F7265627569D9
:107808006C645F73706172655F6269740000000088
:10781800636F646563325F7365745F6E61747572FC
:10782800616C5F6F725F677261790000636F646596
:1078380063325F7365745F736F66746465630000B9
:10784800636F646563325F6C6F61645F636F646507
:10785800626F6F6B000000006B6973735F6666741C
:10786800720000006B6973735F666674726900006A
:1078780073616D706C655F6C6F675F616D70000040
:10788800696E746572705F706172610072617465AF
:107898005F4B5F6D626573745F656E636F646500EF
:1078A80064657465726D696E655F706861736500A3
:1078B80064657465726D696E655F6175746F630088
:1078C80000000041000020410000404100006041EC
:1078D800000060410000604100006041000060411C
:1078E800000060410000604100006041000060410C
:1078F80000006041000060410000604100006041FC
:107908000000604100006041000060410000A0C12B
:107918007175616E746973655F576F45000000008B
:10792800656E636F64655F576F45000066696E64D6
:107938005F616B73000000006E6C705F637265615D
:10794800746500006E6C705F64657374726F7900A3
:107958006E6C7000AB5F57BA89564DBAEFF98C3A26
:10796800DD2A9D3AF561E7BA6CB306BB7EBF433B9F
:1079780040EC623BDD239FBB084BB6BB87DCF63B84
:10798800BC4F0C3CD09F38BCE8D751BC4A49873C17
:10799800693A9B3CBA60C6BC3A12E9BCEB71163D29
:1079A800CE0A3A3D1C827DBDC09FB2BDDC34193E73
:1079B800B14BE63EB14BE63EDC34193EC09FB2BD4A
:1079C8001C827DBDCE0A3A3DEB71163D3A12E9BCE8
:1079D800BA60C6BC693A9B3C4A49873CE8D751BC67
:1079E800D09F38BCBC4F0C3C87DCF63B084BB6BB81
:1079F800DD239FBB40EC623B7EBF433B6CB306BBC1
:107A0800F561E7BADD2A9D3AEFF98C3A89564DBA05
:107A1800AB5F57BA9ACB8DBADF4990BA1D3073BAAB
:107A2800ECB7DDB9D244103A8344033BDCDD723B4A
:107A3800E696A83B0341B73BD9058D3B0676523AFB
:107A4800F5F49DBBBAC93FBCA51695BC40C2B4BCF1
:107A5800B361ABBC22DC51BCA60E533B0298DA3CA6
:107A68009869633D2CC1B03D451DEB3D1C060C3E9D
:107A7800683E183E683E183E1C060C3E451DEB3D10
:107A88002CC1B03D9869633D0298DA3CA60E533B81
:107A980022DC51BCB361ABBC40C2B4BCA51695BCDA
:107AA800BAC93FBCF5F49DBB0676523AD9058D3B61
:107AB8000341B73BE696A83BDCDD723B8344033BBE
:107AC800D244103AECB7DDB91D3073BADF4990BA29
:107AD8009ACB8DBA706F737466696C7465720000A6
:107AE8006332636F6E73745F6372656174650000FF
:107AF80074776F5F73746167655F70697463685FDB
:107B0800726566696E656D656E7400006D62657399
:107B1800745F637265617465000000006D6265736F
:107B2800745F64657374726F790000000020202010
:107B38002020202020202828282828202020202015
:107B480020202020202020202020202020881010E5
:107B58001010101010101010101010101004040441
:107B680004040404040404101010101010104141FF
:107B780041414141010101010101010101010101ED
:107B88000101010101010101101010101010424201
:107B980042424242020202020202020202020202BD
:107BA800020202020202020210101010200000005D
:107BB80000000000000000000000000000000000BD
:107BC80000000000000000000000000000000000AD
:107BD800000000000000000000000000000000009D
:107BE800000000000000000000000000000000008D
:107BF800000000000000000000000000000000007D
:107C0800000000000000000000000000000000006C
:107C1800000000000000000000000000000000005C
:107C2800000000000000000000000000000000004C
:107C3800303030303030303030303030303030303C
:107C4800202020202020202020202020202020202C
:107C580005000000190000007D0000000000000081
:107C68000080E03779C34143176E05B5B5B8934630
:107C7800F5F93FE9034F384D321D30F94877825AFC
:107C88003CBF737FDD4F1575000000000000F03F1A
:107C980000000000000024400000000000005940DF
:107CA8000000000000408F40000000000088C34032
:107CB80000000000006AF8400000000080842E41A7
:107CC80000000000D01263410000000084D79741F3
:107CD8000000000065CDCD41000000205FA00242F9
:107CE800000000E876483742000000A2941A6D426E
:107CF800000040E59C30A2420000901EC4BCD64261
:107D080000003426F56B0C430080E03779C341430B
:107D180000A0D8855734764300C84E676DC1AB4381
:107D2800003D9160E458E143408CB5781DAF15449F
:107D380050EFE2D6E41A4B4492D54D06CFF080447A
:107D4800F64AE1C7022DB544B49DD9794378EA448F
:087D58006496FE0F010000001B
:107D6000207401102C740110387401104474011037
:107D7000507401105C740110687401107874011063
:107D80004FF0504330B5026893F900E0EFF31083F1
:107D900072B6D2E8CF4F0121002CFAD1C2E8441FBD
:107DA000002CF6D1BFF35F8F90F90420002A21DB6D
:107DB0004FF0000C144C22780168D2B2C1E88FCF8A
:107DC00083F310882378934200D120BF20BF02683C
:107DD000EFF3108372B6D2E8CF5F0121002DFAD104
:107DE000C2E8451F002DF6D1BFF35F8F90F9042044
:107DF000002AE0DA0022016880F804E0C1E88F2F51
:107E000083F3108830BD00BFAA190220034600B5D5
:107E10000268EFF3108C72B6D2E8CFEF0120BEF10A
:107E2000000FF9D1C2E84E0FBEF1000FF4D1BFF33D
:107E30005F8F93F90420002A0ADB01B10A60002059
:107E400000221B68C3E88F2F8CF310885DF804FBB9
:107E50004FF05042126801201A71F1E74FF0504183
:107E60002DE9F8430027044616461D46DFF87C90AE
:107E7000D1F800802168EFF3108372B6D1E8CF0FFC
:107E800001220028FAD1C1E8402F0028F6D1BFF323
:107E90005F8F94F90410226800291CDB99F800C058
:107EA0005FFA8CFCC2E88F7F83F3108899F800306A
:107EB000634508D03046294601F06EF90028D9D034
:107EC0000020BDE8F88320BF3046294601F064F960
:107ED0000028CFD0F4E7002184F80480C2E88F1F87
:107EE00083F310880120BDE8F88300BFAA1902209F
:107EF00070B582B001A9064615461C46FFF786FFFD
:107F000038B94FF050439DF9042093F900309A425C
:107F100001D102B070BD2A462346304602B0BDE80A
:107F20007040FFF79BBF00BF70B505460C4601F0DF
:107F30003FF902460B464FF47A704FF0FF3E6FF068
:107F4000004CE4FB002396457CEB030138BF7246EE
:107F50002846BDE8704038BF6346FFF77FBF00BFCB
:107F60000368EFF3108172B6D3E8CFCF0122BCF1E2
:107F7000000FF9D1C3E84C2FBCF1000FF4D1BFF3CF
:107F80005F8F4FF0FF0C074A80F804C0137801336D
:107F9000DBB2137000230268C2E88F3F81F31088C0
:107FA00040BF7047AA190220002108B5134B4FF4B7
:107FB000707299601248D960196159619961D961EB
:107FC000196259629962D962196359639963D963D5
:107FD000196459649964D964196559659965D965B5
:107FE000196659669966D966196759679967D96795
:107FF00000F0CEFF034B044A1A6008BD0000105089
:108000007815022040190220800110502DE9F04F10
:108010001F4B85B0D3F858A0BAF1000F22D000242E
:1080200001254FF4E069DFF870801A4F01E0202C41
:1080300018D00AEA0502611C2346AB46CCB26D009B
:10804000002AF4D004F0010203F0FE06164407EB08
:1080500046163046C8F858B000F00AFC28B93AEA8B
:108060000B0AE4D105B0BDE8F08F00238DF809308C
:10807000B37801A88DF80830F38A0121ADF8049097
:10808000039300F013FC304600F098FBE7E700BFD5
:10809000000011503815022000301150F0B5BB4BD4
:1080A00085B0D3F8985015F4003674D0B84BB94C5D
:1080B000996A94F83B30B84A022B116000F0D480E2
:1080C000002694F87B30022B00F03B8194F8BB3003
:1080D000022B00F07D8194F8FB30022B00F06C81C4
:1080E00094F83B31022B00F0448194F87B31022B51
:1080F00000F0338194F8BB31022B00F0B68194F884
:10810000FB31022B00F0A68194F83B32022B00F0E9
:10811000968194F87B32022B00F0868194F8BB3272
:10812000022B00F0768194F8FB32022B00F066817E
:1081300094F83B33022B00F0568194F87B33022BEA
:1081400000F0A48094F8BB33022B00F0998194F8DE
:10815000FB33022B00F0B4803EB9904B1B7823B95F
:108160004FF400328E4BC3F890204FF44072874B8F
:1081700001219B6C01A8C3F30A03ADF8042002930C
:1081800000F094FBEA064FF40036864C07D5FFF763
:108190003DFF264603E0EA064FF01004F7D4EB0358
:1081A00022D57C4C46F48036A37E002B40F099808B
:1081B000012394F83A20E370002A40F0AD800123B7
:1081C0004FF4C061784A84F82330ADF8041092E887
:1081D000030004AA02E90300194601A800F066FBA7
:1081E0004FF400326E4B1A65E90408D46A041DD4BA
:1081F0002B042AD4AE4240F0C58105B0F0BD002466
:10820000624B46F480561C60FFF7CEFE4FF480733D
:10821000012101A8ADF804308DF8084000F046FBBC
:108220004FF400225E4B1A656A04E1D54FF4806377
:10823000012101A8ADF8043000F038FB1022584BA2
:1082400046F480461A652B04D4D54FF4A06301216F
:1082500001A8ADF8043000F029FB4FF40062504B48
:1082600046F400461A65C5E794F83A60002E3FF4DC
:1082700028AF94F83C30002B3FF423AF002304F1E7
:10828000200084F83C3000F0C1FA1AE794F87A73C1
:10829000002F3FF457AF94F87C33002B40F06481FB
:1082A00094F8BB33022B40F0F48094F8BA33002BDF
:1082B00040F0EB8094F8FB33022B7FF456AF3E4640
:1082C00094F8FA33002B3FF447AF94F8FC33002BBB
:1082D0003FF44BAF0023354884F8FC3300F096FAA6
:1082E00043E70221324B294A1966536E9F07FCD59A
:1082F0004FF440520021274800F066FA254800F06C
:108300005DFA0222264B5A661A66012394F83A2037
:10831000E370002A3FF453AF254A1366A2F50052DA
:10832000536ED807FCD54FF440520021214800F08D
:108330004BFA204800F042FA0122194B5A661A669D
:108340003DE794F87A70002F3FF4C0AE94F87C308B
:10835000002B40F001813E46B8E694F87A71002F78
:108360003FF4C8AE94F87C31002B40F0ED803E46DF
:10837000C0E694F83A71002F3FF4B7AE94F83C3160
:10838000002B40F0D9803E46AFE600BF0000115000
:1083900000000B403815022028150220A6190220E3
:1083A0000030115010000200000010501819022077
:1083B000002011505815022094F8FA70002F3FF455
:1083C0008FAE94F8FC30002B40F08E803E4687E65E
:1083D00094F8BA70002F3FF47EAE94F8BC30002BB6
:1083E0007AD13E4677E694F83A73002F3FF4A5AE73
:1083F00094F83C33002B57D13E469EE694F8FA722F
:10840000002F3FF495AE94F8FC32002B5CD13E4631
:108410008EE694F8BA72002F3FF485AE94F8BC3221
:10842000002B49D13E467EE694F87A72002F3FF445
:1084300075AE94F87C32002B76D13E466EE694F809
:108440003A72002F3FF465AE94F83C32002B63D1B2
:108450003E465EE694F8FA71002F3FF455AE94F86C
:10846000FC31002B50D13E464EE694F8BA71002FF5
:108470003FF445AE94F8BC31002B3DD13E463EE67C
:1084800094F8BA33002B3FF462AE94F8BC33002B5F
:1084900071D194F8FB33022B7FF467AE94F8FA3372
:1084A000002B3FF462AE10E70023394884F83C33D8
:1084B0003E4600F0ABF940E60023364884F8BC3273
:1084C0003E4600F0A3F92EE60023334884F8FC3240
:1084D0003E4600F09BF92BE60023304884F8BC3080
:1084E0003E4600F093F9F6E500232D4884F8FC3071
:1084F0003E4600F08BF9F3E500232A4884F8BC31AE
:108500003E4600F083F9FAE50023274884F8FC3161
:108510003E4600F07BF9F7E50023244884F83C321E
:108520003E4600F073F9F4E50023214884F87C32DC
:108530003E4600F06BF9F1E500231E4884F83C311B
:108540003E4600F063F9D0E500231B4884F87C31F7
:108550003E4600F05BF9CDE50023184884F87C30F6
:108560003E4600F053F9B1E50023154884F87C330A
:1085700000F04CF994E60023124884F8BC3300F074
:1085800045F986E7104886EA050100F009FE00BFBC
:1085900058180220D817022018180220D8150220D7
:1085A00018160220D8160220181702205817022089
:1085B00098170220581602209816022098150220BB
:1085C00098180220D8180220646A01102DE9F0479B
:1085D000848A058BC278A54228BF2546171E18BF7E
:1085E0000127641B467882F00102A4B20346C270E0
:1085F000848245F4806040EA4730A6BBD3E9032675
:108600006F1E02EB811E55B3052F98BF721C31D926
:1086100002EB811C721CACEB0204022C2AD93246FC
:108620004FEA95094FEA890A06EB890852F8044B8C
:1086300042454CF8044BF9D15545A7EB0A070EEB20
:108640000A040AD016F829600EF829602FB156786E
:10865000012F667001D09278A2701E699C8A2E4408
:108660001E6140F400400CB940F4804001B10004A8
:10867000BDE8F0870EF1FF3E2E4400E0013212F813
:10868000014CB2420EF8014FF8D1E6E7836802468A
:10869000186801B1000C5378C0F30900002B3CD0DE
:1086A0002DE9F041D2E90334461E03EB811E40B3AD
:1086B000052E3BD989014D1C1D44651B022D35D962
:1086C0007346214600F47F774FEA9008FD1853F86F
:1086D00004CBAB4241F804CBF9D1B842A6EB070674
:1086E00004EB07030EEB07010AD01EF8285004F82C
:1086F00028502EB14C78012E5C7001D08978997089
:108700001469D38A04440344D382138B14618342D3
:1087100084BF00239382BDE8F081D38A0344D382CF
:10872000138B834284BF002393827047013C0EEB7E
:1087300000011EF8013B714504F8013FF9D1DFE764
:1087400010B50446836800211B68FFF79FFF63682C
:108750001B685B0002D5238B834200D010BD2046EE
:10876000BDE810400121FFF791BF00BF084B1B6C13
:1087700013F0020302D18278D20901D100207047A0
:10878000C07EA0F10200B0FA80F04009704700BF3F
:108790000000115008B5FFF7E9FF50B1054A064B3C
:1087A000906A1B68A0F54870C01AC6288CBF0020CC
:1087B000012008BD00000B40281502200023C0E95D
:1087C00004338376704700BF10B5836809B11C6815
:1087D000214082B1114352050DD51A6854050CD4BD
:1087E000084A21F480641C60126C920703D40C23A5
:1087F000033BFDD28368196010BD8178024800F008
:10880000CFFC00BF00001150786A011030B54368FA
:10881000002183B004461D68FFF7D8FE134B40F4D7
:108820008052196CA37889070ED55B060ED025F00F
:10883000A04545F000550021204663681D6003B047
:10884000BDE83040FFF7C0BFDB09F0D0A38A002BA2
:10885000EDD0012120460192FFF7B8FE019A25F0E4
:108860000055024345F0A045E5E700BF0000115068
:1088700038B5857E044695B1FFF762FFA38A0BB930
:10888000284638BD2046FFF785FF20B10123237716
:108890000025284638BD2046FFF7B8FFF8E7817865
:1088A000014800F07DFC00BF986A01102DE9F043FB
:1088B00043780446023B0D4685B0042B13D8DFE80D
:1088C00003F00348677042000021784B1A7822F0C9
:1088D00001021A701A7822F002021A7059701A787E
:1088E00061F382021A70724B1E687369EFF3108293
:1088F00072B6D3E8CF0F01210028FAD1C3E8401F98
:108900000028F6D1BFF35F8FB2612146304600F0F8
:1089100053FC00237269C2E88F3FB36983F3108868
:1089200048B94FF0E023D3F8F03DDB0708D500BE8F
:1089300005B0BDE8F0832A466178207800F034FC69
:1089400005B0BDE8F0835B4A13780133DBB21370E6
:10895000C9E74FF00009584E4B463178DFF8608187
:10896000564F0FE03A6812EB431305D0DB691BB199
:10897000616820789847317809F101095FFA89F335
:108980008B4217D89942EDD85B1A08EB4313EDE7F9
:10899000464B1A78D707D3D51A7842F004021A70DA
:1089A000A1E7424B1A78D607CAD51A7822F00402FA
:1089B0001A7098E73D4E3378580737D4F378DA07C2
:1089C000BED5032300273A4A2178166862688DF8DD
:1089D00004108DF805307369CDF80670CDF80A7073
:1089E000ADF80E700292EFF3108272B6D3E8CF0F9B
:1089F00001210028FAD1C3E8401F0028F6D1BFF3B7
:108A00005F8F3046B26101A900F0D6FB7369C3E8FD
:108A10008F7FB36983F31088002882D02A469DF89F
:108A200005109DF8040000F0BFFB89E733784FF094
:108A3000000823F00403337005231D4A8DF8053028
:108A400017682278ADF80E808DF804207B69CDF888
:108A50000680CDF80A80EFF3108272B6D3E8CF0F0C
:108A600001210028FAD1C3E8401F0028F6D1BFF346
:108A70005F8F3846BA6101A900F09EFB7B69C3E8AD
:108A80008F8FBB6983F3108838B94FF0E023D3F898
:108A9000F03DD90792D500BE90E72A469DF8051013
:108AA0009DF8040000F080FB88E700BF98130220C7
:108AB000F0130220A7190220A5190220C8110220D4
:108AC000F075011008B52DED028B08EE100A00F0CC
:108AD0001DF8B4EE488AF1EE10FA06D6DFED0A8AE8
:108AE000B4EEE88AF1EE10FA02D4BDEC028B08BDB8
:108AF00000F066FBC8EEA87A034621221A60BDEC9E
:108B0000028B17EE900A08BD0000000007EE900AE5
:108B1000F1EEE77A17EE900A704700BF81F000414E
:108B200002E000BF83F0004330B54FEA41044FEA52
:108B3000430594EA050F08BF90EA020F1FBF54EAED
:108B4000000C55EA020C7FEA645C7FEA655C00F089
:108B5000E2804FEA5454D4EB5555B8BF6D420CDD5A
:108B60002C4480EA020281EA030382EA000083EADD
:108B7000010180EA020281EA0303362D88BF30BD7D
:108B800011F0004F4FEA01314FF4801C4CEA1131D3
:108B900002D0404261EB410113F0004F4FEA033332
:108BA0004CEA133302D0524263EB430394EA050FBD
:108BB00000F0A780A4F10104D5F1200E0DDB02FA2C
:108BC0000EFC22FA05F2801841F1000103FA0EF2C0
:108BD000801843FA05F359410EE0A5F120050EF186
:108BE000200E012A03FA0EFC28BF4CF0020C43FAB7
:108BF00005F3C01851EBE37101F0004507D54FF0C4
:108C0000000EDCF1000C7EEB00006EEB0101B1F513
:108C1000801F1BD3B1F5001F0CD349085FEA300059
:108C20004FEA3C0C04F101044FEA445212F5800F64
:108C300080F09A80BCF1004F08BF5FEA500C50F101
:108C4000000041EB045141EA050130BD5FEA4C0CE4
:108C5000404141EB0101013C28BFB1F5801FE9D241
:108C600091F0000F04BF01460020B1FA81F308BF64
:108C70002033A3F10B03B3F120020CDA0C3208DD30
:108C800002F1140CC2F10C0201FA0CF021FA02F10B
:108C90000CE002F11402D8BFC2F1200C01FA02F17B
:108CA00020FA0CFCDCBF41EA0C019040E41AA2BFA0
:108CB00001EB0451294330BD6FEA04041F3C1CDA68
:108CC0000C340EDC04F11404C4F1200220FA04F088
:108CD00001FA02F340EA030021FA04F345EA030132
:108CE00030BDC4F10C04C4F1200220FA02F001FAF4
:108CF00004F340EA0300294630BD21FA04F0294676
:108D000030BD94F0000F83F4801306BF81F480110E
:108D10000134013D4EE77FEA645C18BF7FEA655C81
:108D200029D094EA050F08BF90EA020F05D054EA53
:108D3000000C04BF1946104630BD91EA030F1EBF58
:108D40000021002030BD5FEA545C05D1400049415C
:108D500028BF41F0004130BD14F580043CBF01F54F
:108D6000801130BD01F0004545F0FE4141F4700135
:108D70004FF0000030BD7FEA645C1ABF1946104610
:108D80007FEA655C1CBF0B46024650EA013406BF11
:108D900052EA033591EA030F41F4002130BD00BFD0
:108DA00090F0000F04BF0021704730B54FF480648D
:108DB00004F132044FF000054FF0000150E700BF0E
:108DC00090F0000F04BF0021704730B54FF480646D
:108DD00004F1320410F0004548BF40424FF000015A
:108DE0003EE700BF42004FEAE2014FEA31014FEA9D
:108DF00002701FBF12F07F4393F07F4F81F06051EC
:108E0000704732F07F4208BF704793F07F4F04BF36
:108E100041F40021704730B54FF4607401F0004513
:108E200021F000411CE700BF50EA010208BF704773
:108E300030B54FF000050AE050EA010208BF704764
:108E400030B511F0004502D5404261EB41014FF4CD
:108E5000806404F132045FEA915C3FF4D8AE4FF0D5
:108E600003025FEADC0C18BF03325FEADC0C18BFB8
:108E7000033202EBDC02C2F1200300FA03FC20FA09
:108E800002F001FA03FE40EA0E0021FA02F1144456
:108E9000BDE600BF88420DD98B1883420AD900EB8A
:108EA000020C5AB3624613F801CD994202F801CD83
:108EB000F9D170470F2A0DD802F1FF3CF2B10CF145
:108EC000010C431E8C4411F8012B614503F8012F5E
:108ED000F9D1704740EA01039B07F0B50C460ED06C
:108EE00002F1FF3C03460CF1010C013B8C4411F8EC
:108EF000012B614503F8012FF9D1F0BD7047A2F1B4
:108F0000100501F1200E01F1100300F1100C25F005
:108F10000F05AE4453F8106C10330CF1100C4CF8E4
:108F2000206C53F81C6C4CF81C6C53F8186C73458F
:108F30004CF8186C53F8146C4CF8146CEAD101EB33
:108F4000050C12F00C0F05440CF1100105F1100393
:108F500002F00F050E4618D0043DA0EB040E25F0DC
:108F60000304A4440CF1140C0F6801EB0E0504314A
:108F70002F606145F8D1043402F00302A1192344A3
:108F800002F1FF3C002AAED1F0BD2A46F8E700BF4F
:108F9000830730B546D08418844604E003F8011BEB
:108FA0009D0704D09C46A4456346F7D130BD013AE5
:108FB0000244A2EB0C02032A29D9CCB20F2A04EBFB
:108FC000042404EB04442FD9A2F1100C03F1100582
:108FD0002CF00F0CAC44C3E90044C3E90244103345
:108FE0006345F8D112F00C0F02F00F0E18D02EF0DE
:108FF000030CAEF104051A469C4442F8044B62454A
:10900000FBD125F0030404330EF003022344002AAD
:10901000CCD0C9B21A4403F8011B9342FBD130BD36
:109020007246F4E70346C6E79646E0E7844641EA1F
:10903000000313F0030349D1403A23D30B680360C4
:109040004B6843608B688360CB68C3600B690361C6
:109050004B6943618B698361CB69C3610B6A0362AE
:109060004B6A43628B6A8362CB6AC3620B6B036396
:109070004B6B43638B6B8363CB6BC363403040317B
:10908000403ADBD230320BD30B6803604B6843604D
:109090008B688360CB68C36010301031103AF3D214
:1090A0000C3205D351F8043B40F8043B043AF9D2A2
:1090B000043208D0D2071CBF11F8013B00F8013B75
:1090C00001D30B8803806046704700BF082A13D382
:1090D0008B07B1D010F00303AED0C3F10403D21A52
:1090E000DB071CBF11F8013B00F8013BA4D331F8AA
:1090F000023B20F8023B9FE7043AD9D3013A11F82A
:10910000013B00F8013BF9D20B7803704B784370B8
:109110008B7883706046704730B586468007CCB246
:1091200015D00EEB0205F44606E013F8011BA14230
:1091300007D0990706D09C46654563466046F4D142
:10914000002030BD013A72449E46A2EB0C02032A75
:109150000CD8002AF4D07346724401E09A42EFD052
:10916000184613F8011BA142F8D130BD04EB0425C9
:10917000714605EB05458E4651F8043B6B40A3F163
:10918000013020EA030313F0803FE4D1043A032ABC
:10919000F1D88E46DDE700BF5FF800F0C110001087
:1091A0005FF800F03D0400105FF800F0F14A001095
:1091B0005FF800F0DD1100105FF800F09160001022
:1091C0005FF800F0D5200110100000000000000042
:1091D000000001000000000000000000000002008C
:1091E000000000000000000000000300000000007C
:1091F000000000000000040000000000000000006B
:109200000000050000000000000000000000FF005A
:109210000000000001B5486801318E4600477046E5
:1092200009380149884701BDB90800100000000055
:10923000FFFFFFFFFFFFFF7F0000000000000000B6
:10924000000000000000000000000000C00E02202E
:10925000C541001071410010E94000105940001054
:109260000000000000010000F413022010000C00B8
:1092700000000000000000000000000000000000EE
:1092800000000000FF0000000040354500C04145DF
:1092900000404E4500C05A4500401C450080224514
:1092A00000C0284500002F450040354500803B4563
:1092B00000C041450000484500C00F45000016456C
:1092C00000401C450080224500C0284500002F4575
:1092D0000040354500803B450080BB440000C84449
:1092E0000080D4440000E1440080ED440000FA44D2
:1092F000004003450080094500C00F4500001645A9
:1093000000401C450080224500C0284500002F4534
:109310000040354500803B4500808944000096446C
:109320000080A2440000AF440080BB440000C84459
:109330000080D4440000E1440080ED440000FA4481
:10934000004003450080094500C00F450000164558
:1093500000401C450080224500806D44004083444D
:1093600000C08F4400409C4400C0A8440040B54465
:1093700000C0C1440040CE4400C0DA440040E7448D
:1093800000C0F344002000450060064500A00C45E5
:1093900000E012450020194500002F440000484419
:1093A0000000614400007A44008089440000964433
:1093B0000080A2440000AF440080BB440000C844C9
:1093C0000080D4440000E1440080ED440000FA44F1
:1093D00000400345008009450000FA43008009442D
:1093E000000016440080224400002F4400803B44CB
:1093F00000004844008054440000614400806D44F3
:1094000000007A44004083440080894400C08F44B7
:109410000000964400409C440080A2430000AF43FB
:109420000080BB430000C8430080D4430000E143F8
:109430000080ED430000FA430040034400800944EB
:1094400000C00F440000164400401C440080224429
:1094500000C0284400002F440000614300007A430C
:1094600000808943000096430080A2430000AF4380
:109470000080BB430000C8430080D4430000E143A8
:109480000080ED430000FA4300400344008009449B
:1094900000C00F440000164401000000040000005A
:1094A00010000000E8170020010000000400000088
:1094B00010000000A81700200100000004000000B8
:1094C00010000000681700200100000004000000E8
:1094D0001000000028170020010000000400000018
:1094E00010000000E8160020010000000400000049
:1094F00010000000A8160020010000000400000079
:1095000010000000681600200100000003000000A9
:1095100008000000481600200100000003000000C1
:1095200008000000281600200100000002000000D2
:1095300004000000181600200000000000000000D9
:1095400000000000000000000000C8410000484288
:10955000000096420000C8420000FA420000164394
:1095600000002F43000048430000614300007A439D
:1095700000808943000096430080A2430000AF436F
:109580000080BB430000C8430080D4430000E14397
:109590000080ED430000FA4300400344008009448A
:1095A00000C00F440000164400401C4400802244C8
:1095B00000C0284400002F440040354400803B4454
:1095C00000C04144000048440000C8410000484237
:1095D000000096420000C8420000FA420000164314
:1095E00000002F43000048430000614300007A431D
:1095F00000808943000096430080A2430000AF43EF
:109600000080BB430000C8430080D4430000E14316
:109610000080ED430000FA43004003440080094409
:1096200000C00F440000164400401C440080224447
:1096300000C0284400002F440040354400803B44D3
:1096400000C04144000048440000C84100004842B6
:10965000000096420000C8420000FA420000164393
:1096600000002F43000048430000614300007A439C
:1096700000808943000096430080A2430000AF436E
:109680000080BB430000C8430080D4430000E14396
:109690000080ED430000FA43004003440080094489
:1096A00000C00F440000164400401C4400802244C7
:1096B00000C0284400002F440040354400803B4453
:1096C00000C04144000048440000C8410000484236
:1096D000000096420000C8420000FA420000164313
:1096E00000002F43000048430000614300007A431C
:1096F00000808943000096430080A2430000AF43EE
:109700000080BB430000C8430080D4430000E14315
:109710000080ED430000FA43004003440080094408
:1097200000C00F440000164400401C440080224446
:1097300000C0284400002F440040354400803B44D2
:1097400000C04144000048440000C84100004842B5
:10975000000096420000C8420000FA420000164392
:1097600000002F430000484300007A430000964366
:109770000000AF430000C8430000E1430000FA438B
:1097800000800944000016440080224400002F4459
:1097900000803B4400004844008054440000614481
:1097A00000806D4400007A44004083440080894476
:1097B00000C08F440000964400409C440080A244B6
:1097C00000C0A8440000AF440000C8410000484267
:1097D000000096420000C8420000FA420000164312
:1097E00000002F430000484300007A4300009643E6
:1097F0000000AF430000C8430000E1430000FA430B
:1098000000800944000016440080224400002F44D8
:1098100000803B4400004844008054440000614400
:1098200000806D4400007A440040834400808944F5
:1098300000C08F440000964400409C440080A24435
:1098400000C0A8440000AF440000C84100004842E6
:10985000000096420000C8420000FA420000164391
:1098600000002F430000484300007A430000964365
:109870000000AF430000C8430000E1430000FA438A
:1098800000800944000016440080224400002F4458
:1098900000803B4400004844008054440000614480
:1098A00000806D4400007A44004083440080894475
:1098B00000C08F440000964400409C440080A244B5
:1098C00000C0A8440000AF440000C8410000484266
:1098D000000096420000C8420000FA420000164311
:1098E00000002F43000048430000614300007A431A
:1098F00000808943000096430080A2430000AF43EC
:109900000080BB430000C8430080D4430000E14313
:109910000080ED430000FA43004003440080094406
:1099200000C00F440000164400401C440080224444
:1099300000C0284400002F440040354400803B44D0
:1099400000C04144000048440000C84100004842B3
:10995000000096420000C8420000FA420000164390
:1099600000002F43000048430000614300007A4399
:1099700000808943000096430080A2430000AF436B
:109980000080BB430000C8430080D4430000E14393
:109990000080ED430000FA43004003440080094486
:1099A00000C00F440000164400401C4400802244C4
:1099B00000C0284400002F440040354400803B4450
:1099C00000C04144000048440000C8410000484233
:1099D000000096420000C8420000FA420000164310
:1099E00000002F43000048430000614300007A4319
:1099F00000808943000096430080A2430000AF43EB
:109A00000080BB430000C8430080D4430000E14312
:109A10000080ED430000FA43004003440080094405
:109A200000C00F440000164400401C440080224443
:109A300000C0284400002F440040354400803B44CF
:109A400000C041440000484401000000050000003F
:109A500020000000581D002001000000050000004B
:109A600020000000D81C00200100000005000000BC
:109A700020000000581C002001000000050000002C
:109A800020000000D81B002001000000050000009D
:109A900020000000581B002001000000050000000D
:109AA00020000000D81A002001000000050000007E
:109AB00020000000581A00200100000005000000EE
:109AC00020000000D819002001000000050000005F
:109AD00020000000581900200100000005000000CF
:109AE00020000000D8180020000000000000000046
:109AF0000000000000000000E789E73B12339B3DB7
:109B000027878FBDD671BCBD182588BD4F5DB93D77
:109B1000A35CDA3D4E43D43C444C89BC5A0E743BA2
:109B2000A9C0C9BC89ED6E3DDCF5523C0AF2733D1B
:109B3000F01909BBF44E85BDD49AC6BD465D2BBD58
:109B400030621FBB0054713DD13D6B3CBBF0A33D67
:109B5000753A10BC290909BB1FDAC7BDD3BDAE3D9C
:109B60001A6DD5BC7A53B1BDDB511CBC36B0053E75
:109B7000EAEB393D5ED5193DF209993DCEA74EBDC0
:109B80001F49093D24B811BDD176ACBD3602B1BD27
:109B900040FB113C1BD694BDB422CABD1C08C9BCF5
:109BA000DD9648BD302A89BD12D947BD5FD3033D3C
:109BB0004164913D16316CBC234C113E703E35BD65
:109BC000F911DFBDC286A7BC1E8BED3D1CED383CF4
:109BD000793AD7BCC766C73CEDD70D3E6C5E15BD64
:109BE0007E71A93C9414983DE0645BBDECA49E3D5D
:109BF000C5CB933DDF87033D9C69A2BD971ECDBCBD
:109C0000A52CA33DB2F1C03D6F10EDBD384D1F3DF9
:109C10005F79503DBAD7C9BCF5DA6C3D9928E2BDF1
:109C2000EBC8913D9AD27A3CE55F0BBDF24064BD32
:109C300077DC303DCE3481BD3599313DF8A83FBC4D
:109C4000317BD93B1F4A343B3FA9F63C2448A5BA97
:109C5000624AE43D3943313D19CA89BB63F0B0BC67
:109C60004AB6BABB4F04713DD1762C3E30F2723DFC
:109C7000CC9802BC1B67B3BD2A54973DAF78AABDF0
:109C8000CA52CB3DF33E8EBC6AF896BC0708663CD0
:109C9000228873BC6760E4BD9031B73DA374E9BC12
:109CA0006E30B4BDF3599EBD7A3580BD6AF7AB39CD
:109CB000DF6DDEBC1E18C0BDB91BE43D526598BC0B
:109CC0001139BD3DBDC3EDBBC900D03C8FA93B3CA4
:109CD0007BBF513CA6B82ABD9659043CF640AB3C2C
:109CE0007BDCD7BDD786AABD8D60E33CD4484BBD95
:109CF000799234BDF9A152BD7D3FD53DCE354CBAE8
:109D0000902F81BDF5D505BE4E62903DBE15093D33
:109D1000CE37A2BCACE679BDF33AC23DF75624BDBE
:109D20006B80F23D6744693DC4EDB03DA4C2D8BB31
:109D30004AB3393D930035BD0A0FDABD7BC1A7BDDB
:109D4000535B8A3D62A201BD2B896CBC40DE6B3D3A
:109D5000AF5AF9BDB72A49BD20EB693D95464CBDC8
:109D600065A6343D0E84843D0393BBBD34B9183DD4
:109D7000161747BD41F339BD0F7E623B016A6A3D4C
:109D80007731CD3BB01F62BDCDCE82BDCEFFABBB28
:109D9000D87DA73D50350A3EB1C318BB30A0573D12
:109DA000302CBFBD7FA5933D849EED3DDCD400BD2E
:109DB0005000C5BBC5FF1DBD44A6FCBC008F283CA0
:109DC000740CC83C4A96533DF452B1BD01FA3D3D76
:109DD0005F46B13B2B8A573D3CF994BDD0D6A13D9F
:109DE0005EF29F3DEF54C0BD6878B33BD63BDCBB11
:109DF0006F46CD3D9D1290BC2194373D8E23163D7C
:109E00008AC8B03CCEC5DFBB7E1C4DBD31EB45BB27
:109E100052BAB43DC32A5E3C518880BC556C4C3C60
:109E2000DB6D57BD792248BD6EFC09BD8ECC633D0C
:109E3000BC06BD3DB89087BDD97A863CF14987BD47
:109E4000E869403D861D463BA450D63DB282DF3DC9
:109E500034DB953CB03987BC76C1E0BB1EC18D3B7D
:109E60002316913DC520103EFF23D33C0B410E3DF0
:109E70001500A3BD6C054D3DE414DDBD38D81B3B7A
:109E800008ADC73DE317DE3CC8CEFBBD32CB1EBBE1
:109E90006841A8BC089081BDD591C3BD3E2321BEB9
:109EA0005A7E20BDD9B4D23C1957DC3C52499DBAE8
:109EB00070400B3DB43EE5BAF1487C3D40DC55BCFA
:109EC000BABCD9BD33A78BBD98DB3D3D2C9F65BD8A
:109ED000A1DA203EF4324ABD1D045D3D892951BD01
:109EE000B74343BD2C0EA73DBDC5833D0D89FBBCCB
:109EF000BC0291BD9BAD9CBDDD9773BD10794B3C01
:109F0000897C973D5875D6BCDD951DBD9EB7713DCA
:109F1000329112BD193AF6BC8BDF14BD91D357BDF7
:109F2000CA6D7BBC16DAB9BCB68010BDF7225A3CAC
:109F3000BA138C3D14E93EBDF52B1DBCB51927BDE8
:109F40006D37213E58569ABDF33AE2BD9C69023DF9
:109F5000CFDAEDBCB26579BC3FFD273DA92FCBBD63
:109F60007311DFBD43580DBC1B2A463C1BD8AA3CCD
:109F700069C6223C8A01B2BD95F4703DF12BD6BB77
:109F80007313B53C1844A4BB261D653BB4213F3D6B
:109F9000572551BDBEBE16BD7FDD89BD67D5E7BB68
:109FA000FC35393E45BDE0BC3E42CDBC072421BD59
:109FB000526297BD8C6750BB452FE3BDBBF12EBDF0
:109FC000BAD8B43B67610FBD0515B5BD6B0B2F3E0D
:109FD0005000C53A21CDF8BDCFF3873DB3EC89BD24
:109FE000EAE8B83B2D05A43D7E552EBD3D7FDABB8A
:109FF000DFA815BD656FA93C62812F3DE129E43CD6
:10A00000F549EEBC263920BE1E17D53B187C1A3DFB
:10A010006A68033D185A1D3D50DFB23C6B0FDBBD33
:10A02000983230BDDDD0943C9832903D96CCB1BB97
:10A0300094C111BD3179E3BD5CC823BDB08F4E3DE5
:10A04000C900103DEA03893D44A426BD29EB773DB4
:10A05000AA60143D069C253B772F77BCCAA8723DA9
:10A060003B3AAE3C8E032FBCE60297BC3430723DC7
:10A0700098F8E33D81785DBD4F90D83D80D852BDC2
:10A080001F8054BCF2B1BBB90F43CBBD077C9EBD52
:10A0900050348F3D5F2820BD9DBD93BD93FC48BDCE
:10A0A000C842B4BD9C53C93B83A53A3A0EF3A53DC3
:10A0B000151EB43C008B3CBDA2EC6D3DDA03ADBA7D
:10A0C000D6E63FBD643D35BC67D7DD3D613596BA08
:10A0D000A3CD91BD9C35383D96093FBBB0C659BB59
:10A0E00052F22A3DD2ABC13D46425B3D3128133D81
:10A0F000A660CD3DF8FF713DF86C5DBD593247BC9F
:10A100006B1111BD1137A73C36E695BD5DE0723D80
:10A11000CBD725BD6F12C3BDBE697ABB26E2ADBDEC
:10A1200076E05C3D569BDF3D0516C0BBDFA815BD44
:10A1300068CFA53D787D26BDD769A43CA0A86C3D1D
:10A140002E74A5BCF512A3BD36CC50BB554D50BDE9
:10A15000EE42033E18420E3D2D5B6B3DA05310BDF9
:10A160007FDD69BD6344A2BA93E4F93D67D391BD35
:10A170005D8C41BDA20954BD45D7453DE3C457BDE3
:10A18000FBE8D43C50348FBC3BACF0BC42CEFB3C33
:10A19000215C413D0B0D44BD427709BD4ACFF43CE3
:10A1A000F5B9BABD50FEAEBD8E23D6BCC0B3BD3D21
:10A1B00071A98A3DF757AFBD58C6A63DE3C2413DE0
:10A1C000C3D8023D039747BDD76C25BD81423D3DB5
:10A1D000594F2D3C5A2B1ABD1399393C71E82DBDAE
:10A1E000F52F19BEDAC70A3D596A7DBDE02D103C36
:10A1F000758F6C3DA35AC4BD0F971C3DED66C63DDF
:10A20000AA2909BDAE1111BEAD3168BCE8F8E83C21
:10A210000DFBBDBD36035CBD4206B23DC47B0E3DA9
:10A220007A510B3E287CB6BB698BEB3C26C71D3CA4
:10A23000E2B0343D884B4EBD73A087BD412AC53B7B
:10A24000E0136B3C6877C83C3C30003AFBB1893D79
:10A250001096B1BC7138F3BDB0E2143D5F0C25BD62
:10A2600095619C3DB4580ABCC24BB0BD384C34BD5E
:10A27000E962D3BC9754ED3C024617BCCA31593D44
:10A28000B9C110BDCD903ABE62F3D1BDBCB3B63DED
:10A29000BBD4883DB0C7043D5707403D2C9A0EBD46
:10A2A0002F3156BD6DE4BA3CA1BB043E404F033E86
:10A2B0000D5446BC1959B2BD8D0A9C3BD63AB13DEE
:10A2C000FDBB3E3D7270C93D014C99BC6094203D80
:10A2D000E1D2B1BCE73576BDFFB1F0BD69E1B2BBFB
:10A2E000D8D4793DB6696CBD4372B2BCA4FD0F3DB4
:10A2F000D4F0CD3DE2757DBC4580D3BCDE710A3C17
:10A300005D16533D8DEDB5BAA6B8EABDB22B6DBD55
:10A310007D772B3DEE0A7D3DF9303B3DA3E5A0BDA9
:10A3200031B38FBD827346BD374FB5BDA01AAF3C68
:10A33000D2AA96BB2AC6B9BD43FE19BC257497BDE7
:10A3400017B711BD67F24DBDC711EB3DBF2C0D3ED8
:10A350006799853D50896B3B7DCF88BDFF7714BEE3
:10A3600098302A3EDC0D223DBEF7B7BC4E7FF6BCCE
:10A37000999A843C616DEC3D7A55C7BD64C99CBC1B
:10A3800033A7CB3D520C103B2591FDBCCFD7AC3C45
:10A390004DF439BDCEFB3FBD2097B83CE46A84BD87
:10A3A0009A44BD3B49F6483DB24AE9BCEDD79D3CD5
:10A3B000FA445E3D56B8E53C139C3A3D4791B5BB27
:10A3C000EC176CBCAEF5C5BC842E61BD4A0896BDC9
:10A3D000AC73AC3D7AC5133DACA98CBD91459A3B9D
:10A3E000058CAEBD2BBEA13A2D7C3D3DE5D44EBDC6
:10A3F0004F3CE7BCE1D2B1BD4CA59FBA3A1EB33C7D
:10A400006D72783BD6E514BAA6B9B5BD080224BD75
:10A41000710213BD8DEE60BDC573963D223307BE3C
:10A42000A46F52BCCC608CBD0ED8553CB1DCB23DA3
:10A430002E1E1E3D664DECBD2CEF2ABC2B14E9BB35
:10A440006CD1C23D6F0F42BD679CA6BDC7A0933CB7
:10A45000594FADBC5C58F7BDE3FE233D3F1EFA3BB0
:10A4600007B7B5BD0DA922BCD600A53C1E17553DAA
:10A47000508CACBC6CE9F1BDD368D23D57B564BD1E
:10A480005C21AC3B05A47DBDA96A823DBDC36DBC0A
:10A4900034F6A5BC4E9BF13C791E5CBC0611A9BCF0
:10A4A000F0F8B63D71218F3A596D3EBD142115BEAD
:10A4B000444FAABDFAEF21BEEBFD8EBE87A66C3BD2
:10A4C0009AD0643DD76984BD9ECEB5BD01DAB63D54
:10A4D0008CA3F2BC2E37B8BDB9E08C3CE27688BDC7
:10A4E000CF6956BD0804BA3DF04DB3BD9835B139BA
:10A4F0004391AE3DAD18AEBB460AC53D3430923DEA
:10A5000026C49CBD31989FBD026127BD97E4803D64
:10A51000C5392A3D43FF843C6C778FBC740A723C7A
:10A520001CD0D2BC302DEA3C41F58F3D4088643DC3
:10A53000AE10D6BC0F9A9DBD2767A8BDC501343D9E
:10A54000E62113BD00551C3EFFCA4ABDF1B7BD3C14
:10A55000C05C0B3CE56337BDE33424BE3FABCC3C71
:10A56000D49BD1BC2DB192BD27301DBDF433B53D78
:10A570005BECF63D9E603F3D06A0B13DA930363A0A
:10A580003E0881BC6C0AE4BCABCC24BE9D9FC2BD1E
:10A59000E690143D977414BCB70977BC639B14BD57
:10A5A000514ED4BDF19F6EBD0F0D4BBD6265B43CE5
:10A5B0004BCADD3DE17929BB2176863D793D98BCCA
:10A5C000EB383EBD7619FEBCCCEE893DFDBF6A3C42
:10A5D0008929113C587380B9DCD7813D863DEDBA9D
:10A5E000C93C323D4606B93D2BC182BD29D0A73CAE
:10A5F000FE9CA23DB680903DCE71EEBDF0A4053D1F
:10A6000022358D3D83F7553D176536BDE545C63D81
:10A61000EA07F53C986810BC71AA353D48352CBE58
:10A62000185A1D3CE7AB643D4050CEBD3719D5BC30
:10A63000F19CAD3C05A352BD7102133D77DB85BB98
:10A640008B87F73C780A79BD2061183D12F6ED3B07
:10A65000392AF73D25ECDB3CF2776F3D096CCEBD26
:10A66000EF5616BC5402E23C2BDDFD3D55DC38BCF8
:10A6700015E5D2BCB534D7BDE929F23D1E882CBD05
:10A680000D1CD0BC0ADA643A3E2050BC8E5BAC3D57
:10A69000E3518ABDABE80FBE8F8B2A3D7E526DBC65
:10A6A00053B131BDD89F44BDB4739ABD95D35E3DBF
:10A6B000FBC998BC8ACA06BD2C2C283EFE0D5ABD8B
:10A6C000F60A0B3D5A9CB1BCEB564FBCB1C017BD4E
:10A6D0004C6BD3BA9EB25ABDA4C76FBC4414933C12
:10A6E000B3CDEDBDA515DFBCD4480B3D6DE610BD67
:10A6F000C005D93C759318BD77DC903D1843993D52
:10A70000EA20AFBC596912BEA94DFC3DEC6A723B10
:10A71000770FD03C6308803C2A749E3DB29F053D74
:10A72000EFFEF83D5DDCC63DFCFC773A80D466BDAB
:10A73000594C2C3D2F16063C5793A7BD59C4D0BD8C
:10A74000B516863D72335C3B3ACE8D3D1382953D06
:10A75000878B5CBDF77435BD118FA43DF112BCBD74
:10A760005567353DF705F43B9F3DF7BD903262BC20
:10A7700049A0C1BC655584BD9450FA3C0ABF943DC4
:10A78000B56D983DFEBAB3BDB398D8BCD5CA843D6B
:10A79000185E493DFF79BA3D0FB7C33C677D0A3D5E
:10A7A000944BE3BCEE5EEE3D9758D93D8A0368BDFD
:10A7B000022C72BC6404143DA27D2CBB8D60633DF1
:10A7C00088848F3DB0E48A3D48E1FABC07405C3D97
:10A7D00010AEA0BD4BE8AEBC5072E7BDAB41583DDA
:10A7E000D9CE373D363F9EBD33A921BC90DBCF3D4E
:10A7F0001C7B963DA873C5BC444C493DCA349ABBEA
:10A800004D87CEBC09155CBDA9BD48BD579412BD8E
:10A81000FEF15E3D83863E3DC30FCE3C687532BD82
:10A82000E97E0EBD0A1170BD711DE33B2B69453CED
:10A83000CBBA3F3D2E8C04BE5C3BD13C3467FDBCA3
:10A84000AAB69B39EC6B5DBD3127383E56F1A63D6B
:10A850009D9CA13B7D05E9BCD00B97BD42252E3CBC
:10A860000FEDA33D7828CA3D8FA765BCD5EA6B3DA7
:10A87000FA61843A6EC1923D24628ABDA356983D26
:10A880009207E23D7E7294BC6BBADEBDD5CC1A3D18
:10A890003DB6E53CC09742BD4B7200BDE692CABDD5
:10A8A000587215BDCCCF8DBC1EA4A7BACD5C60BCC0
:10A8B00066DC543D9B8D153DBAA2B43DC538FF3CC6
:10A8C0003DF031BD503685BDB665C03C1B2FDD3C2B
:10A8D0009B90D63DC2A478BC84BC1EBD9BE788BBC0
:10A8E0009294743BC7A17E3D1EFAAE3D1D739EBD82
:10A8F000412BD0BDE95FF2BD25ADF83B026167BDDC
:10A90000207CA83D9FE9A53C6CE911BD003A0C3DB7
:10A910001C7ACBBDA6D37ABD56F1C6BC6B4AB23BFE
:10A920002D9622BDC6A3D4BC268A90BB17674C3D8A
:10A93000BD3A473B8A73143D20F0C03C0D52F0BB3A
:10A94000E00E043E552F9FBD7C6172BD583A9FBCFE
:10A950005DC0CBBC2C2E8E3B560BAC3D15E39CBD95
:10A96000376ED1BD6B61163D1E3310BDBE69FABB9B
:10A970009EEFA7BB910FFABC1F68C53D3BA759BD11
:10A98000A8A70FBB5394CBBC22714F3D6BF1293D5F
:10A99000A8E030BD2AAD3F3D3A7650BDCC5F613D69
:10A9A000C80B093EE9B6C4BCEE96643A54C469BD0E
:10A9B000962625BA98512C3D717104BECEA683BD52
:10A9C000ECF91A3D0EF987BDA46C913B5A63003E29
:10A9D0000FD37EBDAA2C8ABDB8AEB83D10CD3CBD0C
:10A9E0003CBDD2BCB5FFA13DE46999BD3A1E33BD63
:10A9F000417E96BD32B08E3D2A39A7BCCDACA5B8FC
:10AA000071AC4BBD4D4CF7BD1A6E40BDE467233DA4
:10AA1000A514943DCA87203C42EDB73B763539BD3D
:10AA2000A1DAE03B959F143DB43A993DF015DDBBAA
:10AA30008A1E783C198F92BD9AEA493CE5D18DBABD
:10AA4000800E733C12C2A33D37C5E3BC5CADD33D61
:10AA50004EED8CBCDA59743CA13068BDE888FC3CF2
:10AA6000A4FFE53CA67E5E3BB80696BD36EAE13D16
:10AA7000726A673DB9E137BDA587E13DCD59DFBDBC
:10AA80009F3A56BD4F3DD2BADD45B8BD2E0178BDC7
:10AA900071CADC3DC897D03C97C68FBDD97A06BA3B
:10AAA00019C6FDBD7F6D3D3D00E2AEBD7B4FC53D8E
:10AAB000FA61C43D810485BD7A1A903DCC600C3D9D
:10AAC000DCB71A3DF6979DBD8DB5FF3D4A9613BC88
:10AAD00063B925BCFCC2AB3D22E3513DB45A203DD5
:10AAE00082CA783C83C0AA3D82E6F33C9A413CBDD1
:10AAF000E59BCD3D1F4D753BF19C0DBE4A072BBD1F
:10AB0000A60B313C8CBC6C3D36E916BE3351C43DBE
:10AB10003FAD22BC98A7D3BD7E5704BD486DE2BDB2
:10AB20008194F83DD8BA143E42E98B3CCC0AA5BDCD
:10AB30002C11A83CF51138BDB9A72BBCBE111D3D89
:10AB4000D52563BB1213D4BA2E90A03C3946B2BCB3
:10AB50005A7E003EB96F353C04CA863D840F253DC0
:10AB6000FCC3163CB3B453BDE2CB043E414806BE21
:10AB7000616B363D8E95183CF5F4D13DA0519ABDE0
:10AB800086915E3D9013A63C7F673BBD9D63003D73
:10AB90009E62D5391442C7BD931ADAB959A5F4BBE0
:10ABA0008F3438BD8944A1BD4DBA2D3D2A72883DF0
:10ABB000745DF83CFDF58ABD588F7B3DA180EDBCEE
:10ABC000B1DB673D3351843B077E14BD78F269BC2D
:10ABD000726CBD3CCA5100BCA8A70FB98EC9E2BCBB
:10ABE00028B602BE55BDFCBB624B0FBC8716D9BC54
:10ABF000C7D5483DFAB73BBE2E1A723D2731883D76
:10AC000010768A3C5324BFBD8E95B83D6361883C65
:10AC1000DBFDAABD7EE5C1BCF2962BBCC136E23C91
:10AC2000B58C143E2385323ACEC4343D75AC12BD8A
:10AC3000A1BAB93B9E43B9BDB3D1B9BD0AF70ABDAC
:10AC40009F1D303D33C4B13CE35340BD0038363D19
:10AC500016A1D8BCACE679BD6AA4253C9B00C3BC58
:10AC60000B42F93C73F478BC65561FBE2BDB87BCE6
:10AC7000FBCEAF3C053667BB11E074BDD4F2033D9B
:10AC800035095E3A9676CABD44C0A1BDE6E5303DC1
:10AC9000060E883DB9377F3DA5F9133ECBF3E03B67
:10ACA0003B378DBD67463F3DF981CB3DF793313D45
:10ACB0004C706ABCD2FE07BDCA5441BBB2D8263D17
:10ACC000EEE9AA3DF60C213DC45C523D6808C73B45
:10ACD000D17496BD6074B9BD2D5FF7BDE19B26BDF3
:10ACE0008142BD3DA663AEBD1AC2B1BCFA7ABE3B7D
:10ACF0007138D33D4D81CC3CA19DD33C739C9BBD11
:10AD00001D39123D39B9DFBCDEAD1CBE232D153D0A
:10AD1000FAED6B3DA12DA73DDD5ED23A62F75DBD38
:10AD2000195807BD09C46BBC403192BD7B31143D3D
:10AD3000EFE1123D1A6E40BD2BDD1D3D1E5337BDA8
:10AD40003ECF9FBDB5C2F4BC691EA03D3673A83D81
:10AD5000B7D52C3CED625A3D1C981CBD895E86BD62
:10AD6000728C643DCB9D193D164C9C3DE223E2BCA8
:10AD7000DA8E293CA14CC33DCB86B5BD8C11493D33
:10AD80003812E83D753D513D800F1E3D9D9D0C3DA7
:10AD9000BB2965BDDA7018BDC79B7CBCDE550FBEF4
:10ADA0009AB5143D54FF203D790522BC8CF337BD84
:10ADB000BDA6873C17B751B8CD3CD93DF7587A3C72
:10ADC00001F827BBF567DFBDB98D46BDA8AA10BD48
:10ADD000EACA273E1617073D9E0A38BD137C533B2F
:10ADE0009561FCBD024B2EBCF33D633D464170BBFB
:10ADF00049F793BDCEA6E3BD16DE853D4E292F3C17
:10AE00003F3B203D7EC7F0BA3128F3BDF7C77B3DFD
:10AE1000471E08BB488A08BD936F76BDD2A7D5BC34
:10AE20004EB7ECBAB70DA3BD52499DB89010A53DE1
:10AE30008ACA063DF6EE0FBD59854DBBBDC3EDBCBC
:10AE40002EC9C13DE02E9BBD9694BBBC01C372BC14
:10AE5000802D6F3DBC5CE4BD4EB5163D1E1B81BC14
:10AE6000E19BE6BDF167F83CC4EAAF3D11ACAABC7A
:10AE700018B3653D2C81D4BD7EFDF03D93C628BD41
:10AE8000D8BC2A3D5AB8ACBD9E060C3D672A443C4E
:10AE900048DDCEBBA643273D9A4312BDD8F50B3DF6
:10AEA000753BFB3D0D50BA3D5ED559BD012F73BDBD
:10AEB0001F67BA3D295DBABD5B96EFBDFA27B83A68
:10AEC0004BAF0D3EFB238C3C473A83BD78F0D33D1E
:10AED000821DFFBC2B51F6BC11A83E3D9FAC08BEA5
:10AEE000DD412CBDBCC90F3E051600BEC040103D63
:10AEF000404E98BAD218ADBC412A45BC7880C73DB7
:10AF0000E6CDA1BDECDD1FBDA33A5DBD1D57133ECF
:10AF10003F74A13D6D8C1DBA0073ADBCF16823BDBB
:10AF2000A835CDBC1C5F9B3D33A6203DAEF2043D51
:10AF3000E57D1C3D4B391FBD0E16AEBD2F1606BD5F
:10AF4000D4D2DCBCCC7FE83D240FC4BCD862F73D32
:10AF50009C197DBB8BC0D8BCAA0D0EBEB66AB73D8E
:10AF60009A95ED3CB66455BD4A7FAFBD59E0EB3DC7
:10AF70007A00AB3D0A13C63C48C1F33DF0528ABD8E
:10AF800074089C3C0E15E3BC494CB0BDA9A062BD41
:10AF90007E8DA43C76E3DDBCC00644BDBDE354BD5C
:10AFA0001E3310BD991073BDB8748CBDE066713D41
:10AFB00031CD343D317CA4BD583CF53DA9893EBD21
:10AFC000B74684BDB3EBDEBCEA5E173E0FBA043D64
:10AFD00078B9883CFD14C73C153AAF3D82E2C7BA48
:10AFE000FFE9863C2B4C1F3D3909A5BC815FA33C82
:10AFF0002D98383D4AEF1B3D6CB0B0BD8319D3BCD2
:10B00000AC02353D4D2FD13D83A384BDECC1643DE1
:10B01000A8E5473DF94CF6BC7C0F17BCD1E8EEBD66
:10B0200040DE8B3D3FE3423D3DEE9BBD1EFD8FBDAF
:10B0300058E5423D4607E4BD5C91983B15E291BB63
:10B04000B553F33C158F8BBB9B5A363CEAAE6C3C38
:10B0500073122A3E6EFA733D1E1B813A707A57BDF9
:10B06000B91A593CA27CC13DC687D93DE5ED883C63
:10B070003F8FD1BC0459CFBD064B953D9C8CEABD9A
:10B08000CF2FCA3C60AF303C3F0154BD54AA043DB1
:10B090009DA04DBD94A1AABD2D5C563D05C50FBD1B
:10B0A0006B0BEFBDD7F7E1BD85B05ABD5C3A863D6D
:10B0B000280AF4BC7095A7BC27880A3E9DB987BBB7
:10B0C0004E5EE43D7F6DFDBC13F4973CBC5983BCE0
:10B0D0004F24983C5AB8ACBD862047BD888299BCA5
:10B0E000F146C6BDDBA6B8BDB8019F3CEC3327BD19
:10B0F000789C22BCCF87C7BD5931BC3D6039023D29
:10B10000BF81C9BC4E0908BE8A77A03D5EF7B63D37
:10B110003C6A8CBDB938AABC5AD4273D780B64BDB3
:10B12000AD302D3E76E2F23CF914A03DC8944FBDFF
:10B1300067B5C0BB6F48A3BBD2A7D5BD34828DBD58
:10B14000F207033E83A53A3CB79649BADFA37E3D9A
:10B150003484A3BD6B80D23A88DAB63DBF4311BDBB
:10B160000091FE3CD4D1F13C98DAD2BD4D9E32BC68
:10B17000292283BDE220A1BCBB7C6B3D143E9B3DDC
:10B1800015E211BCA7CD78BD86AD59BD01F8A73B2E
:10B19000A9FB803DDA75AF3DD7FAA23CD5E8D53D95
:10B1A000C218B1BD4416693DE0A1683D4B0254BCD4
:10B1B0002CF0153DCBF70CBCE6AE25BD34492C3D3B
:10B1C000F6402B3D2BC1E23CB7F0BCBD77DABA3D6F
:10B1D000C1CA21BD95D7CA3C193AB6BD4B768C3D44
:10B1E00002D4B43D40BE44BD15E291BCE5D5393D25
:10B1F000492EFF3DB4AB10BDBD73683D3CF4BD3D71
:10B2000052495D3DB7D180BCB3B27DBDE3C1163DAF
:10B210001E51A13DBF9A83BC842B203BABAEC3BC67
:10B2200089D193BD280AF4BC3E05C0BB70977D3C14
:10B23000CD3D043ECA6ABABD2865923D070886BD69
:10B24000F73FC03B7847C6BBEA06CA3D6D8C5D3D03
:10B25000014C993CAB980A3D69E308BCF6D254BD59
:10B2600035466B3DFE26243EE82FF4BA211E893C6C
:10B27000410E0ABD08E87E3D212310BE54FCDF3C90
:10B280002810763DBBB9F83C7368F1BD1CF0793DE0
:10B29000C896E5BC20B6B4BD6EDB77BB85CC15BEC9
:10B2A00022A6A4BD22FF4C3D5803143D77BE9F3C0F
:10B2B000EA03893D87BFA63C054DCB3C986A66BD35
:10B2C000CF4C10BE7CB9AFBD8143A83C047374BBA6
:10B2D000ED48253E0B604ABD5DA36539E7E019BB2B
:10B2E000B35D61BD36E58A3DC284013ED577FEBCC3
:10B2F0000953F4BDA29AD2BD2C81943A76A8263C7B
:10B300007D95DC3DB56FEEBC7AFE74BDA450163D54
:10B3100024EEB1BCF3E630BD48C414BB91D101BDED
:10B320004A5E1D3CF0FBB7BCFE2915BD51DA5B3D02
:10B3300063277C3D217450BCBEF64C3D2041F1BCDE
:10B340006630063E3F02FFBD6152DCBDE06847BC8F
:10B3500036B1403CFC532A3B33C0853C0B4279BD9F
:10B3600024B4A5BD91EDFC3C516944BB47C9ABBCBD
:10B3700055A442BC1A53B0BD9D491B3D73814B3C43
:10B38000F850623D6891EDBB90F72A3DA2B8633D4D
:10B39000740CC8BC61E28FBCA834A2BDB9C4113C16
:10B3A000C669383EE8305F3D7442E83A0476B5BC81
:10B3B000C808A8BDA8FF2CBC4D4C27BE293FA9BC7E
:10B3C000EE0992BC4850FCBC80D33BBD79AFFA3D3E
:10B3D000E8DD58BD2C9F05BEBD70C73DCF13EFBD46
:10B3E000FF3E233DBD70673DA7E973BD357A75BD4E
:10B3F000A9D898BC35F10E3D4AD3603DFE0FB03B55
:10B4000057CC88BDA96A02BEB471443D91EF923D0C
:10B41000F08AE03C088ECBBB79B0C53C94A3C0BD9C
:10B4200070EEAF3B5C3E12BC97AD953DBFB769BCBB
:10B430003A3DEFBCE8D9CCBD959C93BDBF0A703CAA
:10B44000CF108E3D02BC453D7FDA88BD9147B03DAF
:10B450003677743C4F3B7CBCA0E238BDB7D3D63CBA
:10B4600032746C3AFE7F1CBDE54310BD1E196B3D66
:10B47000A8E5C73D43E795BDC975533DB72A09BD4A
:10B4800017D8E33CD6A8073B53B3C7BD6F106DBDBB
:10B4900067B8013E5455A8BDBCAD94BD1711C53B5E
:10B4A000C7D7BEBD4D0F8ABC18B2BABCB8C80D3ED6
:10B4B00027C0B03BD15C67BD467DD23D71E5EC3C19
:10B4C00043CB3ABD8DED75BD7252F83DABB2EF3C4A
:10B4D000E6ACCFBD8FA67A3DE753073DF69B89BC0E
:10B4E000529C833D386A853DC5FE323C2AA7BD3C4F
:10B4F0007369DC3D0630E53C910CB9BD7DADCBBC3C
:10B50000A306D3BB5513443DAE8042BDF8A7B43D5E
:10B51000A8E246BCD9D0EDBD27A009BA155810BE87
:10B520001D05883C0C07823D7638BABC5A4840BDA0
:10B530009127893DF0FA8CBD533E843C94A5D63CBE
:10B540007A8931BD54E084BDDACACB3CC22F95BDA7
:10B55000F5D8F63D8F8A9F3D49A0413DE2E73F3C4B
:10B56000B9DE36BD50A8273DDFFB9B3D3F53CFBD25
:10B57000289BF2BC965C85BDB9C1503D05A7BEBCF9
:10B58000A4345B3D793BC23C4966F5BB17BA123D1A
:10B590002503C03C547163BD422784BB8411FBBBAF
:10B5A000E9B9C5BD683EA7BD2921183D0EDD0C3E99
:10B5B00060AD9A3DFCABC7BD78EEFD3D7B4F653C71
:10B5C000AD2FB23D721AA2BC2906A8BDF321A83C3A
:10B5D000C042E63B5D6EB0BC8F8914BD0B45BABD61
:10B5E000C2FC35BE317818BCD5E900BD802818BC36
:10B5F00021CB423D46D0B8BD8FFBB63D79E9663DD3
:10B60000AD6BB4BB5DA3E5BDC7BC8E3B28EF833DEE
:10B610001B9B1DBDE61E12BDF65C263D5454FD3B32
:10B62000E814243EC5FF5DBDF0F8F6BBFAB74B3C0D
:10B63000713BB43C47ADB0BC0FEF99BD1A6DD5BCA2
:10B640009753823C58FF273D06D9B23CF8E20B3DA8
:10B65000D5D046BD2D78B1BDA96A423D3FC8323A2A
:10B6600048A72E3D3620C23C728CC4BD4162BBBC93
:10B670005776C1B9A3AC5F3BBD6F3C3D88B9843DF3
:10B680007EFC253C1BA004BEAAEFBCBD4D87EE3D51
:10B6900032595C3D3B191C3D7D79C13DFF04973C0F
:10B6A000978D0EBDE1B6963D8EE5DD3D4930D53D29
:10B6B0002A534C3DD046AEBCC504B53CA6D4853D0E
:10B6C000B341863DE1ECB63D3483F839B72A89BBF6
:10B6D000FDDB25BD693B86BD7653AABDE0BE8EBCB1
:10B6E000D26D493D643D35BDF69B093CF5A18B3DCE
:10B6F000207E1E3E71AEE13CC34403BCD8F0743CD6
:10B700001B2B313D9032223D60B00BBE4C5299BC98
:10B71000DB8A7D3DA20D003D240D6E3D075F18BD07
:10B72000A4E3EABD51A2A5BD17105ABDC4969E3D23
:10B730007901763C8E79BDBD7B2FBE3B5C3A86BDE0
:10B74000CD3CB9BB7EE195BDC9C6C33D08E6A83D69
:10B750009ACF793D0B5D89B95F7F12BD1DE3AABD0C
:10B760008927FB3D431AB53D65E16BBCC30E63BD44
:10B77000226FB9BB4DBD8E3D19E684BD8A92103C47
:10B78000B6F4A83D7171543D23BE13BD96D1083D5A
:10B79000E2AFA9BD30F2B2BD5DDD313B60E7C6BDB1
:10B7A000670A9DBC7FA6DE3C01188FBD23A218BC92
:10B7B000EE5A423DF487263D29EB773D5E63973B89
:10B7C000DDEB24BD74D451BDA4C1EDBCC63192BD26
:10B7D000D0B5CF3D46451C3C8121CBBD6B2B763D82
:10B7E000D63946BD6B27CABCF2D2CD3C588D65BD5B
:10B7F00098C06DBDF86C5DBD39D3043CC5ABAC3CA5
:10B800000282393D543797BCC328E8BD0186653CA8
:10B81000A3ACDFBB3D0D58BD4831403D4E999BBDAB
:10B82000F8E20B3CADDFACBDD4298FBBD4993B3DD6
:10B830001F679A3D8EE989BD78D06C3C34BD043DCC
:10B840001B65BD3DDD5F7DBD07ECAABDD9B4523D92
:10B850009ED2013D3351A4BD774C5D3D1B2FDD3C95
:10B86000DCA096BD014D043D1382153DF5833ABC25
:10B87000D23AAABC293EFEBD4451C03D8318E8BC63
:10B880003750203D467EFDBCE0BDA33DF60CE1BA3D
:10B8900098FB643C22AB1B3DCF81E5BA0E9F34BDC3
:10B8A0005EF1043E10AF6B3C8E76DCBA45F681BD8E
:10B8B000978F24BB1B0DA0BD2CA010BEF9DAB33CA2
:10B8C0001FBCD63DC2F7BEBD7CD675BD1D5B8F3D8E
:10B8D0007D25903B8F71C5BDDE00733DBB0C7FBDE8
:10B8E000C13898BD2250DD3DE469B9BDB0FF3ABD15
:10B8F0006E18453D4F78493D4B762C3D9813343DAD
:10B90000BE6CBBBD999A44BDD997ECBC1A53903D0F
:10B9100029EC623D94C1D1BC8B1B373CBADA0A3C9E
:10B92000054EB63CCFBC1C3DCC0A453D9F3B413D3E
:10B93000882F93BC12DD33BCDAC8B5BDBC900E3D78
:10B940001A329E3CCBDB013EFD312DBC1363593DC9
:10B950004DBC033DEA784CBA51DA1BBE6A8569BC1E
:10B96000E0D8B3BC5A2F06BE67657BBDE623E93D30
:10B97000C7BA783D917CA53CD2FCD13D83A53ABCA9
:10B98000302E55BD8D978EBDFA63BABD1B9CC8BDC8
:10B990005EF38A3DBF46923CECF95ABD069F26BD38
:10B9A000FA2AF9BD3A1F9EBD59F8DABD378D6D3DB3
:10B9B0003CDC8E3DC8B34BBC317A8E3D67EE61BD39
:10B9C000772BCBBC529877BD1748D03D88846F3C0D
:10B9D000E9D4153DD74E94BB0377C03DC11AE7BCEF
:10B9E0009963393D6554193E85B270BC776602BCD7
:10B9F000221BC83DED65DB3DD045A3BDA9DAEE3C79
:10BA00004FCAA43C10B0D63D7C7F83BD7310F43D7B
:10BA1000C921223DBD38F1BCB22FD93B5918E2BD36
:10BA2000871A853B0F26453DC13878BDC9CB1A3CE6
:10BA30001F14543DB29B59BD910E4F3DBA2EFCBA16
:10BA4000EE05E63CD2544FBD946D60BC82A8FB3A33
:10BA5000478EB43DEBA9953D4AB5AF3D26C888BD9C
:10BA60001DC9653C26E52E3D8578343E3C2D3FBD05
:10BA700083A10EBD69AB52BD0E4DF93D86C869BDAF
:10BA800008CCC33C90A0383DAC376ABDFE60603D39
:10BA9000C98E8DBCB63116BE62F8083B19E684BC6F
:10BAA00032AB37BDEB1AADBD74231CBE72DD943DC5
:10BAB0007D21E4BB95B80E3C9083023E7D047EBBA5
:10BAC00066C0593D782A60BC4DF6CFBCF8DEDFB9C0
:10BAD0007040CBBCB37DC8BC3A7866BD596D7E3D25
:10BAE000E771F8BD102259BD0874863D73639ABD95
:10BAF0008F360EBC721781BD5A10AA3D3276E23DD8
:10BB000030621FB9BF1002BE98FB643D00CA5F3CA3
:10BB10001399B93B9FE83ABB1E87413D66D9933ADA
:10BB20001362CE3D9FAC183DB401D83C26DF2CBD3E
:10BB30005E4CB33C09DDA5BC312768BD36AB9EBD6C
:10BB40008AE8B73D8E946D3D75C7223D2272DA3D7D
:10BB50004D0F8ABCB6D782BC191E9B3DEB0048BD79
:10BB60003BE37B3C59C305BD79B100BEA0327EBD2D
:10BB7000B3256BBD14087BBD31D0953D24434E3DAC
:10BB800019545B3D064B75BDDA1D52BD2C616D3DF0
:10BB9000A2267ABB91B49B3DD369DD3B6E4D7A3DC5
:10BBA00058C51BBD61A5123E06D7BC3DA27E97BC01
:10BBB000D9247F3DE272BC3B8C4B15BD6E688A3D3B
:10BBC000ABD0003DCDADD03D5A62A5BD69A93C3C8E
:10BBD000C9B04ABDBE3184BCECD9B3BD46EDDE3D33
:10BBE000AC8E1C3DAA65CBBD95464CBB7521563D20
:10BBF000DF31DC3D0E6914BDB5E0853DE883253DB0
:10BC00003E9769BD1FDA07BDBD70A7BDA9C29FBC25
:10BC100049F6083DDFF85A3C6B7D91BCD238D4BC64
:10BC2000BFD6A5BC0039A1BDC6A43FBC2864E7BCF3
:10BC3000CC968C3D28F1D9BDD4D2DC3CA2F184BD98
:10BC4000A06E803DD84892BC0A2D1B3E1FBC363DDD
:10BC500040FB91BC40D9143C904906BD0950D3BC6F
:10BC6000CA379B3D4DF79A3D607825BD6BD86F3D37
:10BC7000FDA02EBDEB74C03DDCD5CBBDD6E4693D47
:10BC8000ADA7963D01184F3CEF7487BD9E23F23C53
:10BC900033A8763D626AABBDEB7460BD4CAAF6BDBD
:10BCA0006E15C4B91DAED53B745C0D3D920722BD27
:10BCB00078D02C3D07B60A3DC2F9D43D176275BC59
:10BCC000817B9EBDE44952BD737FF53AFB5B423DEB
:10BCD00098FC0F3EA1DBCBBCFF78AFBCD6E33EBDEA
:10BCE0006FB9FA3CD526CE3D89609C3DDE019EBCF5
:10BCF00011DFC9BD946BEABD2BD931BC80F40DBDF9
:10BD0000D7DCD13C56F05BBBBB0BB4BDD6C7833D83
:10BD1000B7B49ABD8788BBBD6683CCBCBBEEADBC57
:10BD20005C5A8DBC7B3069BD7A6C4BBBD68DF73CC1
:10BD3000ECC1A4BC8C144ABCA394103DFA27B83AB9
:10BD400094A2253E715684BDACE483BDF984ECBB5E
:10BD500082A8FBB82D5D41BD75C8ED3DCC4667BDE1
:10BD60000AA28EBDB16CE6BB231546BC855BBEBC8A
:10BD70006F12833C6C0723BD8F34983D02814EBC0B
:10BD8000F183733C58E66DBD9AE9BE3D00FD7E3DF2
:10BD9000B61325BD7380E03C7AC503BE4D86233DB6
:10BDA0000839EF3D86CA3FBC7F854C3C65FB90BCA3
:10BDB000F4E06E3BC2A4F8BBA31DF7BD99A006BD7D
:10BDC000C79C873D846100BDA6F10BBD95D8153E8B
:10BDD000DDD1FFBC6FF100BE0F2AF13D84D72EBD2F
:10BDE00047567EBD713D4A3D9FE9E5BD4B8F263CE0
:10BDF00013BB96BD2A6F473DA0C4E73C6C76A43CBC
:10BE00005DBF80BD4C52D9BDF241CFBC410B893DD5
:10BE100083DAEF3CD0F0E63C33DD6BBBDE5A26BD67
:10BE2000BEDCA73C1FBC763D3D0D583DD23A2ABC36
:10BE30002369B7BCD7C181BDF12AEBBC3813133DD0
:10BE4000D4EF42BC543BA33DC74876BB34D99F3D99
:10BE5000026292BC7B31143C24809BBCE6400F3DC7
:10BE600035248E3D0CE79ABCAA281EBD7BD8AB3D7D
:10BE70006DFF0A3D39F115BD7C0CB63D0D7257BD05
:10BE8000BD1975BDC618583D11E58BBD954882BDDD
:10BE9000861E013E1EFE1ABCB1BF2CBD4D1336BC22
:10BEA00040A695BD2158553D058757BD34A1493D54
:10BEB000D201893D460C3BBD9D81F13D65C65B3D90
:10BEC000A1F22FBC801134BD054F113E8BE1EA3A3F
:10BED000F14711BDB8B1B93D0132343D39B95FBC4C
:10BEE000D28E9B3CBF46023E1101873AD14197BAA0
:10BEF000359BA73DC3A0CCBCC362D4BD85949FBD78
:10BF0000C5CB133DEDB68B3DEACF7EBD46EBE83D9C
:10BF1000630C2CBCADC286BDCA6C503D569DD5BDD0
:10BF20001BBAF93D9D11E53DDD981E3C0A2F41BC31
:10BF3000C8CEDB3A927A0FBD95EE2E3C384BC93C09
:10BF4000C0B252BCF167F8BC96792BBC8ECB383CA2
:10BF50002EC72B3E59854D3B1DAFE03DBBF1EE3B5F
:10BF6000395E813AB7D0953B40A1DE3D35D1E7BD82
:10BF700065AB4BBC477279BC62D7963DBC0552BDE0
:10BF8000B7989F3DC4ED50BCE9D23FBCAD31683C91
:10BF90008A20CE3C8A55C3BD101FD83CA0A8ECBC5B
:10BFA0000CE66FBDD26E04BE40A6353C18B57B3D95
:10BFB000A208693D9A956DBDE624D43D17D778BD9A
:10BFC0005793A73D4C542FBD8FFF82BCC93EC8BCC0
:10BFD000BF2CED3C8BA45DBC88842F3DE0BDA33C11
:10BFE00002B829BEE10CFEBCCB0E71BCAF79D5BC4A
:10BFF000C3D5013D369109BECE70033D7B9FAA3C5F
:10C000001EA8533D011403BE624E503DB806B63C17
:10C01000FC8D96BDCD0619BCD960613CA71F143DAF
:10C020009C89C93D9678C0BCDA71C33CF10D053CD2
:10C03000B806B63C0AF2D3BDB4213FBD022B07BD02
:10C040005E2E823D2C67EF3C4DF64FBC1972AC3D25
:10C05000FCAB473C60E550BD3106D63C005431BDD9
:10C0600096210E3CC74CA2BC1C0829BE18786EBC99
:10C07000024742BDC45F933C962324BD7B87DB3DD2
:10C080007F17B63CB151B6BD01FB88BDABB26F3C6A
:10C090008BE2953DC8288F3D22C1943D8081A03C14
:10C0A000CC242ABD2234023D060DBD3DC502DF3C35
:10C0B000E55F0B3DE96554BD22FFCC39FAEC003C4D
:10C0C0006A13073E33198E3DE78B3D3D6AA4253D3B
:10C0D000D4EE17BDF29500BD5E12E7BD29B0803CDD
:10C0E0005724C63D255DD3BDC85BAEBC0ADC3A3CD7
:10C0F000FD15223EEA42ACBCD5ED2C3DABE84FBD70
:10C10000BDC68E3D40BF2FBD3693EFBDC80B693C09
:10C11000D0D6C13DA29CE83C9B202A3D6F9B69BDC7
:10C120008FFF42BD5B0AC8BC8CF80EBD54E3253CB2
:10C130001970163D630D57BD9A0AF1BA2E1F09BD3D
:10C14000A3C85ABDBB2A90BDBC3FBE3D5F07CE3DD4
:10C1500026E0D7BCFB03A53D62A0EBBC9BE873BD0A
:10C1600071AEC13DD3FABB3DD8B9293DE17C6A3CF3
:10C1700064903B3D23BCDD3D9016A7BD3F8E663DE0
:10C18000E8BE0C3EFB1F603D750305BD7D3D5F3D78
:10C190004C18CDBD68AED3BB71A9CA3C3EB4EFBD4F
:10C1A000FF2012BCECF88F3D9CFC16BDC3456EBC55
:10C1B00039B4C83CB26579BC0378EB3D040433BDA7
:10C1C000AAB9DC397F6D7DBD59F70FBDC6C0BABCB9
:10C1D0002AA9033E9F3E02BD3599B1BD1903EBBBB1
:10C1E00098DA92BD5CE7DFBBEBA8EA3C88BCE5BB14
:10C1F0003E22C6BDF7AE11BEDE57E53CD28C853D72
:10C20000A56A7B3DAB3F423A5CE70FBE38328F3CBC
:10C21000D78775BC6B7F27BD295F50BCA2B34CBCD0
:10C220009E26B3BC45DA06BDBCCE863CFDF6D53DA8
:10C23000EED0303C558887BD50719C3C8A1EF8BAC0
:10C2400041448A3D58CBBDBD522675BD63273CBDD8
:10C25000239F573D000080BD8925853DD332D2BC48
:10C260005DE218BE9FC8533DC631123D4C8E3BBDAA
:10C27000912BF5BBCC998DBD23F3183E16312CBD07
:10C28000897C973C7B88A6BD6DE2643D15376E3D89
:10C29000E220A13C73BC823D9F034BBC683EE73B60
:10C2A000552F1F3E7EAA0A3D1E6E87BC2009FBBB90
:10C2B0004297303D6A6BA4BD618EDEBDD462F0BC96
:10C2C0004110C03DE3C281BCD7898BBDBC03BC3DDE
:10C2D000F2EB873B09A56FBDBC41743D4E5EC4BD0A
:10C2E00056D7A1BBEF6FB03DEA97E8BD29779FBC59
:10C2F0002F3116BC2AFE6F3BF04FA93B5FD218BD11
:10C30000027E0DBBEA068A3C8786053E1591213DDB
:10C31000E3C2013D526598BD180501BD99F4773D12
:10C320006C929F3C5B61FABC4E2B45BDCF8466BDD1
:10C33000A5F9E3BCE0A1A83CCEA538BC32E5C33CDE
:10C3400066F9BABB6DE43A3C9431BEBC5E11DC3D8B
:10C350000EBC1ABDA25D853BB08C8DBCB43AB9BD94
:10C360005B61FA3B09C1CA3D6C4044BDEBE48CBC47
:10C370005AF5B93CA7CB82BD6B62413DB894333DC1
:10C38000AA6014BD6AF7AB3AD6AAFDBDE2B11FBDE3
:10C39000C24B703DF4A8983D24D3213DF7E4E13D24
:10C3A000519F643CCF2DF4BD5CAA12BD1D1E42BD41
:10C3B0008178DD3C8A9290BB02BC05BD992A18BDEC
:10C3C0000C40233BA2263ABDE90E223EC901BB3CEC
:10C3D0009BC6F6BCA70444BD6ABFB53D79901EBCA0
:10C3E0003D7FDA3DD196B33D86E4E4BC6D91343DAA
:10C3F000D578E9BC3D7C993CE84B8FBD8DD310BD11
:10C40000F83853BD2785F9BCECA092BC815CE23CB6
:10C41000B56D98BC740BFDBD0A849D3C64756B3D85
:10C420005FCEECBC6D1D9C3C39441C3D624AA4BDF2
:10C430005E2C0C3D5E14BD3C8196AE3C94A42B3D1D
:10C44000B039E73D965CC53C7175C03D66F5EEBD03
:10C4500067657B3CF14987BDC380C5BD5D6A843B90
:10C460006C06B8BCB919EEBDDBDD433DBB7B80BBC0
:10C47000448996BD006F013B3AEBD3BCB003E73C67
:10C48000E544FB3DDE1C2E3CCE1C12BD5AB7A13D3F
:10C4900007B21EBCE3C5423ABC1F17BEFAB48A3CC1
:10C4A0005039A6BC6971C6BD819573BE2A8FEEBC9A
:10C4B0001D588E3C5B5F24BD8CA15CBDE8C11D3E58
:10C4C000BA8358BC5648793C1FD69BBCD49890BDC3
:10C4D0004E28043D8E3B253DBEA4D13DD255BABC6D
:10C4E000D7FAA23C7D224F3D9EEA103C18D00BBDEE
:10C4F000C407363D064A4ABD40DA0FBE959F943DBB
:10C500006C5E553C5932C7BB32E7193D8FC6A13B23
:10C51000FFE9A6BD9738723B556C4C3D3602F13BA6
:10C52000BF49D339890AD53CFAB40ABC8E3BA53D34
:10C53000B16B7B3D8733DFBDCD58B4BD151D49BC04
:10C540004F03A6BD6491A63C47CBA1BD2BBF8C3D3C
:10C55000FFB366BCC6862EBD2636BF3D2CB7343D24
:10C56000F9DB9E3924D3813D97C8C53D8AE8D7BD04
:10C5700075E91F3D18972A3C9C4F5DBD38F9ADBD4C
:10C58000E7ABA43D0DFA12BDEDB90C3E8B19813D10
:10C590001A1A4F3DAF42CA3CFF9600BD9B72053E42
:10C5A000E8F77DBCEF8DA1BD68769DBDD52563BC48
:10C5B000C8B496BD71CB473D4DF4793BDBF9FEBC69
:10C5C0001217403DCADDE73C4371473D6AFB073E19
:10C5D000A60A863DA4A8733D6EA72DBD3A3F35BE81
:10C5E000103D693DE57E87BB96404ABDA64628BD05
:10C5F000159121BDCD7685BC2B1895BB33FE7D3DB5
:10C60000240CA3BD99805FBDECDE0ABC69E388BC45
:10C610000988493D7102D33C8639A1BD359ABC3D9C
:10C62000ABB4C53D244885BDD559AD3C58FE9C3DB5
:10C630002EC8163CCE0017BDBDA687BC8F17523C36
:10C6400027C2063C500045BB6840DD3D999E303D09
:10C65000D25279BD817B9EBC18B2BA3C0F7EE2BA41
:10C660007B327F3D2FFA8ABCDFA7AABA77676DBC01
:10C670009F392BBD67800BBDABCB49BED3D909BD5C
:10C680002C4502BE2594DEBDFD312DBC672C9ABB26
:10C6900003D27EBCF244B0BDE1B50B3DCB9FCFBD14
:10C6A0004887073B992B83BB49D536BD12878CBD84
:10C6B00007ED553D84D643BDAE6231BD3E26123DE9
:10C6C0003FE12C3DA22765BD8925653DE57ADBBCB0
:10C6D0006D744EBCBF4868BD53CDACBCB1C3D83D32
:10C6E000E6B2D1BC4E80A1BD94F85CBC49B9FB3C1C
:10C6F0004BE402BD6CCB003D7979BA3C2AC8CF3CF3
:10C70000BD8EF83D09DE903DB22BADBD17F2C83DA0
:10C71000E412C7BC3A4070BD31EC30BD768B40BCF2
:10C72000B55333BDF278BA3DD4D191BD40DEABBC38
:10C7300093C9A93DC5AA01BDD8BAB4BDBA9E883D6A
:10C740002C2AA2BDFD1447BC0344413C7C7D2DBC7A
:10C75000BC24CE3DAA9DC13D2252133DA391CF3CA6
:10C760008319933DB7981F3C31B224BD2FFCE03BA9
:10C77000055177BC23832CBEB7EB65BD9B5A763D34
:10C780003DB83B3D9E3F8DBD59850D3D15C7813C54
:10C79000A512BEBD0F0C603DE8120E3EF33AE23A20
:10C7A000E3FBE23BF04FA93B72158B3C26FD3D3D80
:10C7B000738276BD15E126BD8BDF94BDDA3AB8BC35
:10C7C0002288F3BC282885BD3678FFBD6005383D3A
:10C7D000F208EEBCCB2E18BD5182FE3CBD1C763D4E
:10C7E000EE93233C2A8D183C8CF7E3BB9414D8BD00
:10C7F000ED45743DAF44A0BC53948BBD451388BD3B
:10C80000FB73513A821EEA3CF7C8C63D6286C63DBC
:10C81000E8A4F73CD9D00DBDA41AB6BD4435253DDA
:10C820008A3E9F3C25B24FBD26E057BB5183E9BCF1
:10C83000A08A5BBD0FD67F3DDFC490BD9CE186BC66
:10C84000312512BD4F5C8E3C4567193C9DB9473D73
:10C85000EFA8313DFA25223D0951BEBC994889BD5A
:10C8600066BF2E3D81785D3DE84B2FBDA112B7BD5F
:10C87000D8D4F9BCE5D14DBDA2D3733D4B74B63DC0
:10C88000E8C0F2BCF853833DAE62B1BD516603BB54
:10C89000191CA53DA698033A7CB864BB1958C73D3E
:10C8A000BCE8CB3D3C30803C2D40DB3B66109F3DDF
:10C8B00001C2873CC903113DC2853CBD9C348D3CFF
:10C8C0004D3147BDBF99183CDFDF103E42E98B3C3C
:10C8D0006F63333D0A0FDABD2E74153EC7806C3D81
:10C8E000EC51383C817A73BDADDEE13C1A51DA3C43
:10C8F000D5B40B3C0344413B58561ABDBFB99FBD4C
:10C900006895B9BD1422603BFB743CBDD3F9F03B84
:10C91000541B9C3C16BD03BE83DF863C6135963BB1
:10C9200058FEFCBCAC8EBCBD4CA51F3DBB9BA7BD3F
:10C930006397883D96E741BD5C3A663BD159263DF9
:10C9400016C13F3DF1BDBFBC9C8B7F3DEE3FB23C6D
:10C95000CE35CC3C4F029BBCF1A144BD93A9823D96
:10C9600016316CBCFA294EBDB39A2E3D8462EBBDE4
:10C9700005C5CFBD77857E3D11FCEF3CC6FA86BD6F
:10C98000B746E43DBDFF4F3D0804BABCF8A90A3ED6
:10C990009085683B8BC3093E3BAB45BDDA1EBDBDF0
:10C9A000BC23E3BCC1E1853CBEFA78BD85EAA6BDE7
:10C9B0002657B1BB33DED6BC5DC512BE94A5563D2D
:10C9C0006A4E9EBDCD1F13BDA3E62BBD274FD9BD1B
:10C9D000D4298FBB662D853DA25DC53D0D505ABD46
:10C9E0002B6D313DEDB64BBDD00A4C3D2C66043D60
:10C9F0006329523DAE661DBCE8DB52BEFA97A43BEC
:10CA0000747A5EBD4C8EBBBCF46BCB3DE3FBE2BBEA
:10CA1000D4D29CBD8D60E3BD9961E33D65351D3D7C
:10CA2000704477BD368F833DEF8E0CBD25ECDB3C2B
:10CA3000B1DCD23CD3FA9BBD73D627BE1231653D23
:10CA40003F0069BDB9FD723C6D39F7BDB43DBA3DDB
:10CA5000338B103D104115BD25CF753D6075A43D4C
:10CA60002E56143DCBA1853DA20BAA3D7EC770BDBD
:10CA700004AFD63D7B3154BD95D835BCDD5ED2BB0D
:10CA80009142593DFCA5C53C7782BD3D0CE66F3D0A
:10CA90007BFA08BDDF52CE3C4E4695BCC423F13D27
:10CAA0001AA3353D58E62DBD074533BDEA20AFBC7E
:10CAB000C9C8F9BD2639E03C76FC573DBD6DA6BC22
:10CAC0000A31173D4A40EC3D492EFF3C302D2A3DAE
:10CAD000F4C1723D1B7F22BD1002B2BD0F4426BEC1
:10CAE000772BCB3C13F2013D9FCDAA3D13290DBD01
:10CAF000399B8E39FF7A05BCDE1E04BBB01E073E93
:10CB00001F48BEBD234DBCBDD7BE80BDEC14ABBB22
:10CB10005C59823D80634FBC77D62E3D6B2A8B3D9E
:10CB20002C491E3DF7E51CBE9354C63DDECBDD3DD2
:10CB3000772FB73D0A2F41BD997E893BC93931BD59
:10CB4000503A11BD823B503DF244903DFCFBAC3D60
:10CB50008ECCA3BD255C48BD19726C3D5ABDC33C4B
:10CB60008B88E23CE09C913C22507D3C711CF8BCDF
:10CB7000253BB6BCE352553DDA911ABE7EC42FBBAD
:10CB8000DB8B68BD50A7FCBD85E9BBBDF12BD63B57
:10CB9000761BD43B257512BE9F02603DF3E630BD87
:10CBA0008D0B073D6FD6E03C2DB0073D47E807BE33
:10CBB00011AC2ABCE509A4BDE7FC94BC2288F33A79
:10CBC00003ECE33D9DDAB9BD1171733D82C68CBDA6
:10CBD000E9B5B93D3B8D14BEF3AF85BDA113823DD0
:10CBE000707B82BBD0F066BDB7B670BB60CD813CB8
:10CBF000A45096BD30F2323D2FDC393B7FBE8D3DD7
:10CC000068B2FF3DBB5E5ABDFEB627BDD942903D1E
:10CC1000662FDBBD39479DBCA7EB09BD62BEBCBA20
:10CC2000419AB13CA27FE23D7CF05ABDA5BC56BD05
:10CC30008E3F113DA5D7E6BC37DF48BDB1F9B83C02
:10CC4000350B34BC08E83EBBF1B953BD7F679BBDD3
:10CC5000058A183D8B6B9C3D4A460E3DDD4001BD6B
:10CC60008E8F963D2D0ABBBA307F853CC1A98FBC03
:10CC700091485B3B5056CCBD747E8ABDD44635BDD1
:10CC80005C1C95BCFDDAFA3CD845513C925C3E3DBB
:10CC90006A6AF9BDB48E6ABD41EFED3D00ABA3BD3C
:10CCA000A0FA873DDA394D3D58E457BC0B9C6C3DEA
:10CCB000C51C44BD2B4FE0BDBD0116BE39D6053D98
:10CCC000AC014ABD05A869BDB1FAA3BD378BB73D1C
:10CCD000E5B93EBDC8B1F5BC433B273DB5DEEF3CF1
:10CCE0003D1019BDC66E1FBCA33BA8BDCEE3F0BD71
:10CCF00011C6EF3D3D10193D45F5563AED62DABDDE
:10CD0000058802BC66DC543A2503103E7BA0153D25
:10CD100097727E3DF62686BDA96AC2BD027FF83DA8
:10CD2000139B8F3CA5F78DBC917C25BD828B95BC58
:10CD3000CA17343C5DC2A13CE6CDE1BC9293093DEB
:10CD4000D4F02D3DCAFA4DBBFC8E613C0A66AC3D69
:10CD500096400A3DB08C8DBC16881EBC4C6BD3BB74
:10CD6000C3B6053D3E77023D48BFFDBC6CB331BD47
:10CD70004F07B2BBB1FC79BCCA345A3D703F603D2D
:10CD80004F9484BDC5C8123CC39C10BEEBFD06BDCC
:10CD9000E90D77BCF913953C0055DCBA4D83123E82
:10CDA000E3A59B3DF2EB873ACAA747BD5EBBB43C07
:10CDB000DE3CD53C896107BCF33E4EBD17B8BCBC18
:10CDC000E86815BDFBE553BD79210D3EDC0E0DBDB8
:10CDD000EE26F8BBEA758BBBBA84833D8BF9993D8F
:10CDE000EFC6C23D3D10D93CEDF0D73C6E6A203C09
:10CDF0004DBA6DBDD4605A3D855E9FBDC15308BD1F
:10CE00007F32A6BD5E2E62BD94DA8B3BF3AD8F3CC4
:10CE10001C28F0BB8E06F0BD21EABE3DC005193DC1
:10CE20007920323B931C303C09C2953C083D9BBDA8
:10CE300004E4CBBCD66EBB3BE047B53CF0DE113D15
:10CE4000D238143D6214043D67F0D73DA11297BD5E
:10CE50009B568A3C5B7D75BD1AA24ABDA791963D43
:10CE6000A2F1C4BC8B4ED6BD9CFAC03C39B874BD8F
:10CE700014B233BD8FC5B63C6F1283B9789B97BD92
:10CE8000F75B4B3E2865D23D1686C83C280B9F3D7C
:10CE90009AEE75BDFC5495BC533D19BEFAB921BC40
:10CEA00034B9D8BD978BF83B825525BE7E6E28BD20
:10CEB000E2CCAFBC9FC8133C282885BDECF7E43D0D
:10CEC0003C6ACCBCBDC4983DEF53D5BC38BC80BDDA
:10CED00067B7163C2A8F8E3DC91EA13D1EDD08BDD9
:10CEE00052B55D3D9835B13BF44E85BCA54D553DE1
:10CEF000A262DC3DE1468ABD5D6DC5BD280C0A3DE0
:10CF0000431C6BBC5325CABC986A663D2C4833BD94
:10CF1000B43A79BD532289BB62A1963D26DF6CBD30
:10CF2000FF5888BCBC5AEE3C7094BC3BCFDBD83C6D
:10CF3000DAAD253D4850BCBDC8CF46BDE90F0DBD9B
:10CF4000990EDDBD37C7B93D389EEFBD07D3303DE3
:10CF5000E527D5BB9E7E10BD5F43F03DD00C023E61
:10CF60001539443DF0DFBCBAB070F23D435607BE00
:10CF7000EDD3F13B7428C33CB3D2A4BC0378ABBD62
:10CF8000DEAC413DBBEDC23CCDCD973D402F5CBCFE
:10CF900038C0CC3CE6CC763DC98E8DBDAF5D2A3E17
:10CFA000CC79C6BCCA5481BD137D3EBD151C9EBD47
:10CFB000DC9B5FBD8B51D7BB2254293C6138D7BB6A
:10CFC000707B823B6E509B3D5F9B0D3C739C0B3E88
:10CFD0001F4AB4BB36E50A3DB7F187BD8B6D02BE73
:10CFE00061DEE3BBDEE5223DA69C8FBD7E8C793DF4
:10CFF0003FFF3DBDC16ED8BCDA03ADBB87FCD33D5E
:10D0000076C3B6BCCA1A75BB5EBE75BCB7B41ABDD2
:10D01000A9D9A33D3EB1CE3C704261BD5C71913D4A
:10D020009EB21A3C001C9BBDA4375C3C61C6543DBB
:10D0300087FADD3C2F1490BDED2A64BD5DF9ACBCD0
:10D04000CA33AF3CF277EF3C3E40273EE4A004BD3C
:10D0500098F8233C1F6544BC8F8BEABC48A72E3B45
:10D06000DFFD713C28991CBC5F980CBDEBAD813C89
:10D07000DAE2BABD31B34FBCFFE8DBBDE5D10DBD8F
:10D080004A7B43BD6492D1BDB22E2E3D5915E1BB02
:10D090009529663CF0A530BD9B90563D0C7342BD72
:10D0A000A2B2613D4CA51F3C63D009BD2A6FA7BD4C
:10D0B000B0E3BFBA19E684BC984F16BD465B15BBFA
:10D0C0009AB3BE3C795C14BDB3D3CF3D766D6FBDD2
:10D0D0008445853DE9F2663BED2AA43B5B07C73DED
:10D0E00032591CBD1F6A1BBDE0BD23BC419F08BD5A
:10D0F000287C36BD103D293D3734853D20F0C038B1
:10D100009E78CE3D17A0ED3CDD4302BD20F13B3EB5
:10D110009F901DBCBEC02CBC6F2FE9BC6519E23BC3
:10D120003A9075BCD252B93D3A0333BE2FFCE03C75
:10D13000C5AA813DE0DA49BDCC63CDBAEF3ABB3D2B
:10D140009CFAA0BD228C9FBB9B9181BD9EEBFBBA3C
:10D1500015018E3D8E77A73D3596703D43E7953D91
:10D16000BF45A73D52D243BD3B54D3BC532289BBDC
:10D17000DEFF073DBB7B00BEB37CDDBD6308003D29
:10D180007D25103D6268F53C492E3F3DA27C413D26
:10D19000A1A0B4BD4F75083DA75AEB3DF87049BD3D
:10D1A0007D97D23C7A8A5C3D001B103D29920F3E50
:10D1B000784570BDD1CFD4BCD009A1BCD54073BCDB
:10D1C0002673ACBC49D70CBD836CF9BD5891313E78
:10D1D000DAE3E5BDB2F3B6BC74D4913D378DED3CD6
:10D1E0003B553E3D65A88A3D664BD6BC971D22BE89
:10D1F00020B6743C88B9243DA91526BC6D1A5BBDC8
:10D20000C8B5A13B2BC338BCB83F973D0CE7BA3D2E
:10D210001E19EB3DEA5B66BCDA2053BDDA579E3D32
:10D220005B60CF3D27FA3CBDEA5DBC3C23BD88BDB9
:10D23000433886BD789A4C3D0A8332BD8F17523CE5
:10D240008E95183C66DC143D18CF603DFACF1A3D30
:10D2500084BBB33CF372583C083BC53B8DEFCBBD60
:10D260005C02703D69373ABDAE0E80BCFB76B2BD44
:10D2700069E29DBCCFBD07BD6F63333D28D4F33D4C
:10D28000938DA7BD7670B0BCAA4990BDB83F57BD7D
:10D29000D9219E3DDE21C538D2E54D3D94F8BC3DF7
:10D2A000CCB6533D90A2CEBCB77E9A3D9B3CE53CAC
:10D2B0005ABB8D3D1633023DB1BFCCBDD3C08F3BB1
:10D2C000030734BBCCB267BD7844253E6AF72B39DF
:10D2D000486BAC3D36AEFFBDC8254E3DBB48213C3A
:10D2E00048DF643DBB26643D19AFF93C2848EC3C5F
:10D2F00092088DBA64AE8CBC1479D2BD95641DBD04
:10D300009D0D09BEF7CC12BDDA8C93BD0E87A53CEE
:10D31000FCA8863CEE77C8BD3F722B3DC7B90D3DDA
:10D320008F37F93C4CAAB6BD053667BC5C1F56BDAD
:10D330009FB0443CF44FF0BCA9A539BCD28DD03D80
:10D34000BBB7823D5567353D1712D03D0E160EBD59
:10D3500045BDE0BC67D391BC3140A2BD4C6D893D59
:10D3600068EBE0BC0DC6C8BDC9CB1A3CC9AF1FBD38
:10D37000917D20BE8A20AE3D9DB9073D84D7AEBCCD
:10D3800035B7E23D69FC42BCBC77D4BBADFBA73DE1
:10D390003CF4DDBC43CBBA3DA0A957BCFA4248BC23
:10D3A0009C69C23BEC892E3C9DF2C8BD2DCDADBB26
:10D3B0001E88ACBC26E26DBD609395BDBA68C83DC1
:10D3C00073A1D2BD24B510BDCFF5BDBDD5CBCFBDAA
:10D3D0003E5B47BD6957613D6631D13D8A057E3D63
:10D3E000A016833C7D75153DFCA9713D048F2F3D32
:10D3F0003A76D03C4BABA1BCBEDBDCBD8A3F0ABD5C
:10D40000782634BD3B5689BDD845513DA1B9CE3CA7
:10D4100038A316BE914685BC25ECFB3D9605133D11
:10D420000D8DA7BCACE4233DCAE27E3C6EA3813CDB
:10D43000554CA53D2C9A8EBD2E5519BEED45B43CDC
:10D4400034F710BC4088243D12F8C3BDEA04743D93
:10D45000D602FBBC494D7BBD2AA73D3D54FED53DC0
:10D46000D7A6313D73F6CEBAC9AE743D3A24D5BDC8
:10D47000CE6E2D3D541C47BD884762BCA56B66BD72
:10D48000AA80DB3DDE3E6B3D7DB3AD3DA489F73C1C
:10D49000522CB73CA73D25BD8CB9EBBCD7F6F63D69
:10D4A000BB0A293D917E3BBD815BF7BCE4D8DABD68
:10D4B000EEB4D5BDE34F943D4F206CBBF12B56BC71
:10D4C00067D2263D60E8B13D9D4CBC3D113A883D98
:10D4D000973AC83CD05EFDBC1FD706BD1F2F24BEA7
:10D4E000778629BCB5338CBD14048F3C5298373DE8
:10D4F00083A44F3DFA7E8A3DC214253D87C2E73D95
:10D500002DB51EBD464386BDB3D1D9BD7442E8BC1E
:10D51000B3CEF83D317BD93C751F00BC76C1603D70
:10D5200071E4C13DF5D7CBBDCF68AB3B31EFF13DE9
:10D53000153A2F3D244885BD3BC7003DE410313DE1
:10D54000F7E54CBDE59A823CCC61973DF7760B3D03
:10D5500085D12C3CC3A0CCBC6D75B93C57B2E33C23
:10D5600013B74A3DAABA473D047033BB2EAB30BC5B
:10D57000FD66E2BCD1EAE4BBE047D5BDF9A388BDB6
:10D580002EE57CBDFA4589BD4C5259BD28EF63BBE1
:10D59000DAAE50BDE541FABD4FE5B43CE0102A3BA0
:10D5A000D34C773C1711C53BB587BD3B44F73CBE18
:10D5B000F1D50EBDCAE113BDB1F7623DF4A3E13B65
:10D5C00084F1D33DAB0681BD4DF8C53D0D8B11BD3A
:10D5D0005055213C21CBC2BDAFB40C3C0072C23CC3
:10D5E00017670CBD8750E5BDF9A328BDEDBB223DF3
:10D5F00080D8D2BD789C823DBADC203DDAFFE03D88
:10D60000A301BC3D4A44F83C9F5BA8BD0A31B73D2D
:10D61000A1866FBD895CF0BCC93D1D3DE8167A3D11
:10D62000B96ECABC096BE33DFFAE0FBDCC40E5BC93
:10D6300002B76E3C2F16063B543501BD9A0A713D68
:10D6400077BE9FBC9C3322BB06A0D1BC95D213BE33
:10D65000C100823DBAD9FF3D85EA66BC84BB33BCBC
:10D660000685013D210424BD9AD18F3B17D3CC3CC4
:10D670003D9E563DA8565FBDEA7696BD3081DB3CA7
:10D680005D51CABC71A9CA3CBF46F23D75E8743C05
:10D69000954707BEB169A53CE7E31A3D7ADFB8BDFF
:10D6A0006EFC493D2C80A93DB77BB9BC3F58C6BB39
:10D6B0006FF21BBD77F56ABDBED8DBBD12D9073D41
:10D6C0001FBDE1BC36EAA1BC3C4AE5BD3484E33C65
:10D6D000AB0681BD6E1459BD2F8A9E3C420A1EBC0A
:10D6E000CEA538BCC782423C1041D5BBA051FABD83
:10D6F000030A753D75202B3DAAB7863C179F02BDD6
:10D70000CBB914BD7862563C09A9BB3DE4BF803D4E
:10D71000713C5F3DE6AFF0BD46B332BCB03AB23DBE
:10D72000825575BCDA2013BD18EC46BDCAA99DBC54
:10D7300071C931BD5308E4BBA585CB3B2A8C2D3D77
:10D740006C416F3CB1DCD2BB5DDE9C3C63D29F3D43
:10D750000E65A8BCD063943C0B9715BDDA545DBD33
:10D760008E06F03B36CE663D263409BD11AAD4BCE8
:10D77000BD8D4D3D074488BDE064BB3D1823923DFF
:10D780005DE248BD352604BDDF1BC3BDC4EA0FBC46
:10D79000D4D6483DDD42173DB9C3A63C79CD1B3EEA
:10D7A000952C273D815981BD2043C7BCBFF38BBC5D
:10D7B0008E93423C71007DBCAE4AA2BCB0E3BFB9BF
:10D7C0007CF230BB107795BD63D2DF3D11E0F43BB6
:10D7D000B2834ABD0C595DBD61C6543DC4969E3CA2
:10D7E0008542043E8011B43C2E53133BE36E103D42
:10D7F0003292BDBC9C6F843D984DA0BD10B101BD5F
:10D80000846100BD3082C6BB5F0B3ABDDB148F3C28
:10D81000427789BD3EEC05BE2E55893D4CE0563D14
:10D82000A29C28BD268A90BB80453E3D132B63BD3C
:10D830008445453D39B61EBCAF5FB03C414AEC3B28
:10D84000828ED63DDF87A33DCBA2B03D731395BD3D
:10D8500087C0913AC214E5BC9BE291BDD28B5ABC01
:10D860005ABA023C1823F2BDF3569D3D93E178BDB0
:10D87000E3C3ACBD338C3BBC61FD1F3CED0B683C8E
:10D8800023BD283EF12F82BC7D08AABC522B1C3E32
:10D89000FA9A65BC0D6E2BBDE4A1EFBD0B9840BCA0
:10D8A000B7F0BCBB88F6B1BD69000FBE0C7904BDF2
:10D8B0000C22D23CED7F00BC030B20BDCEC1D33D7A
:10D8C000E7732EBD61A8C3BB118AADBA6FF55CBD0D
:10D8D000F2B13BBA1B9C483D374F053E363AE73C18
:10D8E000D5967A3D289DC83C6BB9B3BCA4FFE5BB77
:10D8F0006D8F5E3DD07E24BCD866C3BD7AC4A83D82
:10D90000BF9A03BD0DA576BCE068073DC2A1373BB9
:10D91000672AA4BD42EDB7BC86919E3D92E77ABCD2
:10D92000548E093DCB4CE93CF6D0BE3CF3AD0F3DE7
:10D930006A17D33B5263E2BD7496D9BD62480EBDEF
:10D940005A47D5BD46990DBD821EEABD0893A23D3A
:10D9500025E7C43BEBA77F3B8201A43DAA9D613D27
:10D96000BF49533CC214853D785E6A3D3465E7BDCE
:10D97000CEFB7F3B7AC4E8BC11E24ABC62665FBD65
:10D9800068AF9E3D31D28B3BB210FD3DA777F13B96
:10D990004D81CC3D05A7BE3C1AF7E6BCDDEAF93D5A
:10D9A000950E16BD8CA001BE20960DBD3CBCE7BCFB
:10D9B000B13385BDA9F6693CDE593B3C5B7B9FBB1F
:10D9C00089D1333D59FA103D7348EA3C705B9B3D69
:10D9D000289BF23DC58C903D3D9854BDB8012FBEAB
:10D9E000E63D4E3D7F315B3D17678CBCDD28B23C88
:10D9F00077DBC5BD15E2113C997E89BA145BA13D68
:10DA00007842CFBD33DED6BC6FD9A1BC9D8412BD98
:10DA100000C45D3D14598B3DE886A6BCCAC1CC3D0F
:10DA200048E2C53DFC5540BDD525E3BAB11A4B3D92
:10DA300033DE563D06F101BD8318E8BC7A89B1BBDF
:10DA4000FC523F3D8046693CEC51083E5DDDB1BB78
:10DA5000E0F3A3BDFC1708BDED4A0B3D3A07CF3CF0
:10DA6000E4F30A3D80EF36BD1A170EBD7425A2BD42
:10DA7000A88B24BE20961DBEF2426ABE2E9020BB0B
:10DA80005EF6ABBD43552CBEE3352F3C195847BC61
:10DA9000BD378636A8C435BDBC78BF3C4A979EBD0D
:10DAA0003C86473C9F3E82BCEC6731BCEEB580BDF6
:10DAB0007829F53C57B198BD64575ABDA5854B3DB3
:10DAC000A88A693DD1E6B8BC0A487B3CF8A53EBDB2
:10DAD000B0C99A3C088ECBBC34F790BBA169293EF3
:10DAE000539576BD00FEC9BD568285BD02D7153D52
:10DAF00062F71DBD62C0523D6571BF3D8847223D42
:10DB000031B6F03D4C1CB93DF790F0BC6D56DD3D93
:10DB10009DB987BCC6A4BFBD76E147BD04C63ABD6A
:10DB2000A27CC1BCE9818F3D88D5DFBD43E6CA3AFE
:10DB30004F3B9C3DDDEDBABD38F68CBD9F71613920
:10DB4000B58A3EBD166BB8BC9DBBDDBC1A34743CB7
:10DB5000AAD3A13D6613103EFC6E7A3D525F163C7F
:10DB60002251C83DBE15093D766EDABB99B7EA3B36
:10DB7000DF50F8BB7E70FEBD2105CFBC0806903C8F
:10DB8000DEB02D3DD34B0CBD0CE5843D0AD7233BC5
:10DB9000C66B0EBE29771F3CADF9213E5B246D3C60
:10DBA0003D631F3D5890663D43C6A3BBD76B9A3D6E
:10DBB000AC52FABCCA151EBDA0FD48BD628470BC43
:10DBC00052469CBDB18A07BE27F535BEABECBB3DC6
:10DBD00065726ABD713B94BD6764503D21E6523D5C
:10DBE0006666E63C8B8BA33B999D053D28602BBE6A
:10DBF000B7F1273D3CBCE7BB1BF5B0BDF81B2DBD05
:10DC00006FD9A1BC29CF3CBC1B2D873DC173AF3D53
:10DC10003A3C043C410D5FBC9C887EBDB48EAA3D5D
:10DC20009085683A84479BBDC0E7073C41F4A4BC9B
:10DC300082548ABC179EB73DD89ED9BD3AE852BDE2
:10DC400023DD4FBCE55E603D4CFD3C3C2862B13DB0
:10DC500089605C3D0987DE3CA52CC3BC7AE023BD0E
:10DC600083DCA53DF985D73CB91CAFB97AABAEBD15
:10DC7000DB4FC6BC7429AEBD05C4C43DDCD6F63D41
:10DC800023F734BD13D6463BA8A8BABDAF0AD43B90
:10DC90003482ED3DBBECD7BCB5A7643BC747AB3D79
:10DCA000933AE13DB30CF1BC67D47C3DD8D8653DD7
:10DCB000F3E7DBBBA794573CA1DA80BD323C76BCCE
:10DCC000C8CE5B3BBD53013DDDCDF33DCC42BB3CFB
:10DCD000FCC7C23CADDC8BBDCAC1EC3DD480013D6C
:10DCE0009BAF123C1B82E33BDD416C3CFE640C3C71
:10DCF0006D3701BDAFB0E0BBE5B853BDDB86B1BD4C
:10DD0000D6E0DDBD2EE3A63BCB81DEBD8F360EBD5A
:10DD10005E4D5E3D7026C6BDF419503D5DF9ACBC4C
:10DD2000CF13CFBC78D5A3BDE23FDD3CD5200CBDE1
:10DD30007843BA3D840EBA3BDE019E3C395F2C3DF0
:10DD40007E707E3D211D9E3CC45B273DB14E15BCBF
:10DD5000D4B8B73CD1B183BBCB6779BD60B1063DC8
:10DD600020B84ABCB98C1BBD4E62903C378CA2BD1A
:10DD7000140750BD3D44A33D522A21BD59BEAEBD3E
:10DD80004775BA3D6457DA3C1B4681BD0683CB3DDF
:10DD900027A3CABC0553AD3D86A9CDBD202596BDA0
:10DDA000DA916A3C43C5B83C26ACEDBD9B0083BD0F
:10DDB0006BBA1EBC526382BDB9DE06BEB72A893C6F
:10DDC000C8440ABEEB0173BB0BEF32BDAC19F9BD01
:10DDD000E94317BD6CCB003EC8B6AC3D31B5253C20
:10DDE0008FE1913DCA4F2ABCFA43733D6B7D913C54
:10DDF000A94E073D809D9BBC47AC05BE7102D33C3C
:10DE0000189895BCB3F075BDD712023E9A0906BDAD
:10DE100094BFDBBD802C84BD3178B83D2EE326BC99
:10DE2000986D87BDEC2FDB3DB03D33BC280C4A3BE1
:10DE3000CDE49B3C5513C4BC4C8A0FBE5796683B3F
:10DE4000B8AD2DBD153A2FBC80603EBE1F2E793D6A
:10DE50006D1CB13BAB7562BC533FEF3CF67BA23D02
:10DE6000D9948B3DBA66923DF511F83C9599B2BDB7
:10DE7000AF7C963D6DE2E4BCA06EA03BF52C08BDE6
:10DE8000B5C2943D6398933CB119603DD47FD63CB4
:10DE9000923EADBBBC210D3D508A16BD6344A23DF0
:10DEA00068E7943D11A7933B9C3021BD5FEF7EBC9A
:10DEB000C45C92BDFA0C283C21218A3D0934D8BBB0
:10DEC0004F22423D08E7933DD8BBBF3C384BA93DAC
:10DED0008BFC7A3C572511BD4C8B9ABD9606FEBD36
:10DEE000AB4203BD3830793DED9F273CB22F59BD81
:10DEF00011C7BA3C79AE2F3D492F2ABD8E92073EFD
:10DF0000603CC3BDE3E19DBD52D66FBD83A790BD0C
:10DF1000C3D8423D707B023D4E2B05390683EB3D55
:10DF20007845703DF661BDBD261A843D9487C53D98
:10DF3000DE93873D25CE8ABA1FBD213D299706BDB8
:10DF4000BB9886BDA5D8D13ABE4CB43D340E753DC4
:10DF5000093242BD85289FBD7958283C2B4C5F3C37
:10DF6000EC87583B342DB13B65532E3AC5CB533C1F
:10DF70006DC59EBDC7B98D3DEC3121BE8A566E3C44
:10DF80004C89C4BD514BB3BDE7FB89BD5649E4BCC8
:10DF900006D9B23B3D47C4BD61A4D73DACE037BD17
:10DFA00041F0383DEED0B0BA2E1B1D3D223402BEEA
:10DFB000C2DEA4BD04E8D7BDC26B97BCBB430A3C1C
:10DFC0009ECED53D460AE5BCB41CA83DD1CBA8BC2D
:10DFD000533F2F3D4584DFBDDFA5D4BC0E4BA33D91
:10DFE000C6A3143D2E91ABBDCB850ABDED63053DA7
:10DFF000394286BDBE33DA3B62F8083B17B6C63DF0
:10E00000FCFBEC3D9C6E59BCC8448ABD1D72033EAE
:10E010004489B6BD7F4DD63C693B26BDBD1A20BBA9
:10E0200043588DBC0E4E043E9370E1BDD60085BDB5
:10E030005BB6B63D64ACB6BC2B310FBDACE0B73CB3
:10E0400091BA9DBC9B551FBDCF138FBD477790BD27
:10E050006C418F3D965CE53D81CCCEBBD06314BC5A
:10E06000D314C13D59A574BC47AA6F3B454B9EBC18
:10E070000A2ED63C323A80BDD00B97BDFC56EBBB86
:10E08000E107673CAC3C813C0A31573D1D90843D23
:10E09000100824BE73D6A7BB89609C3DFC8DD6BDFD
:10E0A000AF60BB3DE6AEA53C4704E3B9CF67803D1A
:10E0B000C2A177BDBA1417BE178387BD09C4EB3B55
:10E0C00054E57BBD39D51ABD87DE22BDC0EB733D5B
:10E0D00017BCE8BCB39898BD3B346C3DC79FA83CC7
:10E0E000F71E2EBD0459CFBC63EE1ABDB28540BEEB
:10E0F000F38F9E3D54E5FB3CFA9BD0BCF0528ABDA9
:10E100006364493B04E44BBD1FDB023E5395363B41
:10E1100047C7F53D05E18ABDD89ED9BC93E2E33DF2
:10E12000C635BE3CCDE8C7BCC5AE6DBCF62947BD03
:10E130002E8FB53C10246F3C8F8C55BD0118CF3A03
:10E14000624A843D2427933C41BCAE3C2978CA3DB9
:10E15000E59917BCA13028BDE3DD113C089362BCF2
:10E16000D4EF023D42D19C3D473EAFBBD44334BDCA
:10E170001902003D5776C13979CE163D7A34953D66
:10E1800087FA1DBDFF58883BE31603BEE9B559BDAC
:10E190005378503DC13B79BC761B14BD9AB1C83D44
:10E1A000BA138C3D938A46BD9FE965BD1B4C43BCA9
:10E1B0001E6F723DD15C273C857A7ABDA9F83FBCC1
:10E1C000423F13BDBAA169BD4914BA3DAA27F3BCA9
:10E1D00041D8293D19ABCDBCEF56063EDE00733D5C
:10E1E00048DDAE3D1AC2B13C65A5493D5709163D13
:10E1F00044DF9DBDE3DD913C88D7B5BDFA61843B2A
:10E2000051678EBD376CDBBC245E1E3C8FA7653C1E
:10E2100041F464BD6938C5BDE42DF73D13B8F53C44
:10E22000AD89053DCDE9B2BA50530B3D662F5BBDBC
:10E230001F2DCE3A670A9DBC55A1813B4C6BD33B49
:10E2400066DB893D80D7E73C4278243EEC8A59BDA5
:10E250005036653CEFACDDBCEB715FBCBB48213D8B
:10E260008C135FBD94BDC5BDE5D3A33D315E33BD09
:10E27000C137CDBC312853BB7F129F3CBADA4ABDAF
:10E2800065C31A3E8FC40B3D5DC2613D0054713DB4
:10E29000C47B8EBC5F60D63CC26901BEAAB69BBC83
:10E2A0007B11EDBC81D165BCB18831BE498406BD0E
:10E2B00038DB5CBB7F87223D0A4DF2BD1DAAE93DDC
:10E2C000D47E2BBD7E6E283DE23F1DBD72C2C4BD13
:10E2D000B30805BD58AB763DA801833DF2EEC8BC3E
:10E2E00016C0943C0E1222BC9DBD33BD98F8A3BB52
:10E2F0004BEA043E5A63D0BC5E30F8BD003A4C3D58
:10E30000172E2B3CE36D25BD92597D3D1EC18DBC62
:10E310006FB80FBD2C2E0EBC42CE7B3D69C321BD14
:10E320006AA4A5BB5B23A23D01F73C3D5A12203CE9
:10E33000BADD8B3D67B8A1BD3D5F33BDF417FABCB4
:10E34000938C5CBDF7945C3DF10E10BEAA45E43D94
:10E350005796683BB5C274BCA987183E2638953DD0
:10E3600073F38D3B90157C3C01FA7D3D8885FABDA9
:10E37000213D05BDDEC9273CC68844BD7D7901BE6F
:10E380007CB8643D687A893D2E3CCF3D145C2CBB43
:10E39000EDF1023D30BA3C3DC03CA4BDED81D63D1F
:10E3A0009E2809BD0B5F9FBD446C70BDA016C3BD08
:10E3B000C47AE3BDC784183D7FDF3F3C15E2913A44
:10E3C0001399B9BB3604473DFB78283DF73AC93D60
:10E3D00021AF073D352AF03C6A32C3BD6E8B92BD3A
:10E3E000FED523BDD28BDA3C28D493BDAA7C0F3D49
:10E3F000D90503BC1A5245BDFBB0DEBB64909B3D02
:10E40000DE3C55BDE882FABB01DD173D0BB611BD00
:10E410007842AF3DB4C70B3DA3914FBD44A8523DD8
:10E420006211033D098809BE8D2AC3BAE42FAD3DB0
:10E4300004AF96BCE57EC7BD6BD82FBDDEC7D1BC8F
:10E440004FCED0BC42B32B3DCDE6113E344A973B74
:10E45000BF4828BD880FECBCF5647EBC33FEFDBC14
:10E460009AB1E83CA930B6BCB2B98ABD37C6CEBCB9
:10E47000075C57BD37E2493C10E6F6BD7159853C53
:10E480006669A7BD6614CBBDCAFACD3CA569D03C70
:10E490007024503BAE4997BDBCEA013DAF78EABC61
:10E4A0006BD2ED3CFEB7923CE36FFBBCAD6ED5BDCD
:10E4B0008EAC7CBCA5A186BD750646BD397C52BC20
:10E4C000BDE43F3D183F0DBCDCB9703D26365FBD55
:10E4D000DB6B013DE31A1FBD79B1303DC79EBD3DE9
:10E4E000F52A92BD800B72BDA8E49CBA2079E73A68
:10E4F000D21C99BD126BF13C9888B73D8A22A43B8F
:10E5000069FE583D9F3E823C840E3ABDE944223E5E
:10E51000B8951EBD032505BD0001EB3CDE593B3C13
:10E52000A7E7DDBB76FD423D7D2114BEF6D3FFBCDF
:10E530008AAF963D53E83C3CDAE305BC4D2F713D74
:10E540005A11B5BDE2AF093D6AC10BBDAA80FBBC43
:10E55000CF49CF3DD0EDC53DDB32E03CB6F4283DA0
:10E5600085EAA63D8C67D0BC50C6F83B5D52753D30
:10E570003F58463CF964E5BDA4E3EABD0053863C40
:10E58000B550B23DC4B3843C27F9513D2237433CDA
:10E5900052D3AEBD6C5ED53C83BE143E61A542BD78
:10E5A0006EF89D3D1EE1B4B96D710D3D7764CC3DB3
:10E5B000E962B3BDE99B74BD015170BDF242BA3C42
:10E5C0003755F7BA823CDBBD4B1EEFBD7155093E96
:10E5D00042EE62BD0DFCA83B4E7B8A3D200AA63D63
:10E5E0001005933D9FAA823DDAC960BBF417DABDDE
:10E5F00056B68F3CC218113B7BDA61BC2A0307BDBB
:10E600005D37253C3945C73CB3433C3DE047753D4C
:10E610009608943D92080DBC3DD777BC9487453D44
:10E6200025042B3D9BFE8CBDC153483C16DAB9BD79
:10E630002CA010BD11C4393D9F05A1BD65A79FBC8D
:10E64000F488113D25E86F3D08043A3D05E01F3D83
:10E65000F1F535BCE1D4473D718DCFBC62DCADBD79
:10E6600061A5023D33C4313CDA394D3C7CED59BDE6
:10E67000ECDE8A3C566434BD30D58C3DE753C73D53
:10E680003353FABDA950DD3C3F0154BDC87A6ABD81
:10E690000FB6983DC231CB3BD4298F3D74F0CC3DB1
:10E6A000E6E69B3D772E8C3BAE62F13C0B42393D5A
:10E6B000DB13643D7CED993CDFDD8ABD9545213D52
:10E6C000CC08EF3CF7AD16BD030A053EBA82EDBC9F
:10E6D000D9761A3D0210D7BDB2130E3E38328FBB29
:10E6E000D751553D5C38503D72FCD03C1D1E42BB9D
:10E6F000ADA5003C0C3D62BD70B699BD282CF1392A
:10E70000BEBEB6BDEE95F9BCF88CA4BDE65DF53B8A
:10E7100078288A3DD3669CBDC30FAE3DE4F8213D09
:10E7200000C5083DCB8635BD3563D13BA795A2BD5D
:10E73000ECA43EBB315EF3BCEB1F44BD1E1B813D10
:10E74000AF97863DFBACB23C9D4B913D2716F8BB85
:10E75000DFA7AABAD35083BD35468BBD520F513DBA
:10E76000286291BCEDF182BD1FF8983CE23F1DBDCF
:10E77000F9BACCBDE86A6B3D3C4CFBBB59BF193CB8
:10E78000C4CFDF3DD6AB483C541F48BD976FBD3D5D
:10E790003C11443CA3017C3DD315ECBC04E877BCA0
:10E7A00031EBC5BCB21108BDD42CD0BDCB4A93BC53
:10E7B00075055BBB7E194CBD2A1900BE9C51033EFA
:10E7C000630E42BDDF19EDBC2461DFBDBD7087BDA6
:10E7D000C6327DBC5663C93D8D9B5A3D4C88393C41
:10E7E000213B2F3D8C81353D3E05803D228AC93D30
:10E7F000AEF5853DB4AD26BD6F49EEBD516904BD92
:10E8000024615FBC1EFD6FBD24EDA63D1D1C2C3D8B
:10E810003754CCBD74B595BC594FAD3D3927F6BBC7
:10E820001B6628BDF7035E3DFB76923CFBAFF3BC55
:10E830000135753D4CC245BDEE60E4BDC823B8BC92
:10E840004AF0063B8E5CB73C5F5E00BEE7736E3DF0
:10E85000705E1C3BE71DA7BD37E2493DCE34213E2B
:10E8600000706C3DEA58A53BE926D13DE4F3AABD12
:10E870003677343D0F48C2BD4B3C203D93A681BD49
:10E8800065DE6A3DC5E2773D9EEBDB3DCADDE73BD9
:10E89000369119BC7DB34DBC4F7588BD23DDEF3D6E
:10E8A0007AE1CE3C191D10BCAB5E7EBDE351AABD22
:10E8B0006CCEA1BD12C0AD3D274B2D3DD4B962BD7C
:10E8C0007D09153D0BD3073E76FBAC3D3F8E663D83
:10E8D000ECA43EBCE5EE73BD39B5B3BDFFE916BE91
:10E8E00010B056BD7C2A27BCA10F16BC463F9ABC6F
:10E8F00066A11D3CE2727C3DD7BE803CD5CEB03DCA
:10E90000B9C27BBD33DF41BC180581BD8368ADBC96
:10E91000DB32003E226C383D4D49563DC0B2D23C00
:10E92000A0E0C23DE8FABEBD3546EB3CBFD6653D32
:10E9300071AE813D399C39BD226ECE3CEA41C13C6D
:10E94000585890BD3D2C943D9F5ABD3D567F443D47
:10E950007365D0BC3AE7A7BAEA42AC3C909F0D3D44
:10E960009DA0AD3D9204E13BCD2129BC87C43DBDB6
:10E97000284616BCAEBBF93CB001F1BD2A70B2BC52
:10E9800062480EBDDCB9B0BDE9F13BBD01301E3CB3
:10E990006D3C18BDF794FCBDDBA58D3C3FFDE7BC8D
:10E9A000CE52923D93356ABDBCCE06BD98C30EBE15
:10E9B000A6B6D4BC48FE20BD98301A3CEE405DBDE2
:10E9C000D8469C3DCDCA76BD4B75E13DEA5A7BBD2C
:10E9D00076521F3D53ECC8BD47E73C3DCA36303D3B
:10E9E0000AA2EEBCA56BC6BD5CCAF93BE15EB93DAF
:10E9F0000A82C7BD5A2B5A3DC9C76E3D2DB55E3D33
:10EA0000EAE8783D6C5C7F3C842C8BBD5EBE753D36
:10EA10009A081BBD3526C43BB2F24B3A54E53B3D48
:10EA2000FB3C86BD098A9F3DFA62AFBDFDF9363ACF
:10EA300087DEE23C9B01AEBC54FE35BB4F590D3D19
:10EA40000D5145BDB5A4233CDE1E843AB8959EBD4C
:10EA50002502D53C77D60E3E40FB113CA54BFF3B33
:10EA60002BDC723D1DAA69BDEF74673C8314BCBCEE
:10EA7000B988AF3D32718BBD7409A7BD637AC23BC3
:10EA80007C48F83B90157C3D0DC29C3D5B94D93A87
:10EA9000D2FEE7BD2D94CC3CFCA9B13DE09D7CBDF0
:10EAA0004BAEC23D2EFEB63D022EC8BC3C17C63C46
:10EAB000CC0784BC6CCD96BD3E3C8BBDD6FC983D4E
:10EAC000A9F83FBDE7C75FBDC768BDBDE84CDA3BED
:10EAD000723708BD20425CBD46B5483DE94919BBC7
:10EAE000D9EB5D3C87C3D2BBF11046BC38DAB1BD6F
:10EAF0000135D53D46EA7D3DC3D4DE3EAC3A2B3FE1
:10EB00008351813FB9369C3F6B82C03F6570E43FC3
:10EB100060AB0840CAE01640399C27400C3C2F40AF
:10EB20007D96373EF393AA3ED029003FEA044C3F3E
:10EB3000641E853F7F139E3F917ED33FCD92EC3F75
:10EB40002D092840A1843340309E893E2191B63E54
:10EB50004583183FEFAC853FAFEB9F3FFCDEB63FF0
:10EB60004AEFD73F29AEEE3F16C1154019E22040CB
:10EB700043E7F53D1D8F293ED029F83E828B753F36
:10EB800062679E3F30BBC33F8733EB3F0CE50640D7
:10EB900009331F4012143140B3D1193EA4FE6A3E1E
:10EBA00056D4203FCF14763FC824AB3F6C95CC3F62
:10EBB0000ABAF53F6BF10D4073632240A29C3040CE
:10EBC0001689893E4A24B13EBBD3113F7236413F7C
:10EBD0003CA26A3FD717C13F1EA7E43F6F2AFA3F06
:10EBE00061A61740D21D204034F87B3E4110F03E14
:10EBF0006EA7293F06D8633FD0D5923FC555C13F88
:10EC0000C6F9E33FE2230640E9F1294043393340A6
:10EC1000EB3A443E79AE8F3E5055C93E5E9C1C3F58
:10EC200021C8B53F3997DA3F72BFEF3FCC7F06402E
:10EC300041F11140A5F71F408C2CB93ED5CD013FC5
:10EC4000BC3B4A3F00E3853FFD4DC03FEBA8D63FAC
:10EC50002EE2F33F38670A4026AA1B40D0D0254059
:10EC6000E527553E86AC963E5BB3E53EFEB8313FA8
:10EC7000465D5F3F3F00893F5F07DA3FA3CC0A4014
:10EC8000B2461B405EA22640D445A23E787C033F9C
:10EC9000CC9A343FDFC26A3FD786963F6FD3A73FF7
:10ECA000492ECF3FF86B024052D51C40E41425405A
:10ECB00088DA763E9065C13E4087053F9E9A373F91
:10ECC00084BBA73F641EC53F5743DE3FDE5406406A
:10ECD0001F111340249725405393703EEC51903EF2
:10ECE000BCC9473FD769B83FCD01CE3FB3D2E03F63
:10ECF0003815FD3FD4820940A9872640713D2E403A
:10ED0000A1F7363E027F783E737FD53E4B56353FA6
:10ED100083A3743F1F9D963F0612E43FC47C0340CB
:10ED200092051240D6AD1C408FA8B03ECC97D73E7E
:10ED3000C5AA3D3F232D953FA297A93F0091BE3F15
:10ED40000FB9E13F61FDF33F80481940D68B294060
:10ED500079937F3E7409B73EAD4F053FC6E1583FFA
:10ED600024D6B63F0E84CC3FBB9BE33F8B6C0B405D
:10ED7000CD751A40642324400B29973ECE00133FE3
:10ED800082E29F3FA167BB3FB020DD3F0EA1F63F6F
:10ED9000611A0640A83A1240E04A24401D3D2E4028
:10EDA0007311AF3EFCC7DA3EE44D223FD6E04D3F43
:10EDB0004DD7673FDEABAA3F8929E53FF645F23FD5
:10EDC00051881C40C49426406457BA3ED74C023F39
:10EDD000E9D72A3F4144723FF701B83F7632D03F2E
:10EDE0006FD3E73F7380024029AE124011DF1B4012
:10EDF0003770273E4A088E3E9483D13EBBED663F76
:10EE00007233983F5379AB3F5FB5E63F83FAFA3FE1
:10EE10009BC92940556A344006F49A3E8C31B83E6D
:10EE200080B5263F66A09A3FCD3BB63FC729C63F77
:10EE3000A3E9F03F6DFF0040B0AC1040B30C25409B
:10EE400097AB1F3E211D5E3EDD7CC33E2BA1273FBD
:10EE500024628E3FD482CB3FD97CEC3F2905FD3F15
:10EE600054570E40F86B2E404FCA8C3E7502B23E8E
:10EE7000986E123F836D3C3F70ED643F80F1D03F50
:10EE80001119F23F16A40340EA952640A5312E4001
:10EE900033341E3ED74D793EDD43B23E6683303F6C
:10EEA0009B72C93FC2A3D93F1FBAF83F49800640B1
:10EEB000642324409E7B31403DD1953EC5E7EE3E24
:10EEC00076C24B3F7F13863FCBF3B43FDA1BE03F64
:10EED00064060440B5C3154063452740533F3140A5
:10EEE000BBB9783E8716B93EC74C0E3F2C294B3F25
:10EEF0009FAA6E3F8369B43FF792EE3F249C004087
:10EF00005EBA1D40FF5B2B402BF7623EAA7FB03EEE
:10EF1000E8F70D3F28BA3A3F207B913F66A0A63F15
:10EF20002CBCC33F42780A401D5519408317274027
:10EF30000FD5243EADDA653E253BBE3E247B203F07
:10EF4000029A943F87DCB83F2F86D63FA29CF03FC1
:10EF500038A11E4060022B40E84F5B3E3BE4AE3ED2
:10EF600005342D3FB1367A3FB1A7A93F3D2CDC3F98
:10EF700051A504408BA617406DA82840B2D7314058
:10EF8000C230503E3831943ED7DFEA3EEE056A3F4C
:10EF900088BA8F3F15C6A63F45BBCA3FA583F13F40
:10EFA00010060C40A0541B405C8E8F3E5B42BE3E60
:10EFB000DD27533FFED48C3FC93C9E3FD00FB33F6B
:10EFC00037FDC93F25060140349D1740446E20405F
:10EFD000D8B82E3E0CE9803E3691C93EA1BC1B3FFD
:10EFE00014D0A43F7C2CB93F338AE53FD65602406B
:10EFF0007FD91340FA273040F7E9383E84D6933E54
:10F0000000E47C3F4642B73F25AFD63F5934F53F39
:10F0100004FF0740598612402CBC2540CC453040A7
:10F020002A91343EA053883E390EE43ED4D6343F74
:10F03000581A603F3E22B63F191CE13F19FFFA3FC4
:10F0400095481A4012832640745C5D3E9E26933E8E
:10F05000C91DF63E2540813F5249A53F8A02BD3F6A
:10F060005EA2F23F541D04400A2E124046EB1E40A1
:10F0700072C2343E14418C3E5D8BCE3EE354773FEA
:10F080001101A73FD6E2B73FEAECF83F056E054015
:10F090006FD822407DCB3040F8A89F3EA2ED0C3FB8
:10F0A000E02C613F44518C3F9869A33F842ABD3FC7
:10F0B000B9AAE83FB5E00940BEDE2340E6E83140AA
:10F0C0005114383E6649803ED670E93ED40E833FE7
:10F0D0000FD19C3F6DE2BC3F0708DE3F4A98F53FE9
:10F0E000056E0940200C1C40D6C48A3EB51AEA3E83
:10F0F000D480193F4430523F08AC703F67B8993F05
:10F10000A0C3EC3FE04AFE3F38152340E3193040EE
:10F110003CA1373E3CF47D3EC251DA3ED82A513FF5
:10F120000B98A43F9352C83FD4820740111E13404E
:10F1300034A224403D2C304089B2BF3E1A33093FEF
:10F1400062A2653F60B0973F91B8CB3FEEEBE03FE6
:10F1500075E5FB3FF5840B40E1451D4055D927403F
:10F160005FEC3D3EDFC4903EFDA1D13EDB51283F28
:10F170000C405B3F61C3833F8CA1F03FBD6F0440F7
:10F1800038101640CA3230405A7EC03EC215143F75
:10F19000384A423F29E96D3F4451903F5435A13FE1
:10F1A0004720DA3FBEDE07408481154026E41F4039
:10F1B0006F0E673EEDD8B83E096E003F878B483F23
:10F1C000014DA83F74EFB93F4469DB3F425BFE3F0E
:10F1D000DE710E40EA5B2E40D579143E997E813E69
:10F1E00041D4213FE1EE9C3FBEA4C93FFE65F33F01
:10F1F00087F90A40C5FE1840A4AA2B4041D43340E9
:10F200008926303E3DD4863E5BB3E53E41BC3A3F65
:10F21000E2E77B3FFDF6953F04E7E03FDBBFFE3FC3
:10F2200058901440815B31407863713E9CC5B33E79
:10F23000BDFF4B3F8121873F9C6DA63FC2C0CB3FA6
:10F24000DEABF23FECDD0740B6BE1A4073632640EA
:10F250003C13823E9984A33E6B47E93EA3068B3F55
:10F26000E813D53F8E3BF53FF7C703405AF00E40F9
:10F2700039EE1C40F88D25408446C03ECA343E3FDE
:10F2800092E8913FB83BAB3FD526DE3FE7E3004035
:10F290002029144084F01E407DB329405C55304045
:10F2A000CB2D7D3ECD56F63E8CDA353F3FC9653FCE
:10F2B000E17F8F3F65C7A23FE3C7E43F9CC40C409A
:10F2C0008D7F1B4023672F408B87673E32759F3EA3
:10F2D000016C003F2C2C583FE370AE3FF302C43F5B
:10F2E0002384E33F07B6FE3FD6FF0B40AAF116404A
:10F2F0000C90483EACAA973EBB0B1C3F7B82483F1C
:10F30000062A9F3F7D05B93F338AD13FEF72014006
:10F31000A6F21E405C5A2940B8E66E3E5550993E12
:10F32000CB11F23E4EEE9F3FD09BBA3FC009CD3F7E
:10F330004C6CEA3F3832FF3F5C382640F75830408B
:10F340005C212C3E3A90653E41F1C33E7BA1183FC3
:10F350006AC1873F8EAFA53F8B89CD3F529BEC3F63
:10F360008FE416409C6D244050FCA83E944EE43E31
:10F370000666293FB1DB5F3FE319803FECFAB93FF6
:10F38000AAD4F83F42EC0440DA201B40E830274082
:10F39000AFD0673E6119933E7783043F06654E3FC9
:10F3A000A48DA73FDB50F13FCC450A408B5412405F
:10F3B00036B02140E04A2A40CC0B503E16A6FF3E14
:10F3C000E529633FC6169E3FF640BB3F9560D93F97
:10F3D000B8E9FF3F8AAB0E4042952440731131409B
:10F3E000B4749D3E7CB7C13ED8D7123FEB53363F35
:10F3F000ADA4593F508DA73F21C803406DE2104096
:10F4000040DE1F4005512B407B6A8D3EBE9F023F70
:10F4100020D22F3FC920673FFE439A3F40FBA93FC0
:10F420009604DC3F287E0240B26810401B9E2C40B0
:10F43000B2D5253E1F9D6A3E6E88C93E43012F3FCF
:10F44000C2A3913FE84DA93FF050E43F0E15FB3FAA
:10F4500086E6184089B52840802A4E3E31B58D3E5B
:10F46000FB1FF03E6D8E773F96ECBC3F23F3D03F01
:10F470005A9EFB3F3CA00C40FDC11E4032E62C4092
:10F48000B2BC5B3EDC7EA13E0B62F03EE8BF3B3F80
:10F4900021B0923F8E92A33FDC29DD3F4C890E4084
:10F4A000382D1C4078972B4044DE823E310ACA3EFC
:10F4B000014F3E3FD7507A3F747B993FD3F6B33F1D
:10F4C0002A8CF53F9D630E400DAB1E40FB742A4015
:10F4D0008AE47B3E448BB43EB75D043F44864D3F97
:10F4E000CF83C73FDCD7E53FA1D6F83F8F8D0840DB
:10F4F0004C541540FEB71E40B5C2AC3E50FBF53E25
:10F5000025795E3F6EDD913FBEBCD03FC156E93FDD
:10F510002ECA04401FBA124011AA1E403E052840C0
:10F520000247623E30BBB73E0057123FE9B6403F4C
:10F5300015E06F3F906B933FBD52D63F82FF034073
:10F5400012C22340D23A32401FF8883EA2D5A93ECB
:10F5500040860A3F1CEB8E3F959FB43F1635C43F53
:10F56000637FE53F957DF73FA2EE0F40A33B284028
:10F570009549AD3DC235D73DF547983E2BBD6A3F15
:10F5800070CEA03F7094C83F7654F13FD5260C4012
:10F5900064752140C4B132408141523EE50E933E34
:10F5A0005776393FAF25843F3E96BA3FA032D23FCF
:10F5B0000B7BF63FB83B0B40397F1B4059C02640C0
:10F5C000A3226E3E3B6DAD3E9C8A003F52275C3FBE
:10F5D000BEA4853F76719F3F5C3DE73F34F4FF3F1B
:10F5E000D8B6104050701D409351953ED522C23E72
:10F5F0004146203FAEF44A3F2789753F3CA0C03FBB
:10F600001D03DE3FC8B5F53FAD512740E1402E4018
:10F61000BB26443EE1B6863E2385DA3E1E521C3FA1
:10F6200092E8893F5E2EEA3FA1670140FB790D40D9
:10F630009E5E1B40FE482740CD3EC73E24F22D3F34
:10F6400092586A3F9FB0843FDA1BA03F0916CB3F18
:10F65000419F0240190412402159244026012E40A6
:10F66000A913503E5F419A3EA2D2F03EF9302B3FA3
:10F67000700B5A3FB6F67A3FF111C93F5E680240FF
:10F680001F80124088682C4047AE9B3E95D6CF3EE7
:10F6900084D4353FD673763F2C7D903FD8BBAB3FAB
:10F6A0005249D13F6935EC3F691D05400B7B204035
:10F6B0004FE62F3E5F7B763E1399D13E9C53493FE8
:10F6C000D1919C3F9C16B03F978BD83FB6DBEE3F65
:10F6D0001E6D1640B79C1F4010CD6C3E3B558E3EB4
:10F6E0005FD00E3F78B4A93F5986D43F00C6E33FB0
:10F6F000FB7400404A070B407F301C4072BF29401A
:10F700008C9D403E66DC843ED638D33EB6F51F3F26
:10F71000AFEC563F4850843F2C2BD13FCF49F73FA9
:10F72000C6BF0F40D13F1B40D6FCB83E1EC4D63EDC
:10F730006CB14B3F4DA1973F8BFDA53FA60ACA3F39
:10F7400077BEEB3F7EA9FF3F359822401AFA2B4047
:10F750007D7A8C3E4889AD3E7D21FC3EFCA8763FFB
:10F76000A037C13FA96ADA3F3A58EF3F5AF0044048
:10F77000D0B81040726D1C40A4FCD43E39F0263F36
:10F780005001843F9D80A23FDF4FC93FAEF0E23F72
:10F79000594C0040A0370B401D8F1B40E02D2640E8
:10F7A000A5DA773E1CECBD3EEACD083FA376433F89
:10F7B0005726803FFA9B903F0052D73FC8410940EF
:10F7C00048C4144007CE2D408E3FC13E2E92163FB6
:10F7D000DCF0433F59147A3FB5A6AD3F45BBBE3F71
:10F7E000CD75DE3FEB6E004019AD0D4045F518407C
:10F7F0005839443E9278913EFD88CF3ED925823FCC
:10F80000B263B73F6E17C63FDC2EE83F3BAAFA3F14
:10F8100018211E407A8D2940AA9B8B3EDFF8B23E0C
:10F82000FE47223F467C933F82E7A63F1119C63F21
:10F830002DB2F53F840D034096042440D3C12E40E1
:10F8400014772C3E7E00723EA7CAD73E07D3543FA2
:10F8500070B18A3F73D7C63FC3BBF03F0B2404404F
:10F860002CBC174041822840E694603EB85B9A3E2B
:10F87000677C033FADDC433FA054833F0DE0C13FB5
:10F88000B515034092E80F40E3FC1F406F0D2A407E
:10F8900099476E3E1C26B23E3F8BFD3E3E05383FEB
:10F8A0003125B63F8D7ADC3F1496F03F04900A4034
:10F8B00060E51A40FDBC2540AA628A3E9279AC3EC2
:10F8C00082572F3FEDF0933FAF5FD83F0439F03FB1
:10F8D00044C00140BC790E408D971C407D3F2540BF
:10F8E000384B193E9D65463ED63BB43EC826053F83
:10F8F000F6EF523FE3A5B73F2EE2D73FF706FB3FB7
:10F90000FDBC1740425B2C408177823E6119D33E9B
:10F91000D2FC193FF67C453F2575963F7233B03FC8
:10F92000EFFEC43FEDF0F73F2D261A405A12244057
:10F9300076526F3EB136B63E5DFE173F1B4C433FDD
:10F94000DBBFA23FE02DC83F2315E63F670F06400F
:10F95000EA782240FC8C2D401E53373E21CB723E6C
:10F96000BB2BCB3EE960853FD717D13F809FE13F5E
:10F9700078EE07400AA21440E8A42540F415304070
:10F9800049653A3E2F88803E6781DE3E7FDC363F08
:10F990008A74733F1B0DB83F1023E83F780BFC3F80
:10F9A0001956094072A71640CB64003F9C30313F86
:10F9B000E44E593FB020893F7FDEAC3F48A7BE3FB1
:10F9C000DCBAEB3F86AC0640CBDB154083FA204027
:10F9D000328F8C3E0950C33EA2D4063F90116C3F3B
:10F9E0001FF4B83FBA6BC93F2DECED3FA245044070
:10F9F0002A3A1240D21D2840CBA2B83E1348153FE8
:10FA0000ECBF7A3FB285A03F4182BE3F7216E63F0F
:10FA10009E0C0E400ADC1E40FD822F40802B37409A
:10FA20007F4B103E9696613EF69A1E3F917C513F69
:10FA300007B6863F2384AB3F5C55EA3FA39208405C
:10FA40000D542240841230407847963EB98BC83E10
:10FA5000AF424A3F2176763F5E85943FA167C33F20
:10FA60004C1AE73F48A70240C82417404E282440BC
:10FA7000BD544C3EB9C5943E54E1E73E0E84303F40
:10FA80008317A13FF376B43F5070F13FAF990E401A
:10FA9000B3CD1D406F812E40E605983E4B74B63EB7
:10FAA00008C7483F3F1D7F3F07B6923FF9DACF3F77
:10FAB0004E62E83F82730240B9702640302A2D40E2
:10FAC000E467533E26538D3EAE9C093F5C754D3F27
:10FAD00065369C3F062FD23F6E8BEE3F7120004073
:10FAE00021C80D40DE7625402CD4AA3ED8F3ED3E49
:10FAF0009A5D273FD45F773F9D4B8D3FAC8BAB3FEB
:10FB00000D71E43F4911F53F44171E407FF62B402D
:10FB1000C5393A3E34BF7A3ED7BEC03E0BEC0D3FEE
:10FB20002A3AAA3F7FBCE73FD00F0340D0F20C40F7
:10FB3000884B2A40B64A344075B0E63EDDB4253FD6
:10FB40000280733FF65D9D3F9083C23F64E9D73FDB
:10FB50009E24034050191140F91420406EA32940FF
:10FB6000A246613E8124A43EA801DB3E21E7193F65
:10FB7000F8E1403FD3F86D3F33F9DE3F624A12406F
:10FB8000923F1E40F4F82F4020EEAA3E59C4D83EC2
:10FB900087A6283FA301843F247F9C3F8DD1AE3FA1
:10FBA0002271F33F1AC0074070941240DAFE2140E0
:10FBB000AE0C2A3E02846F3E1B47C43E1E6C293F9A
:10FBC0003F009D3FB728B33FFAB8E23FBABDFC3FC4
:10FBD000761A0B40EA3E244030D4413ECD72793E45
:10FBE000A0FAC73EB1A7B13F2D5BCB3FD9B1E13FF2
:10FBF000E9D405406C3E144065FC25403B53304041
:10FC0000A834223E6B46663EB81EC53E64202B3F9C
:10FC10006F65713F6FBBB43FC2A3D93F33FEE93F6D
:10FC200036CD0340BD522C4008E8A63EAA2AEC3E41
:10FC300001FA593FD3D9853F185BA43FD712C23F81
:10FC40003D0FE63F2FA80540C9021C40352428403F
:10FC5000F913653EB610943EF8FF213F41D65B3F55
:10FC6000FB5CC53F2996DF3F54C6F73F17D40B40D6
:10FC70008BE01940095025404DBC0B3FCCD1733F60
:10FC8000FD9FAB3FD027C23F6B60EB3F31D30040BD
:10FC900097AD0F408ACD1940EAE725404F3B2C40F5
:10FCA0002940743E7CBAB23EDA39FD3E9DD77C3F96
:10FCB00023DB953FCD92AC3F65FCBB3F6501134014
:10FCC000EB3929406F643240C5AD8A3E384EE23E82
:10FCD0007CEF273F0DC5613F1B2FA13F80D4B63F6E
:10FCE0001A8BE23FD5CFFF3F5951194021C8294017
:10FCF000D7161E3EACE3583E419DFA3E3C4C7F3F3A
:10FD00001AFA9F3F0647C53FAFB1E33FF085F93F81
:10FD1000CA6C14409FE527401D59893EDB32A03E46
:10FD20002DD0163FCA1AA13F904EC93F7E74D63FD0
:10FD3000FAD5F43F6B82044060EA1140581C24401D
:10FD4000EACF2E3E3A5D663E5F7EBF3E5A4A0A3F8C
:10FD5000D0B8943F87E1BF3FE882F63FD4480540E2
:10FD60009FC80F40E40F1E404012A63EC8B2C83ED6
:10FD7000E5F1343FBA67553F7103823FAAD4C83FCB
:10FD80009834DE3FEA210840FDBC234002D92940D7
:10FD90001955363EF163843E508DBF3EC26D093F1A
:10FDA000B6DBAA3F8239E63F5C55FE3FAC1C0C40F7
:10FDB00050AA1B40DA1B28402BA14B3E6A87D73E36
:10FDC0006E52513F80D4963F23BEBB3F5C20E93F3B
:10FDD000E5440D40BC5C1E40FB3F2F40E6793640B9
:10FDE00040DD403EE90AA63E2FE1F03E9A3F4A3F01
:10FDF0003E216F3FFA27983FC98EF13F9161034042
:10FE000046B11C40DA55284047204E3EF435BB3EF3
:10FE10008EC9063FB725423FCCEE913FDF37A23F68
:10FE2000C538D33F378EF03FC0950640276B26403C
:10FE3000A54C0A3E897E2D3EB85C9D3E18CF003F02
:10FE40007250823F6D56B93F31CEE73F75930840FF
:10FE5000E8BC1E4062A130403447363E1B81883EDC
:10FE6000F1D8C73E0ABE6D3FC234C03FBE87CF3F08
:10FE7000B988EF3FB1A70140EE252540CA54314073
:10FE800022177C3E8A3CD93EB1DE243F59194D3FB2
:10FE900063B48E3FA48DA33FCA6CC03FFFCA044029
:10FEA000C0EC12409C162040BB5FA53E7E57DC3E56
:10FEB0008AB0213F091B863F41659C3F179FB63F93
:10FEC0002098F33FE40F02401B1221403F572D4082
:10FED0004F03963E7977DC3E73821E3FBE684B3FF0
:10FEE000543AA43F9B8FD33FA5A0EB3F107A044028
:10FEF00011AA1840D9CE2140C686063F10AD493F11
:10FF0000CC978F3FF298B13F4F58D63F0FD6F73F6F
:10FF1000AC560E40EBFF18400B98284015912F402F
:10FF20009758993E2382D13E132C1A3F2270643F8A
:10FF30001939873F897BA03F249CBE3F96E7D13F7C
:10FF4000D55B1B40A99F2940CFF6D83E2D3E053FEB
:10FF5000F94C423F0248853F7E3A963F253BB63FEB
:10FF600017BCE83F48DCF73F643B1740DF1A2840E6
:10FF700054C31E3E976F7D3EBD35243FB45A743F37
:10FF8000D1CB9C3FF9A0BB3F573EEB3F19CA054080
:10FF900060E51C4091D52D4076FF803EA299D73E6A
:10FFA000A6F0343FCAC4793FBB44A13FA791C23FEA
:10FFB000D97CE83F2DCF0740ED641E40ECDD2D409D
:10FFC000A2625C3E40C09A3E78083B3FBC76653FEB
:10FFD0000AA2923F6362AF3F36B0D93F9F710140A2
:10FFE00018211240614F1F40AB09923EE338E83EB2
:10FFF00047E6293FF88C5C3F1C7C813F75AB9F3FF7
:020000041002E8
:1000000027F7D33FC03EEE3F5A0D25401CCE2E4071
:10001000E4F4253EC1AC603E9C32BF3E6D6F0B3FA9
:10002000EF388D3F6570CC3FA4E4F53F772D094054
:1000300019041A404E452A40BA4AAF3E99F1023F90
:10004000F46C6E3F65E4943F2063B23F2A3ACE3FA2
:10005000BA83FC3F61710C4018211E407A8D294003
:100060006284803E986EBA3ED09A0F3F931D3F3F08
:100070001E8A823F27DA953FB537C43F92791240F6
:100080000BEF2440C7462E40D047A13E3694FA3E9F
:100090009E7E383FDAAA603F85948B3F287EA03F42
:1000A000465FB93F3A23F63F80601040FE261A4073
:1000B000A5DB323EB873713E4679C63E4AED0D3F30
:1000C0005B949D3FCC62BA3F5E11D83F2428084024
:1000D0006B7D1740AC39264095465C3E7C0FAF3EA9
:1000E0009E98853FDF4FA93F9869BF3F40F6DE3FAE
:1000F0004A07FB3F36590F40A4DF22405A0D2D40DE
:10010000E220613E99819A3EBD8F033FF299343FD0
:1001100076A6603F0DE0A53FD578D93FFB57FE3F5F
:100120001A6E12405BCE1F4081CE943E499EBB3E6C
:100130003DB8273F3BC2853F0309963F452AC43F50
:100140004980E63F8A76F93F999E2040423E2A4008
:1001500078D36D3E76A6A03EDD96283F6825713F98
:100160002849BB3FC72ED53F1765EE3F21C8014048
:10017000622D22401EE12C401F30A73E817C0D3FA6
:10018000D9948F3FA96AAA3FA791C23F7AFCEE3F5C
:10019000944D0540304715405CC926407C2C2F40CB
:1001A000F2D1423E944CAE3E444DFC3E785F3D3F22
:1001B000EF3C653FCC288A3F1153D23F10CCE53F3E
:1001C000FB791F4029AE2E402F32913EC53DD63ED1
:1001D000B059163F13F15E3F0C93B53F1EDCC93F8B
:1001E0000456E63F0D71044015911140D5091C409D
:1001F000F968713EE71DB73E77BD003F4E97813FDE
:10020000FF21A13F7632B43FBAF7E83FA358FA3F47
:10021000AA60204043FF2E40058C8E3EA7AFAF3E24
:100220001898593FABCF9D3F2FDDAC3FC499CB3FD2
:1002300075CDE43F72DC0540A4A52240AF7C2A4086
:100240008FE0263EACFE783ECEE3E03E6E502F3F80
:10025000BF45633F4F40BB3FDBDCF03FFED4024075
:100260005E851240B81E2D405BB4703E705CBE3E91
:100270009205143F1D90403F2B18813FBEF6BC3FB6
:100280004A07E73F9E5E11402DEC2940A08932408D
:1002900054A81E3E9010653EE17EB03EE2E42A3F47
:1002A000C971BF3F36B0D53FEA78044054A9134026
:1002B000132C2840FFEC33407174753E50FDAB3E6B
:1002C0002574373FD3DE903FD9EBB93F03CFD13F01
:1002D000D7C0064092E811404221204080D42A40F5
:1002E000FA42683E0B9BA93E6406F23EC5E7263FF4
:1002F0007E19483F68229C3FCA54E93F734B054032
:10030000FC1D1C40FC18274061C6643EB41CB83E6E
:100310005DE2083F20D43D3FF7E99C3F43E7B13F12
:10032000DA20CF3F5EA200407D3F0D40056E1D40AC
:100330005D6B2F3ED768893E4D81C43E93E25B3FA3
:10034000452AB03F2A74C23FB3EAE33FEA21F63FB1
:10035000B5E02740865A33404A7F0F3E6A6A593ECD
:1003600042EEE23E43AB773F9ED2A13F88F4C73FC7
:1003700063EEF63FB8E90D4015C62A40022B354022
:100380007FA2623E70EDA43EB79BF83E0C8F513FBA
:10039000F983813F2D78993F2E39B63FE6AED53FA0
:1003A000CF140A40813E17409D47BD3E5391063F02
:1003B000581E383F2A8D703FDC9D913FD3F6A73FF2
:1003C000D5CACC3FE9D4E93FEDBB1640DC29254036
:1003D000F90F593E7BFAA03E9B71FA3E103D3D3F1E
:1003E000C05BB03FDBF9C63FF584E93FED2A0A4028
:1003F00063971640683F2E4075CB2E3E8CBD973ECE
:100400004D2D6F3FE21E9F3FBB27C73FC8EAEE3F1F
:10041000753C0A409A4217402271254013442F40F0
:1004200029CE413E399D9C3E253CE13E33DC483F90
:10043000DB169D3F5ED7AB3F1D38CB3FE4A0E03FCE
:1004400028271C40F1292E40BFB9973EDF34C53E16
:10045000D2AC1C3FB2688A3FC45FA33F84F5B73F6C
:10046000548CEF3F2E1C0040A7B315405DF9284087
:100470001E196B3E581EA43E556C043F5D19783F13
:10048000683F923FB823D03FAF5FF03FB263074071
:10049000CAFD224033502D4084D77E3E8923D73E6B
:1004A000C87D3B3F4A46863F24D6A63FA4FCCC3FAE
:1004B000B77FF93F50530F40707C2940A4A53440CA
:1004C0001895543EF8AA953E5C3AFE3E1E6E5B3F80
:1004D0004755973F492EB33F9869DB3F7D22EF3F59
:1004E000C5C90140EDD80C40ADF8663E1536CB3E8F
:1004F0004AB20A3FEA945F3F7DE8963FA358A63F81
:1005000029AED63FB1BFEC3F96261540912C304026
:100510009010353E18EE6C3E51DBBE3E5131023F2D
:100520009B8F933F2F6EE73F2636074026011040F2
:10053000D69024403EE82F40E04CB43E2D09043FC5
:1005400087F9823FE44EA13FE7C6B83FFD9FCF3F0A
:10055000E9B7EF3F596906405D501F4052F22A400B
:1005600014202A3E22E2863E6F84BD3E910E173F44
:10057000D13B413FC5C6703FF584E13F842AF93F36
:100580000B7B1C402F8630405F25AF3E25ECF33EB1
:100590003BFE273FDC0D5A3FBF82803FA1A1933F26
:1005A00019E2D83F1E330440685C10406B2B1C409E
:1005B000D1B0683E71C6C03E11AB033F5017653FD6
:1005C0003E22923FFB3AA43FA96AEA3FF931FE3F3F
:1005D000F5671540793B324088125D3E32028A3E13
:1005E000E6212F3FABECB33F2D60D63FE084E63FE2
:1005F00086030B40BBB8154048DC2540F5B92E40BA
:10060000E6E8713E37FECC3E849F083F7B16403FB4
:100610004D10693FF5678B3FF06DDE3FF5D6F43F37
:100620003F520C4027142C40C64D2D3EA9DB913E75
:100630007E8F6A3F06BB953FD482B73F0B7BD23F8C
:10064000B9A5F53FFB570A40E7E31E408EAF2B40AC
:10065000419D8A3E844AAC3E3387F43E8577853F90
:100660002A8CCD3F82FFE53F9413F93F183E0A40A4
:10067000D8B616403F5721400C57D73E5E0E273F55
:1006800019FF8E3F23F8B33F64AFDF3F0F45F93FBB
:100690006DFF0C40C0091740CB102340ACA82B4085
:1006A0009527903E4A42CA3EE7E2233FC9CC713FBC
:1006B000AED3983F7F4DAA3F0DFDDB3F950E0C401A
:1006C0002A741C40EE08254065A79F3E302BF43E5F
:1006D0008928223FFD87583F0490AA3FB7EEBE3FCE
:1006E00036C8D83F0EA1024038841240211F1C405A
:1006F000E128093EE59B4D3E53B1253FE57C6D3F2A
:10070000382D983F0551AF3F2F8BD93F0E84FC3FCA
:100710008AE512404D672B400BB6513E32728E3E39
:10072000D80DE33E179FA23FECDDB33FAB09D23FAC
:100730000681E93F0BEF1440806026402271314072
:10074000A2623C3E8BF9793E6039D23E419C233F08
:10075000105D9C3FC8D2B33F1A6ED03F2783F33F52
:10076000D5CA0A409CA2134039EFAF3E9695DE3EB3
:100770003BA62A3FC5395E3FAA43863F2332C43F8A
:1007800030F0E83F9066FC3F107A124052B81C40AF
:10079000BABA733E5B06A43EDD41283F8EE86A3F4D
:1007A000DDD2A63F221ADD3F9A94FE3FE09C0B402B
:1007B0009F591C40A34027409AB0A53ECA880B3FD2
:1007C000D11F6E3F89EF9C3FD157B83FBADAE23F65
:1007D00016A4034085421640CD1E2C400A853440A5
:1007E000A2EE933E9982CD3ED7FB1D3FC921563FD5
:1007F000B2847D3FFC6FA13F5CE6F43F0F0B0740E6
:10080000EBC5144082A82340B953AA3EF12BF63E13
:1008100040F9273FCF6A613FF3C8833FB2809D3FD5
:100820008F70E23F9B55F73FDDD20C401574254099
:1008300015013E3E38DC873E12A1D13E66DD1B3FEE
:100840000D71843F5E859C3F8E40F03F50FC0A4016
:10085000F2D21940F4A62A4023BF1E3E57B5643E8B
:1008600086A9CD3E42218A3F9B38B53FD15CCF3F20
:10087000CDE902406E8B1040766C2840B85833406A
:1008800033DD3B3E8EB2863E90F4D93E41BC223FE2
:100890000326983F87C4AD3F4699C93FB2800540C3
:1008A000637A124007B620405725A13EC70FED3EA0
:1008B0005E13263FBCAD603FB35E803F1006A23F93
:1008C000A3580040ACAD0C4063D11E4020B52D4074
:1008D000E1467A3E180BA33E89EC0B3F5A2A4B3F68
:1008E00048BFA93F3524DE3F6C09F93F97560740C2
:1008F000B22E14403CA01E408908A73E70250B3F35
:10090000B1C37C3FE8F6A63FC9ABD73FA779F33F19
:1009100046420D400AF4174092AE23408CD62D403B
:100920000395213EF60C913E205DDC3E990E293F59
:10093000A1A14F3FC03E923FB459BD3FB0FEDB3F47
:100940008AE52A406C3E36401328623EAC57913E01
:10095000D2A9473FA297893F7FF6A73F952BD03F6B
:10096000CE36EB3F4304FC3FBDFB0940658D26407E
:100970002D24103E00A8523EC328D03E8330433F72
:100980005648853FB055BE3FBE4DEB3FC55507406D
:100990003D612340096D314063D20F3E07B6CA3E28
:1009A000B9C74A3FF2D28D3FB589B33F16C1CF3F99
:1009B00024B9F83FBC960E4049F4224037893140B3
:1009C000F2606B3EBF44AC3E52ED0B3FFE654F3FC5
:1009D00030D8993F9D63AC3F16A4E93F91F20540A2
:1009E00066491240884B1E40984F663EDC0FA83E79
:1009F000BE6B043F6FF25F3F8D9C813F09E1B93FC1
:100A0000520FD93F9DF4004099BB2040630B2B400F
:100A1000DEB07D3E3FE6AB3E3AEB0B3F29CE353FA5
:100A2000E9D4953F3928DD3F3E3FFC3F5B250A4036
:100A300086E61E4010402840B0E7CB3E2E1A0E3FFF
:100A400017EF633F7B838F3FFAD5B03F1BF5CC3F59
:100A500063EEEE3F5743044024EE19401FA22540A9
:100A600019544B3E60E6933E7EC3F43EF391283F1B
:100A700040125A3F0378833F3316C53FDE59014089
:100A8000DF1525400130324069C99B3EDC47BE3E40
:100A9000F65D293F56D4883F39B49C3F1FBAB43F16
:100AA000481BD73FA054EF3F8C67064048BF134018
:100AB00088BD403E9510843ECC63DD3E3D2C3C3FDE
:100AC00089B5A83FD925BE3F82FFE93FDFF8024044
:100AD00037A613406C431D40F4A47C3E8F34983EEF
:100AE000E0BE1A3F92CBA73F2E04C93F3D2CD83F12
:100AF000D0F2F43FFE480340AB95234012C22D4094
:100B0000C11B223E2123703E2120DF3E7FFB2A3F76
:100B10001C23753FA0329E3F75E5CB3F78B9E83F77
:100B200047AC1340CE363140A9F5D63E895C003F34
:100B30000953443FA25D893F473D983FD977BD3F68
:100B4000F31FE23F0309F63F9C6D22401D772C40C6
:100B500026DF8C3EEACEAB3E00AD2D3F3F6F8A3F95
:100B60001CD3CB3F8AE5E23FDF32F73F3B01094030
:100B7000FB5C1540406A1F40207EBE3E2A585B3F0A
:100B80003FA99E3F8D7AB43FC05BD83F7077EE3F60
:100B90001EA70440D88111401A1722407B312C40F7
:100BA000677BA43EF790D83ED8D71A3FB01E4B3F84
:100BB0002C80693F0D71903FACE2E53F33160B404E
:100BC000B30C17401E5022407D59CA3E9549193F2B
:100BD00098A1453FC85B723F255D9B3F884BAA3F6C
:100BE000B285D43F4013FD3F58900A406C04164034
:100BF00060B1663E5ABAA23E66FAED3ED4608E3FC0
:100C00001B4CAF3F3789C13F7502F63F126B034063
:100C10003BFC25401FBF3140FA45A93E14CCD03ED5
:100C2000BCE93A3FD53EA13F0EDBBA3F9886CD3FA7
:100C3000919BFD3FC6C4084074D21D4088802B4064
:100C4000AF425A3EF0509C3ECDCB013F6D8C293FC8
:100C5000DC46873F0D6CBD3FD200D63FCD920640AB
:100C6000F3AB1740533F254007EE603EE599973EB2
:100C70005913E33EBA681C3F8DB84C3F2C9AD63FBF
:100C80002D95FB3F85CE0940892420401D5A2C40DC
:100C90004E25333E5EF6833E8D41BF3E08750D3FC7
:100CA00087E1B33FBE9FCE3F69A9EC3FDF89074094
:100CB00025581440C58F2D40F2B2563EB955983E86
:100CC000FF95413FCA328C3FB537C83F6C21EC3F9E
:100CD00005A30640F1BA124080482140C47C2B4055
:100CE000A8382E3ED313763EEB8CE73EC2352F3F1D
:100CF0005D4E613F3CF7AE3F63EEDE3F0E6708405E
:100D0000E15D204015E32E40836B8E3EEDF0EF3E1B
:100D1000E61F353FA08B5A3F0803873F5AF09A3FA2
:100D2000863DC53FFE2B0B4041481A404D2D2740C4
:100D3000C8791F3E959F743EECA6B43EA4FA1E3FB0
:100D40001B81B83F5452CF3F2C9FE93F9DD7FC3FBA
:100D5000A99F214092E82F408925653E4D818C3E18
:100D6000C845F53E46414C3F38DBD83F9066F03FE2
:100D70006DA8084031EB17405C1B2640E1B42E40C3
:100D8000D0B61A3E7C0B4B3E9C32A73E6249093FCF
:100D9000728C583F9621923FA1F3BA3FB9A5E13F2B
:100DA00087A70140E2580B40936FDE3EBC3C1D3FDD
:100DB0007D3D633F40A4833F7C7E983F9C33B23FA0
:100DC000D0B8E43FACFF0340FC181B4098A3274079
:100DD000D717393E90F58C3EBDAACB3E69FF5B3FED
:100DE0000473B43F26FCC23F3255F43FBB44054078
:100DF0002CF11840E59B2F40984C8D3E8D27023FEB
:100E000018D0633FB3D2A83F4D10D13F31CEF33F4E
:100E10000FD10A406EFA1740AD862E403A40364058
:100E20001EFD1F3EA776863E5935D03EF4333D3F2A
:100E3000D9B1853FE8C1993F3ECBE73FC05B004059
:100E4000933A2540518333409414483EA27D843E1A
:100E500019A9273FFA09533F715AA83FEC17C03F21
:100E6000520AE23F6A180440E5D51540CEDF204023
:100E70008B4E363ED5229A3EF510ED3E0C57373F4D
:100E80009274993FDE93AB3FDDD2EA3F946A014012
:100E9000E3A51940BCAE3140B744AE3E05F8CE3EA6
:100EA000CEFF573FD105853FBEDE993F62A1DA3FB5
:100EB000151DF53F40D90A4095602140F7E42740D1
:100EC0004AB55F3EC652943EF52D073F412A513F39
:100ED00084F0903F834CCA3FBF60EB3FB9DFFD3FDA
:100EE0007A700940C3471640E61FA53E9486EA3E45
:100EF0000B99273F737F753F81218F3F3529A93F8C
:100F0000BF60F33F62F802407A19174095822A4089
:100F1000B96C443E3830813E1442C73EB1C3143FE1
:100F20003ACCC33F9E41F73FDE590540374F114051
:100F30004547244036B02D4075E8FC3EC2F8353FA9
:100F400064757B3F601F993F9BACB53FFB79CF3FFA
:100F500008C9F63F545209405A811B40AD862640CD
:100F600078435A3E98889F3EE469D93E30481A3FFC
:100F700027A53C3F24D6823F0803FF3F65FC0D4078
:100F8000F2242740A56B3640A585933E0D6FDE3ECB
:100F9000A81A213FD82C5B3FE813A53FAC56B63FBB
:100FA000371AF03F889D09400E841640965B224018
:100FB0002BDF233ED1406C3EF434D03E1BD45E3F49
:100FC000D908943F8B37B23FC0ECE63FC9C8F93F20
:100FD00081780D40DD0C2F401BD86A3E3082963E52
:100FE00028D3003F22FD9E3FABE7BC3F88F4CF3FB4
:100FF000BFD4FF3F7D3F0940F70625409335304081
:101000009A94223EDB50613EBB0DBA3E25E8133F69
:10101000118D763F6F64963F5B7CDE3F6D56FD3FE2
:101020006B650A40E65C2A400A2FB13EECBEE33E07
:10103000548C373FD521973F2A6FAF3FAAF1C23F6B
:10104000A032F23F7C440440CA541940952B2840FA
:10105000FC6F9D3E4356C73ED0D31C3FEE22783FE7
:101060000B63C73F2783EB3F2D95FF3F46080B409F
:101070009AEB1A4041822240D927E03EDB193A3FE1
:101080000F45A53F226CC03F9CF9E13FC026FB3FC6
:101090003E790A40CB8415407E18254064582D4087
:1010A000A4C16D3ED8D7AA3E2043073F81ED343F0F
:1010B00014059A3FBA83B03F7E3ACE3F47E60940D7
:1010C00013F225403E0530400B998B3E4165EC3EC6
:1010D000EC32203F9EF0563F50C7AB3FD994BF3F04
:1010E0009291DB3FF2CD0840BCAE1740A33B2640B7
:1010F00086583D3E36CA9A3E6DE6E83ECD5B613F7E
:10110000535C8D3F9F71A53F4A7BE33F05C0F83F8D
:10111000486D1C40CFDA27407E02883EC3B9AE3E00
:101120005AA00D3F27DA913FDAACB63F7FBCC73FEC
:10113000598BF73F63620540FE2B194044DD29407F
:1011400038F32B3EB746543E069CBD3EA989063F68
:1011500034F4833FDE1FAF3FFA27E43F5DFE0340D8
:10116000F14B1540E6AE21403EB4AF3EB729DE3E1E
:1011700025AE373F9CC5633FE7A9863FEFFED83FCA
:10118000F966034069570D40BAF72640F4F82D4040
:1011900041B95D3E56499C3EB24BE43E81B13A3F77
:1011A00000E3D13FAE9EF33F166A0340F6280E409F
:1011B000FCA91B40715A24406B65E23D72FE563E0D
:1011C0000744583F304C963F6900BF3FF2B5E73FB8
:1011D00064580B4027311C4066A02C406974354090
:1011E000E9995E3E44C1AC3E145EFA3E1408433FAA
:1011F0000135613FE1D19A3F8941FC3F30BB074057
:101200004625274032AC3240AF07433EC0CC973E24
:10121000849FF03E55F74C3FFD828D3FDFA6A33FF4
:10122000172BC23F85B6D83FA852074011DF2D408B
:10123000AE0C0A3E9433343E4ED1993ECC5EFE3E17
:1012400039459F3FA31EBE3FD74CEE3F1366084073
:101250000F0B1F4040873140DA37573EE2788E3E11
:10126000E8FADE3E21736D3F3AAFCD3FCC7FE03FE1
:101270000091FA3F55A40A405A8119409CF92F4029
:1012800079E55A3E006FA13E618A023FF9BD353FC4
:1012900027F8763FF8AA8D3F5DF9B03F88110040EE
:1012A00079AF14400A2E2440691DCD3E6363063F8A
:1012B000E76D4C3F12A5813FBC57913FE3C7BC3F50
:1012C0008998FE3FD460084095822040467C2B40A0
:1012D000B7627F3E2909C13ECD06053F0515413F56
:1012E000DDD2BA3FF645D23F5C1BEA3FFCFB04402F
:1012F0003316134003EC1D40E65CF23EDB182F3F33
:1013000014B3863F331BB03F7828C63F07B1DF3F99
:101310004BEA0840BA661440EA092740DF4F2F40E5
:1013200022C5503E3BFFAE3E8369F83E5952623FB4
:10133000D47D8C3FF67FA23F056EBD3F3602E13F74
:10134000637F29400AA23440AFCC8B3E61FACE3E87
:10135000E42E0E3F315D743F0647A53F1613B33FA1
:10136000A987DC3FECA3F33FB8010B40C24C2940F6
:10137000F759253D2829F03DA0FC1D3FEE5C643F58
:101380007E52A13FCA54C53F2A00EE3F64CC0940BB
:1013900000E31F40CEC230408997073E3B6E583E67
:1013A000E0103E3FDE8E883FD460AA3FA60FC93FC3
:1013B000EE08EF3F5F7B084018B21E4004CA2E4083
:1013C0006006733ECF2EA73E4ACF1C3FE4684A3FDB
:1013D0005B797D3F6FF5B43F527EDE3FABECF73F6C
:1013E00017BC0A4082E71C407C448C3E3BC4CF3E85
:1013F0005391123F21056F3FA566873F07F0B23F2B
:10140000C6A2ED3FB8AFFF3F0B5E26407FA4304041
:10141000361E4C3E43C5983EDAC7E23E6CEE203F96
:1014200096CFA63F1CF0D13F21EAE63FB83B0740EC
:101430005F071840FF212340D74BB33EBA83003FDC
:101440009640523F28F2843FE544AF3FC3D3CB3FA1
:10145000C095F43FEF030A40FF781D4003CF2940B9
:101460005F28903EA5BECC3E02B7123F34D8403F25
:10147000938E663F26FC863FA67ECA3F906B0B404C
:10148000DB8A1B40336D27405C76B03EEA240B3F7D
:10149000AB26343FB6BE5C3F465F993F774AAB3FD1
:1014A0004B1FCA3FA8E30340CBA1134087161F4040
:1014B00071FF613EAD51A73E3947053F6550413F41
:1014C00095D4A53F88D7B93F4E62D83F9FCD0C40F9
:1014D00066831A40126B2740BE178F3E3315AA3E13
:1014E000E0304D3FBF48AC3FBF65BE3F17D9D63F48
:1014F000A60AF63FBA660640FB7925402FA82D4084
:10150000116D273ED542593EDDEDBA3ECF84063FF0
:101510003AAE5E3F49BA9A3F77A1E53F70940240E8
:10152000FF04134034111E401F31923E84D7AE3E5B
:10153000030A413F37C3953FED81A63FECC0C13F51
:101540000395D93FE6E8F13FA43625405C3D2D40A8
:10155000D5957F3E08E7BB3E855D203FDFF9713FB3
:10156000E319B43F6EC0C73FD673EA3F29CB0E40A4
:10157000AED81D40A8E3294076188B3EB9E2E23E82
:101580003E05943FE206B43F3598D63F23A1ED3F98
:10159000CC0B044083C00E402A741E40E1EE28406C
:1015A000DBBF923E6309DB3E6727233F36AC4D3FEE
:1015B00068047F3FBD18A23F9643D73F0B410040D0
:1015C000F2411940CEAA25405C3BA13EB58BE13EDD
:1015D0007CB41C3F8368653FEE77BC3F44DDDB3F56
:1015E00014D0F03F3A5D06407BA01740C8B51F40BD
:1015F000185D2E3E76A6803EAE9ACF3E73676A3F58
:10160000EE3D903F7EE3B73F957DDB3F6154F23F77
:1016100030642340E9432F40D40E8F3E399DAC3EC9
:10162000520C3C3F72F9A33F4D84BD3F1552CE3F53
:10163000FC35ED3F3A58FF3F90A01A40BCE82940E6
:101640002FC1293E4D82673E54C8D53E679C3E3F20
:1016500031B1853F4777C43F9A7CE73F1FF4F83F9D
:1016600005DD0840BA832640E676873EA75DAC3E9E
:10167000ADC20A3F03CF353F85D0693F9EEFD33FD0
:101680005CACE83F6FD80E406D90214031252A4078
:101690009CFD213EFB3D713ED13BAD3E08AA0A3F79
:1016A00032ACCA3FCA15E23FC0950040E2920F40FB
:1016B0008E402040399C31401F4CAA3E7576023F37
:1016C000DEAB523F70B6893F2D26BA3F164DD33F51
:1016D000C7BAFC3FF9141040C76322400CB02F403A
:1016E000F38F863EC72BB83E3E59053FAA29353FAA
:1016F0004E80513F3D2CB83FEC51FC3F639C054070
:1017000003CF1F40465F2940FBCB6E3E3D98CC3E49
:10171000EBC91C3F408A463F0F7F993F8B89AD3F05
:101720009FCDD23F52B808405BEB154001872C405B
:101730008D47193E4E43743E4A97BE3EE76F223FA7
:1017400062BEA03F6E86B73FAC90E23F48E1F63FF5
:1017500089292740A7CB3440EC4D0C3E1958573E01
:10176000D36B173FBF0E903F4D15B03FE9B7D73F42
:101770002CBC054057041940DF152D40240B364082
:101780001F9D5A3EB39AAE3EE6AD0A3FFF03403F6F
:10179000234A8B3F664E9F3F6215C73FCC97FB3F66
:1017A0008E060C40B48E184071AE993E5A84FA3EB3
:1017B000A434533FB1BF843FF1D7983FF376AC3F99
:1017C000E3A5D73F9E9801408ECC1D400D6C2F4065
:1017D000151C2E3EAF93823E9417C93E57243A3FC4
:1017E000ABE7B03FF432CA3F3884E63FCEC2FA3F9F
:1017F000DC111240A9A42E40AC1A343EFF23BB3E9C
:10180000965B8E3F3064B13FBD35DC3FE128FD3F44
:10181000FFB20F40A9FB1A40E04A284089413040FE
:10182000FE7D263EB41E7E3E43C5E83EAA61433F90
:10183000CF4D773FB823A43FE388DD3F0612F83F42
:1018400029AE1E404EB92A40361E843E5915B13E7F
:1018500018780E3F43377B3F9D46AE3FA1BEBD3F4C
:101860008FA5EF3F71200A406F2F17409D852340C1
:1018700022C26F3E8D9BB23E583A073FF7E57C3F50
:10188000F8FC983F0309B63F43E2FA3FD5260840EB
:10189000CB9C264083C032400403383E52280F3F81
:1018A00068205E3F1C5F8B3FDA8FA83FE926C93F67
:1018B000A60AF63F0AA20C405A122040B1A22E40BE
:1018C000A0FC5D3EFF1F9F3E8D98F93EBBD26E3F50
:1018D0007FD9993F1CEBAE3F8273E63FB81EFD3FB8
:1018E00013270B405B5F2240F25C3F3EA722CD3EB8
:1018F00045B9143F44A6583F9D4B8D3FD925A23F83
:10190000E3DFEB3FF6400140643B1F40EFE62D4034
:10191000A697283E5CAE7E3EEF59C73EAAD7453F0C
:101920002B359B3F8A59AF3FDBA7014087C411404D
:101930007385274057CF33401B2CB43E1634053FE8
:1019400076356D3F7E1D9C3F7042C13FB1A2D63FB0
:1019500094FBF53FB81E0740EECE164084F02240BF
:101960008FFE773EA306BB3E7193013F164D373F76
:10197000207F5D3F0F7F813FCBB9E43FE8DE07402A
:10198000D17416407D22314073DAD33EB83F0F3F09
:10199000645D3C3FBFD26D3F9B208A3FF432A23F43
:1019A00022A6F03F65C2094004CA1440118D2240AE
:1019B000BDA6573E23BDA83E1B81F03E09E1493F2D
:1019C0002D959B3F89EFA83F1F11DB3F7EC603404B
:1019D0004AB50F40B6D62940FFAF4A3EB01F823EFF
:1019E00073BAF43E49119D3F38A1D03F253BE23FF9
:1019F0007BF70B407AA518405A1226403F6F2E40C5
:101A0000B56B523E0BEFAA3E4B1F063F70CE343FE4
:101A100040138D3FEB909F3F280FD33F95B7014078
:101A200035071240899830401ADB6B3EAD15A53E54
:101A300027A15C3F59A3923F6171AC3FF9BDC93FFB
:101A4000F354E73FF94E004000AE1640BE9F2440DD
:101A5000A94B663E3065903EE6B2013F917E933FD2
:101A60001E33D03F7C44E03FB3CD014026010E4001
:101A70001F4B1F40D1E82A407BA1A03EBD1E203F46
:101A80005A0D953FDAE1BF3F38F3DF3F982F014011
:101A900060C81040917E1B40594C2C40D7A3344065
:101AA000A851C03E5247133F158C4A3F9F8E6F3F4F
:101AB00088688C3F34F4AB3F376CE73FE3FC0B4066
:101AC000184321409A772C4026AB723EE831AA3E5B
:101AD000E162F53E992E583F787FAC3F3ED0BE3F45
:101AE000598BD73F45810240350C1340EB561D40C2
:101AF000E624043E3333533E1D02233F42775D3FCD
:101B00009D85913F65A5AD3FE336DA3FC555F53F6D
:101B1000CF2C21408C673040E8DA473EEB74883E9A
:101B2000C05FD43EE7A99E3FF4F8B93FBEDECD3F8B
:101B300062A1EA3F280F0340274E1E40AFCE274048
:101B40005ED5293E46D3593E01DABE3E3540093FB7
:101B5000C9C8813FFF78AB3F2C0EC73F020EF93F4B
:101B6000361F0F4086381C400393833E44DCBC3E46
:101B7000E7C8223F75734D3F6AD98A3F1635B83F93
:101B80001349E83F9AB6074054521D4000C627400B
:101B9000F4865B3E1422983EF8E2E33E8CB9333F74
:101BA00099BBAE3F16F6EC3F384A044067440D40FF
:101BB00071201E400E3227408B71AE3EE737083F42
:101BC000616E6F3FFCE3953FB35EB03FA5BDD13F73
:101BD000F88DFB3F16C10F40BA662840139B334077
:101BE00000FD9E3E59F8D23E471D153F21CD443F92
:101BF000C9205F3F3F578F3FA392F63FD8470D4024
:101C0000C30D1A408CBE284058557F3EA914E33EB0
:101C100015AC213F74624F3FB3419A3F0FB9AD3FBE
:101C200048BFCD3FF4F8FD3F33500D407B4929407C
:101C30002F86123E6EC23D3E7382A63E2506013FB0
:101C40005036913FF4F8A93F2A3AD63F0D71004033
:101C5000F7E91840F0BF2F404703683E730F993EE5
:101C6000906AE83EED807F3F4182B23FAC73CC3F4B
:101C7000861B0440BA490E40E73A1B4008722440D4
:101C800093563C3E16A7823E32E8D43EA7CE1F3F75
:101C9000666B853F87FE993F1B12C73F14050840BE
:101CA000569F1940E65C2A40C11C8D3E2860BB3E11
:101CB0001EA8273FB8777D3FC6DC953F4148BA3F15
:101CC000BEF60440BF2B1040032620409BE62B406D
:101CD000EF3C513E4A60933E8924CA3E3BE4423F7A
:101CE0005227C03F6171E43FC2C0F73FF7C70940C8
:101CF000475A1640C4EB22408D9AAF3ECC0C073FAA
:101D00000DDF6A3F378E943F99F0BF3FA583E13FD7
:101D1000E7180640D7511340B3982240CD752C40A8
:101D2000213B4F3E14AFAA3E06DAF53EDB6B353F52
:101D300014CB513F257A8D3FFB3FE73F5F07FA3FCA
:101D4000011827403D0A33406E339D3E3BA8BC3E00
:101D5000863C1A3FEFE68D3FA7E8B43F7AAAC33F1F
:101D6000E735E63FD639FE3FB7D10A4011FC1B40AC
:101D7000DF87133E8BA8493E4B23C63EFBAD513F48
:101D80002F17A53F4B02D03F1D72F33F07B6084007
:101D9000CDE91E40614F2D409300353E7A89893E42
:101DA000357E293F8447873FE223C63FD40EDB3F81
:101DB0004C89FC3F87FE0F4099D82240B3B5304094
:101DC000B900443E2102963EB900FC3E46EF4C3F2E
:101DD000035B853F87A7A33FB116EB3FE5D50140E5
:101DE00001F60F408C2D2840B3F0A53EDD5CCC3EC3
:101DF000BDFB2F3F63635E3F5AF0823F9981CA3F2C
:101E0000F54AED3F3EAEFD3FA5832340F3542B4002
:101E100011AC6A3E520D9B3E6C7CF63E2251343F23
:101E200079B2773FC004EA3F2A3A0640C68A10409A
:101E30009E242340FC182D40E02AEF3EB360323F41
:101E40001283703FA2288C3F6E86A33F2B87BE3F34
:101E50004EB9F23F5F240A40F7581E40473D2A40E2
:101E6000C7A0333EEBA76F3EC43FBC3E5F7A033F43
:101E7000F5633F3F4013813FFDA4CA3F27660340FF
:101E800025401740F6972B404D0FD23EE4DB0F3F25
:101E900096783C3F4FE9743F4A5E913FF2EAA43F97
:101EA000FD13E03FE206F83F3AAF094059511F40A9
:101EB0003273513E4B238E3E5394073FA114393F5A
:101EC000F298993F7042B93FC499DB3FF7E4F53F80
:101ED000DEE51640B77A20406C98813E46B29F3EC0
:101EE0006A6D323F62F8A83F5DA7C93FED47DA3F10
:101EF000115300407DCB0A40718F1D402E902A4027
:101F0000B395273E959C733E5168C93E89071C3F97
:101F100092B15A3F77848B3FBF60C33FCCD1EB3F38
:101F20007B1408408E752B4070B2E53E99D9073F6F
:101F30005A0E503F832F8C3FF3939A3F09A7C93F16
:101F4000CB2DF13FF931024084642340ED0D2C404C
:101F5000D882863E6170AD3E533F033F0074803FA0
:101F60008A76BD3F51A0CF3FF20CEA3F691D094080
:101F70003ED01640E8BC2040938FD53EFCFD223F6A
:101F800053AE843FD4F1A83F9E07D73F3ECBEF3FEF
:101F9000D4B704402BF60F40A67E2040CEAA29409D
:101FA0006D03873EFC1BEC3E8C651E3FBF99543F82
:101FB0006284803FDA55943FD999E63F494B01400E
:101FC000AE9E1340F88D2F40F88AC63E473A133F25
:101FD00095D33A3FD8D76E3F7E3AAE3F15A9C03F62
:101FE000AB26E03FD06104400DA615407E351F4072
:101FF000C2DD393E6005883E65C5E83E6E8B8A3F8E
:102000003FC6A43F3A23CA3F77F3EC3F98340640DB
:1020100043E71D404D672940802A8E3E70B3B03E95
:1020200005331A3F07F0963FBF82B03FE0D6C53F69
:10203000912CE83F2636FB3FA7791F4059862A405E
:10204000A99F373EAF087E3E13F2E93E98FB383F2A
:102050003E3F903F6B2BCA3FBD52E63F8EAFF93FEC
:10206000D2FB1E406C432D40D0EEA03E7025C33EF7
:102070008DD01B3FD8443A3FF9F5633FA81DCE3FB2
:1020800002B70840F8881040172B2640096D2D40F4
:102090008316423E113A883EB8E6D63E5AD5263FD0
:1020A0001F80B43F6E51D23F6A6AED3F1AA31140C0
:1020B000BF7D1F4069352E405E49823E8446A03E6A
:1020C000261A183FE99A813FED2AD83F27BDF73FEE
:1020D000A5A00740766C12404A4622405DBF2A40C8
:1020E00070EC093E2008303EBD009B3E1B62FC3E6A
:1020F000F948663F19569D3FBFF1DD3F07D30040C9
:10210000D6901C4061892F40041D6D3E31EABA3ED5
:102110005A462E3FCF9E633F64408E3F0DE0A53F61
:102120003A75C53F4963FC3F255D1B403771284028
:1021300098DD633E64789C3E1FF6063F3F01303FCA
:102140007637973F3BFCD53F118DEE3FFA9B04401D
:10215000FA9B28408FDF31407C0F373EEB1C733EEB
:10216000F914C03E2B505B3F253BD63FA228E83FE9
:1021700016130140546F114047722140F8192F4047
:10218000412D463E1C97893E7714E73E7AE3403F57
:10219000641F7C3F5986A43F61C3D73FD82AF13FD3
:1021A00016DE054031940F401FBBF33EEACF263FB9
:1021B000E0114D3FEC4C813F36E59E3F2A8CAD3F10
:1021C0005053E33F7B8305405C77114012141D4060
:1021D0009DBC583E90DD9D3E49BDD73EF3AF5D3F6F
:1021E000419AB53F4243C73F90A0E43F164D01409E
:1021F000B3B50C405C72284010AE503E5A49FB3ECD
:10220000444C813F8733A33F6171BC3FABB2E73F92
:10221000C4EB0A409F021C402D602A40936F32405D
:102220001E8A323E9912813E1FBA2C3F079A573FB1
:10223000300D873F8195A33F596ED93F0E840440EE
:10224000718F194055132A40DBFD7A3EC0E9A53E47
:102250007BFA203F828B6D3F20D28F3FBC3FCA3F2D
:102260004777F03F917E034045F516406DFF2240D1
:1022700007073B3E99F2813E4CC2C53EC6321D3F28
:102280006CB2AE3F65DFC53F2592024050010E4063
:102290000FD11A409CF927408A59973E7F4FBC3E88
:1022A000C8D1303F7C0F873F82E2973F567DD23FB7
:1022B000E8D9F83FFE7D0640C6F92340C53D2C40D5
:1022C000D82D623EEA42943E29EB233F5073523FA1
:1022D0008F70923FACADC83FB919E23FF33CF43F79
:1022E000179F064011DF23406491CE3E77BB063F27
:1022F000B9713B3FC4B1663F6397843FCE70AB3F3B
:10230000C959E43F2592F83FF5BE1740091B284004
:10231000CCEE593E4963843EFB73F13E24802F3F4F
:102320003BC2A13F2B18E93F077C0A4025751240AC
:1023300023322840377132409967CD3E965D243F65
:10234000FA27843FDA389E3FBDE3B83F21E5D73F07
:102350001A6E0040E89F0E40739D24405C552E404D
:10236000ED2D753E7BA3AE3EDE39FC3E3D27353F6D
:1023700022A5613FE9F1833F6210DC3F140516405E
:10238000520F2540B47130405C93963E6EFAC33EC6
:1023900046D1133F1630813FB211A83F9FABB53FE6
:1023A0005951DF3FDD070640A27F12402A741E40CC
:1023B0005DE12D3EAE9B723E2C7FCE3E2D95233FA0
:1023C000EA95963FEC12AD3F6631D53F0473F43F7A
:1023D000919B0940E0D62D406B7F573E9D4A8E3E33
:1023E000ACAAE73E598BB33F13B8C13FC347DC3FAC
:1023F0004EB4F33FF2D21140535C254043902F403E
:102400005E67233E8ACA663EFA7DBF3EAFD1363F45
:10241000A470813F3194AF3F137ED93F4390EF3F8B
:102420005ABB0140A86F1F407B67843E22A80E3F25
:102430002BD9513F5DF9843F9296A63F8E01B93F5B
:102440006E51EA3F6B48064027881440E4A02240C2
:1024500097576E3E0682903E0CC9213FCF10663FD3
:10246000D5CAC43F9A42EF3F1618044065010F4099
:1024700000E31F40978B28409983143F64797F3F86
:102480003815A93FEBADBD3F65A5DD3FAB04F33F7C
:10249000B6B907407D911240FFEC2140CCB42940F1
:1024A00096EC583E4B3B9D3ECD1EE83E7711723F69
:1024B000DF1AA03FD3C1BE3F9FB0DC3F8BFD114070
:1024C00047032440992A3040C9E8A03E3EB3FC3E71
:1024D000C3F32A3F0681653F6458A93F7EC6BD3FCE
:1024E0005070D53F78B9FC3FB4591B40439023400E
:1024F0007CD53A3E63EF853E8A05D63EE084863F32
:102500003A75A13F59C0B83F1F2ED53F2332F83F3F
:10251000CD751C405DDC2840205E773E74269D3ED4
:10252000C28AFB3EC58F8D3FAB04C73F8750D53F66
:102530000343F63F0F9C0540C2861740B8E9294087
:1025400061A5423EB37B823ED17AE83E147A393FA0
:102550008AAB8A3FFD6AB23F3238F23FE2AF0540B4
:10256000B7971440C5FE1E402DED9C3EEE97C73E2A
:102570006DC7383F7FF7563FCFF78F3FD881D33FA6
:102580007155E93FE97D1140C66D2440BADA2A4011
:1025900036AB3E3EF3028C3EEC32C43EFB93103F22
:1025A000BE6AC13F9E29EC3FA4C7FF3F226C0C408E
:1025B0004CE018407BA025403CF8993EFDD8F43E05
:1025C000FCC7523F9851903F7AAACB3F6688EF3FB5
:1025D0009D2E0B40B3CD194065FC2740D7123240E9
:1025E00091606A3E9A78B73EE82E013F66BE4B3F47
:1025F00028B8803FB988933FFB3AF43F8FFC0740EF
:102600008CD617408D0B33409F02303E0E317E3EFC
:10261000779DDD3EDC48553FE23B853F1878A23F81
:102620009FB0D43FAB95F53F672C0A404ED129406F
:102630005D53103E1955463EF9A0AF3E17F30F3FCC
:1026400004E7883FD68BC53F3C88E93F0517FB3F31
:1026500026AA1D4087503140CE34313E3F8D7B3E0F
:10266000E7A7B83E10EB753FB875CB3FF94ED83FA2
:102670004DF8FD3FE92609402FA82540029A304039
:10268000BFF1753E8A22DC3E452F233F5B5E493F0A
:10269000E8D9883F3F009D3FCC45BC3FC6DCF93FB1
:1026A000DD7B0C400D6C27406858BC3E7C9CF13EA5
:1026B000F0173B3F76898A3F12F79C3F4A41BB3F68
:1026C00046CEF63FAB5B034007081A40BF652A4081
:1026D000711B7D3E2C67B73EC233093F0729483F37
:1026E000B98DAE3F8B4FD13F5053E73F2F34FF3F63
:1026F0002FFA1C4070772640CD22E43E151A303F59
:10270000289B8E3F2788A63F3EE8C93FC269F13F1C
:10271000C3640E401CF01B405C382A40B7B4304004
:10272000CA885B3E780BAC3E23C0F93ED270423F74
:10273000DE73783F910F923FCA89BA3F34F4CF3F9E
:1027400094A41340FCC62D40772DC13E22FDEE3EE1
:10275000B553373F4EB98A3F4DD6A03F83A3B43F10
:102760000B0CE53FF9DAF73F0F280D40B5FD23408C
:1027700035EC173E44BE5B3EA1860B3FE126573F3A
:102780000ABF983F4486BD3FFF5BE53FC156054009
:102790004A461A40B7452B403E031A3E2F8A8E3ECA
:1027A000D0EC4A3FB3077A3F47039C3FE8DEB33F94
:1027B0002B35E33FBF650A4023102340B1C42F40AF
:1027C000E4F8713E9642A83E8080213FAB04573F1B
:1027D000BA6B853F5F41A63F1D5AD03F6974EB3FFE
:1027E000AB2113400A9D1F40C9FFAC3E5FEFFE3E88
:1027F0004016363F20B5593F7BF57D3FC4999F3F3A
:10280000DBF9DA3F2A8C0540FDBC21401C422D40FB
:102810002159303E8B37723E5BECBE3EF86F063F6F
:10282000C85E973F672CDE3FEBA8F63FEF550740A9
:10283000486D1440E8BC2240BAA2D43E5AF31F3F70
:10284000FC17683F62158F3F711BB93F8EAFD53FB4
:102850008065F93F7C0F0B40384A204091ED2A40BB
:10286000BDE4873EE481D03E28281D3F5F08513FEC
:1028700069E57A3FC6F9933F2FDDE03F2497114089
:10288000F6D11F4057952D408B898D3E17B9EF3EED
:10289000D046263F5512513F55FB983FAE81AD3F84
:1028A0002B4DC63FEDB6F73F95F10D40A4531B40AD
:1028B0008E75413E84D48D3ED448D33E48312C3F62
:1028C0006A6AAD3FCBDBC13F4699D93F4F400940D3
:1028D000CD751840568225400074783EEA78B43EA3
:1028E000AAB8693FFC00AC3FF65DCD3FADA3E63F23
:1028F00052F20040425B0C40E97D1D40B07228401E
:10290000137C433EC059923E81ECE53EDBA4423F3E
:10291000064C743F946A973F6DA8D83F8C67F03F90
:10292000BFB711404AD21D406FF4613E9FCA993E25
:10293000F0C0383FA582723FAD2FA63FBB0FC83F06
:10294000FF5BE13F2DB2F13F83692040B8232C406B
:10295000B6485A3E84F4943E66FA313FC70D6B3F49
:102960008868B03F0CE5D03FA987EC3F4D3200406E
:102970005FEF16406EA327406D3CA83E1A6A043FE5
:1029800034F46F3FA228B03F5B94C93F39D6E13F92
:1029900098C003406C5B0E4077672540F46C304074
:1029A0001D737E3E57E8BB3EDEE80F3F6B29403F7C
:1029B000EB1C673F3FE3923FFB96D13F62BEF43F83
:1029C000D07E1A40CAC32640E4129F3EA7AEF43E12
:1029D00049B92B3F11C5703F878AB53FC520C83F15
:1029E000D40EE73F164D07404816184010402240CD
:1029F0002D5B833E5513D43E9C360F3FC2357B3F43
:102A0000FD87983F766CB03FD0D5D63F31B6EC3FCE
:102A1000A7E82440A06C30408735953E8385AB3EC7
:102A2000C409403F4013A53F7FF6B73F79CCCC3F68
:102A30009ACEE63F17D4FB3F12832640EDF52E4099
:102A4000AAF0473E541C8F3E6E4CE73E232C263F97
:102A50004A25543F6C04CE3FC51BF53F8CD605403C
:102A60002A741440CD3B2240A9A3633EB14DAA3E37
:102A7000118CF33E98692F3FDAE1833F3A5DDE3FE8
:102A8000ACE2F53FE7351840E73A2D40B055344009
:102A9000FBC9283EF0DA753ED53FB83E384B4D3F76
:102AA00044C0C13F8E23D23FE1970240FFEC0F406C
:102AB00035461F40ABB22D4080EE5B3EDF1B933EA0
:102AC000CC98123FA791923F76FDAE3F2558E03F4C
:102AD00002B7024065360E4055C122403BAA2C4049
:102AE0007F86673ED427A93EABE9F23ED810303F3F
:102AF00085974C3F84F0A83FABE7F83F97FF044031
:102B0000098A17409C8A2040B2687A3E97C9C83E1D
:102B1000C2BE0D3FE1D13A3FE0B99F3F8464B93F67
:102B2000300DCF3FE7C6044061C31540E527214083
:102B30001497333EE3E2A03E205DE43EAB224C3FDF
:102B4000FA0AAA3F1349B83F7E8CE53FD443F83FC9
:102B5000D2001E40832F2E4055BF523EEA5B963E68
:102B600022A7E73EAE81893FB8E4A43FAFEBD33F55
:102B70008FC2ED3F15571740A6F22840BA143340D4
:102B80009702823ED009C93EE86B163F95D54C3F6F
:102B900074EF793F6AC1973F5F0CC93FF623E93F65
:102BA00024D10540585616409C19A53E0F63D23ECD
:102BB000D13B393F0DC3873F68CB993FFF3EB33FC1
:102BC000E622CA3F16F6E43F92741D406076274025
:102BD0001D56583E78269C3ED53CDF3E5AA0453FC8
:102BE000A3CCBE3F83C0D63FFC6FF13F9643074066
:102BF000EBE214406E8B2E40FCA6703EA356D03EF6
:102C00008D625D3F374FA53F3FA9DA3F6822F83F0D
:102C10007B830B40B98D16402315244066882D40D8
:102C2000BB0E353E9088893EBF44E43E89B7523F93
:102C3000D5CF833FCEC2A23F3ECBCF3F0FD6E73F9B
:102C4000A9BC1940904E274075AB773E89B4AD3E84
:102C50001CEC013F9678803F24289A3F0CB0AF3F90
:102C6000CF6BF83FD97C0640D6AD1840F4E02A403F
:102C7000486B6C3E6F63AB3E4018003F0743613FBB
:102C80004BCD823F9352C43FD942FC3F0B41084099
:102C9000FD4D244014E82D409352983EB534E73E54
:102CA00081B43F3F1B107D3FF4E0AE3F5DA7CD3FB9
:102CB0003884F23FAE2A0B401C5F21403E963040E4
:102CC000200C4C3E84D38A3ED40EFF3E3ECC5A3F6D
:102CD0005F07963F789CAE3FD68BE13F240BFC3FCD
:102CE000481B0B40BFF113405281633EC687D93E5B
:102CF0000AA0103F5D6E543FC1E2843FA1D6983FC9
:102D00009F3CDC3FE5D5ED3FF5A11B4015742F40FE
:102D1000FC533A3E3D43683E52F1C73E3C6C0E3F89
:102D2000AB3E873FACCAC63FE336084066831040DF
:102D30005C8F2640EF5533405917B73EECA6103F45
:102D4000D595933FF5D6AC3F594CC43F1EF9DB3FB8
:102D5000249CFA3FEF380B40925C2040616C2B4082
:102D6000B326263ECC7D723E0A82BF3ECF10123F74
:102D7000287F3F3F9E0C963FD864E93FD8640340CC
:102D80009CE120409869314008919C3E8386EE3E4C
:102D9000A626253F5AF5613FCA15923F7828A23FE3
:102DA00060CDD93F302F00409FC80B40EC511A40F6
:102DB0002F366D3E17F0C23E57B50C3F8060563F30
:102DC000A6D59C3FC39EAA3F9300ED3FC2A30740F8
:102DD000452A1440E4DA2E408B19713EA6D3923E68
:102DE000A54F2F3F5B5FAC3F9D68C33FA20BDA3F0F
:102DF000D07E06408C4A104084F02440EF032E40E1
:102E00009E7B6F3E9D9DE43E86E61A3F2A8D503F95
:102E1000EE08873FEBE2963F630BD13F48C4EC3F9F
:102E20009AEB0840B4E52E400D1D8B3E0B99AB3E4E
:102E30003B735B3F8D7AA03F718FB13FB5E0D93FC7
:102E40005CC9F23F253B0C4052B81E40AF7C264087
:102E50005115733E910CA13EF86DE03E9483693F9D
:102E60000AF4C93F6C5BF03F3B1902404E9C0C409A
:102E700073631A40B055224003EBB83EC2F7123FCD
:102E8000300D833F77F8BB3F4564D83F616CF53F19
:102E9000DFFD0B40BF60154089D22A40419A334084
:102EA000EE948E3EE927CC3E8BC6123F99D6563F14
:102EB0003A75893F726D9C3FF888D83F9F930A40CE
:102EC0007C2718403E5C2240F470923E4F59E53E0C
:102ED00092741D3F4B75593F65E4A83F9756BB3F21
:102EE000B98DE23FE01000409F1F0C4007D31C400B
:102EF000E1B4603E726B9A3E0B252B3FA8705C3F9D
:102F000048E19A3F6BD4BF3F1860DF3FC45AF03F9F
:102F1000CD1E144087A727400AF5643E664DB43E97
:102F2000A54D193FD2E39B3F55F6AD3F23BECB3FA6
:102F300014B3E23FE2AF0D4045F023401F112F4094
:102F4000001A353E8847723E774BCA3E3E77223F95
:102F50003316913F36E5AA3F7C9BE23F919BFD3FB4
:102F600047380D40F9BD15406362AB3EAEF5CD3E2E
:102F70003CBF283F7E19483F8BA8793FB81ED53FFC
:102F8000FD9FEF3FBB0A034083861E4017BC2440D1
:102F9000B7265D3E68CB913EA834063FC30D483F3F
:102FA0000EDBAA3F59DDE23FBD18FA3FF06D0C4041
:102FB0000C022540F27B2F40C1AC983E6CD1FA3E0A
:102FC000C91F503F2783973FB18ABF3F9609D73F1C
:102FD0006AF6064085421440361F2B40C7803640B3
:102FE0001840A03E57B5D43EF8351E3F282B663F0B
:102FF00007B68A3F70B6A13F5396F13F4C8E0F4003
:1030000045D81A40BF8224409B567A3E1BBBDC3E0B
:10301000B1FC193FE129503F94138D3FB24B9C3FC7
:10302000E0A1D83F4B1F0240F9310E4075AB27405D
:1030300060921A3E4451603E92CCB23EED7F1C3FFE
:10304000BEDE893F0612A03FC22FF53FEE5F05406E
:10305000CDCC1C40FAB832405B7D253E1938603E2D
:103060007408E43E6E886D3F48BFB93FE65CE23FBE
:103070001552084057781740BE9F2A4065193440C2
:1030800039B4483EF031983EA699FE3E5C20313F6F
:1030900030818B3FF207A33F94C1C13F016A0040DA
:1030A0009D851140419F24403FA8AB3E52EDEB3E31
:1030B0006A682F3F3A1F5E3F87C4813FE561BD3F8D
:1030C00072C4004060C80A4022A6244081EC2D4012
:1030D000ACE4833EC686AE3E26E0FF3E42D2573F7A
:1030E00027C2B23FD174EA3FD3300240B0E60A4073
:1030F000350C1B408D972240EDD7D53E45B8213F7A
:10310000AB96743FC841993F5474D43FE89FF03F59
:103110009FCD0A40ADFA16406DFF244021B02C40EF
:10312000F6F0253E7DCF803E933AE13E7731293F50
:103130001F66673F97FFA83F23F8CF3F82A8E33F72
:1031400034F42140732E33404983833E6F46A53EBD
:1031500069742F3F77108B3F29B3A13FD4F1C83F4B
:10316000DE02ED3FF1F4004002F11040D09B1C4024
:103170005532003E2C66343EE319AC3EF016483F13
:10318000CFA0993FF050B83F0118E73F16F6044032
:103190001C991D40813E2F40537BD13DEAE9433EBF
:1031A0004D49463F48BF893F774AAF3F7446D03FBD
:1031B000978BFC3FA01A0F40EBFF2640DD07344001
:1031C000C89A313E76346E3EE1B5FB3EAC1A583FAC
:1031D000D3308C3F6076AF3F5036D93F4D4A0340E5
:1031E000543A1440962120401ADB833E14ECAF3E43
:1031F0003271273FB9C7563F2428863F6B65BE3FD3
:1032000040D9DC3FA9DEF23F7A8D1B400681254084
:103210004CA64A3EC4788D3EC66CE13EA181343F47
:103220003238A23F27C2DE3F0A9DF73F4DDB0940FF
:10323000E09C1940E9F12740C8B5D13EE7C6183FE8
:103240001BD77B3F3D44973FD881AF3FFD4DC03FEB
:10325000520FE13F40300140BD521840C9E52540C2
:10326000F6616D3E8F70AA3E268FF73E8603253F9E
:10327000541A513F85226D3F569FB33FA3E90E403C
:103280006BF11D40E36B2B408868843EDE1CAE3E34
:10329000E8A42B3F4B91683F2AC68D3F1366BA3F87
:1032A000EB39E13FAD51F73F5C3D07402BD913406F
:1032B00053CD3C3E122F7F3E2A55D23E1381163FFE
:1032C00052B8A63F2A52C13F1FBADC3F92AEFD3F23
:1032D000091B12402E041B40B51A823E876CA03E8B
:1032E00085EC283F6406A23F8CDBB43F323DD53FDE
:1032F000DAACF63FD7860640F54A2340EC122B4065
:103300006078253EF52D733E32C9C03E9818233FA4
:10331000F7B1523F349D913F4A24D93F3B19F03FCA
:1033200013D5194089EF284051DDC43EFC01EF3E22
:103330007BA43D3FDD26703F16FB873F1630C13F23
:10334000D2E3DF3F787AF53F0E15234005FA2A4095
:1033500045F1AA3E45B7D63E1C95233FF9DA8B3F8F
:1033600062A1C23F2D21D33F67EDEE3F3C8809406B
:10337000A930164099642040FC38DA3E09DF2F3F1F
:1033800051319E3F8FE4B63F9548CE3F707CE53F7C
:103390003220014045F50E40AA0E234042952C40B4
:1033A00040A1863E242ABC3E32CA073FFFEA3D3F89
:1033B000755A5F3FA7E8883FD66EDF3F89EA034032
:1033C0006F2A1240A5A01F409EEBAB3EA9170C3FF1
:1033D0009B59373FA1486B3FCF49A33FC347B43FF9
:1033E00003B2D73F6FD3FB3FD0ED0D4068961C4032
:1033F0009417693EA777A93EE8DDF83E890C8F3F18
:103400009609A73FF14BC13FE5EDE03F5036F93F4C
:103410002D0928401E163240423EB83E5C8EDF3EEB
:103420008D29403F14CB993F7E35AB3FB823CC3F2D
:10343000CF31FC3F284907404EB92440AAB72E405F
:10344000B6F4583E8FA99B3E1C44033F4EEC293FE7
:10345000840D8B3FF510D13FE1B4E83F0A4B0840A3
:10346000740719400473264057CC483E3F388F3EBE
:103470003675DE3E06F31F3F41B9453FB9C2B33F43
:103480009F71F93F834C0A40EC5128408D9C31409C
:103490000989343E2769863E1958BF3E09C3143F47
:1034A000F792C23FD23ADE3F1574F73F8CF80840DE
:1034B0009AEB1640AC3930407286823E4D48C33E8E
:1034C00045624E3FD7178D3F276BC43F2D09E03F24
:1034D0007446FC3F4F3B0A40CB2D1D4064232A40DD
:1034E00049F4423EB8CA933EFBEBE53ED09C2D3FEB
:1034F000E0F74F3FA583B93FBB44DD3F60B0FB3FE2
:1035000043E22840FD873240679A803E82E4C53E10
:1035100037FF1B3FE00E4C3FAD17833FEE42973F16
:103520004D32BA3FEECE0040C98E1F4045BB2C4005
:1035300059A72A3EC64E883E2235C53EFA44363F3C
:1035400063EEB23F0B24C43F813EF53FCBA1054063
:10355000622D2440A9873240062D743EC0B09C3EA7
:10356000D40BE63EB153603F8CBEC23FA88CF73F00
:10357000569A0840C02611400A682240C5202A40B9
:103580006283253E7232613E6BD7B43E8A3B063F72
:10359000EB38763F3E969A3FC30DD83F4A5EF53FE3
:1035A000145C0A40B2851440F4C4D33E38DB183FA3
:1035B0000D344B3F807D7C3FB211A43F0BD2B43F12
:1035C000CF83D33F9E0701401496184041D4214039
:1035D00089246A3E37E1AE3E3144F63E38157D3FE0
:1035E000EE7CAF3F191CBD3F3B36EE3FB0030140C0
:1035F00077BE15404A7B3140B5A7843EC7D5183FFA
:10360000A4377C3FC72EA93F4B59D23F1A8BFA3FB4
:10361000BC7912408CD61F40F9DA2D40CC0B3640D5
:103620008F1B3E3EEBFC9B3E8578E43E8C4B5D3F22
:10363000C6BF8B3FE50AA33F22A6F83F541D0640B4
:10364000DE932140D82A314070ED343E4C6B833EEE
:103650000DE33E3F32566F3F3F52A43FE353B83F26
:1036600062F3E13F53D00740A1D6184092CB2540EA
:103670003E5C423E4B208D3E19CAE13E6344523FC0
:1036800043C5A03FFE9AB43F0803F73F60B0074030
:103690008E5819406CB22640069D883E71E5AC3EBE
:1036A000B9C4513F7D3F913F8104A53FB875E33FC9
:1036B00057CFFD3F27310E4050C72540ACAD2C40C1
:1036C000BF46523EFB928D3E76FD063FAC373A3FF9
:1036D000BB27833F9EB5D33F2CBCF33FA9FB0240E1
:1036E00067F20D4089291D405F45963E4757D93EF8
:1036F000AB211D3FF0C4743F4226913F0C93A93F7C
:103700004C8EE73F0D1AFA3F70CE124038DB244052
:10371000CF833B3E40A47F3ED09DC03EF33D0B3F58
:10372000FFE7AC3FC91FF43F57EC05408D5D1040EB
:10373000C4EB20408E062C40698C0A3F12304A3F71
:10374000AC8B873F5B7CA23FCC7FC03F5DE1D93F24
:10375000DC2EFC3F693A0B40BCCB1F404DBE2940DC
:103760006FD46A3EABCFAD3EF25CE73E0F45293FDA
:10377000A5BB4B3F4772893F02BC01402B350D4032
:103780004CA61E4090832E408CF6A83E1AC2013FE4
:10379000B54E2C3F0A2D633F56489D3F92B3AC3F38
:1037A0005001E43F878A0540D2C61140D0B81E4080
:1037B000D9B50D3E10CD4C3E76E2CA3E98DD4F3F66
:1037C000639C8B3FB7EEBA3F376CDF3F1FBFF33FC1
:1037D000BA491640FFCA2C4070D2343E0EF9773EEB
:1037E0009BACC13ECAC3963FBF48C83F46CED63FFA
:1037F000AFCEF93F2EC5074086202540232D2F4010
:103800003A5A153E662F4B3E88D9AB3EE5ED0C3F4C
:103810008386823F2783AF3FBD18E63F6CCFF83FDA
:1038200084470D402AC62F40F228C53E39F2003F9A
:103830007907343F6FF5883F91D0AE3F226CBC3F93
:10384000CCB4E93F8B370A400DC317409357214052
:10385000F7E4913E7DAEC63ED2E1013F560E613F98
:103860000803C33FD55BE33F22FDF63F77150A40CF
:10387000DEAB1C40948725408E73FB3E6093413F36
:1038800065AAA03FF8DFC23FF966E33FB8CC01402C
:10389000CF4E12405A811B408A762B409BAC314060
:1038A000AA44813E21CBCA3E9C88363F658B5C3F53
:1038B000F27B933F6076AF3FE197CE3F674409408C
:1038C00090BD2440179A2D4065C5903ED17AE03EC8
:1038D000A9121D3FE205593FE960A13F0A85B03FAB
:1038E0009C33D23F75CD084060931740126B214046
:1038F000C6DD503EBEF6A43EDAADF53E8600743F0E
:10390000390B9B3F8AE5B23FF180E63FB62DFA3F87
:103910009ED21940AAB72440DF70873E5A83B73E33
:10392000F1F6203F1D3D8E3F508DAB3F56D4C03F3A
:1039300091F2FF3F4C6C0C40BE871D4007B62A40F9
:10394000DAFE353E5F0C653EDA02CA3E9E610E3FEE
:10395000CA89723FF914C03F50E4DD3FCE88F63F7C
:10396000EDBB10403EE81B40D6E1A03E7F2EBA3EA4
:10397000BD563A3FCF145A3F3BE4863F2029E63FED
:1039800080B7FC3FB8AF0B40986E2240AD4C28404A
:10399000E49E4E3E560E8D3EE04DCF3EEF593F3FEA
:1039A000A301C03FC9ABEB3FFDD9FF3F0E840E40E2
:1039B000EDD81E4040D92A400056073EC841A13EDE
:1039C0000E4C523FD717993F809AB63F4E97D93F3A
:1039D000EA5B024039B41440BEDE2B40AE0D3540E8
:1039E00027BC643EE5D5B13E98FA013F2D07463F1E
:1039F00058C9773F2C2B913F32E6FE3FD89E1340AB
:103A0000F65D2140E17A3240B81FA03E174AE63EFB
:103A10004C52153FF6296F3F8060A23F49BAAE3F36
:103A2000D3DEC83F41F1D73F7CF20440CF1426409B
:103A3000A989FE3D5C04263E90DA943E936E273FB2
:103A400009A79D3F42ECC43F1E50F23F6FD30B408D
:103A50004B02244009163340554C353ECBD8803EAE
:103A6000365CBC3EDD99693FC85EC73FDDB5D83FD7
:103A70001B12F33FF19D044005691640B8582940D8
:103A8000174A763EDDB4C13E363D0C3FF817413F44
:103A9000912B793F0F458D3F9886C93F92CB0140CE
:103AA00027830D4071032440F207DB3E61DD043FB4
:103AB000DE72453FF6EE6F3F5D168B3F8C10CE3FBA
:103AC000E17AF03FE9600340062F2240BF0E2A4012
:103AD00040C1653ED5CCA23EE71BE13E3F1C503FB6
:103AE0000C02B33F6935D03FB1A7E53FC74B074054
:103AF00047C913403ACC1F400A00000009000000EB
:103B000000020000886E002005000000090000008F
:103B100000020000884600200500000009000000A7
:103B200000020000881E00200000000000000000CD
:103B30000000000000000000A4702D405E4B4041DA
:103B4000EE7C3F3DAA482FC02ECBF73D24390641DD
:103B50009D46CABF3B6E64BF85B6983FB532F5BF80
:103B600068973F3EEDB651C0CE1CAA3EFE43F5C05D
:103B70004A5EBDBF03F8F941B988C33F0EADDD41D0
:103B8000B43D06BFFC00A84009A70D3FA60AEE40C1
:103B900068EC57BF94FBF9BF93E31040BFC30941E2
:103BA0001494123E3064174056D31D3FF662A43F72
:103BB000DD0CDBBF0BC6B041670A813F082C8B418F
:103BC000F78EDABDD89EB53F12840BBEAA60644161
:103BD00076C3DABF5541A4C11635D43F4A0759C050
:103BE000B85C0D3EB5A69EC01267093FCDCCF8BFAC
:103BF000B404493E58681342A0E0A23FB673B441F2
:103C000079932BBF1EF9F3BF90A1C33E0FD6CC40D2
:103C1000EBC441BF28D59CC0D526EA3F40A49340C1
:103C2000F838A33EE4A03C3F72E11C3F9FCD04C0A6
:103C300050FFD1BEFB4BC641A054E33FED0D5341B5
:103C40002106DA3DE7FFD5BDA6D1443ED8F022419A
:103C50009886E9BF9BE6F6C0B16C6E3FAF258B40FE
:103C6000BD1C9E3E83C082C05456CB3E41F13CC138
:103C7000618947BDC1E824427C99603FB5660F4227
:103C8000DC8142BF5F09F43E12857A3FE696F5403B
:103C9000BAF798BF317C4240F5F32840CF4E5AC066
:103CA000CCB6433EE89F66401A4DCE3E58CA8A3F86
:103CB000B2BA09C05DDC90418BFDC53FD2290541F8
:103CC000EC8512BEF06D82C0D3BE19BE56BCBB409F
:103CD000C347B4BF780B50C09A77C83F789C26C1C1
:103CE0007572363E90A023C18F6DB93E46EEE9BC99
:103CF000B29D8FBD2720C341AB41183FC6DC8B412D
:103D00000BEF92BE24EEDCC0A0FCED3EBA4923418D
:103D100022E080BF17B765C1AD17154057436CC08F
:103D2000C5E6AB3E950E1A403884823F2BF649C05B
:103D3000A835A1BFA5BDFF40618E1840DE719D4131
:103D40009373C2BDB77A1AC09B5A563ECC45D54034
:103D50005B250EC0419FB03F096DA53F12F70240A1
:103D60001879793E9A0764BF2288DB3E7632E6C036
:103D7000088F8EBF985D2542F7062740BE1FF94188
:103D80007497E4BE2B302240E9EEFA3E0E159440C3
:103D900065018FBFAB784FC0D751E53F8EA3064179
:103DA0009CC11F3E6FBC3B3E724E083F26E449401B
:103DB00039B543BFAC1C944129D0733F3F573C41B8
:103DC0003946AABE48A8B13E57044F3E03786B411E
:103DD000784508C0AAF178C11C42AD3F0EA1F6BFDC
:103DE000289E33BCF2B082C1AD50CC3EB39832C0F5
:103DF0000F2B403FB82FF941C6DE273FEEDAC34113
:103E0000240BE8BE91623CBF8FE4923E917ED1408C
:103E1000593637BF8CB945C1EC34C63FA2D1774083
:103E200012338B3E17664D3FDB87003FEE5A9BC037
:103E3000A27BFEBE5F188E41EE77983F39455F4109
:103E40007C0A803CE370AA3F3109AF3E47F70E4140
:103E5000823914C055A4ACC04434423FBC74FB3F0B
:103E6000971C773E50364FC004C8883E1AC033C1F5
:103E70002CD78BBECC7F02425873E03F5EBA214202
:103E8000F2B448BFBBED424090BB343F6328B5401D
:103E90008E75B1BF7441AD3FEC1718407C61D63FC1
:103EA000EACD783E056E97401B82FB3E7C47B53ECF
:103EB00050AACDBF0F8B0A41DC63953F5396BF409C
:103EC00047E70CBECEAA40C139B480BEEE5A2641A7
:103ED000B83BB7BF3C770EC1EBFF7C3F105853C1D6
:103EE0003BE1853EEA5BCBC099B7CA3EF1D833BF10
:103EF000A741913E6132D741F087D73E9D1177416E
:103F0000F12BB6BE12A55BC1DA01073F4260464104
:103F100024B495BFDBF97FC16B0EF43F151DBAC009
:103F2000FA7FB53E1F8076400265533F593485C005
:103F30002FFAFABE4BEA5041895E1040226C58417C
:103F4000F165A2BB232D4FC0D5CCDA3CF5B9FB40BF
:103F500034BAE7BF7501E7BEF1BA8A3FE2063CBE5C
:103F600098180B3EA60F11C06E6AC03E5A64B0C0CE
:103F70004EB4FBBF4ABB1A42C72EFD3F2586C44143
:103F8000566434BF5F7BCB409529F63EF0A7E140F5
:103F900077F679BF020E1BC03A232040984CD840D8
:103FA0002F30AB3D2E905040452B0B3F9DF6683F88
:103FB000DEB09DBF64BBB8410116493F79E96C4151
:103FC000E6AD5ABE6210D83F1C959B3BD95F91412C
:103FD000520AC6BF35EF80C11422C03F33FE51C024
:103FE000C51CA43DA04F94C0DE03F43E5B940BC0FF
:103FF0006E8BE23E4C3721428750893F6ABCDC41E0
:10400000C04018BF825685C04C4FD83E02B7F3401F
:1040100004726DBFF7C7E8C067EDFE3F20EFA53F14
:104020003126953E9D851940C498383FEBADF9BFC8
:10403000B9E34DBF9E6FC74172FED23F25F598414F
:10404000F23F793D1E3417BF4B3C883EE9A6114133
:10405000158CFABF739D38C090F78E3F9A082B409D
:10406000828BB53E14E82FC0D655A93E637F62C14E
:104070003E2107BF6A4D1E4223BC7D3FAEC72C4286
:1040800045F116BFD174A23F1D93493FFDB00B41CE
:1040900033C481BF7E35833F5BD33440D09BF23F36
:1040A000DEAB763E6BB72F404EB9DA3E6FD822407A
:1040B00082FFF9BF6DE74341616CB93FA1F8404110
:1040C000378B57BE854258C0E44B68BD96432341A9
:1040D000DC80D3BFA549A3C05EBAA53F325544C119
:1040E000BC92E43D91D00AC1923CA73EE67495BFD4
:1040F000116EB23CA301F941AB21E93E48BFAB418F
:10410000AC39C0BEE8C157C09088C93EFED4344126
:1041100005F959BFB7519BC194D90640A4A50EC05B
:104120006518BF3E9947F63F876A623FF73BDCBFA1
:10413000ECA179BF2C711D4111360040C7298B417C
:104140002F3417BD5F418EBFDA04183E8ECCAC40D1
:10415000630BF5BF22C398401D55B93FD480093F7A
:1041600093A8473E15E384BFB2D5FD3EC3471FC1A8
:10417000FC8C87BFD5C90342D4B700404ED1014261
:10418000728A9EBEF30297402446DF3E2E5694402C
:104190009F599EBF3F8CA0BF927401407BDA1641AD
:1041A00003E9423E83FABA3FB741F53ECD061F40D0
:1041B000A20B8ABF0BC68141F3939A3FA5771A41A0
:1041C000FB2384BEE40FD6BF2427933DF0A75641BE
:1041D0001349F0BF759380C1A110A53FB5E09BC006
:1041E0001DAD8A3D4D1557C18A00DF3EC74B85C0C6
:1041F000E7A9EE3E4CB7F44133A7673FB4C8AC41E2
:10420000D5B304BF1B0D22C0D8BAAC3E6F64B44016
:10421000D7120EBF39348BC1868FD83F9CA7923FEF
:104220008867693EF8A8633F7D59163FF359B7C0C8
:104230004C3686BE325595410091B23FF00588411B
:10424000A2629CBC40DE8940B1C49B3EE9B74A41B2
:1042500066BD04C034BFCEC0E7A86B3F46429B3F5B
:10426000F4E1913E488AE4BFE3C1563E273180C164
:1042700049D522BF499DFC4132C9AC3FC3B50A4272
:104280006ABC78BFA5A0A9408F1A173F06648E406C
:10429000F7AFC8BF8F8D6640DF4F09407B889040E5
:1042A0003290973E6FD883403BFEE33ED7675E3F38
:1042B0002A91B8BFED0D62413789AD3F9F3CC040A8
:1042C000D0F151BCE7E3EFC0F628DCBE7E00084128
:1042D00048339ABFD39FE3C039EE8C3F3BC7DAC067
:1042E000992D493EEE7CC7C04E9DDF3EF59C90BFA8
:1042F000EF6F103ED6D6B6417DE6943EBF7D964127
:10430000AC8F07BFB970F7C02D60223F05A32C41C9
:104310001BD8AABF3D9BA2C1E466E83FFD9FF3BF47
:104320005820CA3E8D0B73400C913B3FEDF002C10B
:104330002BC23DBFF54A3C410200000008000000CE
:1043400000010000C8BE00200000000000000000C6
:1043500000000000000000008126A2BFA2B49FBFA1
:1043600003788BBDB1E1754029ED8DBDFB5CE5BFE8
:104370000612CCBF5917573F52B81E3E33C449C02E
:104380003C4E41C0C3D33B3F0B4685BE1D5AD43F74
:104390007F6ABC3C8CDBB240D3BC1FC063EEFA3FEB
:1043A000418222BF3FC64C3F0BB52A40B003BF3FFE
:1043B000BC05923FD26F3FBFFCA989BFEFC9ABBF1D
:1043C000910FFABEC1CA813E5917973E5C20C13F8A
:1043D000EEEBF83F355E2AC0A30118407DD0C33F05
:1043E000A85784401904D2C06A4D0BC0583930C058
:1043F0000B4645BFCD3B9E3F583924BF1B9EDEBEBA
:10440000DFE09BBF08AC7CBF94878DBF2B1809C031
:10441000690017C089D2FEBEB1BF84C0B4C896C0BF
:10442000295CB140B0724440D34D6A40FE433E40E7
:104430008E061C40728ACEBFCB10A7BFBC96084028
:10444000984CF53F17B711BF6DE7CB3F3D0A8FBFC3
:104450005BB19FBFFE65CF3F19042240CCEE1540F3
:1044600074B505BF9FCD46C02D210BC0711BBDBFCC
:10447000591727C0886365C05DFEC3BEF5B91ABE73
:104480001895643FBC9624407502E2BF789CF23FC9
:104490001B9EC040B1E1A9BFAB3E57BE9A77BCBEE0
:1044A00001DEA2BFBC7493BF3F35BEBE6E3410BFE9
:1044B000F08521C0D34DE2BF098A97407AA5B44068
:1044C00008AC5C3F0000603FC1A864BF1AC0CBBF0E
:1044D00036CDB3BFBC7493BDE3A51BBF27A049BFB6
:1044E00073D7B23F73D7923D05C5A3403B01C5BF0B
:1044F0001D3889C06ABCFCBFF4FDAC3F8AB01940CE
:1045000089D26E3FA5BD5D402EFF19C0D044D8BEF4
:1045100030BB3740787ACDBF7E8C49C044692BC010
:1045200095652CC02FDD8EC03411EE3F71AC0BBFF2
:1045300025067940C52078408A1FDBBFF54A81BF38
:104540001B0D00BF9A77E4BF910FFABE9E5E693ED5
:10455000426055BFF90F81BF4D15A4BF1D38E73D1F
:10456000F706AFBFF5B9AABFF2D26D3F60E5444090
:10457000D191284047036440FB5C11C06210283F82
:1045800001DE9ABF728A6640A301CCBF7AC7A9BF79
:1045900048507C3F9318384014AE1740C05BA03F92
:1045A000CE19A13FFE659FBF01DEB2BFAED8BFBF2F
:1045B00055C1D0BF41F19BBF666626BEC9765EBFBE
:1045C000A69B443BB68400C0F2D2AD3F10583D409C
:1045D00002BC554091ED5CC0A01AAFBFE56121BFA0
:1045E000FED424C07DAE9EBFC05B9E400A682E40B4
:1045F0000AD7BB3FC8983BBE8351C9BE5474BC3F69
:1046000017D9DE3F2D211F3F01DE8ABF341136BF8F
:104610001B0DC0BECC7FE0BFFE43FA3DB22EFE3F75
:104620004B5906BF20D287C02AA9A3BF211F74BE41
:1046300016FB2B3FB37B3E404013D9BF0EBECE408E
:10464000A0897CC0819503C027C22EC0E63F84BEEE
:104650009B551F3D682268C0A54E82C0BC74533F65
:10466000CEAA4F3F211F3840295C0F40CC5D0B3F45
:10467000D0D5B63E355E064020412140637F1540CF
:104680006ABCD43F0000203F27C286BF07CE69BF67
:104690004DF3EE3FB684A43F10E9B73F51DABB3F7C
:1046A0001EA7903F32E6AE3FD6C58D3F5B4252C05B
:1046B0009EEFE7BEDDB5E43ECC5D97C0522774C0E7
:1046C00074247FC0448B7C3FA1F8313ECBA1A53F31
:1046D000ADFAAC3FED9EBCBE613235BF567D6EBEBD
:1046E000AA60AC3FACAD88BF62A1D6BCDAAC7A3E62
:1046F000348057BF2731C8BEBC742F40CEAA3F407C
:10470000871693C0211FF4BD24977F3E20D2EF3E31
:10471000DE02893DE92625C024287E3EBA6BA9BF6A
:104720006891BDBF1C7C713FD26F5B408C4A0E40CC
:104730004DF30E4100918EBF83C0EA3ED9CE6FC0CB
:1047400093A9424054522FC0986E12405474D43FE3
:10475000A83569C06EA3813D8A1F2FC0637FA1BFAA
:1047600048504CC0333303C036CDBB3F0C93A9BF78
:10477000E4140DBFECC0B93FE926F1BE107A9EBF2C
:10478000CC7F3C40F8C214C029CB1440029A0CC024
:1047900097FF703F840DFFBF9D80063F9C33A23D75
:1047A00052494DC0FA7E1AC0C6DC614024B964404B
:1047B000B5157BBDE71D87BF022BC73F2B18153CE6
:1047C0002DB29D3D36AB36409FCDBABF1EA700C06F
:1047D00096430B3F2BF633408FC295BEA60A36BFD9
:1047E000787A753F499DD8BF2428EEBFDF4F8D3FB3
:1047F000B22ED6BFC74BB7BD211F6C40B7D13040DA
:104800001AC0DFC098DDD33E32E6C6BF8D972E3F7B
:10481000F90FB93FA301DC3E21B0D2BE07CEA9BF3C
:10482000499D003F5C8F32BF8195C3BE1D5AA43F96
:10483000E6AE753F492E87BF34110E40014D043E50
:104840002497B73FD20042400C027FC032772D3F01
:10485000560EAD3E55306EC0ABCF01C0CAC3C2BF0D
:104860008351813F211F9C40ADFA6C40CDCC8C40E0
:10487000BF7D9DBE280F1F40C4B10E40F5B9C2BF19
:10488000643BDF3E8AB0BFC065192AC0068119C0EB
:1048900014D000C067D5AF3F48E172C03BDF134082
:1048A00007F056BE8A8EC4BE6FF0DDBF0D717CBFAF
:1048B00086C954BEDE02A1BFD42B254091ED6CBF4A
:1048C00080484F4086C98C3FC1396B408A8E9440E6
:1048D000ED9EF43F645DBC3FCA3230401F858BBE05
:1048E00007F0B6BE03090ABFB1BF86C01CEBCEC03D
:1048F00061C317C02CD402C030BB373F3867B43F08
:10490000B072383F1DC9DB40014DE43F97FFE440E2
:1049100088F43BC095D45940083D1BBFE09C15402E
:1049200005C537403C4EE1C00A681BC1F016844003
:104930000D715CC0A5BDBFC0CD3BB040304C66BF63
:104940005474F0C0BB279F3F0DE04D3F3F57CB3F16
:10495000371A603F5227E0BED7346F3E9FAB2D3DE4
:10496000DBF9FEBD3277AD3D26E4233FB5A62940F5
:104970009A99D13FB1504FC0341112C01B2F09C0BA
:10498000D509C8BFDAACDA3E54741040A54E2040B9
:1049900041F1CBBFC13917C04013213F6C09993F8A
:1049A0006FF0553FC8075DBF10E937BE6FF0ED3FB0
:1049B000FCA9313F772D354040A42340ECC0D9BE3F
:1049C0004625953E94F6463F0681B53FAAF15A40EA
:1049D000BE30F9BFBB27874055C1EAC0CCEE71C0DD
:1049E000A24566C0EA9526C09CA2F33FF46C36BF90
:1049F0002C6515C08E06703E54E3694027317C401B
:104A0000984C41404B59463E956598BF865AF3BF36
:104A1000DAAC2ABFE926A1BF9D118DBF5C8F2AC0E9
:104A2000295C0F3EDB8AB5BF44FA9DBF1B0D603D7C
:104A3000AC8B1B3E9565983F333367C06DE70FC065
:104A4000FA7E8ABFA4DFFEBF037893BF3D2C10C05F
:104A5000827322C08D976E3F211F943FD57801400D
:104A60001136D43F992AB03FB22ECE40A3920A40CD
:104A700058A801C09A77FC3FD7125240BA49ECBE01
:104A8000696F98BFB30C1DC0819593BFBC740BC0F8
:104A9000BA493CBFBC0506C0C9E51F3F8E06E03FD2
:104AA00004E754C05DFE5BC0AA8229C09FCD12C03E
:104AB000BBB86D3F0378AB3F9A7708C09F3C8C3EF4
:104AC0006519A23FBB278D408E75B13F85EB7940BC
:104AD000C8073540ED9EA43F5BD3FCBF5F073E3F58
:104AE000107A1A40CA54F13F95D491BFFF2125C0D6
:104AF0003BDF3BC0D1226BC0F085E9BF36AB9E3EA9
:104B0000567DC44054E39340061204C09BE66DC03A
:104B1000D7A370BFA245B63F51DABBBEDF4F0140FD
:104B2000BB271F3F24B9843FAED81FBE0C937D40E6
:104B30000BB5AEBF2B18953EA8576240158C5A3F57
:104B40008E0670BF63EE6EC02F6ED1C038F89ABF6C
:104B5000075F5440E8D924400612FC3FD9CE9BC0E1
:104B6000F7061F3F5EBAC93D7E8CC93FA323793E3D
:104B7000D88127C060E518409B552F3F037893BF2D
:104B8000DE7102C0613265BFA089603F7E8C993FB3
:104B9000226C78BF5917AFBF21B092BF20636E3D22
:104BA00094F6863E7D3FFDBF1904063FFE43D23F8B
:104BB00001DE223FBBB83D3FCC5DB340BDE3B4BE98
:104BC000226C283F4F403FC08351193F098A7FC064
:104BD00095650CC0E5F27740C05B0040780B14404F
:104BE0000B46E5BED57805C0DB8A8BC0621008C0D5
:104BF0003F57AB401DC9FD3F04E7AA4058A855BF29
:104C0000F6971DC09621963F713D8CC01826433FF4
:104C1000F2B0F8BFA245B63FF5DB53C0E561213DD8
:104C200024B9004059172B4092CB9F3FAED85FBEAE
:104C3000B1BFEC3D90A0F8BE70CE1C40E561513F85
:104C400032E68EBF287E0CC070CE78BFC1A804406B
:104C500004E7CC3E6E34983FFB3AE03FA7E8A0BFA4
:104C6000061254C0865AF3BF7368F13F2041DF40FB
:104C700024971B404CA602C0713D7A40A835B14034
:104C8000E9B7DFBF189554BF158C3640F628B4BF7E
:104C9000A60A063E9E5EE93F55C138C07502F0C0C7
:104CA00018265FC06EA351C007F036C0EE5AC84048
:104CB0007FFBEEC0FED4D83F3E796040E86AAB3F50
:104CC0009A088B3F42CF3E4045D8503F8B6C27C05F
:104CD0008A8E18C0F85353BFF85323BE8A8E004003
:104CE00070CE38C0B8401EC048BFADBFC1A8A4BF79
:104CF000CE19C9BFB1E189BF44FAED3E107A2E400A
:104D00007DAE06409643CBBE986E12BEA3927ABF8C
:104D1000E3A507C0B00347BFA392824053966D40FE
:104D2000B30CC13F8FE4923EF93126C014D000C0CD
:104D3000B1E1C13F10E96F402AA94F408126323FBF
:104D40009E5EA93E04E71CC05D6D5DC03F5785C0F7
:104D50003BDF2FBF68B38A3E7446943DCBA1A53E8E
:104D6000910FFABFA2B42FC074B555C0917EF3BFA6
:104D700085EB81BF1748403F3FC65CBD9FAB35C048
:104D800027C2A8409E5EA3402BF6B73FEFC9B33FB2
:104D9000B5A6B93FD26F1F4033C429C0AD691EBF4D
:104DA000022B27BF477209BF5C8FDEC0E561A93FB8
:104DB0009B558B4014D03C40B22E7E3F8FE4F2BD19
:104DC000849E5DBFC21716C0F16360405D6D3540C3
:104DD0003A9285C0780B84C0D34D9640B1BF404015
:104DE0006ADE91BE2D2100C1287E5C40992A483F91
:104DF0009CA22FC014D0DC3F42CF82C0CE8862BFBD
:104E0000341198C0E336A040C97656C079589AC08C
:104E1000E63FD4C0A3019C409B553FBF2D21774066
:104E2000682228404772693FB1BF843FC5FE1240E7
:104E3000AC1C8A409D116DC0A4707D3FB6F3FD3E51
:104E40004772994052B80EC0CB10173F832F0440D1
:104E5000AF25E43F8D970EBF7E8CF93E8104314033
:104E60003CBD523F02BC05BEB6F32DBFFB3AA8BF06
:104E700077BE9FBFD7347F3F6B9A03406666263E5E
:104E8000BF0E3C3F7DAEB63C3480D7BF24283AC02D
:104E9000B76283C072F90F3EF7E401BF4B5956BFAA
:104EA000569F5BBF7F6A3CBD32E6AEBD5F07B6BFB3
:104EB000378931BFCCEE2140BDE30C40713D0E403F
:104EC00007F0163F83C0A23FA52C43BF492E33C035
:104ED000158CAAC0BE30814029ED4D409D11B5BF53
:104EE0008B6CAFBF8B6C673D7F6A74C0EB738DBFFB
:104EF000C729C23F0DE00DBF9790C7BF228E953ED8
:104F0000545207C0984CD53FC3F53440A245463FA4
:104F10001EA72C4001DE8C40F2D24DBEBA498C3D1A
:104F2000226CA83FB6F34DBF0378BFC086C9E43FEB
:104F300055300AC02F6E733F3FC62C3F4A0C82BDCE
:104F40001B0DC03E2BF6273FC58FF13E211F14C01D
:104F500044699DC007CE45C03FC60C3FFC18B3BE98
:104F600004569E3FA4DF2A40B684C43FBB27D73FE8
:104F7000FC189B3F4BC8AFBFF016C83D3F35AE3F56
:104F8000E71D273CFE65D7BEC05B503F6F813CC02C
:104F9000E6AE95BF705F973FB1BF6440C1A88A403D
:104FA000C807B53F4ED1D93F12149FBF9D119B40FA
:104FB000BADA8EC04D158CBD2B18DDBF39D645BE73
:104FC00093A926C07DAEB6BFFC18933EA2B477BFAE
:104FD000E09C11BE33C499BF643BEFBF14AE9F3F4A
:104FE0008CDB38C0DDB5C4BEA2B4B7BE58A8314012
:104FF0004E6200C07CF20CC0CD3B2AC0F90F25C028
:105000007DD047C091ED5040A913E83F643B374045
:10501000910FCA407C6188C04547423FCAC342BF26
:10502000D0B39B4060764FBFD7121640B6849C3EEB
:105030002F6E0FC0A779A7BF423E283F4A0CC2BEC1
:10504000A7E8883E90A0083F92CBFF3E6519623FDB
:105050007424174005C57B40711B9940C3D32FC0F2
:10506000744604BF7CF2B0BDD6C56D3F58A889C058
:10507000BDE382C0C729EABFABCF3D40EFC92F4097
:1050800099BBF6BF5F0780C07AC739BF9E5E29BF54
:10509000CBA101C02B18A5BFF5B99A3E355ECA3F1A
:1050A0009B554340560E25405F294FC0984CF5BE96
:1050B0009318E43EF90FE93DA8358D3F107A663F1D
:1050C000F90FC9BF8195033E840DA7407F6A34C0A4
:1050D0002EFF513F2C65193F2506A9BFE2E909C003
:1050E000B7D1A040A470CDBF1FF40C3FEFC933C0AF
:1050F0007CF290BEE09CD1BFE561E9BF97FF90BC18
:10510000A60A22401AC003404CA66A3F6D56C5BF8E
:10511000363C9DBEFFB2B3BF643BDF3D5F290BBE93
:10512000D0D5F6BE378901BFC05B98BFB4C8F6BD05
:105130002B87A63F158CCA3DD578693EE336AA3F3A
:10514000917EBB3F355E3A3F6C09F93BE2E9BDBF5A
:105150001D3827BEEC51A03F5396713F6C09F9BA38
:10516000789C7EC0F54A193FDE0283C00C025BC00A
:105170005B42FE3E38F8AEC00309C2402063963F52
:105180005A643BBEE48356406F126340764FB63F8D
:10519000F90F25400C02BDC087A7EFBF64CCD5BF77
:1051A0006F12B33FD34DDC4062A1EE3FD2009EBFF1
:1051B0000AD76FC0621098BFD93D6540A8359D3FA2
:1051C000E5F25FBE33C451BFDFE08BBD9FAB2D3F27
:1051D0009CC4703F24973FBEC52088BF05C513C03F
:1051E0005BB1DFBFE09C15C032E6E6BF2C6559BE5F
:1051F000BF7D3D3F3789613F14D0343FC74B73C0FB
:1052000034A28840EB73C53F6E3440BFA60A22C06B
:10521000F1F4BABF992A883F90A078C0355E9A3FD2
:10522000EA042C40CBA19DBF42CF26BED57811C049
:10523000AA8255C06076CFBFDD24FE3F3A925B4024
:10524000871659BEEE5ABABFB762BFBED0D5164058
:10525000C1391740AD6986401D38C73FB98DCE3F73
:105260007B14B63FB459D53F07CEA93F7F6A3C3D7A
:10527000917E3B3EC898BBBE87A7B7BF7F6A2440DC
:10528000DAAC12402506D93F0681D53FC7BAB0BF78
:10529000B1508BBF448B8CBF3D9B15BFA8C683BF4D
:1052A00012836CC03A92ABC0083DDB3FAB3EE7BF18
:1052B000F01682C0D19174C05DFE73BF68B35E40CA
:1052C00036CD4B3F46B61FC0143F32C00AD7233BF2
:1052D000F085493F7958883F39D6C53F89D2DEBE2F
:1052E000166AF53F8E069440ADFABC3ED0B319BEA7
:1052F0000EBE70BEE63FE43EE0BED6BF485048C09A
:10530000EEEBD8BFE3A593BF29CB0CC0143F4EC032
:10531000BF0E7CBFABCF09C0228E25BFD200064096
:10532000645D084019043A401A51C23F9A994540B9
:10533000CB10473D76E05CBE014DAC3F6B2B463F4A
:1053400017D92E4013F2E13E90A000C0265385BD30
:1053500070CE90BF3C4E49C0499DE8BFFBCBEE3EAE
:10536000ADFA1440F38E4B407AA544C03867CCBFE9
:10537000F8C26C4039D6253FC0EC2EBFC520883F0F
:10538000E7FB913FF5B9D640BC969CC0287E86C00D
:10539000AD695E401214BFBD95D44540B07248401F
:1053A000234A6B40F8C29C3FB8400640933AE1BEA6
:1053B000A69B7CC099BBB63F4BEA84BEE4140D3F6C
:1053C0002EFFCFC0894170BF0E2D4E407DAEDE3F17
:1053D000C80705C08B6C27C0C3F540C01AC003C006
:1053E0008BFDF53FFAED6BBEB072183F0F0B75BF2A
:1053F0009EEF73C06A4D9BBF8FC2753FAF94414013
:105400000E2D0A418A1FB94016FBC3403D9B353F14
:1054100058391CC0E2E995BFFF21E5BFB98D62C0D4
:10542000363C35C0C5FE22C00BB59EC0C7291ABF89
:10543000A8351D3FCBA115BF045649416B9AE73FE4
:10544000DE710A3E58CAE23FCA54713F643BAFBFA7
:105450001E16E4400D712C3D1DC915C0AE4795C008
:10546000F38EBB3F643B1FC027C22640F31F26C1FB
:105470000BB501C1AC8B8340BEC19FBFBE9FEABFCD
:10548000C21732C005C52740ABCF3D408BFD85BE5E
:10549000CEAA8F3EF6975DBE52B836402FDDFC3F58
:1054A00029ED61C07B149EBF925C6E3F840D5F3F0F
:1054B000FA7E0EC05EBA19BFD3DE2840F90F314024
:1054C000280F17C00F0B21C030BBD73F910F823F71
:1054D000F46CFCC061543640C1CA71BFECC0193FC6
:1054E000A323A9BF4D15A2C08FE40AC0B1BFECBC75
:1054F000166ACD3D827312409FAB2D3D8BFD5D4002
:105500005F29034050FCD03FE0BECEBF23DBF93D16
:10551000607637C06C780EC01EA79E40B68410C05F
:1055200001DE2EC0EEEBBE40C0ECAEBFD71272BEA5
:10553000B1BFCCBE5BB17FBFEB7301C023DB79BDD4
:1055400088850ABFF0850DC07AC769BE1F85DBBF9D
:10555000280F833FFED488401CEBFA3FCC5D43C04C
:10556000BBB825C00D715C3FF016A840B8AF5F40D6
:105570004DF30EC09A99493F4B5998407CF26C40CC
:10558000E3A54B3F2D4348C022FDAEBF933A613F98
:10559000A9A47EBF029A883ED881133F93A972BF07
:1055A00030BB91C0053431BFBB278F3D1CEBBAC067
:1055B000CC5D87401E16A240FB5CAD3F95D41DC05C
:1055C0009B551FBF6F128BBFB29D2BC0C0EC7EBF1F
:1055D000F931CE3FAA82E1BF249723C0D191843F05
:1055E000E10BCBBF8BFD11C00EBE5C40E71D973FAA
:1055F0000E2D92BEDF4F0DBE787AA5BC88F4B54063
:10560000CA32543FB8AF8BBFD93D193F431C93BF3B
:1056100046B64F4058A845C04F1EDE3F11364C409D
:10562000A4DFA240569FEBBE07CE993DFF2109C0E3
:1056300079E9A2C036AB4AC0F90F55C02EFFF93F39
:10564000C6DCF53E57EC99C07E1D104031081C4069
:10565000A1D6243F865AEBC0711B8DBD5F29F33F55
:10566000AAF1B64038F8723F8F5394BF5F2947C004
:10567000C3F55CC013F2813EE5D0AA3F666686BFE3
:10568000DD24C6BECA5441BD51DA1B3E4694824059
:10569000D3DE384041F177408AB0F9BF6DC53AC0DA
:1056A0005DFEC3BE2FDDA4BD61C3D33ECAC3923F1E
:1056B00057EC4BC0363C6540F54A85C0F38EB7C009
:1056C0009621A0C08D287DBF5F07864031089A4093
:1056D000226CC83FCA3218C014AE573FB37BF040AB
:1056E000F5B9EC40BB277B4045D8203FCC5D6B3FF4
:1056F000075FA2C0DE71FABF3D0A573EB1509FC09E
:105700008941603F615426C0FDF6A9C018261340A8
:10571000787AFDBF1F859B3FD5781241448B0CC022
:105720005DFE37C096B21A41711B0D3FA47085C053
:105730005C2091BFF1F484C0560ED53FE4834AC08B
:105740000AD7E3BFCEAA9F406891AD3E0D712CBD34
:105750003B0185BF863802C0D578893FA8C60B407B
:1057600024B96C3FE5F20340F8C20CC0F01682C0C9
:10577000AA82C1BF2E9070BF9565B03FFE433A40EC
:105780001CEB62BF789C084108AC0C3F9BE665C0EF
:1057900024287EBE7F6A0CBFC6DC75BFCA32ECBF50
:1057A0003A924BC03D0AB73E04E760403FC63040E6
:1057B0008FE49A3FE3A5BBBEB76297BF50FC08BF1A
:1057C000EBE2F63E4182423F38F8523F5BB1BF3FC9
:1057D000D8F064BFF9A033C0107A16C001DE02C051
:1057E00048BFBD3EAC8B6BBF2CD47AC01A51923FE0
:1057F00061C3F33E228EFD3FBF0EE4BFB7D1983F99
:1058000093189CBFA54EE03FC89897C0BC74933FC7
:105810003945C73D7B14C63F2A3A12401B2FF9C0B9
:10582000E3360240EB73053FDDB538408FE4464078
:105830006744993FBE301940D95FB6BF98DD93BE2B
:105840009F3CBCBFF5B9BABFFD8744BFF5B902C0E4
:10585000A7793FC040A4EFBF3480B7BFFE65D73EF5
:10586000D191B43FE483863F7B832FBE2F6E633E8E
:105870005917A73F62A1163F3C4E49402BF6EF3F18
:10588000BE9F1A3E13F211BFFFB20B3FD42B2D4027
:1058900032E6AEBDFC185FC0F163D43FA54E803F39
:1058A00041F1A33EE86A833FB37B72BEFE65F73DDC
:1058B000C7293ABFCD3B86BFF085893E888582BF28
:1058C000A913A8BF51DA854036CD833F3A92E33F12
:1058D00048BF45C0591747BFD0B391C0C74B0B4015
:1058E00052B89EBEC729FABE4BC83B40583994BE39
:1058F000AAF11AC0E09C713F6ABC3C4054529F3FE1
:10590000B515DBBE0F9CD3BE36AB7EBE787A253F85
:10591000925C3E3E287E5CBFDF4F8D3D522700C02B
:10592000DE0265C07E8C69BF9C3316C024289E3E73
:105930004182AC4054E395BFDA1B5E41BB271F3F59
:10594000B45925BFC5FE5AC00B46553F014D643FB3
:105950008CDB0C403EE88140986E42C0C05BECC0DE
:10596000D5784DC0BF7D0DC0AA829940B6F3ABC0BB
:105970009CC47840FED4E8BF182603BFB5A6793F83
:105980005E4B6CC0D49A56BFDCD7813E925C30C16E
:10599000CDCC8E403411FEC0B5A60A4194F6264007
:1059A00083C082BF8BFDE53E1B0DA2C0A60A2E4020
:1059B0003F35963F7D3F0D4026E45740426085BE0F
:1059C0005305B14061546640C4428D3E819567C025
:1059D00061C33BC0E5615DC08AB081BE6ABC9CBF4B
:1059E00090A098BFA7E848BE68221C3FE63F08C0C9
:1059F000470300C0FA7E02C0DE93C7BFD0B3493F61
:105A00008D97EE3D52B86EBF3F35C6BFF90FE93EE8
:105A100042CFC63E26E4F33F355E1640B37B7A4064
:105A2000690017405C20413E3333333EE02D704027
:105A3000A54ED83FC9768AC0FE65A1C0250649C0DB
:105A40008CDB98C0083DFBBF8CDB92C02731BE4089
:105A500039D61AC13A92EBBE87A7434036CDA33F51
:105A6000D6C5ED3D71AC634007CE6D40BA6B01C049
:105A70001DC9BD409A08D940A52C33BF3A923FC0FA
:105A800045476AC032E61EBF0F9CB3BF8E7591BFFB
:105A90003789813E9D8066BF1B2F31C0ED0D8AC0C6
:105AA000C58F41BF696F503F7368F1BE992A583F57
:105AB000D6560040302A193FF0855540BBB88F407C
:105AC0006744DD40F241EF3E74468C3FEB73B5BD59
:105AD0000F9C733EA470514007CE993F9F3C94BFEA
:105AE0008D97AEBFF77520BF4850BCBEA2B4673FCC
:105AF0007C61423FA39212C03199BABFCE88223F47
:105B0000AAF1023FE5F28FC0E5D00E4058391040AF
:105B10004B5932C07F6AC43F83C06640BC96784010
:105B20004A7B0B40A5BD41BF666686BF58CA0AC006
:105B300048502CBF5F9804C05BD34C3F00912EBFF0
:105B4000CD3B8E3F6519123FE71D1FC0948749402A
:105B50000E4F2B408CDB2040E414F5BF5DDC84C08D
:105B6000711B1DC0FF2105C0992AF8BFA9A43EBF23
:105B700002BC55BF8BFDE53D371A003E287EACBF09
:105B80000F0B29C05839F4BEFDF6B5403D9BEDBF63
:105B9000567D56C010E907BF7593D0BFCA32ACBF5F
:105BA000FBCBEEBEDBF99240696F983F234A3B4046
:105BB0007B836F3F4D15CC3F7958183FC6DCD5BE6F
:105BC000948705BEC3D30B3FC1CAA9BF0309BA3F1F
:105BD000713DD23F8716793F8104653F81260A4097
:105BE000B22E8840AF94653F43ADA1C0A392FABFE7
:105BF00038F82640B537283F68B34A3F8E0610C0B4
:105C000004E792C077BEDFBF05A3D2BFB68404C04D
:105C10008A8E1CC08C4A26C0C05B20C0F08505401F
:105C20006C786ABF006F61BF96214EBFCB1047BF33
:105C3000E3A5833FC286E73E43ADC13FF4FD5C4030
:105C400023DB9D40E09C31C03333E33F4FAF0C403A
:105C5000744694BC52491DBA7E8C0D40DE712A3FB9
:105C60001EA728BEEBE246BFCC7FA8BE287E8CBD17
:105C700046B64B404F1EEE3F143F863F9E5E49BFE7
:105C80006F8184BF83C0D23F7D3F753E9F3CCC3E39
:105C9000E5F29FBF0C93F9BF3FC62CC0F2B0F0C035
:105CA000FA7EAA3FB8AF7F401B2F853FE71DAF3F6D
:105CB0007AC72D401DC94140B68434407424FF3F4B
:105CC000228EC5BF5D6D01C0A24586BFDC46A3BF65
:105CD00073D712BECAC3823ECAC3623FACADA83FEF
:105CE0002428BE3EBA4964409F3C4CC0B1E181BF0C
:105CF000228E41C0772DC3C074B555BF74B519C08D
:105D000012146BC0B98D02C06D567DBE273188BF9D
:105D1000E10B93BFD5E7AA3F7E8C354029CBA44049
:105D200095D489BD917EDB3F014D044014AE473FC1
:105D3000FF2135C0787A3940D7A340BF57ECA73F41
:105D4000925C1AC080481FBFCCEE4540F241034030
:105D5000711B1D40AD69A6BFF9A07FC040A43FBF25
:105D6000158C364065AA203E8FE48AC0D20029C136
:105D7000ACAD8640637F894019E22C409D1195BFF0
:105D8000849E4D3E3F571BC06076EF3F4BEA043F79
:105D9000EFC913C02D431C402B18253FE56161C09E
:105DA0004D8475C06F8108402063A6BFDDB5243FD8
:105DB0006F8120C081044940736871BF810409402C
:105DC0002B8766BF567D2A40AAF1BA401B0D1040B2
:105DD00036CD3BBED49A62C0091B02C01DC9FDBFAF
:105DE000C3F588BE643BC73FA1D6A440EE5A8440A9
:105DF0008A1F733F0B244CC013F2C1C00BB59AC06D
:105E0000107A36BF67D50BC0DE930BC03789013ED1
:105E100039B4A83EB072883E4BC88F3F33C4F1BE40
:105E200017D93240696F983FC58FD13EA1F8F93F2D
:105E3000F853233F2041113FCBA101C0B37BF23F78
:105E400039B45040348027BFAF2524BEC729D23F84
:105E50003CBDEA3FDA1B84C0D122D3BF6822EEC02A
:105E6000DDB53040CD3B4240F706AFC04703AC4004
:105E70008CB98B3EA470A54011C73A3F378901BE4B
:105E8000569FD3BF1B9E2AC0BC05E6C0BD52DCC0D6
:105E9000547474BF34112A40857CD03F933AA1BE1C
:105EA000431C0FC039D6D53FD9CE81405D6D5140DE
:105EB000280F03C02B8726BFBBB83140E4839E4028
:105EC000355EEA3F804883C0BE9F5ABFE86A0F40F4
:105ED00044FA5D3FE78C38BFFBCB5E3F68B3923F2F
:105EE0005C203D40789C023F9565E83E5917124181
:105EF00005C55BC00091C6BFA39212C0545283C0B7
:105F000023DBC1C0E02D60BFDF4F6540B684204079
:105F10007CF2F8BF7593B83EDF4F5D3FC4422D3F22
:105F2000F7E461BE772D25C08C4A90C010E987BF89
:105F3000772DD13FB4C8163F158C823FF4FD343F16
:105F4000FB5CEDBEC4423DBFD6C505C034A28CC0CB
:105F50004FAFECBF886339400091F63FB8AF233FA5
:105F600023DB9F4039B47C40E3A55BBEE0BEAEBFFF
:105F70008B6CBFBF33C431BE7958A0BF20D22FBFB6
:105F8000E10B133DC6DC153F88853A3FF54A19BF42
:105F9000E86A8BBFB22E9EBF166A0DBF6E34F0BF8B
:105FA000705F9BC0075FA83F9C334640A1679B3F43
:105FB000F4FDF43ED1220B3FC74B773F98DD733F92
:105FC0009C332640917EBBBE79585CC0304C22C0C9
:105FD0008C4A4ABF94F6D63F5C8FB23FB22E6E3FDA
:105FE0009031073FEBE202404E6290BE6F1243BF1A
:105FF00057EC13C01DC921C042CF9EBF39D693C0F4
:10600000CC5D7B40B98DAEBFC66D0440D0B30140BE
:106010005C8F1A40E10B37409F3CACBDB5A6B9BFC1
:1060200054E321C0E63F0CC06F12833C1A51CABF33
:106030001CEB76C04703F0BF17D99E3F6D56BD3F9E
:10604000AC8BDBBC13F241C0CF66953F1B9E464034
:1060500004E78CBB3333E3BFD93D893FFAEDB94048
:10606000AAF16E40B072483FF54AA1BFB1BF6CBF04
:1060700043AD79BF583994BF3B70EEBEBBB86D3F9E
:10608000CA32E43EFE6537BFD8813B400EBEC040F9
:10609000857C903F888513C1AD6926C0B5158B3FBF
:1060A00007CE6540287ECCBE45D860BFA60AE6BEB6
:1060B00094F64240022B07BE9EEF2BC0A857E2BFCA
:1060C0000A68123F62A188405305E33E80B7703FE3
:1060D00022FD36BECFF77FC04469BFBFC6DC3DC0DE
:1060E000304C163FC0EC3E3FF77510BF1B0D58C03B
:1060F00058A81940C976AE3F0C024F40508D3B4026
:10610000C66D243F06128CBF4260853E13F201BE6D
:1061100013F2413E3C4E613F7368B340917E8F4025
:106120003108ACBE151DD13F250681BF9A080F402E
:106130001826ABBF17D95AC001DECABFABCF5D402E
:1061400045D830C0B7D138C0C1CA813E38F88ABFFF
:1061500059175FC0D93D79BFE71D173F55C190BFA3
:10616000DFE077C0C05B34C06519323F1D5A0CC0F8
:10617000E10B73C00D712CBEA54EA03EF1635C3FD8
:106180001EA7683DBADA0ABE5EBABF40A2B4174085
:10619000DBF97E400681153F82E2F7BF327729C0E6
:1061A0003FC6FC3EF2B0304007F0BEBFFFB22B3F0F
:1061B000A1F8E9BFB37BF23EBD528AC05BD3F44085
:1061C000DF4F2DBF66F784BF832FD43F82E25B4051
:1061D00077BE074089D2D6BF423EF8BFACADF8BE0D
:1061E0007DAE363D54520BC06E34C8BFBC74CB3F3D
:1061F000CDCCBC3FC442F5BF7E8C1DC0A245BEBF06
:10620000C4426D3F12146F40B003F73F4F408BBF45
:10621000107A66BFD04428BF423EE8BEF5B9923F2F
:106220001DC921403D0A67BF9BE609C089D20E3FC8
:106230005530BABF88F423C0560E8DBFD0B3E13FAE
:1062400050FC9C40265311C024974F409A7704403D
:10625000F706AF3F431CBBBFA392DABE1361A33F57
:10626000C1CAA13E34A29C3F5986383F637FC13FDB
:10627000DAACBA3FBF7D0DBF469446BF55302EC045
:10628000CE8882C0A5BDE93F910F2E402B187DC05E
:10629000371AE0BF7AA500C00B24883E05C5F73F3A
:1062A0004A0C123F4BEAECBFED0DA0C0A91370C021
:1062B0003E7930C02C65993E000090BF1283303F7C
:1062C0006822304042606D408D285D409D11D14074
:1062D000567D62C0736879C0F1633CC00AD7433F02
:1062E000FE43C23FEFC91740DC68A0BF98DD43BF43
:1062F0002F6E43BFEC51D8BFD04414C0E25887BFC3
:106300007FD96D3F51DA4BBF560EBDBF9D11D5BF32
:10631000E9480E3F2F6E333F44FA5940B4591441B7
:10632000CF66B53FFB5C1D40FE434ABF206372C091
:10633000AED887BF499DA8BF567D4E407A361B3FD9
:106340001B9E1AC0EA9576C0492EFFBFF0162C405E
:106350006ABC20409487553F8126523FD0B3993F75
:106360005EBA393F948709C01AC093BFD8F024BFE2
:10637000CB1003404A7B33BFAED80FBF9EEFA7BD03
:10638000D6C50D3F7AA5D4BF0AD7633F8CDB883EC4
:1063900064CC9D3FCF6615BEBE30214013F2154040
:1063A00036CD0BBF24B90CBF50FCF83F083DA540CB
:1063B0002EFFC13F83C07EC0E5F2C7BF9F3CC4BF74
:1063C000B45931C0B5150FC08CB94B3FC6DCCDBF39
:1063D0003D2C14C0A167133FE0BE8040C729724026
:1063E0004D844540B6F31D4052495DBFE0BE1EC01E
:1063F000992A78BFE3A5F3BF4BC85FC042607DC058
:10640000CD3B7EC0BE9F9ABF67D5CFBFBE9F4A3FE0
:10641000C0ECDE3EC286573F3E79903F5249ED3F89
:10642000143F16400EBE90BE621008BF304CD63FDF
:106430005E4B284075020ABF29CBF0BFF7E42D4020
:10644000CEAADB40DE937F405BB103C0158C5ABF00
:10645000789C8AC090A01CC0C7BA38C07CF2B0BE7D
:10646000FB5CF5BFF085B9BFC364EA3E7FFBFA3F32
:10647000B1502BBEEFC963BF44FA09C052B81EC069
:106480004703C0BFE63FAC3F4D845540B1BF2840F5
:10649000D26FB73FA5BD1540645D7040D2005A4031
:1064A0008F53D43FBADAA23F234ABBBEE9B70F3FAE
:1064B000F54A25C0D881B3C05BB15FC08C4A86C0A5
:1064C0001D38C7BF75930C40F775203E7CF2D0BFD6
:1064D000D9CEEFBF6C7806C020635E3FB003374073
:1064E000D5E7823F9D80A240F16374C0166ACDBE9D
:1064F0008E0688BF7FFB8ABF3BDF1340C442254026
:10650000E02D80BF250631BF6EA3A13FEE5A023EAB
:10651000E7FB89C0E10BDB3FED9E0C3F6E34403E54
:1065200091ED9CBE2FDDA43D7B142E3EE9B7EFBE5E
:106530007E1D38BFA089403F9CC4983FC74B9FBF7A
:10654000C58F013FD49A424016FB5340B1E1394018
:1065500057EC034054742CC0FE4336C0DD24BEBF4C
:10656000C8075DC05BD3C4BFBA6BA13F9A089B3F0D
:1065700012A5FDBE01DECA3FC66D384080480F3F00
:1065800075024EC0431CF3BF0C9319C01283C03C6C
:10659000DF4F6DBF992A90BF6C78D2BF0F0B61C0DF
:1065A000E78CA0BFE3A5EB3F75029240B5A6893FFB
:1065B0008A8E24BE2EFFD13FFB3A60BFAE47D9BFC3
:1065C0006EA3813E35EFCC40A52C5BC059173FC070
:1065D0002AA9FB3F4D1550C04B5980C02F6E03BFF9
:1065E000EE7C2340FBCB42C0C5FE06C089416CC097
:1065F0003E7984407E1DC0409F3CACBF3B70AE3FA7
:10660000E3A583BF7368A940B0720D41508DE7C008
:10661000C7BA34406900E540D95FB6BFF0A700C1F2
:1066200074B5F5BF29CBE83F8D976EBFF24147C0E7
:1066300004E7F43F6F8192406DC5B240643BDFBF19
:10664000426025BE2D4313C12D438E40AEB622C0FD
:10665000C4422540B1505BC09FCDFABFBC7413BE8D
:106660003480B7BA4B5906BF6F12A3BF228EF53FD5
:10667000B003873EAB3E773FC1397F406ADEE1BF62
:10668000E9B75F3F71AC6B403FC6BCBFED9E0CBF2E
:106690003F358640D0D516BF226C783F17B715C05E
:1066A000E483A6C04D1584BFC05BE8BFF2B060BFF5
:1066B00048E1B2BF6B9A37C0EC51A8BF5EBA193F30
:1066C00087160540DE020140BE3099BC7CF21440C2
:1066D000C3D3A74058394C4083C00A3F0F0B85BF36
:1066E000C729AA3FC3F594C00612C4BF5396D9BFA9
:1066F000D3BC833EED9EBCBE20D28940865A9B3FD0
:10670000D656ECBF992A40C0CA3274BF13F2494032
:10671000DBF95A409BE605409031F73E091BCE3F1E
:1067200005C5973FB762C73F8BFDEDBFA1673FC06F
:10673000931844C0045694C0C1A8D4BF44FAAD3FD6
:106740001C7CC13FF90FF1BFEA04243F7671933FEF
:10675000BF7DC53F7AA53CBF0F0BDDBF8863D5BFAA
:10676000931804BE547434BF05C54F3F68229CBFC4
:106770009D8080C03199A4C075934CC00DE0154038
:10678000A60A363FB1BF2C40DBF90E3FABCFFD3F31
:106790005DDC9E401058913F1CEB223F5DDC0640C3
:1067A00008AC7C3FC807A5C0F8C28AC03CBD8ABF00
:1067B0009D11ADBFA779EF3FE02D503FF46C96BE21
:1067C000BDE354BE7E8C21C0D95F66BF33C4154083
:1067D000363C3D3FE2E949409CA243409A9991BF33
:1067E000EF38C53D226C983F89D25EBC74241BC033
:1067F0003480D7BEA323D13F61545A408AB065404C
:10680000E17AB4BF992A64C0E9B74B40F5B90240B8
:106810005F070E3FFF2101C08C4AD23F8CDB50C086
:10682000E7FBC93F0E2D84C0C05B70BFF90F293E46
:10683000D5E7EA3E07CE99BD95650440F5B95A3FC4
:106840009CA2C3BE158C4ABEC7BA803FB30C15408C
:10685000151D4140FA7EAABEA32301407FFB2ABF3B
:106860004D154CBE4260F5BFC807CD3F014DC4BEBB
:10687000CB10273FF5B9FA3FA8C6AB3EF1F402C0F2
:1068800087A785C07A36B1C044FA314043AD693E2E
:10689000B4C8F63E51DAF33F7B14DEBFB22E5EC0C1
:1068A000819557C0C976A6BF371A003E4FAFC4BF07
:1068B00007CEF9BFCF6609C05986A03F53966D40F9
:1068C000FA7E42400EBE503F832F1440F016204007
:1068D000BA498C3DC6DC6DC0F9A02FC012140FBFA1
:1068E000D509F03F006F813E5F29DBBF3A92C3BFFD
:1068F00017B7B13E26E4AB3FE6AEA5BDFD878CBF22
:10690000CD3B0EBF1FF4384005A3923E1F850B40C0
:1069100043ADD93FC66D5CC027C22AC0AEB63A406F
:10692000D191F43FF016A8BF2CD4923F1361A3BEBF
:10693000A1D620C076712BC0764F2E4081048140B5
:10694000BA493C40E78C4840287EC43F8FC2F53EA0
:1069500004E70CBC93188CBFAE4799BF0F9CF3BEE5
:10696000789C223EC976FEBE7E8C79BECF6661C021
:10697000249753C0197397BEDCD731BF448B60C0D6
:1069800024B930C05C8F423D0E2D723EFE431AC0CA
:10699000CC5DEBBE711B6DBFC28667BE7FFBF23F55
:1069A000158C6A3FEB73B53E4ED189BF65AA144082
:1069B000B9FC17403A23D2BF24285E407FFB6AC04F
:1069C00099BB163E4772B3409565E0BFF2D27DBFDA
:1069D00089D2DEBE575BD13E3789413E5305DBBFCE
:1069E00098DD23BFD26F6FBF530513BFBA49AC3ECA
:1069F000AED82FBF696F703F65AA603FE56161BE89
:106A00006210483F67D5DFBFF77580BE4FAF444087
:106A10007E1D983E2CD44240F706CFC0E63FC4BF4F
:106A20000B24A83F93A9FE4012839640E2E9D53E8D
:106A3000363CBDBFF54A1DC0158C2ABF6DC51AC0B6
:106A400090A048C04BC803C01FF48AC0F4FD54BED8
:106A5000E17ACC3FCC7F2CC04703F83D8FE49840CF
:106A60000C0291407DAE0240363C5D3F0B464540F6
:106A70003480DF3FA8575ABF48506C3F6A4DB3BEC1
:106A8000E78C30C083512DC04F1EBEBF832F943F73
:106A9000FFB21F401DC901C0E4834A403C4E91BF74
:106AA000A9A48E3EC3F528BE6F121B401D3807BF38
:106AB000711BCDBEB8406EC0B22E7AC0E71D873EB6
:106AC000C1CA21BDB515A1C0F853BB3FEA04FE40C1
:106AD000A1F8E9BFF706F1C08885F23FB537783FE6
:106AE000075FE6C0A301F84017489C40DDB5A8C089
:106AF0006744A740A1D6CC40BC7404C19A77BAC001
:106B000002BCE53E17B7F5404469CFBE355E9A3EFC
:106B1000CF6605BFA30194BFB003C7BFECC059BF88
:106B2000FC18E3BF7FFB2ABF0B46C53E4A0C7E40E4
:106B3000AE474940780B64C09FABADBE780B58C0E0
:106B4000ADFAAC3FEFC98F404F40A3BF637FD9BEC2
:106B50001748803FF54AA13FD04444C080484F4089
:106B6000423E6840CB10A7BEC7BA6CC0789C8CC0B0
:106B70009A7740C0AB3E3FC03A2332C086C978C046
:106B8000B8AF1740E86AC3409487853FA60A36C06D
:106B90000681153EA5BD21C0F90FE93F9CA22B40FF
:106BA00094F6F6402B18453FED0D5EBF1EA7283F1B
:106BB00076E09CBD14AEF73FC217564076E02C40FD
:106BC00097FFF03EEA0454BF613245BF14D074C051
:106BD000DC6838C034A274BE23DBB1BF8E0670BF40
:106BE000B8AF833E74465CC04D1518C0C74BEFBFAD
:106BF0002653EF40A1F82940B1505B3F4FAFFC3F17
:106C00008FE4223F55C10C40211FF43F81260E40E6
:106C1000D7346F40355E3ABD6519AA3FBA6B89BF5C
:106C2000E3369CC0A7E880C0F6971D40F9A0873FD7
:106C3000AED873C0206376C046B6633F6F8104BF91
:106C400088F417C06076A73FA8C66F4037896540B3
:106C50004CA64A3E857CD03E6FF095BFBADABABFEB
:106C60009FCD0AC0F9A0BFBF97FF98BF136133C083
:106C7000F4FDECBF7FFB923F50FC7040068129C0C1
:106C80005EBAA13FAC8B1FC0508DBFBFAEB6223FD6
:106C9000D50958405986283FC442DDBF48E12ABF84
:106CA00009F9C03ED0D58E3F696F703D64CCBD3FC1
:106CB0005A649B3F2B87C04048509C3F66F75CC09E
:106CC00087A71BC0D1915CBF0F0B11C089D2DEBA60
:106CD00099BB96BB54E3853E61C3533D11C75ABF70
:106CE0006F81143F8941E0BD12835C401AC0BB3FF5
:106CF000E948AEBD022B3BC0A4DFBE3DED9EA43FE4
:106D00000000903F17B721BF190480C08E758DC059
:106D1000D93DC1BF62A1AE3FDB8AFDBD44FA4DBF84
:106D2000CDCC1CC06D56874034803B40029A504009
:106D3000E3C740C0A167433FCB100F40812622BF6D
:106D40003B702EC014D0E4BF4F1EEEBF87A7273F75
:106D50006DC5FE3D14AEE7BFA5BDE1BF560E31C007
:106D6000FB5C853F1B9E66402EFF2D402EFFB9C069
:106D7000DA1B7CBF5B4236404A7BA3BEAAF15E4071
:106D80005B42224088F49B3F51DA4340C3F58A407E
:106D900096431B40E5F20FBF8F5364BFA8C68BBE5E
:106DA000CCEEB13F8F53F43E3D9B05BF1B0DB0BFF2
:106DB0002B87F63E24281A40AA82A1C0933AB3C07A
:106DC00066F738C01C7C1DC055C1F03F7C61664031
:106DD000B5157B40A5BD8BC0BBB80DBDF54A59BEEE
:106DE000FA7E6ABE77BE6FBF7E1DD8BE3D0AF7BF72
:106DF0005DDC16C04A7B3FC054520FC037894D40FE
:106E0000FE431A4090311B408E7511BF4703C03FAF
:106E10009E5EB1BFC74B27401C7CF1BFA8C6B3C064
:106E200011C7EA40C520A83FAF94E5BE6B2B8EBFCB
:106E3000C807F5BF304CA6BF03090ABF1A5182BF6D
:106E4000B9FC27BFF8C2043FF5B94ABF1B0DB8BF54
:106E50009D1183C0E9481A406D56C53FAF25643D7A
:106E600069005F402CD4DA3F0AD753BFBD52E63FDA
:106E70008C4A0640B459053FA7E8E8BE5A643B3E39
:106E8000F9A0673EF77510C0B3EACBBF98DD33BFFA
:106E90008D282940F70627401D3881401904F6BE89
:106EA00025753AC0D0D562C0545227BF29ED09C01C
:106EB0004F1E064062A19E3F5986983E355E6A3F4E
:106EC00072F903C0645D244040A4DFBDADFAA4BFE5
:106ED000645D24C0849E15C04BEADCBFA91310BFBB
:106EE000B6841CBF871635C07F6A24C0098A57C084
:106EF000E41411C055301A3FD3BCC33EB7D1BC40D7
:106F0000A857B8404B59FE3F17B7313FF9A09F3FF4
:106F1000E3A54F40BD52D63EB4C8263F0091EE3F98
:106F20003255B0BEE41401C06F1233BFC1393FC047
:106F3000166A1DC073D78ABF925C5EBF992A18C0BB
:106F40004F1E024041829C40BA6B8540986EA23F22
:106F50001136B43F32E6F63F60E5F03F40A47FBF14
:106F6000674441C0C74B4FC0AF94E53F3D2C9C3FA9
:106F70002428F6BF39452BC06B2BCE3F3BDFE140C9
:106F80007FD90C4154523F40F90F15C0D7A3D2C04E
:106F90006E34C8BF70CE4040A54E80C0F90F81C08E
:106FA0000E4F1FBF4C3719BF8BFD55BF516BA23F12
:106FB000508DB73E58393CC0E4839EBF39B4A8BE5B
:106FC000E5D016406E344440091B4E405A648B3F56
:106FD00071AC0BBF1361033EB7623F40F0A7C6BD63
:106FE00099BBA6C0B840CABF70CE24C055C114C05A
:106FF0001A519ABED5092C40E5F20F3F5D6DC5BF11
:10700000992AF8BF5C8FCA3F3B702AC046B637C08A
:107010007D3F69C0F5B91ABE24B9843FF24193405F
:10702000BB2733408F5314BFFAEDEBBDE86A6B3FCB
:10703000C2178440265335BFCBA149C0CFF70BC040
:1070400091ED20C00DE05DBF4F40FB3FE7FB71407D
:10705000F697ED3FD93DD1BFF31F72C080487FBF87
:107060007DD0833FDC46533F2BF61BC0287E58C0A3
:10707000DA1B2CC0AEB652BFFA7E8ABF9A9919BDF0
:10708000EC2F4BBF41F1EBBF30BB07BF6822744010
:10709000B9FC1340925CCE3F7A368340B459B54078
:1070A0008FC285BF55C1A83DCDCCCCBDAE4701C078
:1070B00007CE09BF36AB12406B2B563FD5780DC0BB
:1070C000D57859BF99BB0640FAED5F409E5EA9BDD9
:1070D000EC2F9BBE3A92DBBF8F53AC3F62A1AE4018
:1070E000750246C0EE7CBFBDABCF95BF46B6A7C00C
:1070F0001F851B40832F0CBF7FD971C07368F9BFF8
:10710000F5B9EA3F63EE3E405B422E3FAEB6EA3F42
:107110001895A440D509E8BEA7E8183FDAAC1ABF15
:10712000A913603FE02DC0BF1AC0DB3E6D5611C0F1
:10713000764FA6BF68B32ABE2506D9BFC7BA983F07
:107140009CC4C2C0948787406DE7FBBE1EA7683D04
:10715000BEC12BC07DAE4EC0068195BEF2D22DBF02
:10716000F9313240CF664140228EE53F6C090DC0B7
:10717000553046C0DE02F13FEA04143F4013D1BF50
:107180003F35F63F6FF09140363C87C0143F46BC18
:10719000B51513400612B4BE189524BFBDE32040B8
:1071A00003781740CDCC0C40E7FBF1BF60E5A8BFEA
:1071B0001F856BBD31082CBF598638405DFEC33E2C
:1071C0004772793FD3BC3B40F1F41ABFA69B5040B5
:1071D000BBB8214017B7D13A16FBB9C0827376BF4E
:1071E00016FB9BC0D42B4DC01AC05B3F96216E3F4F
:1071F00023DBB93ED1919CBE96436BBF1B9E8EBFD5
:10720000B9FC57C077BE27C044FA7D3F583934BD1A
:10721000302A69BE04564E3FE9B7DF3FE9B7034065
:1072200014AEC73EFE658D40DBF9BA4040A4D3C022
:10723000569F47C096438BBDB9FCA73ECCEEC9BD57
:10724000B0038FBF575BF9BF60E51CC0E10B8BBF7C
:107250004260ADBFCE88923F39D63540A301704021
:1072600074242B40CD3B2E40BF7DED3F2F6EB33FAE
:107270004A0C6EC041823AC06C789ABF319986C080
:10728000B6F33D400681D53E9B555F3E1B9EA6BF93
:10729000508DAFBFE0BE6EBFADFA94BFFFB21BBF53
:1072A0008D97124061C30B40C1CA494072F95740E3
:1072B0002E9000403F354EBF863886BF1361333F66
:1072C00054E3E5BFDE93C7BE5BB11BC0FDF619C03A
:1072D000A7790BC04E622040D26F1FC0F628FCBEBB
:1072E000E78CF83FC1CA21BF9A9981BFB003E73F3D
:1072F000A69BC4BF1973DFBFB5A699BEE258173F5E
:107300008CDBE83E2AA9BBBFFE43C2BFA77917BFEB
:107310000A68B440A1F869C0499DF03F8AB06D4049
:10732000759344400DE069C023DB89BFD881E33FFA
:10733000849E6940492E7F3E000024C05B42A6BF68
:10734000DB8A9D3EA5BDB9BF89D23EBF1AC083BFAF
:10735000F6976D3FF0A7C6BD0681B5BF29ED0D3F7D
:10736000B0720040560E494060761740F93136BF82
:107370007E1D34C0BC74E3BFFED4F0BF54E311C023
:10738000583994BF6F128B3F7E8C39BD8FE4D23F4A
:1073900057ECAF3D575BE9BFCE8842BF992A80BF0B
:1073A000BBB88D3CD1911CBF5839343C280F1B3FD2
:1073B00062A1D63D39B4C83E0EBE3440B537D8BE02
:1073C000068195BECFF75F4089D25E3DB7623740F8
:1073D0007AA58040B29DD73F363CEDBFB4C83AC0D5
:1073E0004F1EB6BF19E268C0105801C0EFC91BC0DC
:1073F000C1395BC09BE6E5BFF9312E40C442D340A2
:10740000C1CA1140083D9BBD840D0BC08941883F16
:107410007FD99DBE0BB5463FE0BE88C09D1197C089
:10742000863822C0BC9684C0D3BC17C06ABCF43D69
:107430009CA2733F6900EFBFF241C73F82735A407D
:107440004A7B733FA7E8C44026E4A1401826574072
:107450009A088B40426055BFE0BE8E3D2CD49ABF47
:1074600010580DC070CEE8BF3FC65C3DA4DF863F1C
:10747000D34D323F3C4E413F984C15C06F128DC0EA
:10748000E6AEE5BFF90F95408351E9BF5C8FC2BE00
:10749000764FDE3E226C683F091B963F13F281BE99
:1074A000158C7ABF5AF5D13FDC68C03EB3EA933EF3
:1074B000F2B088BFB537803FEC51683F696F103F2D
:1074C00088F41BBF705F37C010E953C027A0A1BF6D
:1074D000575BD93F6B2B163FEC51244038F83640B0
:1074E000711BCD3F6ADE0540C0ECDE3EAA60843FE2
:1074F0008C4A9A3F5F0732C05DDC16BFA1D6B43D0F
:107500003E7934C0F853B3BF54E3653FC217C6BEDB
:107510001973F7BE789C26400F0BB5BD8863BDBEBE
:107520001973E940BB27D73FC3645A3FA52CD33F0B
:1075300044FA8FC0FAEDEB3BBC96F8BFAD69E6BFED
:10754000AE4725C0A47069C0499D14C024281E3FC1
:107550005227A03E560E0D407FFBC0C027C2AEBFD3
:10756000DCD7C1BEA857CA3C9E5E293F6F81443F0D
:1075700096B254400E2D4640B4C8463F4D151CBF30
:1075800012A5853F03096ABF492ECF3FEB7313C194
:10759000547486C0DB8A2540666612404A0C064059
:1075A0002AA93740D044C83FB459B5BE4260E5BCB3
:1075B000637F854007CE2140F54AC1404ED13D4012
:1075C000767183BFC58FB9BFD9CEB5C03CBD7AC077
:1075D0005A647BC05E4BCEC0462525C0197395C04A
:1075E000F5B9B2BF613249406ABC8C4011360CBF5C
:1075F00025062D40F46CC2409487C5BF3D9B754065
:1076000054E3B53F158C92BF6C78FA3E029AA83FBE
:10761000827302C0DC6810C060760BC0A5BD41401B
:10762000A7E880C0A245AEBF645DFCBFB29D9FC00D
:10763000EC517840759324407B8333C0D6C5A74076
:107640004B5906C0C520944034A2F43FC6DC753EB9
:1076500083C09A3F5F07F63F3C4E01BFACAD04408C
:107660004BEA54BFA913B8BF19E2903F2653853E99
:107670008B6C9B4088F487C0637F87C0CFF713BEB5
:10768000121427402B878E3F42605DC00A68E2BF1C
:107690004772A13F48E1FABF9A7794C075023EC095
:1076A000287E6C3FEA04443FC4B10E3F48E1BABEB5
:1076B000D8F06CC0516B82C08D28A1C0A60AA63E2E
:1076C00031084C40560EDD3FCC5D3BBF3A923B400B
:1076D000BC9670409A08274001DEA2BE79588A40C5
:1076E0009D11F53FAED897BF83C04A3E827312C04A
:1076F00017D96E3F44697340CE1945C04A0C823D8C
:107700005E4BF0BFD200DEBF910F82BF77BE1F3E3F
:107710001E162ABEFF2179C0234ABBBE7AC7A93EE6
:107720005BB18F3F3A23FA3FA24586BF319912C021
:10773000789C6A40C807B140E9484EBF08AC7CBF9E
:10774000F4FDFC3FA4DF4E3F0F9C63BFC3D3D33F88
:10775000DFE0DBBF182653BEC8071DBFC5FE724061
:1077600058A8354075028C400E2D9A3FC217C0C0F4
:1077700023DBC1BFCA3264C060E5603FB3EA53BFD8
:107780005C20713F6822ACBF33C4F9BF32771D4023
:1077900067443D40A7795340431C13400F0B853F7E
:1077A000A245D6BEA245B6BD8E7591BE67440D40BA
:1077B0001361D33FF163AC3E3A238ABF51DABBBFBA
:1077C0005C8F62BF5F29E33F04568E3D4BC8FFC00C
:1077D000BB27ABC08863B53F371A38C04D844DBE58
:1077E000A913B03EA2B4473F744614BDB30CF1BF19
:1077F00071AC9B3FDDB57040728AC63F613295BE69
:10780000B5A68F40C74B1B401D5A043F8CB9A33F00
:10781000C44245C081268AC085EB09403411DEBFD1
:10782000E2E925C02E90C0BF8351B1BF8E0600BFD4
:10783000AAF1223F6D56F5BF0612FCBFC7BAD8BFEA
:1078400086C920C0D3BC47C07AA5C4BF0B247840EA
:1078500051DADB3F2BF6914069001340F016E0BF90
:10786000A7E8E8BEE2582F40F77510C067D5E7BD1E
:107870006666AE3FD42B0140547484BE696F403FAE
:10788000B9FC073C1283C8BF8C4A3AC0E78C74C06D
:107890006C78AAC0F46C12C0083D53C02FDD4C4078
:1078A000D2007E404A7B95403480734023DB5D40AC
:1078B0008273263F3411763FCA32C43D8E06C0BF64
:1078C000F085993FBB27E7BFE4149DBD19E238C09E
:1078D0005DDC76C0917ED3BF74B53540849E6D402B
:1078E000AF94353FB98D86BD03787B3F02BCCDBFD9
:1078F00081950BC0B7D1C0BF9CA223BF46251140C4
:10790000BBB8DD3F14D08CBFCF66853FCA32B43FD1
:107910002CD41A40BDE3C4BF73D70640C217CE3F74
:10792000E7FB19BF24288EBF74B595BD083DBB3E4B
:107930008A1F0B40211F243F1E1652C02B1887C0E0
:107940006F12033AFE438440D26F3B400BB5804038
:10795000637F81BF92CBE3C0A470BDBEC364CA3F46
:107960009E5E293E6E34F8BF948759C0A779ADC09A
:107970009A7758C0CE19113E190456BEA1673BC074
:107980007E8C75406210AE405B420A40EF38D5BF36
:107990008C4AEABC992A744020D2CFBFE9B7CFBE47
:1079A000A7E858BFF241174020D2AF3E9FAB2D3D14
:1079B000B1BFACBE83C00640D9CE7340E3C7BCC0E4
:1079C000A7E886C0B8AF37C05EBAA54030BB95C047
:1079D000BC05B4C0A52CE33E07CE6540FFB2C14054
:1079E0001CEB1AC0C9761EBF9A0803407E8C654006
:1079F00052B8E440C13995C065198640DDB5A43F51
:107A0000206332C139D699407424A9C06C7816C05D
:107A10003789F13FD509F0BFC9E533C0832FAC3EAC
:107A20006A4DF3BF7368D1BE05C55F3F14AEE7BEB4
:107A3000AF25CCC0CBA1E53E88632D4060E5244056
:107A40007A368D401F8599400B46A5BE575B714025
:107A5000280F2F40F2B030C076717FC0AE47BFC054
:107A6000AF252CC06DE70041E336664020639E3FA2
:107A700042605D40D5E7AA3EF31F323F3E7998BF92
:107A8000FE650FC086C904C07B83AF3D1E167E40D5
:107A90003255903F7FD99D3F10E9273F3D2C74C060
:107AA00091ED6C3F166A59C0D7341FC0C3F520C092
:107AB000F7E401C0B53788BF2506813F4182323FD8
:107AC000AD69DEBF97FFC8BF7DD0CB3FDE713ABF47
:107AD000B515FBBDCBA1DDBF36AB1A405C8FE2BE56
:107AE000C3F5C0BF499D784029ED0D3F9487653FA0
:107AF00062109440B81E853EDA1B38404694663FBB
:107B00005305A33D05A30AC0CE19C1BFF7E4813FC9
:107B1000D122ABBFBBB85D3F2C65993D280FBB3F61
:107B20001F854B40BB270B40158CD2BFAF2530C003
:107B3000EEEB30C000911240E17AF4BF26E49BC026
:107B4000B5A605C05DFEC340E78C68407DAE06402B
:107B50001FF4EC3E3F352EBFBC9610BD97FF14C0FE
:107B6000AC8B8B3F3A2342409318F4BF12A505C05B
:107B70003EE83DC09A081B3E3411B63ECCEE81BFB4
:107B80006900ADC08CDB18405DFE2340D65650C066
:107B9000FD877C4010E937BDF085B1BF96B2CCBF00
:107BA000789CBA3FC9E5BF3FDE71E23FDC46633FE8
:107BB0002AA9733F0C023B3FD7A3C0BF3E79D0BF79
:107BC00013F2D1BFA60AC6BE591733402B180DC0F9
:107BD0003C4E01BF5E4B483E9031E5406ADE1D40A1
:107BE000AB3EBDC0F08549C096B264C04772EBC0E1
:107BF000DE02E5C094F6AEBF713D8A40560E0940E4
:107C000035EFD83EFBCB2EBEAA605C40D7342B406C
:107C1000F1F40E40BE9FFA3EF93126400C93813FAD
:107C2000AC1C6ABF1D388FBFF9A0673F006F0940C9
:107C30003FC6DC3ED19194BF54E3A7C0226CD0BFB5
:107C4000098A2FC001DE52C0AF940DC0BEC1894069
:107C500050FC98407C619840F9A0673EDFE01BBF74
:107C6000C807953FDBF95640F5B90AC088855A3EEA
:107C7000C13993BF9FABB53FB459B53F4625B53E1B
:107C800040A437C05305A3BD5A645FC0371AA03F54
:107C9000EBE2024054E3E53EEC514840107A8C4060
:107CA0001F852B3E0F0BADBF70CE88BD1058D93E3F
:107CB0001826DBBF569F6B3E7D3F0DC0FF219D3ECA
:107CC000DB8A4940A54EF2C0431C3340E0BE7640FB
:107CD00011C784C073D7D2BF38F8C23F0AD7C33F99
:107CE000E5F287BF4772B9BF29ED4DBF14AEC7BEDD
:107CF0003480A73F7B8323C04D158CC027C2063F2D
:107D0000917E0F4087A707BF8A1F2FC093A99E406F
:107D100026E48B3F287E943F4772354036ABFE3FCA
:107D2000CF669FC005C58FBED42BD140ABCF21C03D
:107D3000431CB3C004E75CC0583974BE234AEB3F10
:107D4000711BCDBF97908F3E20410D4196218E40F3
:107D50002BF6C3C08E757140B37B5E40CEAA3B400C
:107D6000098A17C01D5AB0C0E6AE9FC0136103BE9A
:107D700027A0093CBE30D93EDE93F73FB072C83F22
:107D8000B0030F409F3C843FFA7E1ABF3867E4BEC1
:107D9000D200DE3C4ED1413F22FD963FA2B4973E39
:107DA000280F7BBF098A0FBF014DBCBFF5B922C0A8
:107DB000B9FC85C03CBD1A403BDF4F3E48BFE5BF24
:107DC0008D976AC0DF4F9340D2000E40075F783F27
:107DD00071ACF3BF674415C0DF4F6DBF0E4F3FBF9F
:107DE0006F81E43E86388040643B4F406EA3D13FB4
:107DF00048E1CA3F2041F9BF96439BBF4E620CC089
:107E00006F81F4BF29CB54C083512940FA7E8A3F49
:107E100017B7B1BFD578693D9D80EE3F11C7A23F2E
:107E2000C4B1CE3FDC68C03E81263E40CA3264BF4A
:107E3000C1A8A4BFCF66953FA24502406ABC9C3F43
:107E4000F4FD6CC07B146E40EC5144C06666F6BF16
:107E500012140F40BA493CBFDC46033F567D8EC02A
:107E600073683DC0FAEDEB3CFC1813C0B45905BF74
:107E7000E3C7B83E52B82A4058396CC03D2CB4BE56
:107E8000FB3ACC404D844140CAC302BED65610C016
:107E90008D28853F643B7F3F05C5A7BF6ABCFCBFFB
:107EA000E78C28BEE9489C40CC7F083E43ADA9BF83
:107EB000D1225BC089D202C07F6A14C02EFF11405C
:107EC000CC5D9B3F091B96BF426055C08A1FA7C06F
:107ED00060E5684029CB2040B537C8BF93A95A4018
:107EE000B072083FD49AE63F4D15CCBE59173BC03F
:107EF00054526FC0098A7F3FA69BC4BB6076D7BF30
:107F000081048B40BEC1CF3F857C10C0D0B329C057
:107F10008CDB90BF33C499BFC4423D3FB5153B3E97
:107F20008BFD9DBF5F074EC0F5DB17405F073240FA
:107F30006DC5D63F98DD633F2731083F4A7BBB3F85
:107F4000BDE36C408351E1409F3C2CC065AA20C03A
:107F5000CEAA9FBF234A4FC0986EE2BF6D56F5BFB1
:107F600055C134C0431C5B3F789CD23FE4832E3F15
:107F7000E2E9053F1748A0BF6ADE29C0A9A44EC0A8
:107F800005A392BE2B18153CFF210D3F5B421EBF7F
:107F9000FFB27BC0E2E98F40DCD7CF405BD3DC3E51
:107FA0007424D73FE9488E3F287E8CBEE7FBC9BFCB
:107FB000CE88EABFDCD799BF1058B9BE6132A53F61
:107FC00097FF90BE448BF4BF948765BFC8075D3FA1
:107FD00044FAEDBE014D14C051DAFBBF986EDABF12
:107FE0003CBD523F764F1EC0D0446440E9B7A94023
:107FF00058A88940AB3E8F3F1FF4CCBEA167B3BFEA
:108000003EE829C0EC2F4FC0166A09C0EC5168BF8A
:1080100094878DBF0DE08D3FD7346F3DE10B333F2B
:10802000C44211C0D0B3193EBE3099BCC0EC5EBE94
:10803000098A8FBFD73423406F81AE403F35BC40A3
:10804000F085E9BEE2E9153D986E1E406A4D2B4071
:108050004E625840014D3840F241A7BFCA54A1BFFB
:10806000B459F53E295CC7BF40A403C0CFF793BF06
:10807000D200AEBFA2B437BF7CF2903EC7BAA03FD9
:108080004C3749BE7CF224C0F54A593FD122FB3E11
:10809000D65640C0E3C7D83EE78C08BFE7FBD1BF48
:1080A00027C2BEBFFF21A5BFEE5A02C013F219C0FE
:1080B00068B302C03EE8A1BF780BA4BE20411940BE
:1080C0004D8439401FF42440F085F9BF2A3AB4C0EA
:1080D0008A8E344085EB69403D0A7F40AC8B9B3FE4
:1080E000B515B33F2063AEBEBC74EBBFFAED7BBFEA
:1080F000BD5216BE2B182DC08126123FCB1047BD96
:10810000A2B4134090A04CC06132B740D26F03C0FC
:108110000F0B65BFFF210DBFC286C7BF022B87BDF6
:10812000AEB6E23F1D38BF3F97FF403FA245663FD6
:108130005BD33C3FAC8B5BBE394507C03BDFCFC058
:108140008C4A804005A32EC02B8736C03411B63D23
:10815000022B894088F4933F8E75B93F16FB174078
:1081600057EC8FBEA470D5BFDAAC06C048E11E4004
:108170001895CC3F66F74040F706BF3FBADABA3FE2
:10818000302AB93FFFB2D3C051DA9B3E46B6033F17
:10819000A1D6543FEA9512BFD191BCBFFB5C0D3F05
:1081A000ABCF853F4694363F6210B8BE29CBF03E38
:1081B000423E9E402C653D4040A45B40BA49E4BF2E
:1081C00094F632C0FE436AC09A992DC0E10B9B3FE2
:1081D0000E2DA0C0933AB13F9621164060E5504065
:1081E000D9CEE73F7424F73EC74BCFBF567DFE3F45
:1081F00043ADE93F1C7C6540C7298440D9CECF3FC1
:10820000E414A5C0668873C0D656DCBFF1F482BF03
:10821000E414AD3F9487C5BE2DB2B3C023DBB1BF1C
:108220005530D2BFA69B44BD82737240A913104043
:108230008B6C173F3F356A40F31F6A406D56A53F70
:10824000E3C704C0B9FC434012149BC051DA1AC101
:10825000B30C99C0BE3085C019E2A8C055C1A0BFFB
:10826000E33616401748703F8048C14036AB9A400D
:10827000022BDFBF8BFDAD3F24970FBFEF3895BFBB
:108280002CD41EC08FC2D1C01F8593C0F77580BE8D
:10829000DC46433F863856BF355E76400C027B4055
:1082A000454742401E1606402EFFC93F9FCD6E40F7
:1082B000A089384026539DBFF8535BC0E02DC83FCE
:1082C000BBB8CD3FA8577AC062A1B6BFEA04743EDE
:1082D000189514402497FF3D2B18054034A2CC3F3D
:1082E0003255503F2DB25DBEC1393BC05B429EBF8F
:1082F0003D0A8D40643B53C01F85B1C068221840C1
:1083000048BF2940840DC73F986E2240E02DE03FD2
:10831000832F50C0FCA991C0304C46BFDB8A7D3F03
:10832000B072883EF2B0503FC0ECDE3F0D71DCBF52
:10833000696F74C0448B1C3FCEAA7740FED4C0BF87
:108340002E9098BFE926A1BF583974BF40A4EF3FD3
:10835000E3A51BBE091B84C0560E0DBF4BC8473E8C
:10836000B6F33D3F158C9E40A54E9EC0857C28C02F
:1083700011C73ABF95D43DC0DDB55040D26FA9407A
:108380000DE0AD3F7C61B2BE38F8C23C2C6509BF40
:108390006ABC843F44691BC016FBBBBF2A3AAE408F
:1083A000D5E70A40470398BEE3C7F8BFFB5C974098
:1083B000D712723D789CA2C05DFE533FC0EC9EBFB9
:1083C000A91358C0E3A57BC0431CB3BF4BC843C02F
:1083D0000DE06DBFCCEE254068B30640C1A81C403F
:1083E000BC05123FF31FA23FFE65073F8FE472BE3C
:1083F0004182A23FADFA744090A04840F38E8B3F7B
:10840000AE478BC0933A91BF3F353EBFEE7C3FBF36
:108410007368A1BF333343BFDE718A3FB3EAD33FF2
:10842000DCD7993F2EFF114026534D4070CEC83FF8
:108430006B9AA7BFF01604C0C44225C0E02D10C03F
:108440001F85ABBFE5F2CFBF3333233FC3F53840C1
:108450008D28BD3FEC51A8BFA4DF4E3FE561A9BF09
:1084600011C7AA3F3B01EDBE7446104098DDDBBF4B
:108470007D3FDD3F1F850F405F298FC0C5FE223F36
:10848000925CC63F143FA6BF83C0AA3E1D5A94BF4C
:10849000EA95323E3E7988C01DC9A34052499D3EAF
:1084A0005AF529C0764F5E3FF54A81403867F43F60
:1084B0006D567DBEE17A94BFDAAC6ABF371A10C040
:1084C0001F857B40DBF9324070CE783FDBF99EBEE2
:1084D00026E42B40098AE7BFA4DFC2C02D43A2C017
:1084E000613205405DDCC6BDE78CC0BFC8983B3D2E
:1084F000917E83BF637F0140CDCC0C3E6ABC743E4D
:10850000E9489E3F083DC33F5DDCC63FEA95923F88
:108510008F5358C03F354AC02F6E2FC0713D823FE8
:10852000A167CF402AA9BB3FD044A0BF2BF657C0BC
:10853000CAC362C0FCA9ADC00E4FA7BF7FD98B4094
:10854000BADA6A4036CDAB3F9A779CBCCA54E13E5A
:108550008AB061BD7368A13F5EBA9F402C65F13F50
:108560005D6D894011361040EE7C9F3F94F6A6BEAB
:108570003789E9BFC7290A3FA24576BF63EE1AC013
:10858000C5FEB2BF6DC5AE3F0AD713C0128382C00D
:10859000B29DC7BF39B454C04A7B85C0FC1877C0B0
:1085A00026E467C032E612C00C02EB3EB1508BBE2F
:1085B000E3361ABE3199DABF4ED1113D7CF2C03F8D
:1085C000151D893FF90F493F302A493F27A0893CB3
:1085D00060E550BF54E3A53D5A640B3F62A1904053
:1085E000234AE5402BF697BDE2E93DC01F85BBBF9E
:1085F000F2B0883F96214E40A8354540812632BFD3
:10860000E8D96CBF18268B3F31082C3EE4836EBF3F
:10861000615432BF26538DBFFE651740EC2F8B3F50
:10862000D3BC33BFAF9415BF2B87BEC0979087BF15
:10863000E6AE8B40AA60243FA1D618C0A60A96BF1A
:10864000865A93BE14AEA7BFF5DBD73D2EFF2D4053
:10865000FB3A48405C8FB23F19E22040D5E75A3FD1
:108660003F3586BF742433C005A3DABFB150F3BFD2
:10867000863856BE029A90BF9621AE4062A1763FE0
:10868000B1BF9AC0BF7DD53F85EBB13EE4142D3F0D
:10869000FA7E6ABFA32355C0C7BA20C01214A7BF71
:1086A000787A1DC09CA2CBBF1A51DABD96B2A43F06
:1086B0001B9EDE3DB5A6293FC52070BF8BFD09C0BE
:1086C000499D84C068910D3F295C6B4034118C40FA
:1086D000CCEE914073684D40029AE83F8104F53F2B
:1086E00072F9AF3F09F9A0BF93A9B2BF3BDFCF3EFC
:1086F00085EBF1BE95D4A1BF89D24E3FF6282CBFA1
:10870000AB3E5BC0690053C066F7384027C206BD68
:10871000B7D18640B4C8563FA9A416C0ED0D0EC00F
:108720000C93554031999ABF7E8CF93F34116A40C1
:1087300076718740AED8973F1361EB3FD6564CBF5A
:108740003C4E51BF3EE8793F917E0BC0F31F1AC0EB
:108750001F85EB3E9A0807C0B81E05BEEA95BC40CF
:10876000CE884EC0F8C2B43F39D641C04BEAA0C053
:108770003C4ED13D9487FDBF11364C3FD881D33E4E
:10878000D5E74A3F3B703E3F8FC22DC06DE74BC0DF
:10879000AF94CDBF71AC0BBFCE1965407446943D0C
:1087A00040A4FFBE2063EE3E7AA54CBF9E5E19BF7B
:1087B000A089B03DE3C76C4055C108BFA3019CBE72
:1087C000D509683F8A8E44BFEC51803F014D043E7D
:1087D0002A3AEA3F9B555FBEF163ACBEA54E2840E6
:1087E0009031D7BF1A514ABFED0D863F029A08BF9C
:1087F00098DD85C045D8284021B0723FEC2F9BBE44
:108800009031A7BF71AC2BBF4469BF3F2DB28D3FE4
:10881000F2B07CC06C78923FA69B34C0B9FC3BC0E0
:10882000764FDEBF143F8EBF832F4C3F21B0823F77
:108830003B7012406822E43F4469D7BF19E208C088
:10884000B84082BD9FCD1A3FAB3EAF3FF90F093F05
:10885000863836C052B8FE3F903177BE9CA2EBBF3F
:1088600019731740575B9540295C4F3F67D5073F09
:10887000B22E4E40EA953240ED9E14401283C0BDA8
:10888000091BA6BF917E2B3F006FA1BE65AA04C045
:10889000F9A0E7BE66F7243EE8D92C3DF31F72BF6E
:1088A000696FD0BF508D87BFEA95D23E539661BEA7
:1088B0000AD733BF4DF30AC03D9B253F35EF3C40FF
:1088C000EBE206BF02BC35C0560E35C0B459D5BE6A
:1088D000BE9F26C08048EFBF21B0A2BFC3F598BF9E
:1088E0000D711CBFD20096BF7AA5ACBDE09C834041
:1088F000D26F7F400F0B75BF51DABBC00D7168405E
:108900006D568140B29D3740713DE2BF73D7223F23
:1089100045D82040DF4F05408C4AF23FE3C7C0BF37
:10892000CF6665C0348089C0151D35C03BDF2FBFC1
:108930004FAF543F58CAB23F4FAFB43E903183401F
:108940005DDCCEBF1A51AA3F295C0F3F6A4D03BFC1
:108950006822D4BF3FC63040B51583C0E336C2BFDE
:108960001EA7A03F3E79983EC7BAC83FE10BB33E71
:10897000643BB7BFAC8B03C0865A13BF4182224011
:10898000713D4A3F2F6E5B40D42B3DC00309DABFD7
:10899000E78C58BF0091863FB9FCA540B1E121C0EA
:1089A000FA7EA23FCE88D2BC4B59063D81959BBF33
:1089B000014DA4BF5BB16FBFFD879CBF39B4D8BF69
:1089C0001904EEBF5F07AE3E6688C3BF9E5E81BFDF
:1089D00091EDCC40211FF4BFFDF6453F569F1B3F54
:1089E00036CD3740B4594140E3A5134001DE62C0A3
:1089F00020D2AF3E1B0D00BFD93DD5C0795864C011
:108A0000A9A42E404260494094F6E6BF66F74CC0E8
:108A1000DE71CA3E4772C93FA01A2F3F0EBE00BF8B
:108A20001283983F705F1BC0871639C06822ECBE66
:108A3000DE02093F022B034074249D40ED9E4C3F13
:108A4000D93D393E91ED54401B9EF8C0CE882EC0D2
:108A500030BB07BF67D5D7BF33332BC0113686C0B5
:108A6000E71DC740CC7F84405DFE9B3F234A5BBF30
:108A700054E34D405F9830400B46554092CB13C0B5
:108A8000F706BFBF95D4A13FCAC33EC0984C15405E
:108A9000378995405E4BF8BF8A8EA4BE41F1433FB3
:108AA00097FFB83F0D71843FF90F493FF931E6BC9C
:108AB0001A512A3F083D0B401973234039451F4086
:108AC000F90F3540BDE314C0C58FB3C0DDB584C018
:108AD00012830CC0A2B437BE61C363BF05A33AC002
:108AE000113604409031E73F711B8D3D0BB5A6BD9B
:108AF0005DFE033FF90F69BFBC74FB3F8D97BE3F1E
:108B00008A1F43BFA4DFB6BF8E75B93F787A114084
:108B1000492E873F3BDF43406FF02540C89853C044
:108B20006ABC38C00E4F6BC0A1D67CC0840D0BC090
:108B30003411F6BE72F9A540107A2EC060E5D0BEA1
:108B40009487E7C06EA3813E57ECDFBF32E69A40C0
:108B500062A11A40DCD703C1F085A9BE67D5873F63
:108B6000621058407E8C09BFFF214D40BBB86D405C
:108B70002F6E3BC08B6C2C41CF669D40ED9E02C199
:108B8000AA8261BFCD3BAEBFE9B777403C4EC13F43
:108B90003789C13E21B0EEC0B98D66BF865A1F40ED
:108BA000B6F31D4011C71AC0AF94B5BFBDE3943EE4
:108BB00027C20640FFB21B40643B8740DC467FC0B3
:108BC0005452D9C0325588BF19731B40D95F163F24
:108BD00043AD99408A1F63C0DE71A2BFC89885C0AB
:108BE000A1672FC0A01ABF3F46B6BB3FC3D36BBF20
:108BF0009643BBBF2497A5C00A680EC035EF583F07
:108C0000BE9F5A3F48E1D440F90F293ED71212BF08
:108C10005E4BA8BE9BE6494048E1BABFE63F543FE1
:108C20003EE82540BF7D1140BA6B7540917E1F40E4
:108C30005305EB3F234A1B40575B913E6ADE2DC034
:108C40007CF2903EA3010CBFEFC923BF2D219F3EB4
:108C5000B37B823FBDE308C03E7958BFFD8798C013
:108C6000485020C05C8F9A3F423EB4C00B24B03FB6
:108C70002AA94740560ECD3F948771C0D42BEDBF33
:108C80007A361B3F4CA65ABF3789D1BF26E46740CE
:108C90008FC2653F2F6EFB3FACAD6040637FB9BEB6
:108CA000925C1EC0333343BF6C0949BF2506C9BF60
:108CB0009D11653E32E61EBF51DA9B3D58CAF2BE99
:108CC000F016C83F50FC2C409318943F89D25E3F69
:108CD000B762D73FA1F8A13F74B515BFF6282CC0E5
:108CE00004562AC0787A75BF3B01D5BF8E752DC05A
:108CF000A913B8BF63EEFABEDBF9E63FCAC3C2BF31
:108D0000DCD791BF3411A040B6F383403D0AC73F82
:108D1000AD6972C0C9E50B4021B02240E336D23FB5
:108D2000DF4F3D3F2575623F42CF663FE09C3140BB
:108D30003E79584071AC2340CDCCEC3E2CD402C0DF
:108D4000492EEFBFC9763EBEDB8AE5BF211FA0C01A
:108D50007CF264C06D56A5BF545203C04D84EDBF74
:108D60006ADE813F52493140280F8DC0D93D5DC038
:108D70006D564DBF44FA8D3E71AC234080B718400C
:108D800010E9A73FE02D103E7A362B3FDFE0F33F9E
:108D9000925CC6BF54E315BF19739F3F6D560DBF5C
:108DA0002B87763FD9CE0FC0151D39C0508D6FC0AF
:108DB0009BE6C5408126264098DDD33EC1CA8BC0C4
:108DC00044FA8BC02D435440849EFD3FCA32FCBF01
:108DD000E5F28FBF857CF0BF0681ED3F0DE02140BD
:108DE00093A922BF083D9B3E6F127F40DC46E33EC5
:108DF00071ACABBF59172BC0228EC53F64CC354038
:108E000085EBB1BF0C020B3FC4B17EBF8273463FFE
:108E1000B3EA033F8D28ADBED34D423F01DEC2BE53
:108E200001DE223F7DAE36BDC5FE323F07CE15C006
:108E3000B6F30DC05C2061BFF628F43F9D80FE3F75
:108E4000ADFA284046B6BB3F17B7913FC58FF93FF3
:108E5000C9E5DFBEAAF1DAC091EDBCBEFD87CC3F0B
:108E60005EBA6940910F2640F2D27D3FBADAEABE7F
:108E7000A5BDC9BF7AC7B1BF31085CBF17B751B92B
:108E80009FCDAA3E41820240B6F3F53F4850CCBF89
:108E9000810409C088F40BC0A47001C099BBDEC076
:108EA0005AF5854066880F400B46353F40A49F3FEA
:108EB000711B9D3F075F48BFF5B9B2BF3FC61C3E5F
:108EC0006519823FB29D8F3F8638B63F39D69740AD
:108ED000D34D8640780BD4BFD5E7BA3F8863DDBE5B
:108EE0003199A2C0E6AE95C081044DC017D94E3E5F
:108EF000B81E55BF24970F3F304C66BF575B99BFD4
:108F00001214FFBE098A57C031994AC0D9CEF7BEA4
:108F1000E02DD8BF0B46B53FAB3EEF3FB37BF23FF2
:108F200058CA323F499D0C400612443F5F07AEBE0F
:108F300079E986BF917EFBBF55C19C40B5150F40B6
:108F400052B8DEBEE92661BF6FF041C0711B8DBF14
:108F50007AA568C03D9BED3FB684104098DD733F15
:108F600039B4A8BFF0A7863FA2B4773FD93DB93F37
:108F7000DCD781BEDAACD23F64CC0D3F38F832404A
:108F8000EE7C13C0F4FD4840418262BF6E3400BFE6
:108F900005C581C0211FD43E569F03C02AA9B33EF8
:108FA0008C4ACA3FBD5216BE17B799BF88F4A3C0FA
:108FB00045D8D0BF8CB91BBFF9A067BE51DA77C0C6
:108FC0008A8EB4BFDAAC84408E753540F2B0B240C0
:108FD0009C3302409318ACBF1EA788BE0D71D43FCE
:108FE0005C8FE23E36AB3EBF35EFD83E1E16B0403A
:108FF00018955C40302A79BFC2178E3FA52CA33E3E
:10900000849ECD3EDDB564BF71AC85C0075FA03FD7
:1090100007CE81BFCAC3E23F7FD9B5BF54740040B9
:10902000AD69D8C02B87B6BF857C60BF3B01FDBF53
:10903000CFF703404FAF9C3F6666063F764FDE3E5C
:109040008104ADBF8E0638C01AC043C0DA1B1C3F76
:10905000462511405917BF3F7FFBBA3F6C78464009
:109060009CC4C03F40A499C08CDBF0C09D8026BF4B
:109070009CC400BFC1CA3140CAC33640E2E9853F43
:1090800020415D40E17A44BF08AC6440098AEF3F6B
:10909000F7E421BE73D7E2BF05C5AFBE8D282DC052
:1090A0008D2845C0E17AF4BF08AC48C0B003873FC3
:1090B000FBCBFEBFBC96F03E58CAB23D569F234044
:1090C0000EBE30BE6DC55EBF9E5E094096B28C403E
:1090D0001B2FA34048BFA3C07C6132BF36ABBEBFCD
:1090E00083C04ABD499D503FFDF6B53F6FF005BDB9
:1090F000B072E0BF9FCD0EC01D5AA4BE6C78FA3F7F
:10910000DA1B9C40E258F7BF7424E7BF8D2829C0C2
:1091100089D26EC008ACBC3E80B7903F58A89F4033
:1091200041F183BE2041B13F9790B7BF5F2993BF04
:10913000E71DE7BFF2B0103E448B244093183C403B
:10914000A69B343FD0D5D6BE39D685BEC1A8243E15
:109150008D971EBFE336BABEF24185405917B73E20
:10916000F085C93DF6971140D712F23E7B14EAC054
:10917000DDB544BE304CA6BE964389C06744E1C00D
:10918000992A9CC09FCDCABF8CDBB83FA5BDF13FDB
:10919000EF38153FC1A8243E1EA728C0F01688BF8F
:1091A000643BFF3EBA6B4D40C976CA40C5FE1041D4
:1091B000A4DF004124B9DCBE14AE0740DA1B04C0B2
:1091C000A7793BC020D2CDC0401339C0871669BFF4
:1091D0005D6D8DBF7FFBAABF9565083DCAC3E2BE2A
:1091E0008D978E3FCCEE4D407FD97DBE933A71BFB7
:1091F000B1500340D5E75AC0470358C02506C1BF48
:10920000BC96904065AA6040A245563F82E2A73EC8
:1092100065198640A8C667C01FF48C3FB81E35404C
:10922000B1E19D40643B9D40857CB8BF832F96C0D3
:10923000840D3FC032770DC0A08904C06C787ABE1F
:1092400002BCDDBF1D5AE43E3CBDB2BE68B33A3F2E
:1092500090A0A03FF0A7C63F645DD4BF1973D7BCF0
:109260009790A7BF6FF0753F3BDF73C0DF4F11C012
:10927000ABCFF5BEA69B443B21B08ABF228E65BF13
:10928000448BECBF38F88A408FC211400B24903FCA
:109290006822CC3F59178D400F9C6340D6560CC0B6
:1092A000C28633C02B879EBF3EE8D1BF492E7FBF09
:1092B000AEB6123FBC96B03FF5DB9140CB10894073
:1092C000F628BC3E7A360BBFEC51F83FEF384540EC
:1092D00094F6A63EF2414FBFE0BE2AC04DF306C051
:1092E000522750BF2C659DC0759368C02DB2B74002
:1092F000508D973C1C7C213F33C42140D12281C03A
:10930000933AF1BF30BB03C07AA5A4BF022B87BE3E
:10931000FE43FABDEEEBE83FD34D52BF166AB5BF30
:109320001AC0C9400B24A8BF39B40440D49A26BE41
:1093300043AD4140CEAAC73F4A7B13C003783BC030
:10934000B53708C0A69BC4BBD04498BEF8C2E4BEE3
:10935000226C983E6C78CABF36CD9BBE32779FC0D8
:10936000E8D98EC058A8D53F0D71B8404DF3944050
:10937000F6287040190476BFB81E7DC057EC0FC0A8
:1093800023DB493F20638840F7756840CDCC084017
:109390009A08DFC08D28F53F6076234039455FC0CD
:1093A00070CE58BF4F1E3AC057ECD73FC1A810C06F
:1093B0008351ABC0A245F6BF5E4B18C039D63540CD
:1093C000E78CBC402E9058C09E5E493F7CF25440D2
:1093D000FED4383F11C7844014AE33C093189C3F6D
:1093E0006DE783C005A332403867B24040A46FBF29
:1093F000AAF172C064CC01C010E9EF3F29CBC83F8D
:1094000080486F3F38F842BC1A51A640F85373BFEA
:10941000B37BCABFE4831EBDE92671BEAAF11E401C
:10942000B6F32DC0569F0BC00D7184BFBEC1C7BF20
:10943000FE43BABFDBF9DE3E29EDD5BF29ED49C0B9
:109440001AC05BBE65198A406EA301BF74B5253F83
:1094500042CFCE3F2063CE3E545247BFFBCBEE3EC1
:10946000FC181740DE715ABFC2862FC0D7346F3D3B
:1094700068B36640E9B7AFBF17B7D13CD19100C020
:1094800085EB413F121447C0D656E4BF7593783F31
:109490004013C93FADFA2C3F7FD93DBEB459F5BE4C
:1094A000E9486E3E2575123F5227B03FD7346F3FD3
:1094B000637FD13FADFA5C3E7D3F253F4772793FE8
:1094C000166A49C0B1BFA8C047728BC0CE884A4057
:1094D0006ABC48406FF01140787A9D3FEE7CFFBF38
:1094E000FB3AC8BF158C1A3F79E9C63F9D800640FC
:1094F000E17A184004E74C3FBA6B05C0A54E30C076
:1095000035EFC0BF95D4493E31998ABE2FDD44BFA7
:10951000158CEABFBC7423BFBB2791C0C729DCC030
:1095200080B7AE40BE9F2A408E06903F713D1240EC
:10953000006FB13F696FA83FEFC913C00C93094199
:10954000C58F013FD1912CBF54E31DC011C75240BC
:109550000C022BBFC2170240C05B303F091BEEBF9D
:1095600052B86EBFE09C99BFCB108BC0EA0424C0F8
:109570006ADE313FE02D98BF2653E53E7B1426403E
:109580004D84A53F5986F8BFDE93573F772DC93FDD
:10959000C139133F7958183FBDE3F43E74B50DC08F
:1095A000E2E9B53E4CA6C24039D641402C6515C013
:1095B000567D4EC062A146BF759300C0304CC6BEFA
:1095C00046941EC0C4422D3F9EEF5FC0984C65BFBD
:1095D000234A8940A8352DBF17B731BF97900A415C
:1095E000933AADC044695FBFA167B3BEEFC953C032
:1095F00069000FBF462595BEF4FD384030BB43C01F
:10960000CD3B3EC0B29DDFBFCDCC5440E4148DBFF6
:10961000E86A8DC0EB73F5407DD0033FF9A037BFFA
:10962000666666C01973C14096212E3F211F8C3F8C
:10963000705F9F3F431C7740E8D99040A392F23F70
:109640003333433F643BC7405D6D2140F2B09C40E3
:109650009643EB3F5227C0BEBA6BB13FBB27F1C068
:109660002731DCC0CAC36EC0E86A9DC01EA724C0F3
:10967000567D92C0FBCBAEBE917EBBBFDC46FBBF2E
:10968000CB10B7BFD200524035EF2C401A51AABFC1
:10969000C44265C020635AC0A30128C0BC7423C063
:1096A00079E93EC0DDB5E43F34A2943FE6AEE53F44
:1096B00058A8253FF8C27040CF666540643BDFBEC6
:1096C000C6DC3D405DFEC33DE5D026C02B87F6BE1F
:1096D0009D11714096B25040F241B73FE02DBC4021
:1096E0003945C73DBC0556C0C36452C01D5A9EC013
:1096F000D656D4BF7CF2403F0E4FAF3E6DE76B3F76
:1097000062107440FD8786C04703F0BF744664BF93
:109710008CDB803FEB7301408941824045D8D0BF4C
:109720009D116DC0CD3BAEBF6DC5AE3F7CF2D83F45
:109730005BD33CBDD122DBBE569F3B4054E3853E0C
:10974000613255C05B42DE3E02BC9D3F68B35ABFEA
:1097500008AC5CBFEB739BC027A0C5C045D8484090
:1097600054E39D4052274C40AA8283C09C3384C05E
:109770005DDC32C07502A2BFADFA2CBF006F813C28
:10978000956588BEA3923ABFA1D634C0DC68F8BF05
:109790003F35FE3ED2000640A54E88403945DF3FAA
:1097A00054E305402C654940EFC96740371AF83F3C
:1097B0000F0BB53D9C3342BF68220CBF7E8C6D40C1
:1097C00052278E401C7C99BF81044DC0849E4D3E23
:1097D000539699BFBE9FBABE234ABBBED3DEC0BF5D
:1097E000BE9F8C40674409BF0DE0B5BFCCEE69BF9A
:1097F0009A9999BD068175BF1B0D54404D15304097
:1098000013F2E1C023DB093F4DF38EBED34D823FFF
:10981000EA04343E4182944077BE7F3F76715B3FDD
:1098200024280EC0637F8BC021B0823FA52CA340AB
:10983000D1914C40F2B0B83F3D0ADFBFDFE06BBFD3
:109840009CC414C048E1B2BFD712DCC0705F334083
:1098500067D597BF4260653D516BDA3FA69BA43E3A
:10986000EEEB80BEF5DB573DAD6922C054528DC092
:1098700093A942C0A3923ABE522798BF58393CC020
:10988000E4142D3FCEAA5F40C217CE3FE09CA13F1B
:1098900002BC853E6DE7B34061547AC046B68BBFCB
:1098A000A60A86407671BB3E4FAFE4BF7AC791BF30
:1098B000FF21FDBC9B556FBF0B46C53E2DB2F53F4A
:1098C0007B836F3E94F6C63ED578793FC6DCB53FC4
:1098D000D20022401B9E8C401D5A94C017D922C032
:1098E000AF250CC0AC1C22C01895B4BE20639840B4
:1098F000BEC1173FA857BABF4BC8F940F93176C06F
:10990000A1F8613FF775603F516B98C0098AA5C007
:10991000B9FC873D9F3CAA40F4FDE4BF38F88AC0FB
:109920009790FF3FB0033B406EA391C0CBA1A540F1
:10993000F4FD143F8A1F83BE7DD093BE2B87263F44
:10994000DB8A5DBF5F07CEBEF4FD24C09FCDAABDFC
:10995000BC74133E5F07CEBF4E6284C0355E9AC0B2
:10996000BE30D9BF2653054017D98C407FD915404A
:109970009487053DE10BE3BF2E904040C72922406C
:109980005A640F40423E483FF8535BC039B414401C
:10999000F9A0A73E7DAEB6BD92CB0B40B6F32540F5
:1099A0009EEFAF3FD95FDE3FA8C63740BE9F2E4037
:1099B000A54E90BF469436BE8A1F733F1B0D803F55
:1099C000D04498BEEB7395BEEB73253FAF25643E44
:1099D0008716C1BF98DDBBC058396CC088855ABF97
:1099E000197323C06F81843DC807D5BFD1915CBF77
:1099F000D0D5563E10E90F4039459540F0A7764046
:109A0000A0891840FBCBAE3FE6AE85BEBC9640BFFA
:109A1000C3648ABE643B37409318943F992AD0BFF1
:109A2000014D8CC0E33662C0143F46BD166A5DBF6F
:109A30002FDD9EC0BE30F93EC4B12E3FEA048C3FFC
:109A4000234A2B3FCC7FA83EB45975BEACAD78BF3E
:109A500001DE72BFCEAACF3E6B9A57BF3E7988BF58
:109A6000C9E54FBFA913F0BFE10BEB3F80B7883FBB
:109A7000696F704088F42F4023DB11C08863B53FC5
:109A800088F49FC0865AD33C4DF302C098DDFBBFDB
:109A90007E1DE8BFE9B72BC072F943C0B9FCD7BF40
:109AA000206312406B2B263FA1D6E43F7424973FDE
:109AB000C05BC03F46B693BF166AA5BF22FD76BD08
:109AC0004FAF60C002BCCF40D49A8240EBE2B63FB9
:109AD0009C33223DFB3A30BEEB73E53F0AD7233F70
:109AE0000E4F2F3C61545AC07DD04341B5A687C06C
:109AF000B45985C0DE71B0C0302AD9BFE3A5A940F2
:109B0000DCD771BF780B80C0C5FE4640A9A4A64033
:109B1000DCD7B340575B19406891ABC02D21E7BF3C
:109B2000B98D86BEEC2F9DC0EB739D3F67D587BE78
:109B3000D1225B3D174808C0E6AE71C08D9722C0A8
:109B40001283A8BF4ED1B13F8273963FB29DE73FCB
:109B50008D2819409EEF07BFE63F54BFA2B4173FC0
:109B60001F858BBEFC18E7C0BD52EE3F1B9E7640A2
:109B7000E10B5B40D8F08C3F8CB985C033C461C029
:109B80002B1855BFABCFD5BE9A9919C07424173D79
:109B90009F3C7C3FA167AD406666EEBFCA549140D2
:109BA000F5B95ABDCA3210C05A64EBBFE6AE4140A7
:109BB000FC18B33F75026ABF31996ABE7B832F3FA1
:109BC0006F811C406E3400BD85EBCFC00F9C93C0ED
:109BD0001F8557C055C19CC0C6DC55BF07F0164055
:109BE00051DA1BBF8F5384403F571B3F029A383FC7
:109BF000CDCC8C3E979003C0D42BE53E4F1E324017
:109C0000197393404D84CDBE4D84BF4058CA064061
:109C1000F6979D3F4260FDBF1058A93F17B7913F8F
:109C2000917EA33F1F85DB3FFB3A40BFEEEB74C044
:109C3000128390BFDB8A3DBEA54E44C05C201D4010
:109C4000107AE6BF2AA913BF4B5922402D21DFBE4F
:109C50005305833F83513940E4839040BE30D9BEE1
:109C600011C74EC081045DC062A1B6BE20631A4018
:109C700003788140F08559404D840540865A0BC0D9
:109C80003108A4C06DE78BBF2E9010C0827346BE12
:109C9000A089003FE86A8BBE713D823F53052BC00F
:109CA0002E90A03C8863ADBF1DC9D5BF17D94E3FCC
:109CB00062A1263F4DF30E40226C48C0D73423C02A
:109CC000014D44BFADFAFC3F7DAEEE3F780BA4BD25
:109CD000BEC1673F14D0743F211F8CBFF163CC3EDF
:109CE00005C5FFBF098A0F40E3C70040E86AADC061
:109CF000061228C0E3363ABF304C363FC5FEDA3F85
:109D0000DDB57C407D3FD53F39D6FFC0B30C8340E5
:109D1000986E6E405530BABF287E0141B684E43F4C
:109D20000A6888C032778D4052B8194164CC01C0AE
:109D300068B30ABF583964C0D200F6BF849ED9C048
:109D40001EA7B8BFB29DEFBF17B7C1402428DAC025
:109D5000EC2F4B3F93A9023E0B46FDBFD57881BF48
:109D60008CDBE83E95D419BF5B42863F42CFC6BE2E
:109D7000744674C01973634094F6E63FDF4F4DBFDD
:109D80007A360F407F6A80408AB021404BC83B4002
:109D90003D2C3C407F6A4C4042CF42C17AA592C0E4
:109DA000B4C8363F4BEA84BD95652CC0D7347FBF1D
:109DB000E4141D3F863856BED3BCE33D8E75313E5C
:109DC0006519E23CB22E2E3FC1CA85C0508DF73EC8
:109DD000D7344740DD2456BF2FDDCCBF4F4047402E
:109DE0009C33AABF3B70EEBEFF213540CBA12D4076
:109DF000091B2EC06666963F426087C0431C8BBF1E
:109E00004BC8073F60E510BEEC2F9BBFE2E965BF82
:109E1000250661BF325560BF8C4A7ABFF7E4813FA7
:109E2000FCA9834038F80A4068919D3F70CED8BFA6
:109E3000F2B0B8BFDD249E3FA301D640B3EA733E23
:109E4000F4FD50C0A1D604BF849E09C014AE5BC00F
:109E5000933A5DC01AC08BBFBA6B193F1895B43ED8
:109E600072F9AF3E8C4A6A3EB537483FE336823FCF
:109E70004FAF1040711B7DBF6210B8BE2D438E40A6
:109E80007D3F6D407B14C63F3EE86DC0C1A8443F96
:109E9000EA9502BF2041B1BEEEEB6CC0728A52C09F
:109EA0000D71CCBE14AE8F3F9031994000005040F0
:109EB00073D7EABF3E7904C0BDE3943DFDF6A53FEC
:109EC0002CD41ABE8351B93F80481BC06822CCBE37
:109ED0001B9E1AC0D7A354C04A0C36401904463FF3
:109EE000EF38653FC44261400B46A53D302A99BF1B
:109EF000D1913CC039B4583F92CBCF3F508D8F3F6A
:109F0000AF25A43F2EFF6D4096B21440D5E76EC03A
:109F10008A8EECC05F074EC0B9FC8DC0A1679BC0A4
:109F200032554C40B7621740287E9040583984BF64
:109F3000CC7F8E40BE9F524027C2063DE78C0C402E
:109F4000F46CEE3FD34D023F89D216C0C9764AC0A9
:109F5000A245BEBF9D805EC007F05EC0D34D90C0DD
:109F600023DB19C0A470B1C0780BEE407A364B40A9
:109F700027312C4039B48A40C74BEF3FC6DC35BD92
:109F8000C8983BBD5AF519407B1488C0355E88C01F
:109F9000341136C05D6DB5BF3D9BB5BF780B8CBF2E
:109FA0004A7B033DE0BE2E40E5F2CF3F9E5E71400E
:109FB000A9136C4032771940B9FCF73F8104453F43
:109FC0003480E1C04772393E8FE47A40E9489C40D2
:109FD0000F0B4DC0569FCBBE7C61D2BEDD2476BF39
:109FE000522798BF0AD7ABBF2E9088BF091B32C03B
:109FF000C5203CC0F4FDA43F2C65D93FB7620FBF1C
:10A0000052B8D63FA3010CBF44694FBFB1506BBEDD
:10A01000FCA941BFF2B0B03E03784B40143F0E4064
:10A0200046B691401D38AFBFAB3EB7C064CC69C0E7
:10A030009D11ADBFABCF153E0C02DB3F93184C40DA
:10A040001EA7483FB84082BF9CC460BE7E1DB83F7B
:10A050000C93A93C925CFEBEE94886BFFC18333ED7
:10A060008E75893F516B0240F2D2AD3F3F359E3F26
:10A07000CAC3E23E39B4C8BD22FD463FC6DC65BF57
:10A0800046B69BBF7B83F7BFD49A3AC0BD5280C00F
:10A09000772DA1BE08AC94C08B6C89C0FCA985400B
:10A0A000CE19B3402A3ABA3F01DE62401136B43FBE
:10A0B000AF9455BFA7E84CC0CAC3B040E4830E407C
:10A0C0006F81C4BE90A078BDE5D032BF8E7521BF30
:10A0D000FCA91D40ECC009BF0F9C93BE17B75940A7
:10A0E00094F6064083C03A40182603BFC21776BFD5
:10A0F0008D286D3DFED48AC0705F73C0AA82893FEF
:10A100007FD9A140E7FBE9BF0F9C0FC07CF296C04E
:10A110001748703FB37B224096B290C0098A1F3E19
:10A12000CBA1354067441940E3C7F8BF4547223FFC
:10A13000569F4BBF5249FD3F68B3CA3F74B5953F28
:10A14000E6AE91C04E6210BFEEEBB83F6ADEE14072
:10A1500071ACD9C0F24191C0D26FC1C029CB00BF50
:10A160003255C440FDF69B407E8CB93E9C339ABF6D
:10A1700066F704C0DE71CABFBC9640BF910FDABE5D
:10A18000E948FE3FE9482EBEE926F1BE7AC7F9BF8D
:10A190004772C1BF07F056BE7D3F2D404ED175407E
:10A1A000643B8540E86AD3BFF6974D3F508D4740EA
:10A1B000A1D69EC00AD723BC86C95440CDCC084046
:10A1C000B072B03FE258573E54524340BD52B63F82
:10A1D0002BF6973E516B9ABE1CEBA2BF03096A3F58
:10A1E00032778D3EA089703F73681540304CD6BFE2
:10A1F000C05B7CC05E4B5CC0226C20C0C286DFBFEF
:10A200002C65913F3B7022C02D43EC40C05BFC406D
:10A21000F31FCEC090A00FC1287E0C3E67D553C05F
:10A22000E3C75440371A10C0A9A42AC0FB5CC53F3D
:10A23000FB3AE840711B2DBFFE43BABFA54E40401C
:10A24000D578DD40CE8809C1B98D2AC029ED2140DD
:10A25000910F4ABFC7290AC04547AA3FB003273E0E
:10A2600038671CC082739EBFFBCB7E3F65192E40B2
:10A27000B8AFF33F2AA9A33FB003C73E4A7B37409C
:10A280007F6ABC3EC8073DBE1748B44057EC074044
:10A290006B2B86BF2E90A6C0D7128ABF984CE7C002
:10A2A000EE5AC2BF3255303EB072283EDF4F7DBFFE
:10A2B0008BFD01C0865A47C06F1253C05DFE07C0B8
:10A2C000166A01400BB50640D1919CBE1EA788BFFF
:10A2D0007FD921C0B6F3B5BFB537E0BFFA7E3A40AB
:10A2E00016FB8340143F26BF47032C40DDB550408A
:10A2F0009E5E2540744614BF4D84EDBE24B9F4BF64
:10A3000080B730BFDE718A3FDD24E63F82E2973FAF
:10A310006210D83E780BC43F66F7643FB4C83EC0B5
:10A32000D0B3B5404B59624017D97EBF46941E400A
:10A330003C4EF9BFD0D54AC096430BBD8CDBF8BF6D
:10A34000E3C7E8BF6EA329C047727DC061C34BC09D
:10A3500093A9AABF925C7EBFB30CF13E8D97EE3FEE
:10A3600096218E3EF01664C02B18EDBF32777940EF
:10A37000107ACA40022BFF3F18261F40E92691BEE3
:10A38000F01608BE1A517ABF492EBF3FB29D1B403E
:10A390008126023FE10BAFC0234AF3BFFE650FC128
:10A3A00007CE393F2BF627C07424EF3FD6C53D3F7B
:10A3B00039B4024117D916C08CDB86C02A3AACC02A
:10A3C00099BBAC400DE0ADBE7A36ABBC74241F40E7
:10A3D0008D28E5BFFB3A094135EF28C0986E90C043
:10A3E000AC8BDB3EA835CB40979017400C02A33FC7
:10A3F000D26F873FD044383F17B7B1BF89D296BFDD
:10A400001A513240AE47A1BEBF7D8DC07FD9853F76
:10A41000DF4F4D3FD6C56D3EFCA9E9BFE9487E3F01
:10A420007DAEC63F46948840A2455AC0E71DEFBFA7
:10A4300089D24AC0AA60F43E3C4ED13D48BF61403B
:10A44000865A97406EA3C93F93A966C0E7FB19C01F
:10A45000FE65573F11369C3F4A0C8A3F4ED1B93FAB
:10A46000780B743FC7BA883FE3A51BBC05C59FBFE7
:10A470008FC26DC0F706BFBF8E06703D2D435C3E98
:10A48000E78C60C0B98D56BF5305274022FDA63F1B
:10A490004703383E82E257BFE8D94CBF9A772CBFBA
:10A4A0007E1D48BF744694BC849EEDBF27A009BBA7
:10A4B0005917DF3F24B90840BBB81940AC1C5A3FBC
:10A4C00033C499BF992A18C00B46253EE3A5D3BFD4
:10A4D0003D9B953E448BBCBF6DE793BFF5DBFFBF53
:10A4E000B00373C07DAE62C0EA95E2BF98DDB340B1
:10A4F000107AD63F88855EC0E2E90DC0DE9317BFB3
:10A5000075933CC03E791C405AF54D404FAF2440F6
:10A5100038F8123F6A4DB33F9621CEBF6DC52A4031
:10A52000ED0D80406C0989BF3A922B407DD01F40D1
:10A53000A69B10404CA62640A913204020632E4025
:10A5400024B99C3E4A7B13BFE7FB29BD1C7C1DC080
:10A5500071AC9BBF0AD7A3BD5EBA2DC03D2C58C0BD
:10A56000C58FB13EA7E8B03FFCA939C0E78C08BF52
:10A5700076E014C09A9989BFCE88BABF477249BFA6
:10A580002041713ED9CE37BE925CE6BF3B701EC003
:10A59000265335BF6D56A5BF7DAE76BEE5F2E73FCB
:10A5A00065AA184077BE9FBD18262BC06F81643FF7
:10A5B0004A7B4740A2B41B40AAF14EC0EE5AC23FAC
:10A5C000F46CD63F234A5B3F64CCAD3FC3D3C33F5B
:10A5D000910F8A3FBA49CCBFE25857C0166AD5BF1F
:10A5E00044FAAD3F45D8B6409F3CACBE0EBE50BF0E
:10A5F0002AA98BBF2731A83ED3BC9B3F728AD0C00B
:10A600008CDB6440C1A8C43E42CF5AC0C520104074
:10A61000107AB6BEE3A5BB3E32557CC0166A85C033
:10A62000006F7DC04CA632C0B84032C027A0593F51
:10A630007E1D084079584C4016FB3F402CD47A3F91
:10A6400037896D40E4142D4088634D3FA60AAEBFA4
:10A65000226CF8BD2FDDEC3F158C5A3F17D9164000
:10A660005C8FE23E4A7B6FC07E1D903F8D28DD3FB0
:10A67000B3EADB3F158C8A3FA913703FA245124015
:10A68000789CE2BE206306C073D7923EE8D914C01E
:10A69000B98D1EC0273160C0BA490CC09D1125BDBF
:10A6A000711B8D3DCEAA0BC06E34E0BFE86AAB3E95
:10A6B0003FC6284010E999406E3428403E794C400E
:10A6C00066F7BC3FE78CE8BFCC5D13C01FF4ECBD60
:10A6D00097FF90BC8E06D83F9A99593FA835CD3D3B
:10A6E000CF6605BFC4429D3F6519C23F211F24BFED
:10A6F0000E4F6FBF16FB4BC06DC53E3EDC464BC0D8
:10A70000B98D72C0A69B6840E9B71F3F5917CF3F6C
:10A710007AC7993F9487853EDBF9FEBF55C19840C3
:10A72000F2413F40F697D5BFC3F5C8BFEA9552C086
:10A7300060E51440D93DF93D742427BF71AC933FC7
:10A740006DE7ABBF250651C096213EBF0309CABEC7
:10A75000F1F45ABF6132353F250625C01FF454403D
:10A76000075F483F3B0195BF36AB9E3EB6F30540C1
:10A77000711B79C026E407C01B9E5EBE6F8184BF3B
:10A78000287E1840E8D94C40492EA7BF787AADBF43
:10A7900019E20040D5099AC0F5B912408BFDE5BE1B
:10A7A000F9A0673E24971340CFF7333F44FA2DBFFB
:10A7B0003A922B3FF2D29D3F423EA83EB9FC8FBF5A
:10A7C0000C9369BED49A663F5AF5D9BEC139C33FCE
:10A7D000F2B0103E30BB77409A992DC062A1D6BD31
:10A7E00022FDA6BFCF6629C023DBE1BF19E2D8BE98
:10A7F00067442940C7291ABFCE8802C0C7296A3FCB
:10A800002575724069001F408A1F83BE50FC1CC022
:10A810009FCDF23F197317BE85EB313F90A0A0BFCB
:10A820005BD39CC0A7799FBFAD696E3F29CB303FFA
:10A83000696FA840795890BF462575BE2B8712C016
:10A84000787A25C0D509F03FB4C8D63F0F9CD3BF56
:10A8500034A230C014AE0FC00F0B053FA1D6CCBF41
:10A86000C7298E4088F48B3F492E9FBE234A6B3FF9
:10A8700018265BC08C4AAA3F93A9C2BF9F3C7CBFED
:10A88000D93D79BE74467C405C8FE23E744610C070
:10A89000A24594409F3C00C0DE0211408D281DBFA0
:10A8A000355EB2BFD49A66BDB81E3DC0B3EAF3BFF1
:10A8B00047725D402F6EC3BE48E1D2BFF4FD94BE27
:10A8C00076E00CBFD5E7E23F11C73A3C8CDB28406D
:10A8D000A4DF36408CDB083FEB73AFC02F6E27C080
:10A8E0007D3F753FF54A5940A3233DC024977F3BE8
:10A8F000A8357D40575B0D400E4F6FBFCA32CCBFAD
:10A900004E62B0BFC0EC1E3E3EE809C0DAAC4A3F22
:10A91000637FE93FC58FD93F09F9F0BF96215EBF3C
:10A9200027A049BF645D5CBEBC961840886309409F
:10A93000B515DB3F508D83C0EFC9333F1214F73F8D
:10A94000B7D1803F022B873C17B7AD403CBD92BFCB
:10A950000DE085BF2E9000C017B7A1BFF38E0BC0CE
:10A960009FAB1DBF7AA5AC3E85EB5940D7348FBF56
:10A97000B00337C0250619C07B140EBFF085AD406B
:10A98000EEEB88BF9031FFBFE9485EBF71AC0B3D75
:10A9900080B7903FAA82B1BFC6DCFDBF4D843D4069
:10A9A0000AD733BFB072783F705F4BC00D718440DF
:10A9B0009F3C3C3FC898BB3E2C650540637F993E59
:10A9C000295CCFBE894198BF43AD4D406C09A1C001
:10A9D000F54A913FF8C214C0772D81BFEA95023F36
:10A9E000E3A5134051DA0B4026E4C33FE09CD9BFF6
:10A9F0001904CE3FFA7EBABF107A7EC09C33D2BF14
:10AA00006EA381BE9A77AC3F02BC653FCC5D7B3FB5
:10AA100021B00EC0EA959640986E02C0A9A44640A7
:10AA200021B022C0BE3015C08F53FC3F45478A3F3E
:10AA3000E3C788BF74B59DBFFFB29B3EB00317BF8D
:10AA4000A835CDBF348027BFE02D0CC0F5B90AC0B2
:10AA500014D0C43E6ABC943EAF2514BFB07290BF00
:10AA6000FFB257C0A54E10BF2DB2BD3E20411140D0
:10AA700053050641849ECD3D053415C059176740E6
:10AA8000F08571C01B9E16406C78CCC099BB7E408F
:10AA9000C3D33340BBB8C740871621403108A44018
:10AAA000F90F1D40832FDCBF48BF9FC009F9B6C016
:10AAB0006F8154C09A77AA4029CB00409D80B8C0CE
:10AAC000516B4A3FDB8A4DC04260A53E16FB833F77
:10AAD00017D9AE3F3E79783F2506054034A20440A1
:10AAE000FE6577BC6F8154BFC74B8FBF4A7B33C0B5
:10AAF000CC5D7BBF9FCD2A3DCA54C13DEA959ABF2C
:10AB000001DE0EC0FC1885407FD9B53F50FC30C037
:10AB1000789C02BF9CA28BBF6154823F86C9143FC0
:10AB2000787AA53EAC1CDA3F7E8CD13F34A2B43D8E
:10AB300007CE493FB9FC0340151D1DC08AB0E1BFD7
:10AB40000C93A9BDDBF9FE3D234A8BBFA77947BD16
:10AB500027A001C020D24FBFEF38BDC044692340B9
:10AB600023DBF93E3E793440643B0BC0A69BB4BF67
:10AB7000D5E74A3FE02D4C4087164D409643B33F02
:10AB8000D95F0E4077BEFF3E4260BD3FD509803F92
:10AB90001B2FB53F4BC8E7BF3EE8E1BF7FD901C0DF
:10ABA000CC5D9DC0A54EF83FD6C5ED3EF2412FBF0E
:10ABB0005BB12BC0BADA0ABEAF9415C0499D60BF25
:10ABC0000E2DEA3F2E90244035EFD83E295CCFBFB2
:10ABD0009A99393F2A3A9A3F979023C04850E4BF48
:10ABE0008B6C03C0B22EEE3FA7E8004088F4933F81
:10ABF000CFF7D33EE9260DC0226C28404CA682BF79
:10AC00006EA3E1BEDCD7813D643BCFC089D2164044
:10AC10001D38C940B4C8963F17B711405F980C3F24
:10AC200089D26A409F3CCC3FC807C53FB6F34D3F31
:10AC300034A21CC06ADE91BF933A41C0804833C041
:10AC400076710B40B459753FC9E581C06C78AABFD5
:10AC5000DE711ABF6519C2BFD3BC63BECF6649405F
:10AC60003A2386401CEBCABF992A3CC048501C407E
:10AC7000F38E03C07958D8BF0F9CBB3F67D5BFBFC9
:10AC80006F8192C052B87AC086C9EC3FA3012040C0
:10AC9000C2863FC0B1BF48C06E348C4006123840F7
:10ACA0001283A0BE04E704403C4E913E36AB3E3FCB
:10ACB0003FC6C43FC139DB3F228EF53F4469FF3FA9
:10ACC000FE43BA3FB1E1293F52B89EBD3D2CB4BF0F
:10ACD0007CF22CC0FA7E1EC0CFF7C1C0B45987C029
:10ACE000D19134C01E168E40C3F5183F32779D3F78
:10ACF0003EE81140F1F46A3F92CB3F3EE9484E3FB7
:10AD00009B55BF3F68B3EA3E711B2DBF3CBD06C0DB
:10AD10004ED1D1BEBC7473BF0091DEBE0B24C8BE41
:10AD20009D8086BF575B25C0ADFA84BFDC4689C0D5
:10AD3000061282C065197640B81E1140454736405C
:10AD40003D0A9340492EBF3FF853CD40A69B984003
:10AD5000E4830A4067D507BF4DF3DEBF0E4F97BFB0
:10AD60000456EE3E68B31E40621080BFDD2432C040
:10AD70005D6D253F79E9863F55C1283E9CC460BE84
:10AD80006A4D9BBF4703D8BF744694BE249797BFB4
:10AD90009A9987C05EBA05C0C7BA283F492E1BC022
:10ADA000B6F361C0AA6004C0ED9E4C3F5452073F09
:10ADB000BADA82BFAF2574BFDC68203FF628B43F03
:10ADC000D122BB3F4625D53F158CAA3F4182C2BE4A
:10ADD000CF66CD3F0456CEBEDB8AB5BFF7E441BF98
:10ADE0006F816040EA9522BFBF7D3DBF2E9000BFBE
:10ADF000C3642ABCD0B319BE3B704E3C8A8E54BF8C
:10AE0000B84022BFB8AF833D6ADE413FA7798B408F
:10AE1000304C0E4004E73CBF6519764065AA503FB0
:10AE2000499D34402063B6BF3F57B3BF865A63C0C5
:10AE3000E86ACFC05986C83F1904A63F77BE2B40A9
:10AE40004772A13F3A23EABF4E6270BFC4B1D6BF7A
:10AE5000A4DFF6BFA2B49F3FCA54B13F66F7F4BF68
:10AE6000F08589BF5C20D13F07F09AC017D90EBF8B
:10AE7000B81EA5BFB4C8A84030BB2FC0DC682C40AA
:10AE8000666676BFDD241240BA6BF13F24B94840B4
:10AE9000F7068140022BDF3FFDF6053F871649BFCD
:10AEA00076E00040C9764E3FC3D39B3F9F3C80C0B5
:10AEB0001904163FD65684BF7368CFC0D200C4C0F1
:10AEC0003B01953FBBB87DC0C976CCC0764FFA40F8
:10AED000166A054083C0E23F52277C40D49A124054
:10AEE0005D6DCD3FB840423F789C12BF9031D7BED8
:10AEF000FB5C953F04561E3F4DF3AEBE92CB9F3F89
:10AF0000DA1BCC3FCAC3DA3F3480E7BFA54E98C0F6
:10AF1000ECC035C014AE7BC0F7E401C068912DBF12
:10AF2000FB3A40BFEEEB4C4066F7A4BEC9761E3F2D
:10AF300067441140F775CA40CD3BBA40B1BF2C40C1
:10AF40006B2B763D759308BF8638DEBF36AB6AC083
:10AF50005474643E0D7114C0F90F01C077BE1F40D8
:10AF60007368113EFA7E5EC022FD3EC08195A3BE8D
:10AF7000674499BF426005C027C29E3F9B5517C0DA
:10AF8000D20002C0B5A6393F67D54F400D7134409D
:10AF9000ACAD4C4062A1663FF775903F83C06ABF7D
:10AFA00097FF1CC05EBA19C030BBCF3F933A154023
:10AFB000F9A0BFBF9C33423F469452C0C3D307C0E1
:10AFC000C1A8A4BF423EC83E9BE60940107AF6BE27
:10AFD0006076CFBF4A7B83BE25067140CCEE25400C
:10AFE000759308BF58A8053FA39206400612DCBF20
:10AFF000EA040CC05474CCBF02BCE53ECA5441C044
:10B00000B07244C0575B91BE48E19A3F7FFB86C057
:10B01000F6289C4072F9A73F615452BF04E78C3C6C
:10B02000637F813F60E5E83F74B5114026E4033D4E
:10B0300062A196C0925C6EC04F40933E74B5A53F2E
:10B04000FB3A90BF234A03C02653A5BEB537C83F7D
:10B050003B01354085EBB93FA24576BE77BEBF3E8A
:10B06000547454BF12A55D3FF0A716BFCF6645BF0D
:10B07000C05B20BE917E7B3E39B490BFC3F508C053
:10B080004CA6CABF7CF22CC034112A401C7C39402B
:10B09000B7D1F8BF9CC4B8BF0EBE50404A7B4340F6
:10B0A000D04488BF0F0B75BE05C58F3E166A2DBFF5
:10B0B000257556C0029AAC40304C0AC09621984083
:10B0C000BBB82940FE433A403A237ABFD1915CC0D5
:10B0D000A2B4A73F76E09C407C614640B459F53D60
:10B0E000A91330BFB5A6A1C041F127C004560EBEBA
:10B0F00079E9A63ECDCC70C03C4E93C0F775B84000
:10B100005F072EC0FA7EAA3EE4839EBD9FABAD3C96
:10B110002428DE3F18952C40FFB27740C1CAA1BF5A
:10B12000560E0DC06B9A77C0CFF737C09318C4BEC8
:10B1300074249FBF7C612E407424973F705F173F3B
:10B14000D19158408F533CC0A7E8483E9FCD1ABFCD
:10B15000D7A34CC05F981040B37BE2BF5D6D55BF75
:10B160006B2BBEBF9E5ED13FA0894040BDE3BC3F7C
:10B17000C9E53F3F1214FF3EFF215DBF61C3833F1E
:10B18000992A74406F122340FF21FDBE151DA5C0F2
:10B190003D0A85C08048D73FE71D67BF8E0644C083
:10B1A0004F1E3A40E0BE1EBFF38E85C0C58F91BFD3
:10B1B0002BF6D73EA8C6CBBEFC1893BE1DC905C052
:10B1C000E948B6BFF706973FE3369A405839B24090
:10B1D0009EEF0740B150FBBF3EE819BE651962BE45
:10B1E00020632AC05A649BBF71ACC33F228E353E98
:10B1F000FE65F7BE14D0C43EE483963F1EA76840A8
:10B20000EF3845408AB091BF948755BF90A0A0BF4A
:10B2100027A0E13FCBA185BEB30CE1BF87A795C0B6
:10B22000B98DFEBF006F613F34A294BEE9B73BC049
:10B230002AA957C0CC7FA83ED20022C06DC5CC4001
:10B240008F532C4081268A3FE0BE4640E86A0B3F80
:10B25000265331C0B76247C098DD1BC07FFB06C0D4
:10B26000B6F3F5BFCC5DC33F454702BF6F810CC04D
:10B2700051DA43C08E06E0BFABCF0140190446400F
:10B28000567D4A400C02C140D734EF3D029A14C0AB
:10B29000CBA111402CD49A3EE86AB33FBC96503EF5
:10B2A0006A4DF3BD23DBB93E88F4E3BFA323A13F7E
:10B2B000C3642ABDBC05123EE17A94BEDE0289BD9C
:10B2C00077BE6FBFECC0E1BF07F094C00EBE9240E6
:10B2D000F9A0373FC807A5BF5F984C3F567DEE3FAA
:10B2E0007C61F23E0DE05DBFAC1C2ABF645D9C3EFC
:10B2F000651922BE14AEC73E6C78FA3D7E8C993F2C
:10B30000A4DF8640F163E43F83513140D2006E3FB9
:10B31000857C88BF68B3A23F1F852BBEA60A16BFD7
:10B320008FE422C0E9483AC0C1CAA13F4625753E14
:10B33000B45995C0E8D9DCBFBC05B23FAAF1023FC1
:10B340003A925BBFB98DC63E4260453F8F53A43FE2
:10B350009A089BBF0681A5BF92CBF7BF4BEA18C0E6
:10B360002B1825C02575A23F075F4C4096B28CBEB6
:10B37000A4DF7E3E1CEB5A40C4B1ACC0FBCB4EC038
:10B38000857C284085EB8140CC5D47C0E4831EC0AE
:10B39000696FB8BF9EEFA73DB81E85BDDAAC5A3FB6
:10B3A000BA493040151D593F8FC2314052B8524002
:10B3B0004ED191BF295C0FBF36ABB440C976C6BF32
:10B3C000EC2F4B3F8FE472BEE41475C0158CE2BFC6
:10B3D0004D8495BFAC8B9B3EDC46BBBFF085C9BF9F
:10B3E000A2B487BFD5E7A23FE5D0A840BBB83D3F98
:10B3F000151D2940D93D693F9FABC5BFEE5A52BFCD
:10B40000DF4F1DC0C139FBBF2653A5BEF85333BF64
:10B41000ED9E3CBEB072B83F643B8F3FC0EC1EBD9A
:10B42000E8D9DCBFD509E83EA01A2B40022B07BEA5
:10B43000ACAD04C03A23A2BFCA54C1BB8E06D03EF5
:10B4400042608D3F666626BFEB73953E57EC6FBE3C
:10B4500005A312BE211F043F97FFA8BFED0DF6BF45
:10B46000EA04ECBF984CB5BED6C52540F5DB473F96
:10B47000F016783FE4141D3F2FDD24C04CA606C013
:10B4800019735340C05BF240643B9B40B4C8F6BFA5
:10B490004BEAAC3F24977FBDA54EA83FACAD18400A
:10B4A000E78C38C0E0BED63F2E90D83F560E6DBE1A
:10B4B000014D0440A089D0BFD734F9C0645DFCC001
:10B4C0006F121BC0A4DF524048E13A3E705FB73FA5
:10B4D00065AAF03F5C8F42BFE02D60C0832F04C09F
:10B4E000C1CA25C01B2FFDBF1A51B2BFAD6902C032
:10B4F00039D60540E63F44BF840DD7BF93A9423EED
:10B50000C364AA3F6F1253BF257552BFC2171341C0
:10B51000A52C2740F628FCBE8CDB283F4FAF043F0C
:10B520004B59863D68221C3F3F355E3E5B427EBEE6
:10B53000371AC03ED044583DA470ADBF83C0FABF97
:10B540003FC644C0009132C077BEDF3F029A883DBB
:10B550006EA3A9BF6F12EB3F07CE993FD712223FD0
:10B56000F46CC63F26E49B3FD34DC23F2AA937C0A7
:10B57000A47041C03255983F48BFA53F3D0A9F3F48
:10B580009EEF87BE539681BF75021A3EEA95723FC1
:10B590008F53543FDBF9FE3E82E293C0575BF1BE0E
:10B5A000931814404013013F27A0893B5F071E3FBB
:10B5B000CDCCCC3CA54E903F5D6DA9404CA66A3FDA
:10B5C000CE19D9BF3A922740EA047040DFE00BBFA2
:10B5D000423EE8BE462525C08351393FD0D542C002
:10B5E000D57879BFDE9307BFF38E9BBF5DFE833EA8
:10B5F00079589EC0EFC9833E2575D23FF163DCBF09
:10B60000615482BF50FC5040B7629FBED49A263E20
:10B61000F2D24D3E52B82EBFA392FA3E2DB2BD3E9D
:10B62000C3640A3FF5DB07BFDCD71540A08948405B
:10B63000539681BE31993A3FA913503C5452573F1B
:10B640001E160ABFE09CC9BFA4DF8EC05F0756402C
:10B65000BD52AEBF90A01CC003094A3FBDE3CC3F22
:10B66000B8AF0F401EA768BC95D4E9BF68B3823F4E
:10B67000BDE3943F08ACDCBE8638F63E34A2443FBE
:10B680005BB19FBEA8C64BC04B59EE3FD6564C3F50
:10B6900068227C406666B0408C4A10C14A7BE7C095
:10B6A0007F6ABC3FBF0EBC3E1136924096B24C4002
:10B6B000B537F83E90A0D0BF3A92C3BF832FECBEFF
:10B6C0005EBAC9BE0F9C43BFDD2446BF5839BCBF1C
:10B6D0005F9804C0948771C06F8174C012A505C0C3
:10B6E0003D2C743F17481840772D5540D0440840F2
:10B6F000569F7B3F295C3F3F7AC7E1BFEC5108C0B2
:10B70000371AE83FA1D6AE40711B9D40AE47E13EDF
:10B710004FAF54BE7C6152C0964333C05D6D59C07B
:10B720009A08BB3F95D449BFF8C2E4BE8126A23E29
:10B73000AC1C4240F7E469405917C73F348007C04A
:10B740006F81A0C0204131BFF01678BFE2E9094007
:10B750004547723FBE9FF2BF79E91EC0C6DC053F78
:10B760009B55873F091B1EBE787A31C0865AE3BFBE
:10B770006A4D9BBFAED8FF3E17D9CEBED8F0743D00
:10B7800075020A40A2B4773FFC18333EADFA9CBE66
:10B79000DAACAA3F2B870640FCA9313EEA9522BFCE
:10B7A000143F12C08CB9CB3EBADA06400E4F5F3F51
:10B7B000B762B7BF20632E40AF940D40DB8A75C0DF
:10B7C0004ED1DBC0E9B73F40DBF90E40D8F0743E04
:10B7D00099BB92403B704E3FD0B3F9BE09F9F8BF18
:10B7E000E63F243E711B01C022FD42C098DD27C008
:10B7F000FBCB2EBF4625C5BFE09C91C0499D20BF15
:10B80000075FC8BF166A8DBFE3C7A0C02D439C3F2A
:10B8100036AB8C40AC8BDB3F7424573F98DD134034
:10B82000D34D7A4014AEAF3FF46C6640431CCBBF9F
:10B83000143FC6BCA69B4040764F964090A004C0E3
:10B84000F5DB6F403FC65CBD9621AEBFAE47D9BFAA
:10B85000FB5CA3C0C286914046B6EF4040A44F3F78
:10B860005305C3BF583900C0857C14C06132F5BF91
:10B87000D881EBBFB30C2D40091B8E3F55C1304022
:10B8800003784B3E0AD702C162A188401C7C094064
:10B890002D21973FE09C51BF006F81BC250671BFF1
:10B8A000AA604CC05249F5C0D0D5A8C017B7D1BEC8
:10B8B000CA32543FC7BA28BF394507BE91ED10C000
:10B8C00093182C40A1F86140C9763EBE9C331240CB
:10B8D00089D20A40F0851D40C28627C00378FBBF8D
:10B8E000BA49ACBE54E3E53EF4FDE43F499D404017
:10B8F000C364A23F26E4433E02BC353F83C04640BA
:10B90000A3011C402EFFC13F97904F3ED5E752C088
:10B91000BDE354BF0000203FCDCC2040BC74FBBF32
:10B92000508D97C0CC7F04C0D5E77A3F1D5A94BF95
:10B9300057EC97BF6C09E9BF5DDC2AC067D50FC023
:10B94000925CF6BF5A64AB3FE3A54B3F95D45140A0
:10B95000917E0B401D389F3F1B2F75404CA67A3FB0
:10B9600009F96CC0226C04C0CE1955C07B145E402E
:10B9700068B38040189500C0A01AF7BFBC96903FEE
:10B9800041823240E78C604062A1D6BE4B59EE3F07
:10B9900041821EC0E7FB91C03255A8BF7593F8BE27
:10B9A000AC1C5A3E01DE824032778DBEEE5A3A40E0
:10B9B0006519CA3FBC05B2BE85EB51BF705FB3408D
:10B9C000FB3AFCC06F124BC0D42B6140D9CE8540EE
:10B9D000BEC1FF3F4A7B53BF57ECB7BF0BB5C6BED6
:10B9E000F5B9823F744678C06C786AC03FC6104093
:10B9F0001214973FD5E7E23F7F6A4CBF4625A5BFAB
:10BA0000857CA2C094879DBF711BAD3EBE308D402A
:10BA1000CBA1BDBF08AC1CBFC2868140107AB63F27
:10BA2000FD87D4BFC36466C0D8F0F4BF4E62B0BE19
:10BA30000309CA3EE6AED53F1B2FA53FC8987B3F02
:10BA4000CE88123F5DFE03BE3FC6AC3F4F40AB3FCA
:10BA50002AA9533EEC2FBB3E492E7F3E083D9BBF9B
:10BA60008D9752C0C0ECDEBFA32301C0A4DF2AC063
:10BA7000FF21ADBF24977F3EAA60D43E93A962BF49
:10BA8000CE888A3FFBCB1EBFDE02A13FAA60D43E18
:10BA9000B0030FC06891CDBEA835B53F55309C406E
:10BAA0009EEFD34026E463C0D9CEEFBFFAED91C03C
:10BAB000423E60400C02AB3E9031BF3F4260C5BF8A
:10BAC000D7A318C01CEB4A40E63FBC3F8273463EFA
:10BAD0008E75013FC05B78405BB1BFBD68B3AA3EC5
:10BAE000C3D3EB3ED93DB93F022B67BF3945B7BF42
:10BAF00055C16040D49AA8C03F35B6BF925CA6BF7E
:10BB00009FABAD3B780B08C08BFD69C0B6F33D3EE3
:10BB10002DB2BD3E560E953FE9B76F3EBB274FBFD6
:10BB2000D5781940F9A0A7BE8C4AEABE5BB197BF91
:10BB3000D95F76C064CC0140772D55C06154723F07
:10BB400077BE9FBD0612843FC05B8240B29D2740F6
:10BB5000AAF1B2BEF90F81BFDB8AFDBDA54EC0BE02
:10BB6000B5A6B9BE674499BFC1CA41C0BF7D59C01F
:10BB7000772D61C0A32335C048507CBE52B886BF24
:10BB8000D7343F3F6D56953FDE93FF3F2F6E034006
:10BB90005E4BBC4006819540E3C7283FB07268BE4B
:10BBA0000EBEA0BF40A4DF3EC4B1BE3FFAED6BBBEA
:10BBB00016FB0B403CBD984073D7AA40CB10074002
:10BBC0007F6A5C3F5DDCF6BFAB3E8FC0567D3AC0FE
:10BBD0006666BCC007CE193EC8981740A60A56C074
:10BBE000D49AE63F55C100400E2DB23EAAF1CA3F9D
:10BBF000CC7F88BF38F8ACC0530583BEF0A7C6BD64
:10BC0000151D293FA91344C00F9C81C03F5723C075
:10BC1000C520703EEBE2363EC217A6BEB68424C0F5
:10BC2000C442DD3FB4590D4065AAD83F295C2F407E
:10BC3000508DF73F1DC925BE7D3FAD407DD06B4087
:10BC4000A7E8A4C036CD0FC0C3D33B3F787A253FC9
:10BC50004CA63ABF5D6D55BF2CD49ABE04E7AC3EEE
:10BC60004547C23F1C7C813FA470254095D4793F55
:10BC7000E5D0B2BFFDF64DC0CA326CC02F6EA3BD79
:10BC800088F45F401D38FFBF48BFA9C008ACB43F6F
:10BC9000FD87984001DE823D47723DC01B9E6EBF0E
:10BCA000567DA6BFD50990C024972FBFD044D03F62
:10BCB00014D0643F70CEE83FA5BD2D40BB271F4088
:10BCC0003D2C1C40075F283FAC1C9A3FAF940140BD
:10BCD000772D813E86C9AC3F8AB0893F0DE0A9C06F
:10BCE0009CA263BEED9E28C01FF4A43F014D1040EE
:10BCF000371A58408FC2ED3F7D3FE5BF499DE0BFF9
:10BD00005A64C33F38F8324008AC9C3F7F6AFC3F1E
:10BD10000C93893E14AEE73FCC7F4840068125C096
:10BD2000ED0D32C046947EC081261AC0226C00C040
:10BD3000E3C798BD4A0C84C097904F3FCA5441BC9A
:10BD400046B6B33E5BD37C3E107AB6BE04E78CBDEC
:10BD5000A5BD114026E43F405839B43CD2005EBF37
:10BD60008D979AC00B4605C00F9CB33DA3011040B0
:10BD7000705F873D61540AC19C33D2BF58A89B4075
:10BD80006E341440D6C50D40AD6916C0B003FF3FF8
:10BD90003B01D53F95D411C0B5A65D4052B82640B1
:10BDA000075F40C09C33C23F3F35AAC0AED87FBFBB
:10BDB000B0031BC0EE7C7F3E7CF2784046B603C0E9
:10BDC000F2D2953F05C5CF3E7DD0A3BF8A8E2440D9
:10BDD00035EF08BF7E1D383F4A7BA94012833040B3
:10BDE000D2005E3DE10BEBBFBB271F3FD7A34C400A
:10BDF0001748603F3C4E313F006F413E151D0DC05E
:10BE0000567D2AC00B4619C0C3F5E8BEE71D673F43
:10BE10004013713FE17A14C05D6DCDBF0E2D0E4011
:10BE20003D9B45C0508D97BFB9FC073D92CB2F3F3E
:10BE3000CC5D0BBFE7FB29C0D8F014C014AEFFBF28
:10BE4000E5F22F40F0855D409565A03F0C02134060
:10BE5000E0BE2E3F5DDCCE3FA4DF4E3F2CD436C08B
:10BE6000128380BE24B9484005A398C0FAED5BBF99
:10BE7000B1BFBC3F67D5F7BF8E75F13D9487053ED6
:10BE80001058B9BD7D3FB5BDF46C163F1C7C054014
:10BE90006666C6BE1A51AABF984C65BFF1F44ABE89
:10BEA0005986583FF31F52BD9A080FC05F07B2C0B2
:10BEB000643BF140A8C67F40621088BF8941C8BF7B
:10BEC0002B8706C04C37893E2653C53FAA60F43EF7
:10BED000DE710ABD569F2B3F5B429E3E151DC9BDBC
:10BEE00086C954BF9BE6EDBFDAAC0AC09A7744C05E
:10BEF000D95F6AC0EFC937C0190416BEC3643E409B
:10BF0000F7064340CA321440744614BD21B0423F84
:10BF10002CD4923F5DFEC33F6688BBBFFC1893BF25
:10BF20001F852BBF3EE819BFB762FFBD0AD7933FFD
:10BF300087A757BEFA7EA2BFDCD7E1BE4182923FFF
:10BF40006DC58440713D2A40B9FCA73FE6AECD3FA8
:10BF50008AB0213F075FF8BE759324C0D95F8CC0BB
:10BF6000128380BFEA04DC3F7E8C793ED9CE273F26
:10BF7000A9A4AE3EC7BA583F3D0ADFBFC28627BE5E
:10BF8000F931C44069001F3FF4FD2CC07E1DC0BFC5
:10BF9000EA9532BE2DB25D3F6FF0AD3F3BDF9F3F74
:10BFA0005E4B903F705F2FC0EE5AC2BDCBA1C5BFA4
:10BFB0003F35EEBF6C786ABF00918C4034805740AB
:10BFC00062A1663FD044A0BFEE7C1F3F0B4605BF79
:10BFD0006F12533F90A068BFEC2FEBBFC0EC1E3C2C
:10BFE000CF6649C097901BC0B51543C06519823E06
:10BFF0001058F93FC4B1B6404BC857C032E652C0E2
:10C000001AC02B4027C266BFF7E40D4026E4433E2A
:10C010006DC5D6BF426075BF1C7CA9BF68B36A3EC0
:10C02000107ABE3F69003340711B8D3E598674C043
:10C030004A0C1EC0E63FA4BE865A13404CA62240BE
:10C0400023DB39BE6B2B96BE575B0540363C7D3FEC
:10C0500053058BBF01DE3EC08FE4F23DB072283E37
:10C0600054E3C5BE5BD34CBFA3019CBE48BF15C003
:10C0700060761FBFDC4683BD9E5E593FCCEED93F44
:10C08000302A91BF6F8104C0C9E59FBEECC0393E24
:10C09000B07278409FABA53F04E7EC3E053411BF7A
:10C0A00034A2043F2A3A12BF3BDFCFBD96B214C080
:10C0B0002B8716C0C4B17E3F3C4E11401B9E7E3F75
:10C0C000A245B63EF54A693F1748D03D9EEFE7BE10
:10C0D000AC1C5A3F98DD83BF006F613FDA1BBC3E4A
:10C0E00004562AC0E17A9CC0D7A33CC0A8C6F33F3F
:10C0F000A7E8284097908F40EF3819405EBAD93FA3
:10C10000BF0EF43F9A77FC3E87A7B7BFA4DF26C0D7
:10C110000D7194BF827386BFAAF142C06E3434C0E1
:10C1200019E228BF508D17BF2063AEBE77BE8FBF08
:10C1300036CD5BBFEA049E40C9E5374095D4B93F90
:10C140003EE8254066662AC029ED5DBF840DF73FB5
:10C150008F535040E10BC540B98D02408B6C2B4092
:10C1600091ED3C3FEE7C9FBEB5A69740764FBE3F1B
:10C170005C8FC0C07DD0EDC05DFE91C06DE75BBF40
:10C18000E56179403A230ABEE10B23C06F1203BC7C
:10C1900045D8B8BF4F402FC01D38E7BF61C3033F2C
:10C1A000E17A143F682228C0C9E57BC087A73BC05D
:10C1B000BE9F1EC02D431C3F8BFDDDBF9A08BBBE3A
:10C1C0002CD49ABED7A3703E9790134072F9FF3FCC
:10C1D0000E4F0F4086C9F43F9FCD4240787A65BE2E
:10C1E000B459A54091ED0CC0F2D2ED3F88635540A3
:10C1F0005C8F42407593883F9D80663EBA490C3FF4
:10C200006132E53F637F493FE17AA43FD34DC2BE2F
:10C21000C3F500C061C317C040A40F3F787A053F43
:10C220009FCD5ABF4D158C3C8F53ECBFA1D62CC06F
:10C23000CA32E4BFCF6645C0FDF6BD3F295C4FBFA3
:10C2400018261BC04BEAECBF637F79BF121487BF6F
:10C250008A8E9C40D3DEB03FDD24EEBF98DD8BC0DC
:10C26000A7E800C02D43CE40865A733F87A717BF6B
:10C270006519E23D52B81A4004E72CBFE78C58BF5D
:10C280002D211FBE871659BD0F9CB3BDE8D97CBFB9
:10C29000B22EDEBF0B46C53EE4148D3F7B14A63F95
:10C2A0006E348A40F46CFEBF30BB4BC08104853FC6
:10C2B00010E9373EA2B483401F85BB3FCB10CFBFF0
:10C2C000D95FCE3F022B85C0A08950C05DFE9B3F49
:10C2D00003098AC0302A934002BCE53EAEB6E2BDF7
:10C2E0003B7002C00E4F6FBE9CC424409E5E354022
:10C2F0009FCD2ABD857CB83FE561B9BFA47095BFCD
:10C300004A0CC8C0B6F3DDC0886351C0A52C9B4061
:10C3100096B26C3F9A9979BF4D848540DA1BE43F11
:10C3200060E5B03F273104408863DD3DF7E431BF6D
:10C33000FA7E2A3ED1222B3F2506613F55303A3FF7
:10C34000A1D6343E6F1203BA8A1F63BE51DADBBE38
:10C3500039D6E53E2BF6F7BE849E4D3ED7A30C4062
:10C36000A9139040EFC983BFCCEE99BF348023C09E
:10C370004D158CBF394517C002BC15400DE0094072
:10C38000AC8B0F40E63F9840B4C8563F46B663BFFB
:10C3900081269440643BFF3E136117C0D26F0B406F
:10C3A00067D587BF613265BF3F57C9C044FA0D3FAB
:10C3B000F5B9DABE508D77BF6132FDBFFB3AF0BEF2
:10C3C000AAF1B0C0B6F32D3F08AC1C3E8F530CC091
:10C3D00090A00C4019049040CA32ACBF910FAA3F04
:10C3E000E7FB01C0BC058A3F91EDACBF645D4CBF6B
:10C3F00012A52D3FB5155FC0F5B9AC408BFD69C0E6
:10C40000764F66C089D2C2402A3A123E423E78BF79
:10C41000CF664140CB10A5C04DF326C076E09CBD51
:10C4200086382E4066880340E3361A40A60A42400A
:10C43000F9A0873F136103BE60764FBFDFE08BBE7C
:10C44000E483B6BF99BB80C00534B9BFFDF6D5BF44
:10C4500020D297BFFAED6BBF68912D3F17B7D1B9C6
:10C4600055C100404CA61A3F93A9EA3F32E6464028
:10C4700040A4E7BFF241973F4BEA70406ABC043FDB
:10C4800064CCFD3F45D8B0BE74B59D3FBD5286BF5C
:10C490005396C9C052277C406D5693C0C4B12E40FC
:10C4A000319912C0DA1BE4BF76E00CBFB1BF2CBEDD
:10C4B0003BDFC73FBDE33CC0BBB8FDBF6ABCE4BFC8
:10C4C000302A05C058A825BFAD69DE3FFDF635BF4F
:10C4D000FB5C7DBFEE5A023E6891C5BFAC1C5AC0E2
:10C4E000CA54993FB7D14C40516B823F151D79BF5B
:10C4F000AC1C8ABF8195FBBF394563402575A23FBF
:10C500002C655D405D6DCD3F40A4E73F3A924B3FC7
:10C510004A7B134068B302402DB21D3D8D97BEBFCC
:10C52000F9A02BC004561AC0A83505C04D8497C089
:10C53000E78CA83F80B7A640226C04409C33623E43
:10C54000431CCBBE4A0CB2BFC3F5A8BDE5D0B2BFF9
:10C55000E258A7BF4CA60A4017B721BF9C3332BF91
:10C560000612E4BF4850DC3F6ADEF13F4F40433FD4
:10C57000C139CD40EFC9C33C613205C0D34D22BFA4
:10C580003BDF5FBF2BF657BF9D1161C04B5946C0C3
:10C59000006FE1BEC4B1A0C05305B940711B974004
:10C5A0001B0D3CC039459F3FDAAC5ABFC3649CC0E9
:10C5B000EA04AEC07F6A88C0C52084C0D95F463F08
:10C5C0008CDB9840AA82913EEE7C9F3E4E6290BEEC
:10C5D000BF0E5C3EC7BA38BE728A1E3F9031B9406A
:10C5E000A1F8A5408AB0A9BF567D42C00612FCBF83
:10C5F000A0890F4112140FBFCA32DCBF516B9A3EA3
:10C600001E168A3E7FFBBA3DC9E57F3E46253D406A
:10C61000E7FBA93E7FD9BD3D6A4D43C064CCAD3F29
:10C620003E7958BF1361A33F2497FF3DB8407A403D
:10C630000B243440ED9E18C0371AD8C0C7BA10C0BA
:10C64000764FFE3FB072A03F94F616401CEBF23FCF
:10C65000E3368A3F11C7823FA167533F0C93A9BEBF
:10C66000228E653F0F9C33BEC3D3CBBE85EB813F8B
:10C67000D49AC6BEBA6B59BF986EA2BF690097BF65
:10C68000DE02C13F9CA223BEB51517C0423E903FBB
:10C69000D57829408A8EE8C04B59963F5EBA9340C0
:10C6A000D9CEAF40E78C5C4002BC79C0A470CDBF4E
:10C6B000A77907BEC52070BF86C9D4BE3333F3BF88
:10C6C0002A3A92BE34119EBF2DB269C0728A3AC016
:10C6D0008716593D9FCD923F58CA723E6EA3A9BF9F
:10C6E000A08978409790DFBFB5A611C00534F13F0F
:10C6F000A779954052490D40A60AAEBF3CBDF2BE97
:10C7000004E7EC3E05A312BD89D2DEBA6A4D83BFB1
:10C71000651932BFBC7483BFC58F913FF0A726C097
:10C7200041F143C00B468BC02041D93F1D38F73F34
:10C730002D21973F17D9DE3F46B6FB3F6C09A93F35
:10C7400063EEDABD55C1583FA7798F3F4F1E2A408F
:10C75000A301843FD3BC43BF6DC56EBF32E6EEBEBE
:10C7600063EEB23F0F0B8DBFA01A1BC0454703C13C
:10C77000CD3B963FC1CA9D4024973F3F9565883E7B
:10C78000FE43C2C0CB102740A2B4973F2653C5BF7B
:10C79000DB8A69C01FF48C4064CCD7C068B3944076
:10C7A000CB10D73F7D3FA53F7FD9114039B43040F2
:10C7B000B37BB23F6FF045BF0309BAC0AF258E40CF
:10C7C000B30C0DC0FE65573F10E9BBC0249795C060
:10C7D00065196AC0910F204175027EC0E8D90CBF6F
:10C7E000DB8A953F34A20CC0E63FF4BF97FF103EB2
:10C7F0007DAED63F79E9A63E39D66D40DAAC1A4017
:10C800008CB927400C02E3BF5305C33F0E2DB23E47
:10C8100099BBB6BE0BB58440933AB93FB7621FBF10
:10C82000F93103C13480373D1D38273F17D9BE3F4A
:10C83000A8579A3F2CD4DA3FAE471940E6AEDD3F09
:10C84000B22EC6BF211FECBFB37B12C02F6E433F79
:10C85000F7E451400DE0D53FB6F39FC03C4E45C0D4
:10C8600034808FBFFD879C3F9C3362BEFED498BF4F
:10C87000B37BFA3F16FBE3BFF7E4F9BFB29D89C073
:10C88000ACAD92C0C66D843F8CDBA03F6744813F56
:10C8900069004F40265335408941983F6519C2BF12
:10C8A000FF210DC00DE09DBFD26FB7BF728A064059
:10C8B00079581440787AB540FD870C40C13903C0DF
:10C8C000228E21C054E385BF643B97BF0AD7C3BF04
:10C8D000BB272FBF6E3410BFE5F22BC0A167B3BFDB
:10C8E00058CA223F871601C01904A6BF6154D2BF9F
:10C8F0005B4286BFE02DB0BF242896BF90A018BF32
:10C90000327761400681AB40C89847408BFD594063
:10C91000910F9A3E48E15A3F45D848C09CC420BF79
:10C92000499D60BF567D7EBF3789713F143F763F7A
:10C93000AC1C5A3F5E4B58C0D8814FC0371AB0BFAD
:10C94000BC745340A60A0E4080B7803F2A3A22406A
:10C950002C6599BE3EE8793FA60A72C0F085C9BE33
:10C960001826B7400E2DD2BE098A4FC0C4B1ACC044
:10C970008FE4C2BF0DE08B40B4590540E71D07406E
:10C98000EA04343FEA9580C04A7B4AC161C377C15B
:10C9900040A46F3FD49A1341ACAD28414F1E5A407A
:10C9A000BEC15B40006F41BFA835D53F1B0D503F56
:10C9B000A52C934060E550BF0C93E93F569F2B3D5B
:10C9C0004B59063F36ABEE3FEA04A4BFEE5A2AC0ED
:10C9D000DE0289BD910F3A3E33C40D40F2B050BF24
:10C9E000D6C5A34098DD1340B6F36940A1670BC1DB
:10C9F000560E05C01B0D883FEF38C5BDED0DC6BFF7
:10CA0000D881F33E35EF00C06688E3BD4547B23EAE
:10CA10001283C0BC14AE37BFAA6014BE787AC5BEFC
:10CA20009B555FBF431CEB3EDBF9FE3E9D11653E0F
:10CA3000A7E8C83E304C863ED5E70ABF3BDF6F3FD4
:10CA4000AC8B2BBF0AD7233E158C4A3EE63FBC3F3A
:10CA5000B072E8BED88183BF17B771BFD26FFFBE77
:10CA6000333373BE9E5E19BF32E69EBFDB8ADDBEE6
:10CA7000986E52BEBDE304BF12832C406B9A7F4078
:10CA80005C8F2EC08273E63F24B9FC3F2575DA3FE8
:10CA90007FD90DBF6F81B6C011C71A3FB150B3BF68
:10CAA000DC68B0BF7DAE6A401F855BBF4D152C3F73
:10CAB000EEEBE83F7D3F11408D97B63F2DB2C5BFED
:10CAC000A01ADFBF5DFECBBF0C020340D49AE6BDC7
:10CAD0004ED1B13E764FB63FE4836E3F23DBB1BF0C
:10CAE000273188BFFBCBEE3EBC9690BD962146C059
:10CAF00042CF86BF9B558F3F4C37793F6FF049C07F
:10CB0000107A9EC0363CEDBF0681453F2F6E1F4018
:10CB10003411A4401B2FDD3ECEAA83C020D28F3F0C
:10CB200044FA2D402FDD004019E2F83FA301E43F15
:10CB30009E5EE93FDA1B28C0EE5AB4C0933AC13E6C
:10CB4000FD878C3F832FACBEC58FF93F5249853F8F
:10CB5000780B9CBFE4145DBF3C4E513DCDCCACBEC8
:10CB6000621008BF9CA283BF92CB07404CA6A2C014
:10CB7000EA958A3F9BE60DC07C61B2BF5E4BE83E02
:10CB8000083D5340F7067F3F4A7B9BBFC976BE3DB9
:10CB9000C3D337C0BC74B540DC6840C096432BBFDC
:10CBA000567DFE3F52494940EA95023F7DAEBE3F69
:10CBB0001D5AC240910F4240423E383F67442540D3
:10CBC000B003673F1904AEBF11361CBF26538DC09A
:10CBD0000681A7C009F9003FDDB5DCBF5EBA81BFA1
:10CBE000A60AC63E903153C08E06A8BFD26F0FBFB3
:10CBF0002506E1BE41F113BFF7E4A9BF341146BFDA
:10CC00004182923F24B908408126123F07F076BF47
:10CC10007C61323E9790AFBEEF38353F304CAEBFAF
:10CC20006C0939BEB3EA533F009190401D3867C08C
:10CC30002C65F93F8FE412BFC4B19E404F1EB24035
:10CC40007424B7BF9A991D40E9B7AFBFCAC3A23ECB
:10CC5000A7E82040C28647C0401345C0DB8A254074
:10CC60005474C2C06D5641C0787A85BFBADA72403A
:10CC7000A54E5C406E347CC0508D77406519BCC0B9
:10CC800080B750C0BA6B2D408E06F03FD8819340DC
:10CC9000B1BF2C406DC57E3D41F1FB3F0309C2BFD2
:10CCA00017B791BEE0BE02409621A640E7FB293DA2
:10CCB0003E79D83EC9E57F3E2C65F1BFA8359DBFC2
:10CCC000FFB2EBBF61544EC0690037C02C6511C084
:10CCD0004C37F9BF52B806C03D9BD5BE022B87BD6D
:10CCE000621048BF2C65A9BF713DD23FBA49CC3F05
:10CCF00082E2473E643B3340BADAEA3FD3BC63BDCD
:10CD0000C05BE0BFFA7EAABE143F224085EB4D40D7
:10CD10008126C2BC840D27C0228E19C0CCEEE9BE8C
:10CD20001973573E5DFE73C039B4083F713DE4C0CE
:10CD3000FDF6EB4080B7E4C0AC1CA040ACAD824037
:10CD4000BEC1DF3F60E5203F73680940865A574007
:10CD5000A52C5F40B1E193C058A8AB40A60A56BFCE
:10CD6000F9A01340D0D526BFBDE384C0E71D85C020
:10CD70008273C6BD4BC8E7C029EDCF409C33F2BFDC
:10CD8000C364C040B98D2A40BBB87940992A3CC0E1
:10CD9000728ABEC01B2FD340EB7371C00309B2BFB0
:10CDA000EE5A86C0CA54A13E72F98F3FE86A6B3EC4
:10CDB0009BE6BD3FEA04EEC04182823EF5B9984051
:10CDC0002AA93FC0CBA151C040A45F3D8FC2F53B13
:10CDD000F2410F3F772D813E4BEA14C0ED0D92C01A
:10CDE0007B836BC079E956BF4DF32E40FB5C6D40F1
:10CDF00010E92F40BB272740FED4C03F12A53D3D80
:10CE00000681D53EBB270FBFA913C03F0B24E8BE48
:10CE1000B6F3D5BFB76203C0E5D03E409CC41C400A
:10CE20007593E03F910F5240029A38402D432440C1
:10CE30005305233DF241CF3F1D382740E02D54409C
:10CE40000E4F97C0ACAD28C0E3C7E0BF65AA8AC04B
:10CE5000CC7F68C0E5D03EC0C3D36BBFC52060BFE8
:10CE6000075FB8BE16FBA3BF166A4DBF27A0993F48
:10CE70003F354E40C13943BF840D07C052B886BF0D
:10CE800094F6E6BF5DDC263F2CD49ABE1E169A3F70
:10CE9000696F703EE71D673EDB8A39C0A69BD4BF31
:10CEA0001A51AA3F63EE6ABF8E0624C03A921BBF96
:10CEB00044FAB540E414DD3FFFB23BBE1B0DC0BEDB
:10CEC0008941103F3EE8193E22FD96BE1B9E2EBFB3
:10CED000D95FBE3F6DE7A3BF567DA6BF24282EBFF6
:10CEE0002E90203C31997A3FDDB5E43F7FD96540F3
:10CEF000AA82513F38F88A3F66F7CE40F31F56C0EA
:10CF00008D97D6C0DCD705C09FCD8640D656843FCE
:10CF10005DFE63BFBEC1673FB6843440423E4C40B5
:10CF20006B2BF63E44FADD3F96B2943F711B3D3FBA
:10CF30003CBD7240A3923ABF8E06C6C029CBD8BF73
:10CF4000E5D09CC02D4368C073D742BFE3A5B3BFF3
:10CF5000107A76BE8885BA3EA30106C1211F10C093
:10CF60008B6CA73F9031E73F5C8F623F5F29D33FD7
:10CF7000CBA105406C782E4042CF863E7E8C19BFF7
:10CF8000F90F193F0612343FDBF97E3F81263E4000
:10CF9000C3F5283E3BDF5F3F0B4625BE000030BF98
:10CFA0004D84ADBFB98D66C03D9BB53FEA95823FCC
:10CFB000DC46C33F6ABCD43FB7623F3F2731B8BFAE
:10CFC00029ED59C04E62F0BFA779E73EA8577EC051
:10CFD0002C65493FAD69BEBE7DD017C0F69785BFB1
:10CFE000091B2E3F29ED4DBE363C45C02EFF394072
:10CFF000228E87404C371540F5DBD73D492E27C0A0
:10D00000B22E8CC06210AAC017B791BE5E4B8C4086
:10D0100087164140249773401904363FD95F86BF75
:10D02000EFC983BE63EE7ABFB22EAE3ED509A03FF4
:10D03000C0EC224002BCF9C0F46C16BE8CDB34405C
:10D04000956540407DAE563FEA95A640BC74E340EE
:10D0500041829E40A01A9FBF9EEFD5C07E8C6DC0BE
:10D060007446C6C02DB209C0E0BE0EBF94F6CEBF56
:10D07000D191B84060E5F84017D97AC06822843F62
:10D080002EFF9BC065AA0C40CD3BD6C02575B6408F
:10D09000BB2797BF27A069BF3D2CA040D95F4E405A
:10D0A0003F352E401FF42440CFF7B33EB762FFBE9A
:10D0B0006C782ABFC89893BF7DD0B3BEC66D94BEAE
:10D0C000327795BFE0BE4E3F736891BDA1F8A9BF0E
:10D0D00060E5F0BF43AD01C01F85C3BF5EBA11C09C
:10D0E000598610C017D94E3FBB27AFBE6ADE09C0B4
:10D0F000075FF8BF1D5AFC3FBC960440986EA23FE4
:10D100003D0A17BFB684384054E32140E10B93BD7C
:10D110008AB0813FC5200CC0F7E4713FC4B18E3E98
:10D12000E3363640F7E44D4016FB03C087A79FC0A7
:10D13000ED0D9AC001DE023EAF2564C039B490C047
:10D14000029A74C0143F46BDA8C623405D6D554089
:10D15000ED0D96402DB245408A1F4B403D2C1C40A2
:10D1600011C7BABE280F03C0287EECBF20D2EF3D06
:10D17000FC1833BE2D210FC03A924B3E1D380FC014
:10D18000832F2C3F508D173F569F23C0C74B57BF4F
:10D19000D122DBBE5396E1BEEA9512BF82E2A7BE62
:10D1A000EE7CEFBF79E91EC0931834401FF4844031
:10D1B0008E0698BFB6849CBFE948963FE63F343F51
:10D1C0000F9C83C002BC653F21B0D23FE5D02E400A
:10D1D000D26FBF3F355EDA3E46B6233FAED81F3F23
:10D1E00052B85E3E2575823EF8C224BF17B7B9BF5C
:10D1F000F9A09FBF7AC7F1BF2C65D9BFAE47213FC9
:10D20000C7BAB8BD0BB5B6BFB537D03F728A1240AA
:10D2100042CFBEBFE10B8BBF105819BFAF94A5BE64
:10D220005249914030BB8F3F64CC41C052495DC0F0
:10D230007F6A7C3E87A7973F5227A0BE34A2B4BF27
:10D2400004E7E4BF88F41BC0FE436AC00D716C3E66
:10D250001895844068226C3E90317F40FFB2AB3F0E
:10D2600095D43DC0FB5C6D3E6C78B23F0C93394069
:10D27000B98D863F2AA907403E79CEC097904FBF0F
:10D2800088854240C74B3B40FF21DD3F44692FBFAB
:10D290006688ABBF68B39ABF7B836F3E6ADE213F6F
:10D2A000B459753F5249DDBE8716F9BE0A68923FF0
:10D2B00036AB7E406C0919BF4ED155C0AC8B5BBC00
:10D2C000D26F1F3E2A3A123F9C33623F7AC7293FF2
:10D2D0008E7511BF9CA28B3F5C8F823F76715B3E47
:10D2E0002B18E53F76E0DC3EAAF19ABF992AD8BF19
:10D2F000A83539C03A92CB3F9B55B73F1CEBA040B5
:10D300000E2D1AC06E3428C03277A5BF86C9ECBF77
:10D31000AED877C0789C884054743040E561013FB6
:10D32000FE65173F5F29EBBE4A0CFABF1B9E36C055
:10D330006D56A3C09A77A0C08126A23E54E3F53F64
:10D34000DBF9FE3F933AA13FABCF9D3F17B781BFBB
:10D3500048BF0DC0143F76BFC1CA55408885FA3E0C
:10D360006891F53FBF0E5040226CFAC089D200C1CF
:10D3700068B312C0575B9340645DE43F6A4D933ECF
:10D38000A4701D40E86A6B3E9FCDCA3E3A924B3F67
:10D39000BF7D9F40FE65173FE10B57C01AC0B33FEA
:10D3A000AF25B2401B0D1040FAEDEB3AAE47C13F3E
:10D3B000394503C04B5952C0E3C7C83F61C39B3FC7
:10D3C0000F9C23BFD7342BC07B1442C0FE437AC0CE
:10D3D0006A4D23C0CCEE79BF4182CC40FCA9A9BFE5
:10D3E0008CDBB03FD0D5DE3FA8350D40DE023940A2
:10D3F00040A49F3EFDF6B53E764F9E3E04568EBD40
:10D40000569F23C08FE422BFD0D5963FB1E1493F5C
:10D41000A913E03F1895784065AAE03DB0035FC0CE
:10D42000B45995BFD3DE80BE07CE99BECCEE49BDC0
:10D430005EBA01408638563ECBA1C53F643B5B4097
:10D440007DAE963E03095ABFBBB8CDBF8A1F83C0CD
:10D4500024B9BCC030BB1F405BB17F3F90A03840B7
:10D460009D805240F38E574051DABB3F3199524074
:10D47000D9CEAF3F4C37993F4D15EC3E666616BF8F
:10D48000098ADF3F2653753F006F113F8FC2BDBF32
:10D49000F08589C0143F4EC0BEC117C09D80E2C058
:10D4A0006DC536C0B459953E5F988CBE3F351EBEE3
:10D4B000226CF8BDBC05E2BF94F676BFDD2466BFE2
:10D4C00033C411C0B459CDBF4D8409403D9BA74022
:10D4D0003D9BE9C0C217A6BF4625653FF1F4264033
:10D4E000FD87F43F66F7643F0EBE864019731B400C
:10D4F0003FC61CBF5DFE43C0772D9340DE0239401E
:10D5000090A02840B7D124400BB56240AA60ACBFC0
:10D51000759368C06B9AAFBF0378CBBFFAEDE3BFDA
:10D520004F1ED63EF54AF9BEDDB504BCBBB8DDBF23
:10D5300066F7A0C032E680C068B34E407FD93D3E5A
:10D54000B1503B3F166A4D3E17B74DC0091B1AC07C
:10D550005986184054E3BDBF9E5E3DC0711B8BC011
:10D56000888517C1022B0BC16EA30D4004E73F4114
:10D5700053055B40098AB540764F863F80486F3F30
:10D58000F8534B403FC66C407F6A3CBCEBE2124014
:10D59000A32339C074B5ADBF431C1340C58F113FE1
:10D5A000304C2EC0499D803D0C025740910F4240A7
:10D5B000C05BA03FD6C52D3E6A4D933EFC1847C0C8
:10D5C00034A290C00B468940C2869140105809BFD2
:10D5D00095653CC0F853E3BF9B555FC0E483FEBE36
:10D5E0001FF40C3F21B052BFA323B93C8F53F4BFAB
:10D5F0000E4F83C0BDE360C07C61EA3F21B0D440E0
:10D60000D3BCF33F1D5A84BEBD52F63E4F1EAEBF83
:10D6100029ED5DBFCF6629C002BC19C071AC17C02F
:10D62000F90F89BFBB27E73F5249BD3E6C78BA3E30
:10D63000143F5E4062A16640C0ECEE3F60E5B03E44
:10D640004A0CE2BEE7FBB93F7A360B40EA04D43E0F
:10D650005BB17F3F12146F3F925C0240787AA53D28
:10D66000992AA8BFA857A2BF865AD33D88639D3E7A
:10D67000B840C23E3BDF0FC0423E8EC0A1D62CC098
:10D68000D26F9F3F2DB29D3DACAD78BF9D11653FE0
:10D690004D840DBF5E4BC0BFBF0E0CC0643BCFBFFF
:10D6A000E4832AC09CC4C03E1748A8406744F93FA1
:10D6B000A77997403A23C24071AC6B3FECC0C3C01E
:10D6C0000C93893E3480874029ED31C04013994046
:10D6D000304CBEC0D191A4C05DDC62C07E8C29C03C
:10D6E00014AE8FBF96218E3FFF212DBF492EBFBEA6
:10D6F0000C93493FC3D33B404CA67240325558402F
:10D70000956544C023DBE1BF65AAE0BF5249DD3E19
:10D71000AB3EC73F772D494055303EC04625953E2C
:10D720001EA7A83EFB5C2D3E67D51340C0EC2EBF64
:10D7300029ED19C052B85EBF6B9A37BEA69B34BFA5
:10D74000C4B196BF76E09C3D7E8C11C096B264C099
:10D75000DDB50CC0A4702D3F1D5A243EB9FC073C1A
:10D760000E4F874052B8A63F41827240E3C798BD32
:10D77000984C75BFDBF9224073D7723F62A1D63D4A
:10D78000DE71EA3FA7795F404F400B40772D913F14
:10D79000BADA8A3F12A51D40CC5DCB3D97FFF8BF9A
:10D7A00064CC95BFA54ED0BF5B4202C06B2B663FD9
:10D7B000B37BF23E4BEA82C04C373DC099BB16C0EA
:10D7C0004F4007C0F6976540C0EC1E3F16FB5F4018
:10D7D00062A1C8400EBE864013F2A13F211F0C403B
:10D7E0001058913F02BC21C0C3F53CC0D1225B3D23
:10D7F000780BC43E0B4621C0D2003AC005A32EC010
:10D8000038F8FABF48E1BA3FA52CA33FAE47E13E46
:10D810002B189BC0840D17C08638063F19733B40F8
:10D82000772D11404694D63E6ADE09C0D88193BE5A
:10D83000158C8ABE3B012D3FEC51AE40371A983F04
:10D84000840D23C0A913D0C0B7D184C0C3642A3FBC
:10D850004625753F091B9EBFBA6B893FDE029BC000
:10D860003E792440DB8A5140C28647BFF5B9923FDA
:10D87000371A604004568E3F4C37593FD50988BF50
:10D88000E02D50BFC1CA75407A36ABBE5AF5A13FF4
:10D890001214DF3E7AA50C3F0EBE24C005C51FC082
:10D8A00093A95AC0280F9FC09A779A40BF7D97C00E
:10D8B000C286973F81261E40211FEC3FFD878C3F8B
:10D8C00035EFE0BF1DC9C53EA16703BF65194AC05A
:10D8D000FBCB6E3DDAAC0ABF1A518640C74B93C0F2
:10D8E0002428FE3DD5E74EC072F99340394595C0D6
:10D8F00006811DC0E78C183FA1F84D40E09CA1BFF8
:10D900008D28B540AF94C53EEEEB18C0CA3284BF37
:10D910009D11E53FD712B240A01AA740F085F13F14
:10D920009F3C8C3FDE714ABE591753406154723F91
:10D93000053405C0FAED2BBEBDE314BF7B832FBEBB
:10D94000621030C009F9983F4B59C63F85EBD13F73
:10D95000CD3BA0C091ED1CC1C217463F166ADDBF8A
:10D96000DE714EC038F8A2BED0D5F63F6F81DC3FE5
:10D97000B30C513FFED4683FCC7F083FDC6800BF4A
:10D980004A0CA2BF7FFBFABF58390040014D2CC0A2
:10D99000B30C6D40CFF7633FF08539BFCA323040DA
:10D9A0004BC843C01B9E0EBFBE3099BDC1CA01BF4C
:10D9B000B7D180BEBADAE23F8CB9B33F96438B4011
:10D9C000B1E1D93F08AC8C3FA167BBBF022B17C0A8
:10D9D0007B834740832F0C3F2575C23F94F6F6BFEB
:10D9E00038F89EC0EB73953E524949C08FE4B23F70
:10D9F000F08519BFE86AF3BF36CD9BBE386792C089
:10DA00009790CFC0A2B433C03CBD36404694B63FD9
:10DA1000250621BF2F6E533F96B2943FF85353BF54
:10DA2000857C98BF69006FBFE56151BF2D212FBF75
:10DA3000F46C2E40CBA1F53F60768F404A7B1F40AF
:10DA40008FE40240D6C52DBF88F43B40211F6440BF
:10DA50007FD96D4047727140772DA13E547420C02C
:10DA6000FE4382BFEE7CDF3E7DAEF63E9A0807C0E5
:10DA7000C1A844C09B5597BFCE88EABFAAF122C077
:10DA800055304EC0B68420C0F5B9DA3D0C02ABBEAD
:10DA90007E1D0040A3014040E3C70040B9FC57BFD2
:10DAA0005917B7BD174864C02D435C3E6900AF3FAE
:10DAB000A2B497BF53961140A7E8883E371A084092
:10DAC000401393C08D2861C04A0CD23F39B48640C0
:10DAD00029CB82C07446143DD88163405F072AC0B9
:10DAE000F163EC3FF2D27D3FADFA3CC03945AF3F28
:10DAF00067D5AF3FC4426940107A94408E064040DB
:10DB00007CF2D0BE33C401BFFCA905C0D2000AC05C
:10DB1000F38E433F7D3FF53EBADA1EC0D122D33F9C
:10DB2000CFF7533FCA32E4BEDB8A9BC0F2D26140DA
:10DB300068224C404A0C09C19F3C8EC03A232AC03F
:10DB40000DE0ADBEE9262D403867484089D22A4015
:10DB50003BDF0FBEBA492CC0FCA9913F40A4BD4099
:10DB6000516B1A3ECA3220C0C72926C038F80EC0F1
:10DB7000499DE0BEF7062F40FBCBEE3D962106C047
:10DB8000EEEB40BE302AE13F0BB5E6BE448B10C041
:10DB9000D42B01C0A1679BBF795818402063A440D3
:10DBA000F241CFBD9EEF373FA857FABF96B2B2C041
:10DBB000711BDD3F8F5324400E2DAA3FAF2514C0AB
:10DBC00086385E4068B36A3F5305C33E24979FBFC3
:10DBD0003F352EBF3F354EBF38F812BF29CBA8BF07
:10DBE000BF7DCDBF865AEBBFBF0E40C0A1D610C0CF
:10DBF000910FD23F07F0863F91ED5C3FBB27A73FD7
:10DC0000FA7E2A3FAA60043FEE7C6FBF151DF1BF6C
:10DC1000FBCB5E3FB81EC53EA01AAFBD3B018D3E9B
:10DC20006ABC8E40C3D3BB3FC7BA82403CBD3A40BA
:10DC3000849ECD3C4547DABF73D73EC00DE005C09A
:10DC40005452FFBF014D54BF182623BFCA54013F91
:10DC5000917E0B4059172B405530DABF0A6822BF1E
:10DC60000456AE3F6C09F9BE58A805C0C6DCD5BF46
:10DC70005227C03FB5A6C93FC520C8BF14D0344005
:10DC8000E3366ABF94F642C0477297C06D562D4086
:10DC9000A7798F3F16FB4B3F1058493F7958A0BFDB
:10DCA0002497FFBD226C2C40530533404DF30E40AA
:10DCB000948785BDD509E8BEC74B3BC0426065BDB2
:10DCC0008863DDBEE7FBC9BE68911D40FE65373F36
:10DCD00090A0C8BFE6AE49C013F2D1BFB98D1A40BB
:10DCE000FCA93940D3DE2440107A4E402C65993D82
:10DCF0003B0191C01A515AC03D9B953EAA82893F73
:10DD0000E71D273D287ECCBFB7D100BF075F283F66
:10DD10004182423F96434BBFBA49FC3FDD24963FC8
:10DD2000840D2FBFCF660DC0BEC1F7BFB762BF3F26
:10DD3000AE4705C0C6DC95BEEA04443FAEB6EABFB6
:10DD4000764F8E400B4675C08E75413FE2E9953D9A
:10DD5000682268C0DA1BF4BF4A0C8A40FF211D40CC
:10DD6000DCD701BDD6567C3F48E16E4011C732403A
:10DD70007502823F2CD4DABF091B36C03199F2BF3D
:10DD8000539641BF4013A13E5396C1BE894180BF07
:10DD900089D2CEBF16FBCBBE68B36ABD80487F3F39
:10DDA000006F813FCEAA87BF508D173D90316740ED
:10DDB000E2E98D3F9BE639C07FD9BDBF0BB5FEBF01
:10DDC0007B835FBF17D96EBFBC053AC0B0721840E5
:10DDD000AF2524BE508D37BFB07290BF166A6DBF9D
:10DDE00065190A40D0D5CC40E3A5D3BF67D5134011
:10DDF000D42BD5BFE4836E40A1D6B43D4625EDBFFC
:10DE0000DDB504BF4A7B83BE05A3223F9031AF3FFF
:10DE10008AB0E93FD42BA53EDC6860BF0000803F9C
:10DE20001CEB8A3F228EA53F0EBE603FACADE03FAB
:10DE30001AC0933F2CD402C00091D6BF5F29EBBE1D
:10DE400029ED6D3F88859ABF5F9810C052491DBF6C
:10DE500071AC33C0083D9BBEFA7E9ABFE17AACBF7D
:10DE6000C364EABFB3EAE3BFAA823DC09CA24BC031
:10DE70008CB93B40B6F3FDBDA52C433E8FE43A4040
:10DE80001826EBBF52B8863FA60A02C00B462D40AB
:10DE900065AA0CC05452A7BF2D210FBF4D1540409D
:10DEA000713D2A40D0D59C406B2BA4C09CC45840E7
:10DEB00022FD72C0302AF9BF645DACC0AA8291BF56
:10DEC000AA8211BFE10B6F40F85313BF1D384FC03A
:10DED0009A998DC0713D024016FB7B400F0BAF40FD
:10DEE00017B731C0E948BE40B3EAD540666672C094
:10DEF0009B55FF3F7593D8BEA4DFA6BFDFE0FBBFF5
:10DF00005EBA49C02F6EB3BF8638563E9643334043
:10DF10002FDD04405530AABE2AA98B3F14AE673FBF
:10DF20005DFEDB3F643B5B401748803FED9E6440F5
:10DF3000006F61C06F8198C0378989BF849E8D3E14
:10DF40002B18A53F8CDB58BFE414FD3FFCA93DC056
:10DF5000378941C0014D10C020632E3E0378E33F56
:10DF600002BCCDBFC9E54BC07D3FC53FBEC1B73F79
:10DF7000C8986B3F34807B40E7FB8740226CB640FB
:10DF80001B9E80C09A775CBFE336D23F0A68623F2F
:10DF9000D122A5C0E86A93BFDE713A40F931663FED
:10DFA00070CE88BF02BCC5BFD1226BBF1FF4CC3E70
:10DFB0005C8FE2BF17B731C01361BBBFC286673E3B
:10DFC00027C2363F925CE63F234A43406F8154406C
:10DFD00024282E3FDAAC7A3F431C8BBEAE4729C0C3
:10DFE000D49A66BE8A1F13C0A8573EC0E0BE1EC0AA
:10DFF0000EBE40C002BC49C088F4DB3D098AAF3F79
:10E00000158C2A3FA91304409A77E43F4D15ECBEC6
:10E01000CBA145BF6900CFBF2EFF513F32E65A402A
:10E0200000914E3FB6841040B8AF4F408B6C173F05
:10E03000AC8B0FC01058D9BE4D844DBFFA7E6ABE5E
:10E040002CD45A3EFF21DDBE17D90E3F9C33823EB1
:10E050009FCD6A3F9CA2633F4F1EF6BE832FA4BF95
:10E060003A926B3F789C923F80B7D8BF327769C0B5
:10E07000B1E1E93EE2E97940022B9F3FF8532740A6
:10E08000F1F44A3FC3F5AAC0B29D27400B46F53FC5
:10E090001E167A3F3FC6DCBDE3A5DBBE48E1BABE33
:10E0A000810435C07C618EC046B6BFC060E59AC0B1
:10E0B0001904363F9643EBBE9CC4603E933A5940E8
:10E0C00026E4733F637FF1BFE5F277400B46714072
:10E0D0001F859B3FAEB6DA3FDE02F13F7958383FED
:10E0E000A323293F6E3480BDFED498BFF775B8BF17
:10E0F000CA54C1BD8E06F03D05C53FBFED0DBEBE85
:10E1000039D621C052270CC01B2F9DBFFBCBBEBFF1
:10E110006EA311BF2B87BEBF553032400DE081404A
:10E12000637F91BF713D8A40D5789540FB5C7D3F10
:10E13000F6971DBFB7622FBF6ABCB4BF04E7844027
:10E14000C3D38D40A323913FA69B8CBF73D7123FAF
:10E15000BA49B43FD65694C0E5F253C0F163CCBF80
:10E16000D9CE5BC068B33ABFD04458BDE4839EBEED
:10E1700011C76AC019048640158C22C02506B1BF9C
:10E18000CC7FC83D3A92FB3F933A6140ABCF55BD3F
:10E19000355E52C0DE7176C0AEB6223FF6287CBF37
:10E1A000674441C088856EC06ABC54BFABCFFD3F99
:10E1B0003CBDEA3F36AB4EBF645D5C3E07F00240BB
:10E1C000A8C6C34038670440ED0DFE3EB8404E403F
:10E1D00065196640BC74AB3FC5FE5AC01DC99FC0DF
:10E1E000BEC1FFBF6688733F3FC68CBF583930C081
:10E1F000E336AA3FEA9532BF05A3923D363C3D3F48
:10E200003255BC401AC089C093180C40AF25FC3F62
:10E210000D711CC008AC9CBD7AA5BAC082738E3F3C
:10E22000A4DF4E3FA835B3405530B240C976964082
:10E2300005C533400091DE3E711B953FCF669DC002
:10E24000DD2437C1A7E8A8BFEC51D83EAC1C1EC0E6
:10E25000423EA83EA32339BC77BE0B41D9CE07C0AE
:10E26000F01608C072F9B7BFBEC1CFBF9FCDB2BF15
:10E27000DDB500C03789A1BF6ADE8940ECC099BF17
:10E28000FDF69D3F12143F3E4A0C823D3EE829C0F8
:10E2900035EF1840C286E73F6891ED3C9EEF89C09C
:10E2A00093A97A40DE9307BDC9E5BFBEDD241EC039
:10E2B0006891853F63EE16403789213F280FB33FB1
:10E2C000AC8BC33FCAC3423F76718B3FA69BDC3FFA
:10E2D000C05B044005A316409BE67D3FFFB29B3F19
:10E2E000713DAABEF90F11C07DD0333E4260253E7C
:10E2F0008104053F6F122BC0DCD7E3C03F573BC002
:10E300002E90AEC06900C540BF0EFC40234AAD4010
:10E31000925C22C054E3253D5F078440F5DB57BE85
:10E32000E71D95C0F1F47ABF0D71ACBF29CBB2C027
:10E3300070CE083DB81EC3C0BE9F4ABF3C4E413F91
:10E34000AE4721BE371A3840287E64C08A1F83BE7C
:10E35000EC5180403BDF873FE5F2D7409A99F3408C
:10E36000F90FC140C0ECA840280FC33F280F0F4051
:10E3700086C90440FE65073FE5F25F3FCAC32240FD
:10E38000BD5212C058394CC033C431BD6B2BFEBFD7
:10E390006F1257C066F7343FAA60BEC0053411BF84
:10E3A0005F072EBF17C890C10F9C814081267A401D
:10E3B0003D0A3B40AF251840B072283FB762DFBE30
:10E3C00026E483BDD2001A40DFE0AB3F9D111D4023
:10E3D0003D0A073F5A647B3F13F2A9BF925C2E3F70
:10E3E00040A4DF3C11363CBEC6DCB5BC39D625BFE7
:10E3F0005A640FC054528BC1204155416FF04141C6
:10E4000019732A4174241D41ED9E3041F4FD7C4175
:10E4100021B09D41F1638441BADA80419A087E417E
:10E420006B2BE84088F487407E1DC0C0F8C248C10D
:10E43000090AA1C10E3EE2C1432DCBC15B53AEC15F
:10E44000933A38C13BDFD6C12586AB412DC39341FA
:10E4500054F48E41857C6F4158CA3441FFB2CF409D
:10E46000C4B19840029A483E3C4E61BFB515F33F97
:10E47000B459FD3F4C379FC05C20F9C086C920C10C
:10E48000D57808C1F9A004C17FD983C0E48346C10F
:10E49000F85381C11F74D1C1D712804050FC744021
:10E4A0001A51A23FACAD803F4F40333F94F6C6BEF9
:10E4B00075935C406DE7B3BF711BD9C0736815C01D
:10E4C00085EB39C027A009BE2CD45A4040A41B407C
:10E4D00052272041B7627B405B422E3F2FDDA43E96
:10E4E000AE4775C0500D8AC1ED9EEE41023CA94178
:10E4F00097904C41C3645041F31FBA4036CD6F40F2
:10E5000001DE1A40BE9F1A3ED26F91C0BE9FA84046
:10E510004D153C411EA79CC063EEC0C0E3A50FC1D2
:10E5200048E19E40C9762AC1AF9448C145D8ACC1E4
:10E53000546392C1BFFDBAC1508D9B40C6DCA3405D
:10E54000EF38D14020D21D413D9B7741B98D964196
:10E550002CD46C41C74B2C41A60A474190A0604186
:10E5600048E13A40789C6EC0728A1BC173D758C18B
:10E57000819580C1151D5CC187A7ADC04D1544C1F3
:10E58000933A68C154F4D4C1E0BE4240DD24424015
:10E59000DF4F8F40E0BEB4408A1FAB40910FB840C0
:10E5A000992A644089D29C404DF39E40E3A53BBF2D
:10E5B000265325BF73D7D2406076A940696F00C04B
:10E5C000D49AC0C02FDDE6C0EE7C2340E0BEBAC0C6
:10E5D00092CBEFC076CFC9C15F07BE404CA6E040EA
:10E5E0008FE42B4194F67341CC7F6D41B684014199
:10E5F0008CDB48403480B7BA7DD033BE143F0A402C
:10E600007AA50141FC18D33E64CCD9C02AA919C10E
:10E61000CC5DC7C0A5BDE13E07CE0FC1ED9E22C1B6
:10E62000F01696C03BDFEBC11904E640F9A0C340E9
:10E6300001DEAC40E6AE28410C938841840D69416F
:10E64000569FDB40DE710E40F7E4E13E45D8744052
:10E65000ED9E10417B838FBFDE71D8C0F5DB13C107
:10E660001F850AC1B8AF3FC087A70AC183C016C1C2
:10E67000E258D3C05474EEC1A52C1E41DE718C400B
:10E68000EA046840DE024D40690095402B18934033
:10E690002BF6EF3FB37B72BB94874D4065AA784061
:10E6A0003D9B494055305A3F560EA9C0645D07C195
:10E6B00074B5A3C0D49A7AC0295CDF40BC74C3BFD0
:10E6C000E258C1C0FFB29FC198DDF340530523411A
:10E6D00039D64D41D3DE834195D46E4107CEF94002
:10E6E00036CD6340D88133C0D65668C0ECC02DC14A
:10E6F0004703E4C060E538C077BEAD40931820C042
:10E700001826B1C0DE933FC0D122D3C011C7E4C0E8
:10E71000D5099EC004D6AEC12E904B410F1C894135
:10E72000DDA4AD4154749E4163EE4241FCA9BB405F
:10E730005B421AC04A0C76C05396B1C013F2B1C006
:10E74000F2D24DBE9FABA5408CB9BBBF5C20D5C0FB
:10E7500035EFA0BFF9314AC014AE2CC1690066C1C3
:10E76000401340C19A88DAC1BA49EE404A0CFC40D5
:10E77000F5DB1741835143410F9C4241E3A53741EB
:10E780000B24F440014D2C40C05B203EE02D0CC01A
:10E790007CF2C8BFFBCBE6BF1D5A10409790C7BFA5
:10E7A00087A7FDC07AC725C1E561B1C05227B2C0B5
:10E7B000744621C1355ED6C1E5F2BF3EE17AFC3F29
:10E7C00088F42B40A9A4CA407F6A0F4116FB4C4134
:10E7D000D26F5A4132776141A7E83341984CA53F47
:10E7E0004469FFBF696F3CC0637F95C0BC058AC0A8
:10E7F000F0855DC09CC401C1D5E7FCC0280FE3C013
:10E80000A4DFD2C055B0D2C14BEA24414BEA2A4121
:10E810006E340D413FC69C403D9B8B4062100D41C4
:10E82000B6841C41567D6E40355EDA3E3F571B3F35
:10E8300044FA4540D95F3A4088F42BBF77BEB9C04F
:10E84000D200DEBFE09C11C132550DC18E06C2C0A0
:10E85000AEB633C10601C8C1EC2F2B4160E56C4157
:10E8600064BB9741355EB341CFF7AE419CA27A417C
:10E8700023DB2941832F424133C460412D43E240D1
:10E880008A8E74C0FED442C188E380C111B69AC199
:10E89000E9A696C1DC468CC101DEFEC0E25817C174
:10E8A000BF7D8CC10000CCC1E2581F419C333B416D
:10E8B0008F5364415E4B624162A1EA40E8D98840CF
:10E8C000423E68BDF0852DC0AC8BB7C0E3A5D7C074
:10E8D000B003BDC0B98D46BE992A9A40B4C87EC067
:10E8E000F016E8C07D3F51C09CC4C8BFA69BFCC0C9
:10E8F0006ABCCAC043AD6DC1BF0E8D41561F9C415D
:10E90000567DB341BA5A82414D842741226C204042
:10E91000BE3019C06210ACC04F40FFC070CE1CC1E9
:10E920008B6C4FC1BE9F51C1EEEB1CC13F35B8C0CF
:10E9300005C5EF3F2BF6F73EA52C5740499D80BFFC
:10E9400070CE9AC0356FACC1832F1F4156FD8B41ED
:10E95000EFC9B9417B838A4195D4D9405DFED5404A
:10E96000BC96F83FAC1C923FB5373C40A01ADB4048
:10E97000B5A61D40492EE9C0CEAA0FC1273154C00B
:10E98000386744BEF5DB3CC1D50995C1295C4AC155
:10E9900027311CC15396C1C1F85313411FF41F41C5
:10E9A000371A4841B97CA041B5B7A74183512F41DF
:10E9B000B6F3ED404ED18F40840D9B408104314130
:10E9C0001EA7E83FFF21EBC0B9FC48C15B4276C1FE
:10E9D000030938C122FDA0C0F0166CC1D3DE76C198
:10E9E000AE47CDC03F57C7C19B55F940FE431541C7
:10E9F00093183D41029A754187969A41C57EA5417B
:10EA00002B879E4112A56941F9A024411B0D1F418E
:10EA100087A71D41979067407D3F314083C0A8C0C4
:10EA20009E5E9EC19A77C5C1B840D8C1AA71CDC1BA
:10EA3000B751C7C1107ADEC11CEBE23D0612484057
:10EA4000211FDA40AB3E4741865A8741780B2D4162
:10EA5000FC1827404BC887BE6C789CC01361C3C0AC
:10EA6000304CEAC068B38EC0E09C89408E7571401E
:10EA700066F734C0C8983BBDCA54813FF9A0CFC0E7
:10EA8000508DCFC0645DB8C1711B4F41F7E4244184
:10EA9000D6564840764F0A404260BD3F1283304010
:10EAA000857CDE40E02D0741D5E7E440E926B93F0B
:10EAB000F54A69BF7DD07FC087169DC0516BACC041
:10EAC0006C7846C0A301FCBE804897BF287EAAC0D0
:10EAD00064CC03C142E0B9C189C1C8418CDB8E411D
:10EAE00033330F41560E2D40E5F25F3E08ACB43F84
:10EAF00044FA3D3F0B46153FE4839EBE4DF36E3F07
:10EB00006ADE3DC05C2081C02A3A36C034809BC09A
:10EB1000F8C292C092CB8DC0B22E36C0B7628FC001
:10EB20003F57A5C04CB7AFC164CC694188639E41D3
:10EB30001EA7A94127317C41B0030C41ADFA7040BA
:10EB40004F1E06BFEEEB78C03945DBC066F707C144
:10EB5000A30103C16900BBC07F6A0C3F5EBAD74006
:10EB6000AAF1F23E33332B40B1E125C15A6470C1A2
:10EB70006DC543C1CD4CB7C135EF3F4134A24F41C4
:10EB80000DF188417D3FAC41151D874138F82D417D
:10EB900040A41B416B2B0841764F4F41A9131040F5
:10EBA00039D6DDC0FE6553C1D34D84C1166A90C10C
:10EBB000690085C1C4421BC16DE7C3C034110CC1DB
:10EBC00029CBDCC08BECAFC1A1F84C416F1269417D
:10EBD000C6DC5641E86AE540C74B5B40D8F0484088
:10EBE000C0EC2240D6569CBFB003C7BEA1D61C4085
:10EBF000A3927E4067D5673F8B6CDDC0F931ECC0D6
:10EC0000F8C250C02428BEBE371A2840FF21CBC00E
:10EC1000DDB543C12C65E7C161322940E17A10407E
:10EC2000B15077400000C240AC8B2E41A9A487416F
:10EC30003709AC41A3924B41F5B91541371A174139
:10EC40006ABC4D41567D8E4044691BC0BC7497C060
:10EC5000470310C0F1F434C1E93794C1F0A7B3C140
:10EC60000F0BB9C1AF94E1C111362941F7062F410D
:10EC70009C33604149AE9141F4FD65419A080B41D6
:10EC8000560E9D40C442853FE9481640711BE7403F
:10EC9000736891402D21A1C02E9034C1446951C1A7
:10ECA000295C2FC1DCD741C00C0218C1158C23C1CF
:10ECB0009790D5C0D792D8C10DE06941835191405A
:10ECC0004F1E564165AA144120419A4134805A4151
:10ECD000DB8A6641190422411EA7D83F10E97B4018
:10ECE000CF6625BF16FBA3C05BD315C1F2B05FC1D1
:10ECF000D49A36C155C13DC101DE52BFEA84A2C1DA
:10ED000096B245C1796998C126E4814033C49340E5
:10ED1000B684F8405AF5DB40B37B164127C2214147
:10ED200041F14D4157EC01417D3FD3404D84FD40C1
:10ED3000499DE03FC3F5D0BF14D09AC0560EA3C082
:10ED4000F7750CC083C006C112143EC1075F2BC10A
:10ED5000091B40C1DE93BAC1FCA955C0029A90BFFD
:10ED6000AC8B4340C4429F403333774061320B4108
:10ED7000F38E014152490DBF7CF288BF6744AFC09A
:10ED8000E92697C0E3369AC088F4E340BE9FFABEF6
:10ED90004FAF00C011363C3EE926614013F25140AE
:10EDA000832F4C40F005B3C1ADFA2E417B837441F3
:10EDB000A0099141BF7D4741C5202C408AB099BF31
:10EDC000B840E2BF1361C5C043ADC1C007CEB9C0F2
:10EDD000AD6946C0C05B8A40E6AE01404B59B0C049
:10EDE0005474843F46B6F3BEA91394C0D191B43F86
:10EDF000840DF1C00378D0C1B684D8415BC2B14163
:10EE0000B8406E41A01AF9400F9C37402B1815BD31
:10EE1000DFE08B3D8FE4F2BD35EFD0BF22FD1AC09D
:10EE2000C05B80C0143F16C0E336AEC0933ABBC08F
:10EE30000309CEC0832FC8C0CAC3D8C0E2E9BDC091
:10EE400063EEE2C08351A4C165198A40C9E57FBE63
:10EE5000E258973FD7A33440560E03411FF4A84011
:10EE6000ED9E1040744640C0EF38A1C0F5B9A8C06F
:10EE7000A60A80C0287E2C40F4FD0141E86A93BFB9
:10EE80004CA6F2BF8E751D40A5BD454025758ABFB5
:10EE9000158C0ABEE9B794C117B78C41B673B74158
:10EEA000BDE3D341C74BB1415AF55B41804858415E
:10EEB0003F357341469482413E799E40A5BD87C04F
:10EEC000D49A05C1696F46C180B74AC1A7E8D6C0C8
:10EED00096B281C1728AA1C174C6A4C1659980C16C
:10EEE000DC4648C17F7BB7C186C9D24074B50041BA
:10EEF00041F106411D5A354198EE8A41C5205741DE
:10EF0000A779DD40DC460340DA1B3CBF2B18A5BFC8
:10EF100009F9803F7AC707413108ACBEB515CFC0AB
:10EF2000B22EBEC05C2085C017D941C1986E47C1C2
:10EF300095D42EC14EE2E9C1840D984109F9A24150
:10EF4000675590418AB017411DC9994016FBAB3EE9
:10EF5000BF7D83C0871603C16FF00FC1F4FD1BC1D5
:10EF6000ACAD54C13D0A0AC124289EC03D9BC1409E
:10EF7000ED0DDAC030BBE3C09BE645C05BD30C416E
:10EF8000CA32B640D33C8DC1886397406C09D3C068
:10EF90008CB99F40302AEB40014D1041B0038540B1
:10EFA0009F3CE6401AC0FB3E787AA14068B3F0402F
:10EFB000EA04C43FB51576C11904AA408351C9BDFE
:10EFC000E10BE1C05530A2BF0DE0EDBE2575D2BF0B
:10EFD0001B9E3EBFB6F3C0C1EF385C418A8EA44091
:10EFE000B537AA407D3F79400B467D409CA2B33F98
:10EFF0008126423E13F281C08AB021C055309EC0A6
:10F000003A233640F1632840F0A732C0553072C031
:10F01000D200BEBE9A770C3F1B0DAC40EC2F8BC0CC
:10F0200029ED51C08CB997C19FCD4A41787A6C4186
:10F03000C1B98141228E95415839624197FFE24022
:10F04000B684744046941EC09D807EC0CC7F8EC026
:10F050001AC037C048BF4D407B142E3FFBCB12C1B6
:10F060005C8F22C14BC8C1C071AC5BBF598614C153
:10F07000A52C60C16FF0DFC13D0A704134A29141FF
:10F08000D044B341BCF4AC415BB16341363C29414F
:10F09000CA54D7404A7BC1406B9A3C41C1A8064143
:10F0A00045475EC0325534C1A9137BC18B7D8CC1ED
:10F0B000426068C129CB90C0C7298FC1BDD292C11F
:10F0C000CFF724C1A156ABC1EE5A2240C8983740B1
:10F0D00000910B414FAFA6403E790F41ED9E384065
:10F0E0007D3FADBF71AC8DC0F4FD9CC0D49AFCC017
:10F0F0009A9977C1DAAC27C12C658FC0BADAD240B1
:10F1000004E71F4159864E41DF4F51407E8CA93F95
:10F1100082737240D95FA0C1CA540841E5613D4184
:10F12000A392834132559F41948780413D9B064184
:10F130002B878A408A8E64BFBC9670C0F706ADC02C
:10F140001B2F89C0BA49EC3EAA601F413F35BA4027
:10F15000D200E63F17D9F8C05A758AC121309CC148
:10F16000D6568EC19D91D6C1D9CE4340B8402041DC
:10F17000C8983241211FBE4024B94C40C13907C054
:10F1800034A2B43EDE0241C09A0817C073D7AABFAA
:10F19000962186BF42CF7A402AA9F9407671434032
:10F1A0004694CEBF9BE64D3F5EBA9DC06ADEDFC08F
:10F1B0006D56E9C092DC94C1E3C78E4132779B4122
:10F1C000F2B0CB41D734994195654441D0441741C1
:10F1D000F085C34079586C401AC03B406A4DB1403D
:10F1E000AF9413C18A0E88C1B515A7C14772B7C1C4
:10F1F0006A5EA9C1D95F70C13D9B9B404B591240CB
:10F20000696F0CC066E6A4C12FDD19412CD40C41F6
:10F21000DDB532418FE46941BD5293416B2B5741BB
:10F22000560EE540AE478540637FE93FD3BC733F50
:10F23000D656A4402FDD80403E79BEC0BD5240C1AD
:10F2400054E364C1C66D29C1D42B35C0EE7C44C1E2
:10F25000F1F455C145D8DFC165AA5641F61786417C
:10F26000F241A541E3C7B0413D9B7E4189412A411E
:10F27000C5FEAC404A0C4A40ECC039BF787A9D3F8D
:10F280001748BE40D712A4402D215F407E1DD83FB5
:10F2900077BE2EC11F749CC154F4B6C170CEA3C1F9
:10F2A0000456C0C1D280D7C17AA500415F297F41F1
:10F2B000515AA841DF4F7141158C044162A146406B
:10F2C000A2B477BE553088C03867C2C0287EEEC071
:10F2D000DDB5B2C0F0A7C63FA3920541A3015840D7
:10F2E0003B7086BF6F8127C1DBF93EC1925CB2C023
:10F2F000B1E1DBC02D21CAC1C3F59F417DAEA14163
:10F3000054F49541508D4B41917EBB4061C3734095
:10F31000D49AE63E7A36CBBF7B142EBD539645C0B9
:10F32000EF38B140637F19BE3333BBC08BFDFDC0E6
:10F33000C898C7C0545287BE8A1F71C163EE87C187
:10F3400095D415C166F7A5C1B98D26C00AD7EFC0FF
:10F350001748A0BFF8C26040143F7E4041F15F40B3
:10F3600059861C40ABCF4D405A643BBEAEB6DABFA7
:10F3700086C9ECC0ACADDCC048BFA7C03B70F2C0D2
:10F38000F54A12C16B9AD340A7792841234A2741F5
:10F390008F6492415BB150C14BEA543FC5FE0E40B1
:10F3A00052276C40A245B440FF21BB4023DBCD4037
:10F3B0000612C040B29DAB4043AD154070CE08BFB1
:10F3C000302A89BF62A1263F14AE37BF99BB80C0E7
:10F3D000EA04C2C0AF2598C0F628FCBF57EC93C022
:10F3E0001214BF3D1DC975C123DB15C1295CDDC0E9
:10F3F0004BC89DC0FFB24BC04850D4BFF9A0BFBF9F
:10F400000A6822BEC0EC1E3F8F53043F3A231E40C1
:10F4100020419340A301AA40D26F91404C37514004
:10F4200075937040D3DE5C402FDD74402BF67B403B
:10F430000E2D9C40FCA957C18B6C97BF986E023F64
:10F440008273963FC9E51340BA6B1140AA82A93F67
:10F450003A92D33FB53738BE182693BE7AA5A4BFDB
:10F460009FAB11C0E78CC8BFD7129ABFE5F21BC093
:10F47000BB277BC0249707C0AD6916409031B73FCA
:10F48000BD521941C4B1C4C027C21341713D2C41C2
:10F4900052499141F252A541FB3A5941B8AFAF40B0
:10F4A00034114240B15083BF894100BF516BE23FEC
:10F4B00093182641A1674041401313419CC49EC04C
:10F4C000068170C186B89FC16980ABC1A4708DC12F
:10F4D0007AA5CEC0C6DCD9C1C1392A41D6C52C41D6
:10F4E0001CEB37416143844196219A4170CE5941CA
:10F4F0003EE8C54067441D403D9B49C007CEE5C07E
:10F50000D509FEC057EC27C0728A94405F29BDC060
:10F51000B29D15C126E4E1C05C8F4EC0128324C1A8
:10F52000287E28C116FBE2C15917954165199B41F8
:10F5300077BE9C4185EB64410F0B174121B06640BB
:10F54000EB73FDBF5C20B1C0812610C18FE42EC1DA
:10F5500083C04BC1143F61C14B592FC17B8377C01E
:10F560007502CC40CE8819412F6EB3BF2BF6EFC089
:10F570008D97C4C0796986C14DF31741E0BE35410E
:10F58000B1BF3841A089FC402B189740D0B341400F
:10F590002FDD8640516B12409A779C3FF016B640A3
:10F5A00006122B4196B2884010E9373FFD8770C0A4
:10F5B000EB73D9C08FE400C107F0FEC0DE9324C115
:10F5C0005F0748C10B35DEC10681FD3F3B709E40A1
:10F5D0001283E0404182FA4027A00C417C61014146
:10F5E000AF94F9406891FF40A9A40941431C5341DD
:10F5F000006F6C415F0731417FFB0A407CF2B6C06F
:10F6000002BC2FC11B2F0CC1272087C1C6DC64C1DF
:10F610001DC98BC1A4F0F0C150FCEE40DFE01741E2
:10F6200038F83141B4C86041516B75418885FE405E
:10F630006DC5A640AE47E1BCF01640C03D0AD73DBF
:10F640006B9A273F79E9FE40143F16C05DDCE2C0AB
:10F65000C58F93C0D71206C0508D7FC1FFA181C155
:10F66000C139EFC00E4FA4C173D79A409D80864028
:10F6700024B9644016FBCF40EEEB2D41D49A85416E
:10F680000DE06D4176E0D640674449400DE01D3FF6
:10F69000ED0D224076E0F24005A3D23F9A7740C0BC
:10F6A000BA498EC064CC15C0B5A634C1DD247BC177
:10F6B0005FA988C16076EFC1FF211D417958B24032
:10F6C000DD245240F77514400A68AE40E3C711418B
:10F6D00006122641A54E0A41A857C0409FABCF4015
:10F6E000522788400DE0953F569F85C0711B1BC176
:10F6F000886328C13FC63DC18E0621C124B95CC0C4
:10F700006E3410C0FEE5A3C1091BBC40BD52BC4015
:10F71000A01AF540C66DA6403333A3402DB2FD3F7D
:10F720006ABC1040917EB33FABCF8DBF2BF68F3FAD
:10F73000D7126E404D843540C1A804BFBC96B83F77
:10F7400005C5C73FCD3B07C1787A6DC004E7CCBF84
:10F75000CDCCA8C0431CCBC1DC465D4118958A4185
:10F760005F988F411203974196434A410F0BF14036
:10F77000B30CA9400AD7833FF1F482BF16FBAFC098
:10F7800020D2D3C0F4FD20C06210964060E55CC07A
:10F79000F8C2E6C0FB5C83C034115CC133C465C1F0
:10F7A00011C73DC16608E6C1C4B10DC1522744C0AE
:10F7B000C3640E4019739F401058CD40FFB2DF4024
:10F7C0007CF21E41083D4041D8F04341FDF66441C2
:10F7D000DB7993414B59CA405BB187407FFB2EC018
:10F7E0003411DEC0FB3A2CC136AB22C1DFE045C18B
:10F7F000E01C83C161B2D6C109F92F41477258415B
:10F80000A53D82417B839D417B948741780B3041AC
:10F81000B5A67D40F706973FCC7F00C0F6287CBF99
:10F820007C612E40143F06BE54E3D3C08B6C09C1EB
:10F830000BB58CC0D0443FC109F976C1AB3E55C170
:10F8400066F79AC0712CE0C10D71E64012A5114116
:10F85000C3D351419CB39E41BA49B441EF3885416D
:10F86000F8533D418E062541E5D04F412C657D4141
:10F870008D97114138670741C286973F197367C159
:10F880008184ABC1856BBDC10770B4C142E0C6C104
:10F89000ADFAC3C1865AD5C14D8406C15BB1D5C08E
:10F8A000DF4F7DC082E2CFBF736809C04B5912C0E1
:10F8B000B53710C0DF4F41C0ADFA92C0EE7C23C017
:10F8C000D7A308C087A7A7BF787A8D3FB1E191BFC2
:10F8D000A8C69B3F1826C740C5FE6640F2D21C4111
:10F8E000E09CBC4196435BC0C5201B41AF2537411E
:10F8F000925C7141BE9F77412A3A1D41D1226340FB
:10F9000026E413BF477231C07502A6C0B81EB7C047
:10F91000EA958EC0AD69FE3E93A91441CE88BC40E5
:10F92000508DCD40780B88C0083D30C12CD417C114
:10F93000DDB550C1FE54F5C19CA23F402D21B73F1B
:10F9400012145F3F52B81240F8530740158C3A40EA
:10F95000849E1940F016F83F0B46D53F143F16C061
:10F96000E09C05C05452F7BF88635540EFC9DB3FA8
:10F97000835169BFF2D251406F81E43F6688BB3F3B
:10F980005D6DADBF568EACC173D7F640A470154106
:10F99000C8073C41AF256541849E6F41DE7131410E
:10F9A000C9761E4127C21541AA602741DD24CC40FB
:10F9B00066887FC07E8CF5C020D247C133C442C167
:10F9C000C898B9C09B55B1C0A01A19C14A7B19C1CA
:10F9D0003EE8F5C08F42F6C1C3648E40FCA91341D6
:10F9E0004D15714142BE8F415A6434416F122B4014
:10F9F000FF217DBF1904B4C0E71DF1C0A85707C19E
:10FA00004C3707C11E16B0C0C729E23FBF0E8A405F
:10FA1000E09C9BC0499D04C01AC095406666A0C08A
:10FA20004A7B8DC03BF093C129ED32419A08474192
:10FA300014AE4C41A60A4B41713D00416B2B5A401C
:10FA40000D71E43F68226CBE287E00C0454782BF2E
:10FA50006ADE0D40E78CE8BEDE9306C147720EC138
:10FA6000AA6001C1DC687CC0D509C8C02FDD10C008
:10FA7000645D08C012A5A6C18126C2BC8FC26540C4
:10FA8000F7759040174878401E16B8408C4A3041B0
:10FA9000AC8B0E412BF6E540143FE240D0B3E5407D
:10FAA000F1F498409FAB2D3FC1398BC06DC5ACC000
:10FAB000B30CD3C0569FB3C0D49A18C1F016B6C0C9
:10FAC0004013B1BFA2B4CFC17E8C2DC05D6DBDBF50
:10FAD000B5159B3F76E01440FE656F4040137140C2
:10FAE0008885A23F3D9B553E166A3D3FFD87ACBFD2
:10FAF0005EBA0DC0B51573C0BE309F404CA6EABEBD
:10FB0000508DDFBF88856ABFE3C7E6400681653F49
:10FB1000E86A8BBE516B36C1F697F34037892841AE
:10FB2000008082415541BC41C3E4AC41CBA182413C
:10FB3000CE999141A2C58741AE47713F2D43E2C0A6
:10FB4000A5BD4BC161B280C10ECF93C1F9318FC148
:10FB500053056EC10C029BC0C2170FC1728ADAC076
:10FB60002E9060BF9643BBC120D2124147724540E0
:10FB70004D84954064CC00415D6D6A41E2D8864178
:10FB80004F402741DAAC3F41075F5441B30CF54089
:10FB90000456B6BF3480E1C048E13FC12F6E70C14A
:10FBA0008A1F6CC1BF7D7EC1F8C21CC0053403C171
:10FBB00053058FC0BBA794C19C33C2BE143F363FD0
:10FBC0009E5EE93EA5BDD93F3EE84940431CED405D
:10FBD00053050B41EBE2F240CBA11141772DEB40F5
:10FBE000ECC01B419C33744157ECDB40F6284CBF02
:10FBF000F1F45A3F6DE71AC14A7B15C1C5FE64C1D5
:10FC000065AA5FC19F2BF3C1C58FA94032E6CA40E8
:10FC100017B7993FD42B554023DB014082E2334094
:10FC20004E62803FCB10E73EF90FB9BF9D80424046
:10FC30004C37A13FE8D913C1CC7FA83FA470F53F52
:10FC4000C217463FB840EA3FD044183F8A1F73BFEF
:10FC500082E22FC05D7E96C1977FBC41C976C841C4
:10FC60005474C841D656B34139C583410D716641BC
:10FC7000BADA3141CDCCA040A16783BFB98D09C1AB
:10FC8000121423C1C1CA19C120D23DC1AB3E5BC110
:10FC9000666686C0EC51C0C038F84BC1C96594C1D6
:10FCA000BEC1B4C19318C0C1575BA1C0B4C886C05F
:10FCB000984C51C0CD3BCEBE21B0EA3F76E04C40DF
:10FCC0007E1D1840FF210540D3BC233FBDE3543EB9
:10FCD0000534113E5BD33CBEC05B204086C954BE98
:10FCE0002E90A8BF0F0B95BE4E62503F11C7E23F4A
:10FCF00022FDA840B29DBDC08941F4406ABC1F41AD
:10FD0000B51572416A4D9741690050414D84BD401F
:10FD10001CEBB23FAEB64AC0B30CCFC0D8F005C1A1
:10FD20006DE7F7C0E9B7A7C0C442D53F4703AC4071
:10FD3000D93D693F8CDB104082E2F3C0598634C163
:10FD400080B7B4C00E2DD5C11058764124979B4181
:10FD5000742493416A4D3741D0D580408CB9EB3E35
:10FD6000423E94C054741DC14A7B31C195654BC15C
:10FD7000F0A751C1075F45C1348006C10091AE3F75
:10FD8000B22EFC409318B240AAF15A40B072383FEC
:10FD90000C93AF4060F6ABC1BADA8040DFE0994027
:10FDA0002FDDE2401AC01941F9314A416A3C8D41C8
:10FDB00092CB9D41BF7D8B41F7065C41B9FC5E4112
:10FDC0005530C040006F91C01F8516C1DE7155C10E
:10FDD0008D975AC138F822C1A85728C1A83589C1C2
:10FDE0004D849AC1FA6DE4C1C73AD441099BB5412B
:10FDF000FE65AD41D3CD8C41C5FE3E4112A54A41C1
:10FE00006132AF402428C4C006120FC1B4C8DEC09E
:10FE1000431CB7C06ADEB3C0F6280AC1CF6621C151
:10FE2000CC7F02C15F29F7C0AC8BADC0A85721C100
:10FE3000ADFA51C10BC6AFC104567E40C80785401C
:10FE4000A52CB740022B47414ED18A41516B3A4114
:10FE50002DB2A7401CEB9A3F00910E3FD5E72E40F4
:10FE6000BE301A416ADE01BFA60AA4C01CEB32C034
:10FE7000FC1843BF8BFD6DC01361E3BF2AA907C106
:10FE8000213097C1B37B02C2B003DB405D6D3A41C4
:10FE90002D437041E09C5041DBF962405E4B183FBE
:10FEA0008CDB40C0A1D6F0C0CA5403C1F8C209C15E
:10FEB0006900E9C019049EBF1D5A1441363CA34095
:10FEC000D3BCC140A3926ABF42CF92C0FB5C5D40ED
:10FED0007FD999C00B24E3C16EA3FB404703804048
:10FEE00031083CC09B550340F9A00F40A835EDBE3A
:10FEF0001058F13FE0BEF63FE92621BF4013B13F65
:10FF00009D11A53F97FF883F5BD3FCBE2E90C83F55
:10FF1000006F013CA779C7BFB07200C0FF216D3FE1
:10FF20007E1DF8BEE3258DC1F697BB400B46F3401E
:10FF300041F1FD40C217034105341D414DF36441B9
:10FF4000B4C894414A0C8D417AA56141CB10364129
:10FF500027C20E41234A9940045692C08FE435C10E
:10FF600060768EC1D34D63C19FAB33C14B5982C103
:10FF70000B35B9C1142EF4C158A8E5BF3B70CEBBF8
:10FF8000295CFF3F00916640107A4E4007F0563FD3
:10FF9000A52C17403BDF1740DE718A3E4547D23E15
:10FFA0007593B83E9A08AB3FD88113C0668807C0E6
:10FFB00089D236C0787AA53D645D1CC0984C054056
:10FFC000DC46204109798BC1387880418B6CAA418D
:10FFD00071ACA141FCA943418C4A8040C4B1863F29
:10FFE00009F968C06B9A01C1750208C18AB022C1C3
:10FFF0004FAF1BC18195F9C038F89ABF5BD30F4151
:020000041003E7
:100000009D80B0400BB59E3F4F4006C16ADEEDC0FB
:10001000F90F99BF287EC3C161327D4198EEA94195
:10002000C9F6B241E9379D41E86A4A41295C9F40DF
:10003000865A034029CBA03F470300C0302AE3C0C3
:100040001DC907C162A102C1431C67C0F5B93E408A
:10005000DA1BCAC0FA7EECC0750226C0098A32C11A
:100060007A2591C1C65CE0C18885374139456E412A
:10007000FAFE9941AD69894175021241B3EA934094
:1000800099BBB63E2CD46AC03480C9C02D430CC184
:10009000AB3EEFC067D5DFBF98DD5B4068B380C083
:1000A000E78CB2C0933A993FB840E0C0A913B6C0FC
:1000B0007D3F9DC039D6D2C13D9B81402C65CB4050
:1000C000F016F84048E1534157DBB041C5A08641E6
:1000D00093A92D41BA491F4161323A4129CB674169
:1000E000E3C7883FB072C0C065AA0BC18D281FC18D
:1000F00077BEA7C0485060C1C3F59CC11F7483C1BF
:10010000B76253C128FEC8C1F931614180B74F4180
:1001100067D56B412FDD9241516BA6414B59AD41E3
:1001200016EAA341BB389241CD3B6D4124B98640CC
:10013000FAED93C0F5B9A2C0BA490FC1C2861FC17A
:100140004ED167C126E4B1C1A323C7C12BF6C4C1F8
:1001500020D29FC112A5CCC1516BD2402B18D140E7
:10016000CE8811419D8068415F29A541FEE5B041DF
:10017000AA7188411A51694168B39341D5E71B417F
:10018000BEC1173E933A8FC0FBCB9EC0E78C68BEC2
:10019000BDE34EC19D11ADC1568EBEC196A1B5C184
:1001A0003188AEC1DC57D7C1986E1AC0333373BEE5
:1001B000401339400309B04033C4D740D3BCB740E3
:1001C000567DA24013F2A5409C338A408A8E5C4043
:1001D00063EE8A403EE8F13FD712164057EC6FBFFE
:1001E0005BD3A4BF7FD935C0CE1983C0E86AADC048
:1001F000CD3BE8C09EEFB7C1158C9541143F364109
:1002000096B2134196211641D26FAD40BA4968406B
:100210006B9A37BE3411263F05C563C0CA3280C011
:10022000CC7FC6C0D2002E3FF085593F7F6ABAC04E
:10023000C44241C01D3857BF355E5A40F62896C0AB
:10024000E41424C1840DC6C1888592BF2731C83FFC
:1002500016FBBB3FCA54E13F5F98DC3F76E0144099
:10026000FE65974072F92740B5A67540EE7CD140F7
:1002700012835840E17ADC3FF085E1BF1F8583BFE0
:10028000B51593BF55C1F83FEEEB9EC03FC618C0F1
:10029000D71236C03CCE92C105A361413D0A5941F7
:1002A0007F6A224158A80C41CF66F7406ABCF440EF
:1002B000D93D14416EA30041AF949D40B5A6C34003
:1002C0000378B1401FF46CBFC3F5C4C0DAACE2C020
:1002D000D95F0AC14A7B11C1083D14C11C7C58C1B9
:1002E000FB5C41C171BDE8C188851D41BC96574189
:1002F0004B6A8741956557418E06BA40ACADE03FE9
:10030000CEAA3FBF1CEB7EC097FF01C1371A19C1AF
:10031000772D0CC1E0BECCC0674429BFFED42F416D
:1003200099BB4D41F016A83E05A309C11B9E26C1ED
:100330001FF4BCC0C14AB2C117C89941AC0B91416E
:100340003A927F4144695441D2000F418104814077
:10035000A52C2F40D5E71A4051DA9940F931BE401B
:100360004850D4BFE561B5C033C403C17FD909C1CA
:10037000F697B7C0BA6BBDC0EC5159C1B51533C1C2
:100380009CA21BC1E325C9C1A7791B4152274C413F
:10039000D34D8E411DC99C410EBE52411D38DF40D8
:1003A000A77989408273AE3FDC68E0BEE5D09E400D
:1003B000448B0C411283703F9C333AC052B85E3F6D
:1003C000E5611CC152278DC1CE199EC1A39261C1A6
:1003D000EEEB20C12C54D4C111479E41D2EFD7413E
:1003E0003FB5D841D792A74194F6564133C4DF4078
:1003F0005C207940CD3BB040D7A3CC402506694076
:10040000FCA961C050FC1EC1668844C150FC76C185
:10041000E56174C1B07256C117B75AC1575B68C164
:100420005B4260C198DDB4C10AD797C0750216C09F
:100430007958A0BF6744893EE414214002BC414082
:10044000787A514030BB973FC4B1BEBF10580DC041
:10045000DFE06B3F5BB1C3407AC7A140FA7EE44066
:10046000DDB5AC407368E93FC9E53FBEA32379BF62
:10047000454732C0D5E7A5C1CB102F40B0033F4060
:1004800024B99040B81E304148D087412D431B41CC
:100490002497A1407C61723EAB3E0FC073D70EC063
:1004A000BA6B59404CA6BC402AA963C0AA82FDC0C1
:1004B0001D38A3C0CA3282403789D9C03B70DEC024
:1004C00029CBC0BFB22EF2C1E336F23F7424FF3F06
:1004D000E414DD3F211FBC3FEA95064034112E4055
:1004E000CE880E40B30CD13E8D97BE3F4F40174093
:1004F00089D25E3C448B48C08FE4EABF5EBA5DC0DF
:10050000598620C06DC5FE3D736821BF9CC480BE66
:1005100021B02A408BFD15C10612EA40C4B12D411D
:10052000C58F824158A8AA41401378419B55B940D4
:10053000D7120240AF2514BFFCA975C0764F4AC040
:10054000DDB598406F12DD4080B750BF1D5A843E24
:10055000E3A50B3FD49A3FC1B8AF9BC157DB9BC10A
:10056000750230C1F697AAC19A779AC0933A15C01E
:10057000668853BF09F930BF1EA7E83C8B6C0B405F
:10058000C74B9B4074241F404694063F54748C3FD5
:100590000B46753F4F4003407B14AEBD54E3A5BEF0
:1005A000B1E109C054526BC04A0C04413945D73FF0
:1005B000F8C230406D563FC17446E04134A2AA41B2
:1005C000DA9BD541166A7E41D3CD8B41075F3D4111
:1005D00085EBA140EFC9D140FFB289C0FF2165C0C2
:1005E0008BFD0BC1D88107C1832FF2C0DC6824C00A
:1005F00016FB2BC16F7084C157DB94C19F2B86C142
:10060000211F57C1DD35ACC1DD243741D734494105
:100610007F6A6A41045641419643AB4032E6D63F79
:100620009B5513409C331EC0C1CA05C08F5304BFE5
:10063000C1390BC074243BC036AB32C04C370540C7
:10064000C520883F24286AC0759398C00000DAC08E
:10065000BEC103C1B751D6C1789C3141FCA90E413E
:1006600029ED3C413480304186C9FC3F2D436CBFAD
:1006700054E31DC05DDCD8C08E7512C12EFF26C1AB
:10068000ECC00DC10C93CBC0EC51783EF853054142
:1006900086383E4070CE1841D0D552C083C04AC083
:1006A000925C8E405D7E97C1BA494B418DA89141C5
:1006B00016EA8C4196211341ECC0C93F832F8CBFB1
:1006C00097FF9EC0C520C4C09621ECC0D191E6C062
:1006D000ABCF89C0567D6640158C1D4168B32B4158
:1006E000840DEFBFE8D936C18FC25EC119E202C1E5
:1006F000BEC12B4007709DC18638563F7368E1BF6D
:100700001FF4EC3EE71D174046B6A340C898F740DB
:10071000A4DF1741355E8C40787AC5402BF6B34094
:100720002BF6CB40D42BAB40F7062F407E8CAF404E
:100730008048954039D606C1C3D32FC1CDCC0AC15C
:10074000BE302CC12575D1C1CA544F416833804198
:1007500075829841447A9741F2D24A417E1DFA400F
:10076000B3EA73402E90703FBB27C54045D8EE409A
:10077000D93D21C08273E4C0539623C12B1823C1F5
:10078000249785C07B14B8C0EFC967C1AEB604C159
:10079000C66D5FC176CFE8C13188EA41FEC3D7415B
:1007A000159D9F41812647419FABEB40174838403C
:1007B0000612B43F61C31FC0A1D6ACC0327783C05C
:1007C000BDE3A6C0B5A6CFC0B98DBEC02497CFC02B
:1007D000FED4D4C0F085D7C040131FC199BB07C158
:1007E0005BB13DC10523A4C16744F540EC2FFB403C
:1007F0006F12AB400B465D40832FCA40BC05923F51
:10080000C58F49401058A340C5FE723E73D78A3F3A
:100810001B2FDDBE917EBBBE865AB3BEDA1B0CBF5A
:100820004F1E03C1273178BF6744E1BFCC7F58C05A
:10083000539641C0379AB2C1DFE0E140E8D909419F
:1008400057EC1B41D3DE664164CCA64162A18841CE
:10085000FDF6E140280F1B40696F00BF83C082BFD7
:10086000E0BE4640A167AB40B7625FC027C2ECC0A4
:10087000D712EEC06519E2C0E8D90CC1D9CE4DC17E
:10088000CCEE96C14F2FE2C1448BB84095652CC089
:100890009B551A41ACAD48BF6C092C41AAF13240BE
:1008A0008A1F27C0F0A752C09E5EC9C002BCF3C019
:1008B00033C44AC1E258AFC02F6EA14096215C41BB
:1008C00048E12441789C904041F1ABBF02BCAF406D
:1008D0006666DEBF1F74BCC196B233C11214FFC07E
:1008E000BDE3ACC036AB56C0D7A34CC01B2F87C0EE
:1008F0005BB17FC07671ABC0772DABC013F299C0EE
:10090000DFE0AFC076713BC02506254055C1984059
:100910008FE45C411CFC8E41CA541D4133336F414E
:100920001D5A30410B4638C1DA1B34404F1EAE3FD2
:100930004FAF884052B89C40FBCB8A4012145BC03A
:10094000D5094C40E948A240AC1C7E401826C7405F
:10095000E4836E4091EDA840C3F5B03FF90FF5C0B8
:10096000B1503BC0E17A0040F2D281C0A779B3C058
:10097000448BA43F6822D1C180489F402D43CE4084
:10098000B1E1F74032E61541F7E418415C2013412C
:1009900030BBCB40F38E9D4069000B40B8AFE33FC6
:1009A000B150BB3FAF94C5BE4182C4C0F016ACC0CD
:1009B000E78C28C0696F20C001DE05C14469E1C031
:1009C000539634C1DE02A2C155C120417CF23F41A1
:1009D000F4EC83419A779F4129DC8141FCA91441C1
:1009E00019048A40E6AE353F9D1183C0C9E501C1B7
:1009F000371A28C1B00325C1F5B9A6C0B8408A3F4F
:100A0000D191CCBF0B4679C04703A03F29CBF0C0A2
:100A1000CCEE4EC12D32D9C1AE588841D35E99413A
:100A20004D73B541E8D988418E060C41CE888C4083
:100A3000D93D39BFE6AEA9C0BBB8FDC06C0906C13F
:100A40000E4FEFC0304C72C0BE3021C00AD7A33C5D
:100A5000B6F3C5BFF016483E2B872CC14A7B40C178
:100A6000A2B443C05CA0CEC1D645954101CDB241F0
:100A700030AABC419C33984134805E412D4355419E
:100A8000A5BD1041B0034FC058CAA23F8A1FBB3F4B
:100A9000F5DB8BC0B515EDC004562CC1A60A3DC1CF
:100AA0000F0B65BFB4590BC1719BB2C1401301C19B
:100AB000213094C12B18D4C16C785240567D7640B9
:100AC00029CBC03F711B9D403D9B79409E5E794084
:100AD000CE8822BFD0D5C6BF57ECA7BF310814C0FF
:100AE0005839ECBF2D4364C0690027C0FB3A5C4015
:100AF000A32381BFF38E43C0CDCC904032775940C1
:100B00006744913F643B7FC15249B5C08D2879C08D
:100B10005EBAF1BF90A0D03F0C9315403FC6044091
:100B200058390840AED8DF3E5F294B3B341188402E
:100B3000986EA6401EA75440D42B3940772DF93F1C
:100B40000B4609409CC4703F83C00A40645D184056
:100B5000AED8A7BF4ED1A8C1E5D0AD41C65CC24159
:100B60008AB0B94101DE57411FF4EA408BFDBD3F19
:100B700048504CC06ABC9AC0CD3B26C1045636C111
:100B800047034DC11E163AC16EA31FC11B9E26C04E
:100B9000D0D57240FCA96140C58F89C051DAC1C06F
:100BA0008FE4B23E1737B0C1C286E3406744CB4002
:100BB000D7A33A418C4A96419AF78541462505418B
:100BC000840DBB40C5FE8A40EFC91741BD52F840B5
:100BD00045D848C0151D25C190A062C1499D72C16C
:100BE000BB273BC1C3F5E8BFD044E6C0AD6908C12F
:100BF000787AEDBF984CB4C1098A6341226C8E416A
:100C0000A4DFAB41A381C74119E2C741832FB341A0
:100C10001904AB41E6BFA7416DE75641DFE08B3DCC
:100C200046B612C1AAF151C1075F5EC143AD6FC1A3
:100C30000E4F91C140A4A4C11A51B0C13F35B8C1F3
:100C4000DB8AB2C13709C3C160760E415EBA1C416E
:100C5000F628154194873B4140138F410D71A941FE
:100C600042CF99419FBC8A4147725E411D5AEC4078
:100C70009CC42CC0744605C1431C22C1DC680CC155
:100C800054E3C1C0BB270CC15F9877C1C431C0C158
:100C90001294CCC133B3D6C1E0BE7640182687404B
:100CA000ABCFC74046B64841362B91414F1E6141FC
:100CB00072F9BF403F352E4099BB863F6B9A0B407F
:100CC000EC511941AD695640DE938BC063EEA0C074
:100CD000B29D0F3FF70625C1B68475C1014D4BC1CA
:100CE000B37BF4C01E16E9C137890EC16822C6C0A5
:100CF000E56175C0A5BD413D8638B6BEF2D285BF5F
:100D0000925CDE3EED0D3E3F5917373E4F1E1AC036
:100D1000986ECABF2B87463FCE8832404625B5BE67
:100D2000FE65173F931898408CB9A9405E4BB240BE
:100D300042600741C8079FC00091C0400F0B13419C
:100D4000D7A34841EC518D4199AA9041E3C7314165
:100D500070CE68400E4F6FBFA8C61BC0499D54C0DF
:100D6000022B1FC03333AF401B9EC440A54E6CC046
:100D7000E41421C0F2B030BFFF2130C1D28086C15F
:100D8000DCD78AC182E2E4C13D9B4A41812684418D
:100D900093188841530536415F073240D42B35BF45
:100DA000EEEBB0C0BB2703C1470313C17E1D28C1B2
:100DB000B22E15C1CE88C6C0E09C05404D840541C9
:100DC000CCEE31407F6A07413867A0C0355E10C164
:100DD00048E1B2C01CEB4BC192DCD4410AE8C841E7
:100DE000D2EF9D4122FD5B41D8F0F04007F09A40E0
:100DF0001D5ABA40C217BE40ECC0554006129A4078
:100E00009D80D6BFBEC18DC0AA82E5C00681D1C07B
:100E100005A319C136CD1EC1F84288C1228E9CC1DE
:100E20001F0596C1C65CB6C1F46C1541E78C7741CD
:100E3000E3C79D41D8F05A41FA7EB840A54E3C40E8
:100E40000D716CBE5DDC42C02A3AA0C0E92669C0C3
:100E500038F86640A4DF0141A01A87BFD34D22C0F5
:100E6000C2170640A857CEC00DE030C1BF0E1FC14B
:100E7000567D39C16C89D1C1C0ECD640728A4E41D1
:100E80001058024167D53F40B3EAC3BF7FFB7240B1
:100E9000045694405E4B483E09F98CC07E1D2440A8
:100EA00070CE60C0B22ECEBE3CBD023F2EFFD1BF81
:100EB000569F7B3F3EE8B5C0B9FC07BCF7759CC0A8
:100EC000D8F054C0916D90C10DE0ED3F32E6624024
:100ED00018952C41014D2541E5610D41780B3541B7
:100EE000E17A4A41A8570141B1502341C5FE614111
:100EF000D34DE23D23DB9F402C65BF409D11FF4059
:100F00008273F0405305C1C0E325A8C14AFBBBC1B1
:100F100078CB02C2F7460CC29FAB5141CC7F7641E1
:100F200033C48C41D49A90416EA3354177BE8B4037
:100F3000A323294029CB603F2F6E233D6B9AD540D8
:100F400011C70341AB3E2BC073D722C145471DC11A
:100F50006EA349C0D93D18C1865A66C11826C9C0BA
:100F6000AD6959C18E06E6C104E78C3DC4B112409B
:100F70008716D340BEC1054124B90341AA600A4186
:100F80000BB5E4401D38E540006F8F405F075A40C5
:100F900036CD34413EE818415E4B283F006F25C0F6
:100FA0005BB1D7C018950AC1083D0AC16A4D40C15E
:100FB000FF2153C16290D0C1E3361841431C334135
:100FC000D7346A4174A4AA41167BA74192CB4D4104
:100FD0007E8CBD40A54E44407CF2103F73D7364016
:100FE00072F9EF40454722BFA9A41DC11B9E47C10E
:100FF000E71D34C182E297C0068159C1AA8290C11F
:10100000E9486EC1EBF3C6C18FE4B240E414A540D9
:10101000D19196409A778A409A77BA40182618411B
:10102000759306413199D23F9D1111C00E4F2BC0CF
:10103000D95FB6BFC52090BF61541A40E483E6BFB4
:101040003F359AC0888503C13BDF3BC02F6E83BE0E
:10105000EA95B2BE1BAFADC18FC2D53E917E9B3F1C
:1010600051DAA54022FD1541CCEE1B41BD52BE40D8
:10107000D734A140925C22406A4D2FC004560EC165
:101080000E4F31C17B14E2C0BF0EEEC0EE7CB7BF85
:101090000B2423414C371A41F46CA040C44289C050
:1010A0000AD777C079E98BC1083D0D41C1A811412C
:1010B000DD245B41FD769741CFF7A341FB5C7B418B
:1010C00094F61141029AB240BC96E03F6744B13FAA
:1010D0004DF3DE40E561CF40BE30A740A089884097
:1010E000A8351DC132E691C1C9F6C1C18885C1C10B
:1010F0008C4AB6C1841EE2C1A4DF26C1BEC133C181
:101100002C65F3C034A20AC19565FEC00000C4C0BE
:10111000A0898CC00A68DCC07446AEC06F8110C064
:10112000BDE3ACBF6F1213407C619A40B1E14B410B
:101130002B18474119E2674100006D4129CB4F410F
:101140005AF5194162103EC158390E411EA740415F
:10115000D3DE894129CBBA41D870B1419A998A41ED
:1011600055B0834120E394410C934041840D07C066
:1011700096B2F0C02AA93BC133C437C15EBAF5C0EC
:10118000B8403BC113E1A9C1A301BDC1B8AF9AC129
:101190004469FBC0ECC0BEC13E79F8C0713DF4C0EB
:1011A000C898BFC073D7B8C0211FB0C054529FC0E9
:1011B000865A63C0234A7BC0C44297C0840D2BC0AB
:1011C000F775D8BF910FFABE9D80EE3F48BFC53F6F
:1011D000CDCC484054741141CFF73A4183C05641B9
:1011E000294B8741E4143DC080C88C413108A84197
:1011F000B6F3A241569F7B41B22E5541BB275141C8
:101200001C7C574150FCE03F8FE4C2C08FC2DFC05E
:10121000C97605C1D1222AC16DC518C1C5FEC2BF9C
:10122000022B7F40CEAADDC004E78BC18CCA93C1DC
:10123000C3D30EC1EBE2CAC1A8C6C540ACAD844061
:1012400062106040A2452E4096217E404D1502411D
:1012500023DB174132556C40F0A73E40C3D3034017
:10126000F6281CBF499DD0BFF08521C089D222C07D
:10127000D3BC7FC075022EC0E02D7CC01EA77CC0F1
:101280001B9E9EC0B90DA0C12F6EF740F90F8F4075
:101290008B6CA740371AFC40A69B11413A23AE4005
:1012A000AED8C1402C656D40B98D463E8D978EBE3F
:1012B0002C65993F6C7826C0FED4283FF8532F4008
:1012C000A1F871BFA54E90C0143F07C13867CEC0CA
:1012D000BF0EDCC06065C2C13F57CDC0CC7F74C0BB
:1012E000C28657C0B150ABBF89D2DE3B36CDBBBD45
:1012F0008B6C27BF44FA8DBF61320DC0477239C075
:101300001B9E42C01CEB2AC066663E4007CEC94009
:10131000F54AEF40234A414121B0B840BA49B240B2
:101320008E75713F764F58C1166AF340CE1916413B
:1013300027C25741AB4F9F418C39B641E17A934167
:10134000BE9F7E41A54E97416B9A2141FD878AC081
:101350001C7C03C11DC95AC196437BC11A4084C17C
:10136000A7E861C137896DC0DAAC5CC1C2174DC155
:101370000C93F9C0AFA5CEC135EF9640711B7940F3
:10138000910FB8402497004168B34D416DE7854106
:10139000E71D7141DA1B1C4129CBEE40F853ED40AB
:1013A000F628F8406900973F4FAFCCC0D3DED2C0DB
:1013B000BE30C1BFD1911BC1D64588C1D42B7CC1E1
:1013C000C8984AC187A7F7C1BEC119418CDB5641F5
:1013D000F2D29541CC6E914158A81D4150FC644019
:1013E000FDF6BD3F4D84ED3E226C08BF95D42940EB
:1013F000B9FC1D41A1F851C095D40EC1A54E31C113
:101400008BFDC9C0C05B24C0772D75C1FB5C46C194
:101410000E4FFFBF0979CBC1378979404694F4401C
:10142000956557419FCD864148502141F2415B402F
:1014300069002FBE63EE98C0F7E402C1DB8A13C1D6
:1014400067D504C1865ABFC0CDCC00405EBADF402C
:101450004850BC3FDE93D140812672C090A09EC010
:10146000143FAE3F56FDE2C1C2865E412063864115
:10147000D712A541F539C5413CCEC24116EA9A4181
:101480006D568F41D1229341643B3B416F12833AA9
:1014900036AB21C1CE886EC1F8D391C17446A3C1C9
:1014A000AE36ACC10AE89DC1B29D58C16F1218C1D9
:1014B0005DED84C1082CB9C11AC0E54074463641BF
:1014C000E7FB7B41C1289B41220E8B41FDF62B415E
:1014D000849EE940DDB5C4408A8E1241E71D30414B
:1014E000DE0299400E4F1FC09A086FC0682270C07C
:1014F0005F07E6BF925C1EC1CA54B2C13D0ACEC1AD
:101500005530B8C10C02DCC1B81EB540295C07419A
:10151000767127415C204341C6DC6F4119849441B8
:10152000015E8841910F254119049A40A69B144001
:1015300027C2163FAC8B83404CA69A3FEC5116C194
:10154000304C5BC177BE51C12DB221C116FB34C1F5
:10155000C5FEAEC1B3EAF9C1A5BDF1BFE09C41BF74
:101560003F57FB3ED7349D409790DD40C1A8A44033
:101570007A36C740BEC1CD4058A8A5401B2F1341A5
:101580008A8E5341BA6BAD40767143C0A52C97C08B
:101590009EEFA5C042CF72C07CF2EAC0ABCFC5C0FF
:1015A00020638CC093A9CEC12B87354111361F41D2
:1015B00087A7024170CEC240CCEEB93F226C783F83
:1015C0001F85994065AA8040F01618BFE94822405F
:1015D0001D5AC43F46948AC04F1ECEBF5DFE8DC0CB
:1015E000014D04BD3D0A2BC07D3F01C07AC761C0DB
:1015F00095D4CBC0FF21CAC1C8074DBF20D2B3408C
:10160000E71DE3405B42C440029AE640EEEBEC404B
:10161000075F9240A3010741637F8940083DFD4079
:10162000F62851414D841540B840323F03781FC021
:101630002EFF9DC0C7BAE8C0BC7403C15C201AC1AC
:10164000F54A67C10AD7D7C14F1E1741E7FB47418B
:101650002D217D41166A8A412EFF2E41D42BB140A7
:101660002D215F3FAAF19ABF2B871EC096B25CC0A6
:1016700020D2873F5917C5409790DFBF09F9F2C0C4
:1016800077BEDDC02E9008C044FA0EC1DFE025C150
:10169000705FCBC0A779E3C188853841A7792E4117
:1016A000C88782410EADA841789C3F419CA2E14091
:1016B000E2E9553F81959FC0713DDEC0C4B113C1C1
:1016C00095651CC1C44203C1C0EC12C0DE71B040BC
:1016D000492EADC08B6C2FC093A91A40F163EEC0A8
:1016E0007502C2C0933AC4C104E7144182E21541B5
:1016F0007593334150FC5F41B6F36641D42B3341BF
:101700009D80CA4076E0B43FBF0E2CC00AD7E5C02A
:10171000B81E30C197FF45C1E71D14C12653C1C093
:10172000B6841440AA829340BA49644096214EC0C0
:1017300046B618C1099BD3C1EEEBD6C09A08C1C00A
:10174000D0D572C0C1CA613FF46C6A40CD3B8A40BB
:10175000B8AF97408A8E824032559C40C9E5BB4065
:101760008048064185EB1A41AF2529419D117940FA
:101770009A99693FFAEDA3BF4BEA6CC05839B8C0DB
:101780003D0A04C198DDD2C195652441F8533A4120
:10179000150C83412731A1418BFD91416EA34C4132
:1017A000EE5A26416B2B004129ED2DBF76E0CCC0CF
:1017B00052491BC1341159C12C656AC1888581C148
:1017C000CC7FDEC0E3C7583E4BEA34BF39D69DBF5D
:1017D000CAC32AC158CADAC11B0D5641CDCC8241B9
:1017E0007AC7754192CB0E41C74B5F40C6DC45BFFF
:1017F000121427C0E561F1C0D73400C1E3A5F3C0DE
:10180000DF4FFBC0DFE01BC0F628D040A1D692C05E
:10181000BC0552C00EBEBC407AC7B1BF80489F3ED7
:1018200090A0B83E42CFC3C1304C2141F2B06141DB
:1018300073E8A2414F40C041B6F3A2415530884100
:1018400068918341D5099A41EE5AC0409EEF5BC032
:10185000F9A01EC1B07251C1713D70C1C58F37C1B1
:10186000FA7ED4C0C58F21C11EA76AC134919FC121
:101870000AD79BC1516BBFC17DD0E5C03277B1C0E3
:10188000B98DCEBFADFA4C3FD0D5F63F0EBE20404D
:10189000E9B7AF3E637F5540B30C913ED34DAABF2D
:1018A00077BE1FC01C7CD1BF5F982CC017D96A407F
:1018B000EC51DA4061C38F403F35C6409621D84095
:1018C000C4420D4002BC86C1211F1A419790354188
:1018D000075F6641CB21A641B5379E41197345414B
:1018E000832FC6403D9B853F037893BF0C02CBBF3F
:1018F0003108EC3FD8F0FA40CA32C4BFC0EC1DC179
:10190000242823C1B29D0FC02AA940C127C294C177
:10191000ABCFA4C191EDDAC180B7C03F6210D83F10
:10192000EBE28640327718414469884143AD8141FA
:10193000F2B0084155C1864071AC8F40D1913B4116
:10194000C976B24011369AC06210F0C04625BFC0B9
:10195000CA3244BF107A24C1E2586EC120D21DC1E0
:10196000FBCB46C01D49DCC14E6273415DFE8F4119
:101970007502AC410E4FC74173689941A9137E416E
:1019800074468341986E8E4148E1BC40211F58C087
:10199000840D27C116FB75C1A2B494C13C4E9EC1F3
:1019A000099B8DC14ED163C13C4E5FC1F9315DC110
:1019B0004F1EBAC0A089ADC1BF0E4341705F8A41BE
:1019C000B3EA8B41DA1B2B41F1636040857CD0BDCB
:1019D0008D9722C0BF0ECAC00681F3C0265309C12D
:1019E0003867EEC05C8F0EC00A6806417F6ABC3C57
:1019F000F931D6BF51DA3740BC9603C15227E8C04F
:101A0000EC5118BFCA329FC11A51DABE97FF903D00
:101A100004E7F43F8FE4C240FA7E4C4174C68E4125
:101A200034804041A8359F4091ED88404D15DE40FF
:101A300019E22441711B4D3E1973D7C0D04420C117
:101A40009A7720C1925C32C04BEAB4C0EC2F15C12A
:101A50001B9EC2C0ED0DD3C1A1D6FA40AEB64F4118
:101A60008FE4A04154D2AE4132777041F2B02641AA
:101A70005DFE1F41804848416DE73A4162A1D6BDF5
:101A80002EFFB1C07AA5CEC00DE005C09031CBC00D
:101A90009BE68DC14636A7C1C0DBA8C19FCD5AC108
:101AA00051DA6FC0F98FC5C1AF2590418BECAD41C4
:101AB000B29DA14134808341A52C464101DE4341C2
:101AC000F628434105A3CA40FFB28DC00C9337C12D
:101AD000FAEDBDC03E790DC17D3F25C17B8399C024
:101AE0001EA75C40E86AB33F516B7FC1A91389C14F
:101AF000349187C1F174E4C10DE00F41AA8206411F
:101B0000431C24411C7C2841560E22415AF59D401D
:101B10009B55EF3F88F45BBDCC7FACC013F2BFC0D8
:101B20001AC095C09D11CD3F211FFCBF9565ACC06B
:101B3000B45915C01B2F6DBF20412DC0158C16C088
:101B4000D42B59C0E03EACC1423E283EA4700DC02B
:101B5000FF217DBFF5B95EC03D0A07BF6DE7BBBF82
:101B60001C7C11BF4694C6BFF5DBD7BED3DE003F59
:101B70003A235ABFDD2432C0C05B003FFAED9BBF61
:101B80003BDF3FBF4D84A94058A8BB40F46C0441E3
:101B90002CD4C0405F071DC10681F540C4420141FD
:101BA000C4B11141158C634151EBAC418104C54175
:101BB00080B77641ADFA4B41FC186941AE476641AA
:101BC000B003273F58CAF6C0250645C197FF56C146
:101BD000EA9500C1EA046FC110D8ADC10080B0C160
:101BE0001E969AC11361BCC11904124097FFE03FD1
:101BF000BADA2ABFBE9FE23FBC74F33EA4DFFE3ECA
:101C000090A0B0BFB51507C048E126C03D2C64C008
:101C1000A8C637C0448BDAC0C5FEDABF7DD03340DA
:101C2000C4B13EBFA77923404BC80A41BE3009BFAB
:101C3000A54EDC40C3D395C0219F9141015E8741F1
:101C4000D5E741415AF5F540EE7C4340C139133F99
:101C5000FBCBCEBF3B709EBFE63F48C03D9B87C0DD
:101C60004FAFB4C0492EA3C0E3A5A1C007F09EBFEB
:101C7000CB10973F70CE983F9CA2C33E143FCAC082
:101C80005249CDC0F98FAAC1AF256040371A9E4096
:101C9000D34DD040BE300F41363C54418FC27241CB
:101CA000F0163F41ECC0C7404625953F70CED0BFEF
:101CB000AC8B3FC0211FF4BF014D5C408D283540E7
:101CC00011C74EC024B9AAC024B914C0BF0E2CC17C
:101CD00033B38EC1029AFFC1BDE3984087162541F8
:101CE000C4425F41C4B180413F35124141F13F40A0
:101CF000B5A629BF499D86C03333B5C01C7C9FC0A3
:101D00000B469DBF0378F740BE301541234AED4096
:101D1000FAED83C098DD39C1431C0CC1083DB3C046
:101D20003D9BB9C0D0D5E8C1E56175C05C20B1BFAD
:101D3000B37B72BF3480D7BE6132E53F60E5864039
:101D4000A4DF0E4026E489409E5E913F2D2107418D
:101D5000BEC11C4110E9CB40D0D52640029AA83E16
:101D6000A913D03D5DFEA3BECF6687C0DDB56CC0B4
:101D700027317CC07279B4C11DC9FF40643B2F413B
:101D80003FC66941294B9E413D2C73417CF2D040B6
:101D9000ADFA9C40F2D23D3F07F006BF40A4DFBD44
:101DA0004BEADC40341146418048F940DB8A05406B
:101DB00086C911C19CC445C107F0B8C04C26B9C141
:101DC000910FE8C10BB5EEC12731CF411984B9415C
:101DD00076609D41B7627741341115418E75AF40F1
:101DE0007CF2C4408F53EE40F54A8740F016B0BFF6
:101DF000917E00C1006F37C108AC27C1D3BCF1C0D0
:101E00005C2087C0A167C1C03AA383C18D1783C17D
:101E10009CA250C1FE65AEC1E10BBF403A23D64043
:101E2000B1E1084181266C41DE71784145D82341FA
:101E3000865AC14001DEDA3F60E510BE1058D93E37
:101E4000CC7FBC403867244120413D4026E4833F9D
:101E500068B3F2C054E377C1BE4180C161C305C11C
:101E6000BA6B40C1FA7EF3C1A167733E3BDF9F3F6F
:101E7000BA6B693F0BB5E63FA54E70407DAE9C4006
:101E800017D9A440BC968840DCD7C13E1C7C013FDA
:101E9000BEC1F73E64CC7DBF6822B43F091B963FAC
:101EA00019043AC04BC88DC05B42DEC0583974BEBD
:101EB0007A36CB3E9FAB31C1BADA9C40F9A04F4095
:101EC00005C59FBF40A49FBF7CF204C0B9FCADC054
:101ED0007FD9BD3E0AD78540F90F42418FC2A53F49
:101EE000061214C0F7064BC0CAC3E2BEDA1BD4BF49
:101EF00091ED1BC1D200D2401F8556418D28E34091
:101F0000378905C0151DBEC133C4D4418D28074192
:101F1000FD873E415F293B41F853B33F000080BE3F
:101F2000F7067F4046256940637FC1C0B22E22403C
:101F300005A3A8C0D12238C1F5DB734013F2C9C094
:101F400013F21DC0C1CA09403867CCC02DB2E5C02C
:101F5000FA7E06C1FBCBB2C1F1F412407FD94D3FEE
:101F6000ABCF553F14AED340D3BC68419E5E7141A8
:101F700038F85240ED0D0E3FFAEDD3BFAA8201C0F2
:101F8000DF4F39401B0DF0402EFF99BFA913B6C09B
:101F9000CB1099C058A8A53FBDE3EAC09A0806C176
:101FA0009B5581C048E1A4C15EBA49C0AD69FEBE7F
:101FB00083C0D440BF0EFC409EEFB140D5E7D04077
:101FC0004547B44007F084407AA55F4143AD3140B6
:101FD0003E79C4407D3F6DC06B2BE6BFD93D39C013
:101FE0009621C0C017D9D0C0FBCB37C1C58FC1BFA8
:101FF00023DBC1400534DEC1310800C1849E93C09B
:10200000B53748BF58395440BA498E4014D098402B
:102010002731344067D5873FC1CA99400C93C140EE
:102020004A0CBE4020414940D0D53640516B2ABFB2
:10203000E78C2CC09A9909C0ECC079BFE02D90BE06
:10204000A60AFEBFA77988C13B0147418E868E4113
:102050001D49B241D8F0AB411361764106813A4146
:1020600042600741E0BEBEC013F26BC12BF67CC1DB
:102070007B14AFC1D1A28AC13BDF50C1516B56C0A6
:10208000A167B740C66DC43F6ADE913F0C02F3C042
:10209000B515EBBFF01683C1787A653F4B59463EC4
:1020A0006519E23D63EED23FBADAB44025064341FA
:1020B000006F24417E8C8D40F46C863F2BF607BF69
:1020C0000534A13FAF25DC401361A94031997AC0A6
:1020D0009A99C1C0A7E868BF462589C0787ADFC051
:1020E000CB10E3C036CDA0C14FC09E4117D9564199
:1020F0005F981A41D7A32A411F8501411136B0408C
:10210000EEEBE03FBF7D85BF711B4DBFDA1B34C0D6
:10211000ED9EFCBEC9E5A73F8638063F3789C5C09E
:10212000621002C105A3CAC070CEC0BFCEAA20C132
:10213000583912C1CB90C2C1EA952EC073D7DABF0D
:102140009CA293BFADFAD43F4F1EB840166AD94047
:102150009FAB2941022B4841DDB52941637F2141D5
:10216000AB3ED5407593B8402E90A0BDC3D37BC085
:10217000D42B05C00BB522C06ABCF8C096B243C1CF
:10218000857C36C14694C6C13D0A2241249742410E
:10219000AC2D82416980A641C1CAA74195D46C414A
:1021A0007CF22241ADFAD040A0898E40CC7FEE4037
:1021B0003F574441B4C8DE40B840DA403A23A2C099
:1021C000F01691C11962C0C1C73ACFC1CC5DCBC175
:1021D000AC1CC3C1F7E4D6C146251FC15839D2C0D3
:1021E000E5F21CC1D49ADEBF68916D3D67444D4055
:1021F0003333E1405F291740469496BF7DD0BBC082
:10220000F6289C3E6F8186C07671344182E2C7BE5B
:102210002575FA40A1D61D4147039840A470DF40C0
:10222000DE93F540A323ADC11D3860415BC28741F9
:10223000BF8E9841C21770418CDBE040CB10BD408F
:1022400034A23C403F350A40B53774408F53E840D4
:10225000295C36418716F340E17AD43F05A3D6C006
:102260000D715DC160E57BC1BE3085C1B84083C1E1
:10227000A39283C1A54EE8C143ADC7408C4A5240EA
:10228000789C62BEB003BFBFF016A83F46B67B4045
:10229000166A6140083D3740A245AE3FC1CAA1BDA4
:1022A0009A9981BF006F89BF234A9BBE871659BF89
:1022B0001826F3BED12293BF1826D33D190456BE6B
:1022C000F46CA6BFF85367C17E8C6A41AF14A44179
:1022D0004013BD412ABAA641F4FD48411B0DD6402A
:1022E0008E756D406C785ABF36AB66C02BF6BDC09C
:1022F0001D5AE0C08AB071C052B8D63F2F6EB3C02D
:102300004CA643C1D3DE2CC1E17A8AC039D631C193
:10231000A0896CC1C3E4C1C1235B8C4186DAB3419F
:10232000302A724173684941575BA3402F6EFB3FCF
:10233000D191AC401A5166C03333F3BEFBCB3B4165
:1023400053054F41BDE374C014D064C0D20005C131
:10235000F8C21641A2B420C19632A2C1AA8298C185
:102360007368AEC13FB5BAC1BC053941B1E1614145
:102370008B6C9941C353C6410DE0914130BB304154
:1023800081260441A52CD540F5B9F240AAF162415D
:1023900047034341D712FA405249FDBEDE9383C141
:1023A000F47DACC104E7B5C15ECBAEC12DC3AFC1F6
:1023B00017D9C7C1F0A7CCC1FE43EC40A089D240D9
:1023C000560EB740EE5A2441EC408541F38E7241DF
:1023D000A77919413A23B240B1BFA040711B164101
:1023E000A1F8AB406076A3C013F21CC1BF7D45C10C
:1023F000C1CA48C13A92C7C0D6C5BFC04BEA05C1E1
:102400008E75DBC0728AEBC16DC5BE3EAC1CB4C01C
:10241000516B4EC0FDF6094026537540F775424199
:10242000C4B169417DD045419FAB7B410F8B884151
:10243000D6C59940A779D7BF3BDFF1C034113FC162
:1024400097FF4DC15B421BC1DB8AA5BF8F53BCC048
:1024500009F9C0C031198AC1A8574741CD4C8C41F8
:10246000C05BB94105B495411CEB1041E3C7DA40AC
:10247000DB8A5540014D44BFE02D60C051DAB9C040
:1024800068B302C0A9A4624077BEAFC05E4B77C1FB
:10249000925C6FC1B6F3E5C0234A07C0DF4F26C187
:1024A00094F690C05B31B3C1280FF9409E5EBF40E7
:1024B000265359404772913F0C93293F8273C6BE01
:1024C000560E9DBFC3F5083FF46CB63E8048A7404A
:1024D000832F1341E3C70E41B0722840EE7CF7BF53
:1024E000B4C886C0553022C086C98CBF6D569DC009
:1024F0001D5A9EC07593C4C181954C41287E3C41B4
:10250000113640416ADE4B41295C3C415530344133
:102510009D802E41014DE040075F5840F2B014C04D
:10252000E94892C0BBB8D7C0736800C1DC460BC194
:1025300085EB2FC1A1F8E1C09EEF15C1431CF5C08A
:10254000B81E9DC04E51BAC165AAEE408F532641B8
:10255000E70C83414A0CA3415986844190311241D2
:102560007CF29040EFC98140A2B4DB406ADE1C419E
:10257000FC18F33DAED8D3C058A806C18CB91FC013
:10258000C1A817C102BC82C1C9E58CC1569F52C106
:10259000BC05F0C0AA82C0C1AB3E2941C729484151
:1025A000333377410C028241BBB8614186384741E1
:1025B0007DD03E415B4227413411CC40E258D73FA9
:1025C000E17A78C0CAC3B0C014D00DC1FF2101C1E7
:1025D00008AC94C039454FC0A7E85FC10ECF8BC18E
:1025E000E71D7EC1A5ACF1C1295C844181A6AB4148
:1025F000A01AA04108AC2841A089403F910F3ABEE3
:10260000CF66B7C05EBA89BE7DD085C0E3C718BFAC
:102610001EA7C640053485407AA5ECBE0681A340BE
:10262000F54A23C15CA080C177AD9FC1A69B3AC18A
:10263000F31F8C4039B49EC1705F273F4F1EF63F99
:1026400083C01240F085A740BE30494162A13041AD
:102650001F85EF4005A3523FA8355DC06C09A1C09E
:10266000B6843CC04C378F4014AE1941728ACE3FBD
:102670000AD7233B89D27EBF5DDCD8C01D5AFCC07F
:1026800046B63BC01294DDC1A01A6241ECAF8D4149
:10269000EA95B7418104CC4107CE9E41CFF7464130
:1026A0005DFE2C4109F960414C374441C6DC29C02C
:1026B000FD8735C18F5378C1819590C179E995C166
:1026C0001D5A7CC1423EE8C0B98D1FC19CC41BC1CC
:1026D00017D988C1EC51BCC1A167B7C054E381C010
:1026E000D26F873F0C027B3FE948AE3F2C652D40FF
:1026F0007DD0CB40A8353A41BA494041A7E81241C4
:102700006B9AD940696FF83F25064540DD2422C009
:102710006891B9C0166A2DBFB81E553F92CB97C0BD
:10272000006FE3C03D8ADAC1273188BF50FC483FC3
:10273000F2D22D406744C340B3EA4141F0167741DD
:1027400073D72441E9488040917EFB3F52491DBD2B
:1027500088F41F408D2814418885FA3FE41489C00D
:10276000CC7F4CC0ACAD98BF6F81FAC0319909C124
:102770002D4321C1B604F7C1AF25B4C018958AC056
:10278000A08914C04FAF64BF3D2C943E5917F7BFCA
:1027900014AE03C0C1CA31C0F4FDC6C0166ABDC0C4
:1027A00095D4D3C0423EB0C09A99D93F03780FC0A8
:1027B000EE7CD740B98D1B41643BAD409CC4764153
:1027C00082E281412D2111C1B82FAF4116EAB941F2
:1027D0000B24AC41BA6B8A41A8357A411D5A2B4172
:1027E000979095C00F9C16C188F4EBC00E2D1AC1AE
:1027F000933A26C1ECC0F3C07F6A6CC0CB101B407B
:10280000A52C45410D716DC1AD6963C162104EC10A
:1028100033C48DC00523CFC1BDE33C41FA7E7A416C
:10282000E859A24199BB864109F91241E5F22340DA
:102830004DF32A404CA682BF9A99B9BF7E8C79BECF
:102840001C7CD5401B9ED04061C3D3BE0EBE90BF42
:10285000CA3270C06F815DC14CA665C1D0D527C199
:1028600052A790C13E68DBC1C1E85E4277BE1F42FD
:102870005305D24105347041FC18CF40A8353D3F87
:102880006E3414C0DC684CC0D7A33CC073D756C0AC
:102890001D5AAAC02A3AFEC0029A2AC1C1A852C132
:1028A000295C63C16F8167C1F69766C1CF665DC160
:1028B000F54A7AC14F40B5C1560E71400BB53A404A
:1028C000B9FC87407F6AEC3FA4DFFC40832F6D4159
:1028D00080B73041560E5D403EE82D40228E75C0D7
:1028E000A3012440CCEE914022FD3A4040A418C1FF
:1028F00092CB05C1A52C0DC13411B6BF10E937BD6F
:10290000CF662DC05E3AE0C1705F16C19FAB00C1BB
:1029100060768FC0E8D9FC3FE5F2BFBE1D5A9640F5
:102920005839CE408A8E5C4013619B3F60E58440FD
:10293000C58FC1C0DC68E03E0612E240A857764071
:102940000309324093182CC0325500402575CC4005
:102950000DE08940F5DB8DC1B5152A4179585C4100
:10296000D95F8941A857A14144FA43413D0A5740E4
:10297000A1F8194044FA25C04A0C9CC0355EC0C07D
:1029800097FF94C0280F4BBF3B0100410E2D12C092
:1029900055C174C06DC53E3E05A312C10EBE6FC1C8
:1029A000068161C11D49C5C1D0448541BB27AD41E8
:1029B0001294A6418F534E41C520034182E28340C9
:1029C0005E4BC83F01DE36C01A51B2C0A8C6D1C0A6
:1029D000E09CB9C07FFB16C0F0A79A407CF290BE85
:1029E000228E353F6D561EC1F2B077C1645D40C185
:1029F0004BC8C5C0F47DC3C121B0C8406FF0E540ED
:102A00006B9A10414547464168A298413411B24142
:102A100074249641F2B04A41AA821A41643B54415F
:102A2000151D3D4070CE3CC018268FC0D9CE87C042
:102A3000D34D4BC1BC859CC15986AAC1FFA1ADC174
:102A4000FA6D9EC16132D6C1DE93D3404F40FF4044
:102A50003B7019418AB0854130AAB641DE937F416F
:102A6000F31F02416C789E40B0034340FD87E8406D
:102A700076713D41D42BB5BF50FC88C0D712A8C099
:102A80005F290FC1848D88C1F39F92C113F249C1A0
:102A90009D00A8C18D28D0C169808A41F7E48B418F
:102AA0000DE08D4102BC4741D656BC40933A93405D
:102AB0001058893FA32331C090A004C01FF4ECBE7E
:102AC000903173C0B4C8BAC039D609C1AC8BF3C059
:102AD0003255D0C0386724C0BB27CFBFF2B0C4C0C6
:102AE000A60AF0C0F786A8C113F25940F775A240B4
:102AF0008273E24042CF1C413333A0411984B44178
:102B0000CAC33841EB73C740151D8F403480CF4096
:102B10004D842A41C4B16E3E29EDC7C05A6431C10B
:102B2000789C25C1E5F287C0B22E73C1D49A98C1B2
:102B3000BA5A83C1F697C7C10A68984030BB0BC028
:102B4000651912C0E56171C065193640EC51F0405D
:102B50009D8035411904C64019E2B83E4850A4BFD3
:102B6000B4C824C14ED1FDC0E92683C07FD9AD3F92
:102B7000E414CD40A392CA40C5FE16415396C1BE8F
:102B80001214E3C096C389C101DE823D3480DF3F69
:102B9000CC7F5040C364E44096B26441704EA8417B
:102BA00075828641D6C521412FDD6441083D6241D1
:102BB0001136BC3ED656CAC0D57828C19FAB4CC191
:102BC000D8F012C1BADA1EC074B541C1C66D5AC17F
:102BD000B4C812C1083DD8C13B70C64066F7C640B4
:102BE00053960A417A367B4146A5A041439C8241D7
:102BF000FB3A1C411058F540F7E43A41A01A0A414B
:102C000044FA29C067D5EFC030BB20C142CF21C1F3
:102C10009A99DFC088F44FC17F6A7CC19F3C20C174
:102C2000F628CEC0083DE3C17B830641E336BA40B7
:102C30009F3C6440C139FB3FED9E1C40A60AEE3F1D
:102C400008AC3CBFDC6818406B2B363E6076BF3F5B
:102C500062103C402575C0C03D2C14C0DA1B9C3E60
:102C6000BC74DBBFAB3E373FD881ABBFD49AA4C0A6
:102C70009FCD024010D886C1DA1BEE40423E58403C
:102C8000355ED040956568419A0851418CDB8040A3
:102C9000423E98BF6132A3C0AC1CF6C0E8D906C161
:102CA0006FF0FDC09D8056C0DC46DF409A087B3F38
:102CB000E10BB3BF1283B24073D74AC06A4DA7C0BD
:102CC000C5FED23FED1EA5C1CAC33A41F54AA9408F
:102CD0007DAEE840006F024157EC094117D99A4098
:102CE000832FF43F65AA30C0F01690C0B5150FC110
:102CF0008E7547C1E09C30C1547498C0234A894006
:102D00005BB157406900873FA301BC409565383FE0
:102D100082E247BE522793C1D712E23FAB3E074043
:102D200036AB2E3F33C4013F66F744BF21B012BF1C
:102D30003FC62CBF9565E83ED7A318C086C964BFBF
:102D40008D97524082E2F73F9D809C4089410E4121
:102D5000158C5E401973D73FB81EC5BEF62884BFD8
:102D6000EE5AAEC03C3D8CC18A1F3241BE3002419A
:102D7000D712BE406EA3E7403F351141CE195C41EA
:102D800077BE7A413E792F4194878B40CEAAD140BD
:102D900054740441FBCB044196B260C0CA320EC1E8
:102DA000242859C1D34D3FC1C1A834C1917E6EC101
:102DB00080B775C1516BEFC120E3894148D096417E
:102DC000014D91412D328441AC8B5541C0EC2D41D8
:102DD000107A0741787A9740D7A32840E2E9953CDA
:102DE000DE02993F40A49740C9E53BC0D656C2C019
:102DF00010E9EDC0E40383C1E17A9FC1BF0EA0C119
:102E0000265373C1DB79E6C142CF7F419D008141EA
:102E1000C5FE3E4182730B41F46CAC40C3648C40F0
:102E2000D34DB040B515B540D93D093F60768FBF51
:102E3000DD249AC0AED899C0787A87C0D8F078C01F
:102E4000D42BB9C055C1A4C0CA32D6C0341194C065
:102E500033C401C12417C8C18E752841986E27411B
:102E60006A4D3041A4DF4741E2582341098A0B40B3
:102E7000A4702D3F38F8FABF5AF5FBC0075F08C1B0
:102E800094872DC12BF620C1D95F18C1F2B0B6C00E
:102E9000091B844030BBFF3FF90F9D40BC96184092
:102EA000D26FD7BF72F96CC1DFE0DB40F2D2E340F2
:102EB0002D21FB40C72910413480F140EC2F9D406B
:102EC00044FAC1401283444043AD293F1CEBE23F2A
:102ED0002DB22D40CA54CB40EA9546403D9B87C059
:102EE00064CCCBC0BA4910C0355ECCC093A936C102
:102EF000D3BC1AC1F9B1D5C1E3478541355EB041B4
:102F00009A77A24176E057419A080041083D0B416B
:102F1000190422410D712641A60A864032E66EC090
:102F2000D578C5C0A7E82DC12C6580C14625FBC05A
:102F3000B30C913E6EA35540832F50C1469487C178
:102F4000690064C1FB5CE5C173D7D2BF1136C4BF51
:102F5000E7FB39BF6DE75BBF6666C63F4A0C56406C
:102F600085EBC140D191B8403D2C3C40446987403D
:102F7000B150EB3FA8571AC0AED8DF3FF9A097BFBA
:102F8000C58F913EDD24E6BE83C0C23FBC050EC0A6
:102F90000D71A4BF45C787C19565AE400378134145
:102FA000A4705A41FAFE944114D0A9417B94824105
:102FB000143F23419F3C5C4114BF824139B4FA4025
:102FC000ECC059BF832F44C0EA04543F964399C0D4
:102FD000091B65C153055AC13C4E84C129CBCDC1E3
:102FE000090AD3C1EB62E1C105C5AF406ABCE84044
:102FF0007593374105A387410D715F419E5E9D40EA
:1030000082E2BF3F6210C0BF0F9C57C00C9387C0C5
:103010005F29BB3FF5DB07412A3A223FF8C284BE55
:103020001214BF3EBF0EFAC05DFE22C1CFF7F1C041
:10303000567DE2C0A53DF4C1FFB2D540567DBC40EF
:10304000226CD84060E51241696F0D4118951B4113
:10305000B0720B410681F9408F53CA40280F5B4084
:1030600080B7803EF853E33DFDF6D5BFFDF6ADC019
:10307000D509BEC061C303C1107AF0C06ABCE2C00A
:10308000E6AE0DC13DACE7C168223D41DBF98B41A5
:1030900024A89C41ACAD6A41FA7E0C41857C294153
:1030A0007A4789411E16324188F4CBBF60761BC037
:1030B000F853E3C03E79E6C07DD014C182733CC1B1
:1030C000FBCB08C1F93136C193181CC14703F8BDC9
:1030D0006E3440C1DBF9EFC11F852241E71D43413A
:1030E0008FE46F41BF8E83417CF262418E75044153
:1030F00051DA8540B1BFCC3F8D28CDBE58CA2A4099
:10310000AAF19240E3A57340674409BF206336C02B
:10311000B003C1C0F38E01C1FC1834C106817FC168
:1031200043AD85C1BC05FAC17FFB8A414A7B84411E
:103130002B87424132E6124051DA3BBFFB5C0DC0A7
:103140004E6240C014AE5FC04CA6B8C058CAF2BFB1
:10315000CE8884C0EC5110C0E02DF0BE545227BF81
:10316000789C1EC00DE0ADBFC9768E3F8638C6BFC5
:103170001F850BC0CC6E8AC1E3362F41280F6B41EF
:103180003956A741BCF4A541113656410D71104185
:103190002DB20741022B2741499D324105C5A7BFEA
:1031A000925C0EC1AE4747C1394562C1037843C145
:1031B00012A502C1AAF112C125756AC1107A2CC1EB
:1031C000045656C0FE43C5C1030988C00E2D8AC0EF
:1031D000508DCDC0014D82C076E018C0068149C037
:1031E0009D8086C0D93D61C03108F0C07424ADC057
:1031F000228E15C0F2D21D3F6F1223C02063D2C0B1
:1032000052B8B6401283E83F4FAF6D416210C341E0
:10321000A1D67C41F9A0CFC03F35DC4036CD2D4151
:1032200001DE7541C2866741849E25402A3A323FBD
:10323000613271C06F81E6C09B5515C1287E28C1DF
:103240006DE719C17F6A03C12B1859C0C3F501414D
:1032500095650C4166F7174148E13ABE637F7DC032
:10326000516B22404FC0BCC163EE2B417C61574182
:1032700006128341704E9141569F3F412F6EC740C9
:103280002B180D40643BD7BF48E1ACC0696FAAC0A2
:10329000E6AEF5BFB81EB940EA95E0400F9C0D417F
:1032A0000B46E1C0AAF17CC1122588C1D42B17C1FD
:1032B00032E618C160F6DCC1FCA98F406ADED74057
:1032C000D200354101CD9541AF1491413D9BD14094
:1032D0003277953F645D84BFFFB27FC012A515C0F1
:1032E0009CC4644021B03D412CD43A403EE8C140EA
:1032F000B1BF9CC0553050C1DBF981C1386770C186
:10330000D42B2BC1FB4BC2C183512241B98D254126
:10331000E7FB6B41D95F8141569F8741A01A364137
:103320002EFFDB408D97B63F615432C05B42C6C072
:10333000EF3800C11361FBC07FFB36C03EE881401F
:10334000B98DAE404F405740327723C1C0EC81C1A8
:103350000C8296C15C8FDFC1F46C184158CA1D41C4
:103360009D803A41E32581414FAFB441B22E98414F
:10337000D5091941D93DA340F31F7A403E79DE407B
:10338000F31F1741DA1B9CC0E09C29C1D73480C1D0
:10339000FEE584C14E626CC1AB3ED5C0E2585DC152
:1033A000402483C1C3E4BFC12D4334C05DFE83BE4E
:1033B000B81E394075938E40849EB540F31F9640E9
:1033C000D0445C40C6DC5940C1CAF13F8FC2ED3FDA
:1033D000F93106BF304CFE3F211F743F477279BF61
:1033E000F853B3BFE78C0CC0832FA4BFF16314C0A4
:1033F000787A09C0F39F8AC1226CD24036CD27412A
:1034000045D87D414024A441CCFF92411895064106
:1034100017B79740FB3A003F4ED13DC0DAAC84C0AD
:10342000E02D92C0F01628BFBBB8B940B3EA17C070
:10343000E8D908C1B684D2C058CA36C0A9135CC145
:10344000E4038FC18796D7C1DD24E440E78C0541B2
:1034500098DD0F41083D6C410000A441083D7841D2
:10346000B1BFEA400DE02D3FFA7EC2BF9031A1C04E
:103470007C61723FBE30E140B51581C08E751CC1C4
:10348000431C0FC1B5155BBF1B9E40C14F4050C1CF
:1034900012A5E5C0A2C5E6C158A8CBC00AD763C033
:1034A0009F3C7CBF0EBEB03FB30C6140D7348F4011
:1034B000D5E78840D26F854005C5CF3E80484FBFD5
:1034C000D6C57DBFD3DE484045D8154194878DBF12
:1034D000D712A2BF2A3A423F3F35E63FDFE02FC076
:1034E00074B58D3F478384C16F812D411361C34003
:1034F0001C7C914039D63841857C3841637F9B40A4
:10350000910F9A3F96211E3F80B7D0C01B0D38C146
:10351000AB3E55C129EDE5C044FAD5BF4260144128
:10352000E63FD84014AE67BFC0ECE8C07AA5C2C081
:10353000D1914040302A7DC11F851B40D7A31C403C
:1035400085EB02417B1403419A081340304C2D4116
:10355000A01A7941AC8BB33FB072A83E098ADFBE96
:1035600071ACCB40CD3B863F4CA66ABFEC2F02C16D
:10357000621003C1A01A19C111C75AC048507C3D3E
:10358000BC749DC03D8ABCC19E6F944179E9B14134
:10359000E325AA417B148841D42B1B418B6C9740B7
:1035A000158C8A4030BBF140BC0503419031FB4093
:1035B0007502DA3E9A086FC0F706CBC0C7BA05C1DC
:1035C000567D31C1082C82C1773E83C12EFF7CC15C
:1035D0002B878BC1151DD3C1BEC1A9408BFD7D407A
:1035E000787AB14001DE42417C729F418941884135
:1035F00095D40541DA1BFC407A362A410E4F7641BC
:10360000728A6A40AA8211BE9031434008AC50C011
:10361000BADA7EC14A8CA0C134119CC1107A72C141
:1036200040A436C1C1CADBC1ECC083C0228E39C000
:103630005BB18FBFAF253040D3BC83403D9B8740FB
:10364000F241CF3FF931BE3FD0B32D40A245F63E07
:10365000A69B743F933A71BF58399C3FFED4183FE4
:103660003A23CA3EA01AEF3EED9E0840158CC23F99
:10367000E71DD73FFB5C8AC1516B7B416FF0A741CF
:1036800036BCC241D95FC44160F6A5410ECF90411E
:10369000ADFA98415F987E41D5094F413D9B02416B
:1036A00080B703C13B7045C1903188C1B3FBB2C143
:1036B000FA6DB9C12CD4B9C159978DC157EC2CC141
:1036C0003277A2C13119CBC117B7A1BFF697ED3F31
:1036D0003CBDA44014AE0941BC960C41C58F1841B5
:1036E000933AD54058397440DDB504BEF4FD94C01A
:1036F000EEEB00BF711B4DBEB1BFD43FD191D4BF23
:103700000F0B39C0FE439AC09487A53E4469A3C0FD
:103710003F57C3C03E7998C1772D2B418C4A3D411C
:10372000ED0D39411B2F47410C0233415BD3DC4087
:10373000F46C2A4029ED4140D93D5D408F53AA40A9
:10374000BC9620401CEB8ABF88F473C021B0E2C055
:10375000BE309FC0E09CEBC08D2830C16EA3BFC0BF
:10376000470330C13B5FEAC13CBD5A41F174894116
:10377000DEF19941B53755414FAFBE40492EFF3E6E
:103780006DE7BB3EA08918C0E5D04EC0CEAA07C0E9
:103790003CBD9A40AAF1F23E20D202C1780B32C160
:1037A0009BE61DC18E7531BE94F601C168B315C18B
:1037B000E258ABC017487AC183C0B8C0857C20C02E
:1037C0002E90C0BF524995BF17B7D1392506154075
:1037D00053961140F2416340EA95023F7AC755C0C3
:1037E00067D5573F8E06E03F17D95240FE43FABED9
:1037F0005AF5B13F287E8240DA1BD43F42CF1640B3
:10380000B459C740F5B977C1A4DF1241567D3141A3
:10381000C3646C419B559E4104678841BBB82041FD
:103820006ABCFA4036CDA9404260BF406F123C41AD
:1038300086C924415917C740948729409B55DBC04E
:103840000E4F73C1A68A85C1819561C19554BBC1D4
:103850007B03D3C1E6AEEAC1DE028F40D9CECB40B6
:1038600050FCF840508D4D416290A441CB218E41D7
:1038700075021741BDE3C840C05B1C40BEC1A140FA
:10388000865A1F4182735240772D0DC05C8F0240D3
:10389000CF6681C0D93D70C1A8D79DC1A7F991C19C
:1038A00010E9A1C18796E6C10091CA41E02DC3414C
:1038B00057ECB4411E969C4175026D41211F294170
:1038C00044FA16415DFE8B402497C7BF363C8BC03F
:1038D0001EA76BC1A3018DC146B673BF485008C176
:1038E000C898EBC0621050C063EE1EC1E79D8AC14C
:1038F0007279ABC1BC74C0C1006FB241BC058141DB
:103900008A1F40418FC26C4194872B4139D60541B3
:10391000DBF90041F7062241F697F14087A7EF3F18
:10392000EBE27AC038F803C1C89822C1190436C145
:1039300086C94BC1F628A0C02BF657C04FAF3EC179
:103940008FC28BC1A8C6DDC1BF0E8040EB7365403E
:103950004C3755404013AB40FFB28B408126364078
:1039600055C1A8BC547424C04A0C423ED734A3406D
:103970001B9E5640ADFA5C3E9C33AA3FDE9377BF58
:10398000B9FC17BFDD24FEBF8C4ADABF516BDABF2A
:103990007FD987C06CF89EC1355E3ABE04E7AC3E65
:1039A00041F11740BC74A5403A239C40022B1340C0
:1039B000BC968A406C09114058A8D53E7C6162BF14
:1039C0004850C040E94810412DB23D40ABCF65BFE3
:1039D00091EDC4BF984CC5C0F31F84C0979099C0A7
:1039E000DD248EBFB7E2A2C119E2F4408C4AEE405A
:1039F0008F539C404BEA243F7DD0C33FB7D1A03EBC
:103A0000394527400F0B353E5305A33E772DC93F5F
:103A1000D712723E8E75F1BED5E780C0FD87E4BF38
:103A200036AB963FC9E58FBF2653153FFD8794BE41
:103A300019E294C0196286C1BFFD9A41A392C9419F
:103A40000B24CA415D7E9B415F29234188851A4032
:103A5000ACAD98BFA60A82C0FDF60BC1355E28C189
:103A6000454731C1B00349C190A020C130BBABC0B4
:103A7000BC96704019045640B537F83DD3BC0DC113
:103A800065195CC1925CB7C136AB1941F0A72841FA
:103A900038674541280F9E419A88D241E86A9E4185
:103AA0000E4F81413F5783417DAE8C412497334077
:103AB000DCD7B5C0B3EA31C1696F71C1D20078C13A
:103AC000DAAC31C1174864C1B89EA3C15CA0A4C1DF
:103AD000182676C18037B1C18B6C4E41FB5CA54185
:103AE000D567DF41516BC74140139A4152B8C1417C
:103AF000142E9941E78C083F3D2C54C017B747C19D
:103B0000FBCB70C1F53987C1D93D9AC1DE9389C11C
:103B1000F2D21CC132771DC1E3C75CC1485003C15A
:103B2000F6970DC0FAEDABC1BC056741516B56412C
:103B3000E5E180415DDC6E4102BC1C410B46304139
:103B4000C66D41418863B5BF29ED1DC10B2409C174
:103B50008FC276C1021A95C19D0084C1780B5FC1E6
:103B60009C33823F88850C41FDF6094055C138BF22
:103B7000D42B25BEBCF493C10BB54E40355E0E4030
:103B800054528F40D0B3C7404ED1D34099BB8240EE
:103B9000AF256440840D134010E91B406EA3113F14
:103BA00038F894C0A392A2BF19E238C0006F09C0D0
:103BB000AEB682BF083DCBBF1FF43CBF5F290B3FB1
:103BC000522796C0424F8AC1810443414703304186
:103BD000857C8F417368C2410D60B241AB3E71413B
:103BE0009A084E419FAB88411B9E33413277ADBD51
:103BF000A4DFFEC0BC9651C1483F89C100119EC1DF
:103C0000A60A95C145D86FC18863ADC06A4D6FC122
:103C1000273142C13F579EC16A4D9141B7629E41D3
:103C2000865AAE416132B9411361B241576C92413B
:103C3000575B5E41469449412B8761412CD4044136
:103C400095D499BFBA6B2DC044FAA3C0000079C1C6
:103C5000E8D9A7C17435CFC1CF66CCC17FD9C8C15F
:103C6000BFFDC2C16519CFC10AD7A340CAC32A404C
:103C700039D631406DE7A340EA95F8401826F54063
:103C800039D6A53E80480FBF7AA50CC0E17A86C020
:103C9000A1F815C0C1A8AE40B072544020D295C062
:103CA0001C7CF7C0832FBEC036ABD8405F9840C0A5
:103CB000F163ECBE46B67DC1006F494003097A400E
:103CC000DE9395400456C64068B37A40E63FB24062
:103CD0004E6270403F35AC409B55CF4040A4ED4014
:103CE000029A8040BEC167BFCC5D3BC0B07288C045
:103CF000A30178C0E63F24C02B1879C0F54AB7C0AD
:103D00005986ECC0A768B7C1D656F8402CD4FE40FF
:103D1000DD241441287E5641D34DA7418A0E9A4195
:103D200023DB3641C3D3114161C3264168914A4127
:103D3000986EB23F02BCFBC0787A4EC1D04481C1BC
:103D4000485075C1D5E7F6C09EEF22C190313DC104
:103D5000DDB563C1B7E2DAC13B011F410B461B4130
:103D6000F2D2224108AC5241D93D1841C1CA0D409E
:103D700011C73ABD2A3A123D7446B4BEC1CAA1BFAA
:103D8000029A883D3FC67C406C0949BF04567E3F7D
:103D90001DC9DD3F8A1F0BC0B37B1EC01F850EC12E
:103DA000009168C16EA3F7C13C4E17411B9E67414D
:103DB000AF258C4139568441764F2D41F9A09B4067
:103DC00063EE724051DA833FD6C53DBFD3DE98C063
:103DD00001DE023E81042A4176E0DC3FCA3298C00F
:103DE0003255E8BF9621A6BF66882FC144E998C125
:103DF0005986A8C17AA5D3C118268540BEC18B407B
:103E00004C37A5405F07274109F99F41C14AB0419E
:103E1000363C714157EC8541E33653418D286D3D69
:103E2000917EE9C0CFF752C19FBC83C1EF3882C1F8
:103E3000CEAA58C12C6569C03D0AF5C013F220C155
:103E4000C0EC5EBF32E6B1C1BE3014415C8F14419C
:103E50000B242B4158A820418638AC40B4C8E63F1B
:103E600036CD8B3F5A64BBBE1DC965BF81954BC023
:103E700000912EBF0E4F77C0764F07C15AF50FC184
:103E8000D34DB0C00C93F9BF4547B8C0744638C095
:103E9000ADFA1F41804870C155C18041772D7141F5
:103EA000986E8B414703894171BD8241A9A45E414F
:103EB000E5F29FBEB5A65DC0006F55C0C729B2C070
:103EC000E5D0823F1E16EA402D21A3404FAF543F5C
:103ED000EBE2BCC09F3C66C107F063C146B643C17C
:103EE00093A9BCC124B9D9C176E0004045D8B840F7
:103EF000E78C2341C1CA6E41F98F84414260284159
:103F000065AA4440567DBEBF5C8FE6C0EA04C8C0C7
:103F1000F931A4C0FED4C03F7FD9DF4039B4B8BF67
:103F2000D578E93F05A3CABF54521CC1EB73F9C051
:103F3000795868BEA92402C220D24F3FA32349402A
:103F4000EC51864053960D41840D8941CCFF874149
:103F50008BFD0941948705BDFA7E9EC09B55A7C085
:103F6000158C0ABEABCFCB40BEC10BC077BE2BC0F9
:103F7000151D7540029ACAC017D996C0AAF152BE43
:103F800081043AC15AE4FEC159868041A2B47D4100
:103F9000C52082416C786141B4C8E8401CEB923F77
:103FA000BB270F3FBF0E4CC0E02D30C0492E7FC055
:103FB0005C8FC2BF984CB3C0F931E6C030BB39C189
:103FC0003B701EC1A4DFBEC013F2A1BF55308EC02E
:103FD0007E1D08BF14D054C148BFC1408126FA409D
:103FE000AE474841C1CA97411B0D95418D284841B4
:103FF0001DC90A413255EA40A1F81941674481417F
:1040000074B5154136CDCB40143FAC4005A322C159
:10401000151D99C171ACC8C1AC0BCDC1CB10A8C1E5
:1040200030BB44C14A8CD0C1643B0C41CBA1B740EA
:104030000A68EC405474174120410B41CC5DD940D3
:10404000190412400E2DD23FF7060F3F9A774CBF4E
:104050008C4A9A3F645D004133C438417593924065
:104060004BC8CFC0E0BE17C188853AC14772F3C0C4
:10407000696F19C1B37BF8C1098A5841B7D1524160
:1040800034A27A41A3A39F41A8C6C24180C8AA41D5
:1040900076609C41A4F09A4145D85541E2E915BFAC
:1040A000CE880AC17E1D54C1F1E387C1AAE08FC149
:1040B000992AA6C143AD77C17DD030C1F08577C1C3
:1040C000091B81C17660BFC119731741BC0521412D
:1040D000C217374121B06A4180379641083D73418C
:1040E000AC1C15414E62A4403199FA3FBD52B63E18
:1040F00087167140C2170B41C3F5A83FF5DB9FC07F
:1041000011C72AC1DF4F65C161438EC13E7990C19D
:10411000250665C10F1CF0C12A3ACA3F05C5894072
:10412000696F184025063940EE5A9ABFE17A54BFAC
:1041300001DE42BE014D04BE7FFB823F1CEB7A4094
:1041400032E67E40280F134017D94E40CC7F24C062
:10415000A54E2CC03255B0BF94F63A4045D8303EFB
:10416000E5D002BF7E9D99C1C442DB409FAB9B401E
:10417000D200FE3FCC5D0F401D5A70406210C03F20
:104180008048AFBFBC05123F068109405C8F423FAB
:104190004013313F917E8BBF0E2DEA3FD578E1BFB2
:1041A0008A8E243EDD241AC04850FC3E6EA399BF7F
:1041B000E3A55BBEEB739EC1EEEBD6414D73DF41D1
:1041C000075FB241645D54417E8C9D4033339F4014
:1041D000022B2841728A4B41ACAD9E40BDE3D0C05A
:1041E00029CB00C044FA59C068B3BEC042CFEAC070
:1041F000DA1B24C147F290C1D5F895C1D26F72C1C4
:10420000EA8495C116FBB1C158393B41A1D648415A
:10421000C66D8641CDBBA441F6A88A41BC743A4123
:10422000EF38FD40D1915C4074B5CF40CC5D074183
:104230004260E53DFED40AC18CDB54C15D6D88C18E
:10424000B89E84C14FAF35C1560E5DC07B831EC181
:1042500096432FC13F35CEC15305A0413188AF41B0
:10426000F764A141A54E7C4129ED1A4148BFD340D6
:10427000D2004341D7347241FF21DF40C3D327C06E
:10428000E5D03EC14A0C00C1AE47AFC00C93FDC0A3
:104290004F4065C1F5B9CEC080B73FC1863894C1E3
:1042A000A85768C1D7B4D5C12E9007410C0225414B
:1042B000423E81418A30B44173E8A341F4FD71412B
:1042C0000BB52E41560E2641CE8861419FCD0A4145
:1042D000A01A2BC0A16702C1ACAD0EC144FA1DC02B
:1042E000D50913C1EA04AAC182F3B5C128FE90C161
:1042F0005E4B8DC152B8CFC1683383419643314183
:104300003C4ED14034807F4099BB763F68911D3F41
:104310003945073ED04458BBBE9FC2BF19E208BF13
:10432000569FAB3D7B145EBF204191BE029AD0BF29
:10433000772DD1BF273130C093A92EC020D243C0E2
:1043400081267AC00011A7C1EE5A4D4154E35F4166
:1043500063EE7A4101DE7741ADFA2E41B5A63641D2
:10436000925C7A413BDF8B40B6F32DC103788B40E2
:1043700024B928C0925CEAC0107A25C185EB8BC0B5
:1043800020D2EF3EAF94E9406F1230C1728A96C1DD
:1043900097FF63C1A28503C21A5145418FE47C4156
:1043A0001DB8AE410A68C241098A664154E32F41F3
:1043B0000EBEFA408B6C0041BB274D416ABC634185
:1043C0009318BA40D656C240C9E5C1C0DC688DC159
:1043D000AA02B1C1440BBAC164BBC1C1CAB2ADC16A
:1043E0005BB17EC1492EBCC13480B74045D8AA40DC
:1043F000F6977540E5D05A40956538403867DC3F00
:10440000865A133EF2D2ED3F35EF08BFE02D04404F
:1044100010E9ABC0A7E82C406744893FE4145DBFB6
:10442000E5F2B7BF62A1D63EBEC127BFD73407C0F1
:1044300008AC3CBF10D89BC1F6970C412D430E41F0
:10444000C5202841D0B35C41A8D79041150C9341B9
:10445000C1A85941C8981E41FDF6C7408273FC406F
:10446000F241CF4061C337C00C930EC1E9B732C1EE
:10447000BB273EC1D509BAC0ADFA3CC188059BC176
:10448000C353ACC19FBCE9C156FDA9419CB3B44123
:104490006519AE4165AA984161326741FBCB054180
:1044A000C0ECCE4054E34940986E92BEDA1BFCBF8C
:1044B000F0167CC01E16EABFEE5A6EC0B1E119C1FB
:1044C00081955CC1865A71C14B5935C1D5094FC11F
:1044D000F76487C1AA71CDC1711B7841CCFF8241BD
:1044E000EE7C824167D54D41C364AE40865A1B4085
:1044F000C3D383BFAE4751C0B5154FC03B70CEBCD0
:10450000DC46F1406ADE31BF1748C8C093A912C12A
:10451000F46CDCC05C8F423F0F0B3BC146B61FC141
:10452000D12293BFB1BFBEC176E07841AC9C8A4135
:1045300050FCA1415E4BAF418F428E41FC18474178
:10454000E483094136CD054196212C4151DADB4007
:10455000295C27C0A9A4E4C0FB5C3BC1136173C103
:1045600035DE85C18CDB2DC1BA4942C114BF85C17E
:104570007A479EC17368D7C1BEC11B4187969541DA
:104580009A99B141705F1C414CA662401B2F7DBFC0
:104590005F98AEC005C5AFC0B29D07C1BC05DCC009
:1045A000530585C0A9A4DC4082730A408104A5BFDD
:1045B000591743402B18EFC0E25841C1166AF7C0A3
:1045C0007368893F0AD788C1A835D54042CFDE40FD
:1045D000BE9F1441CE88EA406EA30540F5DBD7BDEF
:1045E0001E16C2BFEA9596C02BF68FC027A0AFC09B
:1045F0007B14D0C040A427C0304CBE403E7990BF51
:10460000075FF8BE910FAA40986ED2BF287ED4BF34
:10461000AAF1884046258CC1E9263C414F1E5041F5
:104620004A7B5A419A7765413B705E418B6C3941B8
:10463000E7FB1E41713D86402653A5BFED9E18C085
:10464000984CC5BFA1D648C04A7BADC097909FC0CB
:1046500052491D3C1E166A3E0C02F3C005C555C1E9
:104660009407A9C15839FEC1B0728441EF38A941FD
:10467000D0D59141AF256D41A0893B4134A2BC40CA
:10468000B003E73DBADAB6C099BBF63E917E5B4017
:10469000098AF5C0522774C1BC7461C13D0A8BC040
:1046A0007E8C87407368A1BFC2860CC150FC66C176
:1046B000E71D02C1888587C1F5DB19C1448BBCC0E9
:1046C000D200DEBE04E78CBD48E17E408FC2353F9C
:1046D0006132F5BFE94846C0B8AF99C0C05B88C039
:1046E000F01628C04D84853F6D56B140BDE3324180
:1046F00019E2184160E5A2404D846540E4148B4006
:1047000077BEBB400C8291C122FD13410456484143
:1047100046946D41006FA241E269874119732841B7
:104720006F12AD404625B5BFD6C5A9C06666AAC002
:10473000206384C0696F1C401FF44C3FA47001C10A
:1047400007CEFDC08E75BDC0386759C19D1150C1DF
:10475000FFB299C0C217BCC10B46BD40F163C04057
:10476000A392F84088F43E418A1F65410C02334110
:104770004469B94001DE223FB98D66BF0EBE70C0EC
:10478000B6F385BF55C1CA40EBE2163FAD69F8C02C
:10479000DE7114C1A4DFC2C021B0F2BE0F9CEDC017
:1047A0005A644BC0E79DF4C183C01041917E4E41D5
:1047B000A9139141D41AC2411815BD412E109A4136
:1047C000021AA741B4488841865A4B40A4DFA8C0CA
:1047D000BEC120C14FAF6EC14F9E8CC10BA483C11F
:1047E000C8073FC193A91AC1F9A03EC19C33E0C0DC
:1047F000E5E199C1C976C2C166F73941304C5C41E7
:104800002B768241B4C897415FA9A9417F6AA9412B
:10481000A45F95417F6A7841BD5267418CDB2E4190
:10482000E25803C0B8401CC11D5A62C1B21D93C1F9
:10483000B8C0A1C1C2979FC198DD62C1C7CB8BC16F
:1048400033C497C182F3DBC1FD87A4BF304C32C0B3
:10485000B840024098DD7740BF0E24400000983FEA
:104860003CBD3E40A2455A40575B313F3A230ABF08
:10487000091BCEC02D210BC0DA1B8440348037BF0A
:1048800071AC5BC01AC0A9C0B4C80640A5BDC34086
:10489000A470C540B45949C169006B40832FA6403C
:1048A00046B65B4023DB054083C0DA3FE86A9D40A3
:1048B00052B8F040EC513741E258F940BBB88D3F57
:1048C000933AB1BF31082C3FE63F64BF810405BF76
:1048D0004FAF38C008ACB6C069006FC0F90F8FC0C9
:1048E000FDF6CDC0364DBCC1423EA040FAEDC14000
:1048F00013F2B54026E4BB40E2589F40643B8B4036
:10490000C5FE4E40D3BCE3BC76E0CCBF8E066CC087
:10491000C05B68C0287ECCBE4B5932C0C286BBC0CB
:104920003F358CC0B15085C00000F83F849ECD3C1F
:104930001058E13FF1F445C120D2C73F3255244021
:104940008863DD402A3A4C4138674E410B24F440DD
:10495000006FC93F6EA3E1BE8E0694C0545253C08F
:10496000F9A0A7BEAEB617418A8E0541C1CAE34081
:1049700035EF683F8B6C89C0910F06C0E10BB3C067
:10498000DE8285C12F9D09C2643B21C1835113C1C1
:10499000C898F1C080B7AAC0F01604C031993A3F58
:1049A000C7BA54404BEAA2401748FC40D8F02F4108
:1049B0003B70234142CF1241B98DEC4065197640DE
:1049C000E9486EBF4DF3B6BFEC2FE3BFA2B41FC0E2
:1049D0005C8F22BFFB3A89C174243B419CA27C417D
:1049E0003B81AC412B98C841294BAA412E9098415C
:1049F000AC9CA541EEEB6241C3D3AB3D3CBDEEC0E8
:104A0000984C34C1553061C1EBE27AC1BBB86CC17E
:104A1000E5D02CC1F24148C10AE88CC185EB5CC1EC
:104A200017B7EDC05906C0C1A2B4DDC036CDD3C0A2
:104A3000EFC9BBC0E02DB0C0197367C070CE24C0F1
:104A40005EBA55C07446B4BE79E972C024B909C1D2
:104A5000EA04C4C0E5D098C02063B4C0E86AF33F5C
:104A6000228EAD40E414DD40780B8841FB5C1A4196
:104A7000FD768E419A99A140B81E853F03788B4000
:104A8000E2E9B74054E3BF40423EE640037832419A
:104A9000FF3283410D608F4105A35C41022B084129
:104AA0006A4DD3408638064130BB4740CAC307C170
:104AB0000BB542C113F224C1FA7E16C1D7B482C12C
:104AC000728AB0C1A69BFBC1128382407AA5704056
:104AD00051DA4F4046B69140182637406D5639405E
:104AE000591781405DDC56404C37D7C035EFAC409C
:104AF000FBCB1A40448B9C3FF7E4213E832F44C0FC
:104B0000D93DF9BFF9A0573F29CB90BF11C79A3FB4
:104B1000764F52C0431CBFC1645DEA40AE47DD40E2
:104B2000BC0516415F9890413188874114AE194108
:104B3000E561A94066F7FC3F9BE601408716C94046
:104B40000A683D41D34D2F413A230941B762A1C0C4
:104B50004DF37CC1E948A8C1C4B1B4C17E8C97C1F2
:104B60007FD906C105B4BAC191EDE4BF90A09AC047
:104B70000EBE54C02B18753F66F744BFBF0E80C0F1
:104B8000242892C0FED490C07DD027C05F9880407A
:104B90001DC9F540CC7F2F41DDB5943F33C4D140D2
:104BA0002653E940FB5CBF4033C4513FA323D9BE29
:104BB00050FC803F1BAF9CC1DE712240560E31403D
:104BC0002D43D440C7291B41575B4041A60AB6403C
:104BD000A301A840DDB584BDC74B373ED8F0DC3F0C
:104BE000C5FE6A40C4429340AF2588C0E414A9C002
:104BF00048E109C1273160C0C3F538C0A9A4A4C0E9
:104C00002EFF49C0B7E2AEC10DE0E5BF4A0CD2BFEE
:104C1000B003A7BF2428FEBF8BFD8DBF107A16BF3F
:104C2000B150E3BF7B143EBF8AB02DC0ED9E54C08F
:104C30003D2C7CC00B46FDBFBBB885C0CE88FABFFB
:104C40003D2C54BDCD3B1E3F9CA2B740394507418A
:104C500027C264415AF5B9BC091BF63FC1395F4010
:104C60009CA29D40D734A540EF388740CE88944021
:104C700079E94240C3F5E8BE8B6CF7BFF85395C0A5
:104C800052B8D0C0091B72C07DAEA8C00B46B5BFDC
:104C900046256D409A08B540D578E14086383240C7
:104CA000D6C5F5BFD41AA5C1DCD7AF40EFC9834044
:104CB000728AA240B22E8440174818406FF0053D1A
:104CC00001DE52BFBC74CBBF310870C0986ED4C037
:104CD0008273C2C04BC80FC060E5D0BEAED89DC0C5
:104CE00048E1BAC07D3FCDBF371AC03E29EDD14063
:104CF000E3364541CDCCD2C0ECC0D9406ADE294074
:104D00002063034134808B4083511941FAED9F4069
:104D1000EE7C14416DC5AE40226C383E5F98344045
:104D200099BB9C40A0890041091BAE3F1AC05BBFE4
:104D3000371A44406822CAC04BEA37C1B98D5EC1F8
:104D40002FDD15C1491DEEC1E483A34170CEBE41E4
:104D50004F9E9F41B8AF5741029A9640378961BF35
:104D60006E341440C1398B40705F93401826274041
:104D7000583934C00091B6C0D49AA0C0ECC027C145
:104D8000D88169C154E34CC17B83C3C09EEF40C14D
:104D90007593F6C0D11191C12BF61E416B9A6541F6
:104DA0008B6C9C414AFB8241158CE24071AC3F40C8
:104DB000FD8794BFD95F4EC088637DC0DC4637C095
:104DC000DE716640431C0541B9FCC73F8941804004
:104DD0006A4DC7C06ABC54C1265373C1713D27C117
:104DE000C3D3BFC0E01CCBC1FF21B140F7758840E1
:104DF000FC185B40F6286440CA327C40CCEEE93FA8
:104E000068B38A3E73D7B23E6F1203BB7FFB3ABFD3
:104E1000F241EF3F2CD40A40075FB0BFF1636CBF93
:104E20004BEAA2C039B4083E2F6E93BF4FAF54BFB8
:104E30006B2B9EBFA60A80C1EE7C6B41FBCB06416B
:104E400012A5D740A323DF40A5BD0C410EBE4C41A7
:104E5000DB8A6A41EA0425411B9E5240D34D6EC055
:104E60009B55BBC09790DFC0AEB6DAC0A9A488C07E
:104E7000DCD78DC0BE30AFC0C3643A3F143F16C10B
:104E800043AD33C16FF0E9C17CF21241C58F1C41C3
:104E9000228E2D4158CA4E41C5202B411FF4DA40C5
:104EA000835193400AD7433F29ED01C0A24532C048
:104EB000492EAF3F6B2BB040A323B9BFE71D0BC1F9
:104EC00005A3DCC0A69B8EC03CBD15C1D1913EC1DF
:104ED000EBE2E0C061548FC1984C18411AC03041D8
:104EE00020632E4161C3284107F04641B0728F41D3
:104EF000D712B041BDD2B04198CCA94144FA8D41FE
:104F0000AA60844041827AC066883AC1008096C116
:104F100033C4B3C11BAFC4C101DE6EC1CFF74AC1F8
:104F2000ECAFB5C181A6DEC1AC8B40419C2285416E
:104F300018957D4134A220415A645740C74BEFBFBA
:104F40008CDBA6C0D19116C18D972FC1EA9541C1C6
:104F500052B840C138F831C1986EE8C0DAACFA3CBA
:104F600005C5464196B24941A60A8640BA49F4BFF2
:104F7000A4DF2E3F5B427FC1F706AFBF39D605BF26
:104F8000E17A82C00AD773C0A5BD89BF00005C4129
:104F90009CA29941D1917B41E7FB1841B9FCFF40AC
:104FA0001FF4D04071AC674045D8103F158CAABFA4
:104FB000B8AFF1C05D6DCBC0F706E3C01CEBC6C057
:104FC000BDE301C1356FEBC16210EA40DA1B32412B
:104FD00081267D4163EEA9415DDC9D418E065741EE
:104FE000BF0E2241325552411D5A58411B9E9240DC
:104FF00068919FC0F77527C1849E46C12FDD07C108
:10500000BDE3F0C04F1E68C1FB3A6FC1CFF72AC1A4
:10501000D6C597C12575D8C138672CC01C7C81BF07
:10502000431C0B3F0F0B05BFC520A03FE7FB3140E2
:10503000F54A49C0812616402497A73F8CB98B3F7B
:10504000637F993EF931CE3FEEEB16414ED11241CE
:10505000FCA93DC0D7A3A8BF7446ACBFC89817C071
:105060007AA5ECBE1D3860C1ED0D2EBF835109BE7F
:10507000D1913C3F6E34C03F3CBD1640F46CFE3FC6
:10508000BB27EF3FF69795BF0091DEBF5DDCA6BE64
:10509000B98D5240166A6D40643B3340849ECDBE4C
:1050A0002F6EA33DA089503FDBF97E3EC4B10EBFF9
:1050B000304CA63D567D67C1121493C054E3DDBF4A
:1050C00001DE0E40C1399F40BA4986408195C340F8
:1050D000E09CC940D9CE77BE8885DABE143F5AC05D
:1050E0002497F7BF64CCED3F569FABBEF16360C021
:1050F00036AB3AC0637F493F14D0343F575BD1BFD2
:10510000B7D15840151D1DC194F65141DA1B5C41C1
:105110003333414107CE3341D0445F415B427B4151
:1051200030BB6D41CE881841014D043E8AB045C068
:105130003F35F8C067D52FC11EA7AEC086C908C0CD
:105140005F070E3E6C783BC1287E51C129EDEFC050
:10515000F2D245C1F842F3C13878EA41E62EB741B0
:1051600092CBA3417DAE6E41A4DFFA40F7751840A3
:105170002B1871C0D734873FA1D660C007F00A4012
:105180005A648340D1221FC0992AECC001DE15C1A8
:105190000B241DC1F9310DC14D8416C17DD06EC1E6
:1051A000583981C12E109CC194F603414B594B4193
:1051B000FCA99B41099BA64174467A41B7D10A419B
:1051C0009D809240A2458440D49AB44017486B41D8
:1051D00000914641BADA3741FD87CAC05BD388C126
:1051E0009C44A6C17AA5C3C15B31B4C1D50969C1CC
:1051F000234AA7C02D43DCC155C1383F840D8340ED
:10520000E2E9A740BC74C33F8A1FDB3FC44265404C
:10521000280FBBBF643B5F3F2428AEBFBDE3BCBFCC
:10522000F54AF9BE014D843FE9483EBF55C10440EF
:10523000BF7D1D3F499DE4C0508D173F3277CB4065
:1052400005C53740720A95C198DDA24104E7AD411A
:10525000AEC7AE41B30C78414D84084114D0B04084
:10526000E78C28BF65AA82C019E2B2C05917BBC03B
:10527000ED9E10C090314340FDF685C06891EBC0B3
:105280006744ABC0787A0AC1C9760BC167D52DC116
:10529000F38E1AC1C58FBAC11CEBFC40304CAC4038
:1052A000C72926405D6DE53F0B4685C0BD528E3F48
:1052B000EC51803F9BE6FD3EBC05BABF014D40C0AE
:1052C00004E73C3F728AEE3FA2B41B403333733F86
:1052D000C4B12EBE93A9A2BE5AF5493F3F35963FB1
:1052E0000E2DF2BEFF3295C1F241FFBFB7620FC073
:1052F000ED9E843FEC51903FA52C1B40B9FC773FBD
:10530000E2E945BF52B8DEBE48BF31408E759340DA
:10531000F90F1140C898BF40143FBE3F31088AC002
:1053200006128CBF11C7464076719DC045D86840B3
:105330007DAEC63FCA5473C16A4D7841E9268F419C
:105340003AA3A141584AA94140938441C5201E4136
:1053500062A1C640014DCC3F865A37C01F8587C029
:10536000C5FE9ABF2E90D03FD26F9FBE7D3FC9C071
:1053700039B4D4C0DAACD4C077AD85C101DE93C1F5
:1053800027A09CC1C286DDC12D439240F31F1F415F
:10539000EE5A87419D1183419F3CF040CFF7DB3FA0
:1053A000ABCFD5BF39B494C0D578E5C0F2B0F0C06A
:1053B0002497C7C0B684BCBF1B2F134158CA924064
:1053C000C3D38740FFB247C0D65622C17E8C0EC1E0
:1053D0004D8401C0E63FB1C1D04423417D3FC74069
:1053E0009CC4004162A1C2403EE83D40F08589BEB8
:1053F000D122FBBEFE4356C0295C89C080B780C065
:105400003B0129C0E5F277C0499D303F45D86C404B
:10541000849EBB4068910D41AAF18ABFE336D2C099
:105420003D2C84C06143AFC1E3A54E41D6C5904138
:105430000F9C9E412A3A614195D4DF402428CE3FFB
:10544000B30C61BFF5B9C6C04F1EEAC0378924C18D
:1054500014D02FC16F8105C1FAEDD3BF6F12033C89
:10546000431CB9C058A8B53F0612B0C03EE887C07B
:105470001B9E7E40B5B78DC1083DA5401E1601415B
:10548000492E4941918F8C419FCD6E412B1885400B
:1054900032776D3FDCD7A1BE6F12033A40A46B4058
:1054A000022B24410091464079E932C0302A35C0B0
:1054B00020D297BF469414C1F8C23CC1448BAAC005
:1054C000E3367CC1EA04F9C11FF4DE404D84D940C3
:1054D000D95FC440B5A62741C4B17F4108AC534150
:1054E000A52C9F40F46CF63E273184C07E1DB6C0CB
:1054F0001214BFC00B24A0BF4694EA40933A29403F
:105500009D11A53EBD5256BF575BEFC02CD414C1B0
:10551000446909C17E5D00C2CD3B5241014D4F41FE
:1055200097904541075F114134A21840105859BF68
:105530008FC2BDBFF38E87C009F9E8C045D8EEC061
:105540006154DCC03255CEC04ED187C0D19103C169
:10555000A5BD79C0C898DB3E8126423E70CE6C4026
:10556000C807DF40A30123C1F85375414B4891415F
:10557000BDE3B041787AAD4181045341668828414A
:10558000DB8A0D41029A1A41849E4641BD525F4119
:10559000A245224105A392BEED0D37C132D587C188
:1055A000C5FE9DC1CBA17AC1491D9EC10000B4C1F9
:1055B000F539BCC166F7D0C1F90FDB4043ADDBC0A4
:1055C000CEAAAD40ACADA840022BAFBFFB3AA04085
:1055D0002D21C73F0456EE3E29CB09C16E34503F02
:1055E0002AA957C096B2C4BF45470E40C7BA30403B
:1055F0009CC4303F9CA273BFDE717E4002BC214040
:1056000042CFDA407B94ADC134A28040EE5AAC4028
:105610003108BC3F74B525C0228E45BFCCEE214079
:10562000B37BD23FD26F1F3F014D843D93A95240BF
:10563000B3EA7340DFE01BBF20630A40CF66153E2C
:10564000151D093E14AE073E62A1D6BF3E7908BFC4
:10565000325500BF35DE95C14013E5C01F8527C018
:10566000AA60143F98DD85406744B1BFC7BAB83E11
:10567000E3C70EC1D5788FC0FF21CDBF6FF0A5C0A5
:10568000C13906C1448BBCBF2D211941FE4305C160
:10569000CEAA3941355E324116FB8BBEB22E9A40FE
:1056A000E9B74141F9A091C098DD4941DC466E411E
:1056B0003D1B8241E4038941F9319241C74B9A4134
:1056C000B8AF8441C1A826411D38DD402CD4CA4062
:1056D00041823A401B0DB0BF4A7B2EC15AE483C1C0
:1056E00047039CC1C2178EC14DF3DCC0F92084C1B1
:1056F00051DAB8C19790E8C17DD02C414DF34C41AF
:10570000F46C6A41FBCB95412B0785418CDB414111
:1057100000910B416EA3CF40E02DFC40C5202241FB
:1057200006818540E9488CC011C7DAC04ED10CC152
:10573000621007C148E169C1CC6E87C120D255C152
:10574000EEEBA1C1491DECC10C02C74030BBCD40FE
:105750004625C540D26F00412CD41C41569F1D41A7
:105760001361D1403E79E240A9A4BA403A92B340D5
:10577000A470034109F9EE40FE6597BE363CD1C0E6
:10578000CDCCFCC0A60AE6C0CBA124C17AC743C1D8
:10579000728A60C16608E6C1F46C004167441A4130
:1057A0005E4B4341B0727741DF4F76414ED1274186
:1057B00089D2D840B81E15401973574061C3D140F3
:1057C000B53714405E4B86C03CBD14C131083DC1A5
:1057D0002AA91FC10AD7233DE5F2D7C0E414CDC0E2
:1057E000FE4336C1811503C2BB27C1C025066DC06B
:1057F0007CF290BEC3D3BB3FB98D463F143FA63E5B
:105800008D973EBF499D00BF189508C0D200324019
:10581000CF6615BE621064C0B1507FC0426089C0BF
:10582000D04418BFEBE2B440DC6808405D6D6041D5
:10583000EBE248415F985BC17DAE63C1E78C3DC13F
:105840009C33AEC0B98D12C02F6E5F403C4EF13E0E
:10585000B9FC373F94872DC0C286C7BF448B34C084
:1058600058A8B5BD9CC4C03FC80735409A9915419A
:1058700020634441A54E0141A91342419F3CF84099
:105880002D215B40A156A8C1917E2441A24517411C
:10589000C6DC2441B5374A41E7FB9B416EA3B441C6
:1058A00070CE9941E2587541C74B9141BA492D419B
:1058B000DE9367C088F433C1F53981C1E57298C1C0
:1058C0005DFEAAC1D5F898C1F46CE0C0E48350C174
:1058D0003F3545C12FEECAC1D95FE6C03D0A83C03E
:1058E0006A4DF3BE789C22BD166AA5BFD34DA23F78
:1058F0002B870640810401C0575B113F52B884C01A
:10590000D34D12C024979F3FBE9F3A403A926F40BA
:10591000CC7F60C0C976C840F2B0A440C4425940B0
:105920006DC53041C1394AC1A857BABFD7A3284075
:105930009FAB2140C729DABEB003FD400309EC400C
:105940007B1428410F0B0940226C84C0696F38C05A
:1059500001DEDC407DD0AD4041829E405F29914018
:10596000AF9435C0E8D95CC0AC1C82BF39D6D5BF76
:10597000426010C1091BE0C17958AE40E414E14017
:10598000D8F00D4120635F41E0BE9A418D9784417C
:105990008CDB48413A925B4113617241325586403B
:1059A000547482C0E3C70FC1D42B2FC155C152C15B
:1059B0008E7535C1F2D2EFC030BB8FC0598664C03E
:1059C0008D17B7C16B1AEFC1917E40414694644177
:1059D00009F98E41B51592414A7B5541DC680E416B
:1059E0005839AC3F21B016C1849E31C1431C77C1E8
:1059F0007DD08BC1EEFC8FC1583947C17AC7A7C093
:105A00007AC70D41EEEBB240FDF6C940C8078DBF25
:105A100096214E3EA92486C182F38641D49A8641BE
:105A20006F819441287E674163EE0341107A2E40D6
:105A300082E2DF3FF241EF3E7FFB8EC06F12C9C0B2
:105A4000FA7E8AC018950C40098A8FC0B1501AC1DD
:105A50001895F2C0B81E014092CB1AC105341BC183
:105A60005C8F6AC0E561C2C14182254197FF184140
:105A7000D95F1941DF4F1641DDB5F6400A68BE40D7
:105A800023DBAF407FD9E14073687940F46CE63F97
:105A900033C43940E17A543FA9A44EBF44695BC086
:105AA000DE930CC1567D17C10612F6C0FAED20C177
:105AB0008F5309C177ADCDC1A8570741FA7E5E412A
:105AC00023DB924192DCAE41BEB0A641D0445841A6
:105AD000BF0EE04077BE6340E3C7983ED0B38BC0B3
:105AE0008D97F4C0B37BAEC0A1F8CFC0E78CA8BD42
:105AF00002BC2FC1F2D267C1FBCB1FC1174892C0B5
:105B000060E57FC123CADDC12CD432C060E588BF07
:105B100090A0F8BDE09C25402041C13F2F6E8B3FF7
:105B2000772DC93F6EA34D409790C9409EEF2E41FF
:105B300026E41D41EFC90A4117489C401973EF3F05
:105B4000446987BFB84072C09B55B9C03277F5C071
:105B50004CA6FEC01F05B2C15D6DC94164DDA64102
:105B6000A60A88418C4A4F41BEC1F740E5D07E402D
:105B7000FB3AC040DCD75D408CB9F3BFF5B901C139
:105B8000F08536C1C3D33DC1FB5C0CC1BD5298400A
:105B9000810435403108EAC07A3670C1B5155DC15F
:105BA0006132F3C057DB97C1A5BD594177BE2E4185
:105BB000F70633417A363C419FAB5341DE71CA4010
:105BC0001B9EF63F787ADDBFADFA54C0CCEE8FC095
:105BD000D122E9C0A1F87DC05F98AA40BF7DD5BFA2
:105BE000D49A08C114AEDDC002BC35400D7103C1AA
:105BF0005B42BAC02742C9C1849EA041E3B69C4122
:105C000000008941006F7E4124B923418351BB408C
:105C100094F68440E5F20B416C09C940C807D5BF32
:105C2000696F50BF98DDB7C09E5EBBC0D881D9C038
:105C300047039AC06DC53E3E9D8066C1107AB1C1D2
:105C40001D499EC1ACADD0C1789CFA3F07F06240BF
:105C5000B459B340C7291D413F358941A3818741CC
:105C600029CB03416F8118403EE869BFDB8A29C018
:105C700059170BC043AD4140DC46D140F54A39C00D
:105C8000F0163CC0EA0474BF539613C1CC5D3FC10B
:105C9000DC684BC11D49E6C1A5BD2D4024B9A24019
:105CA000FED4BC40B9FC03413D9B1041E78C484108
:105CB000D1227C41C9E5FD4071AC374017D9F4C011
:105CC000F4FDF2C0CE88E2C0840DE1C0B53798BEC5
:105CD0008AB083C0A089503F228E553F037800C10F
:105CE0001B0DC2C066F7BEC122FDEEBF4DF34E3E96
:105CF000BD52963F567D5640FAED734079E9944087
:105D0000CB10CF40BDE3B2405DFE95400AD7C34003
:105D100042CFE440AC1C2E41E258224107CEA140C4
:105D2000D88181C0AEB6E0C08AB0B9C0B30CE1C0C2
:105D3000E86A54C1EEFCF1C1CA546741832F8A411D
:105D4000B53782412D43E4403D0A273F95D48FC0AB
:105D5000DF4FF9C0986E1DC1174849C1D1912CC1C0
:105D60006FF00DC1C4B188C068B3E840D044383F7B
:105D700036ABC63F462565400C023FC020D22F3EC1
:105D8000865ACB40C1395DC14A7BE541431CCF41B6
:105D90001962A4413E79324133C49340E71DEF3F7D
:105DA000492E7B408FC2A53FD1223BC08FC2894084
:105DB00040138B405D6DADC0287EFCC07B8324C149
:105DC000B37B04C123DB5FC1CBA134C1A69B48C117
:105DD000295C5CC166F7A1C1645DDE408273044149
:105DE000E6AE4E41E4039141E2E92141FDF6254052
:105DF0008F53A4BF7DAEBEC0ADFA10C142CF2BC140
:105E0000643B2AC1009106C11B9E82C08716E340F5
:105E10007A36AB3E401309405F07124043AD6DC078
:105E2000091BCE3F917E94C13F57C940E0BEE4407C
:105E30002EFFF740C1392541D1224C415396AE4146
:105E4000B751AE4117B75A4127C2E84093181541E0
:105E50009D11574108AC1CBE006FCDC0524917C1FF
:105E6000F241EDC0674447C104D6A9C19E6FC4C1C9
:105E700002ABC3C18A9FCBC1984C4D40FD87943F74
:105E8000B0721840FB5CE5402B187A4154639D4189
:105E9000363C1E41E71DFB4087162241E17A264130
:105EA0004C37E9BFFF2111C12BF64BC19CC464C123
:105EB00024973CC174244FC0D49A84C09790D3C017
:105EC000143F46BCBE1FBEC14B599E403199BE40D7
:105ED000AF2520419C228241E5D04E41C3F57C4054
:105EE0006DE7FB3E94F63EC03D0A99C05B42A2C0FE
:105EF000863846C0CA548D40B1BFA440FCA945C0F5
:105F0000B4C812C0AA60EC3F6ADED3C0E3A508C1E2
:105F1000CE1951C077BED1C16DE711415BB13B4194
:105F2000F0167541719BA441287E7B417B14F6409D
:105F30007FFB6E405D6D51C04BEAD6C0FFB210C111
:105F4000F31F01C1D9CE17BF1214CD40BBB86140B9
:105F5000A9A442404FAF06C148E16BC145474BC1C0
:105F60002DB2DFC02E7FD2C1091BBE3F89D22EBF0A
:105F7000FED4C8BF4ED191BE992AB04042CF4D4108
:105F80007A36CD40E8D9EC3E333363C08351ADC09F
:105F90006EA379C00091BEBFF0A7F0409CC4B4408E
:105FA00095D4913F1EA7B040D2009EBF5305C7C0F5
:105FB000C1A844C0AC1C99C11EA73E41BE3075416A
:105FC00095E5914182F38E4111C74F41A52C0941BE
:105FD0004E622C40448BECBEEE7C9FBECA328A409F
:105FE000C5FEEA3FB30CD1C0764F36C14B5945C10F
:105FF000386723C153964DC0AED82BC122FD39C19D
:1060000091EDC2C09CB3A6C12EFF91BFADFA8E40E8
:10601000431C833F8CDBE03F075F583F3945873F98
:10602000E10BDB3F5917B73F0D7103412EFF113FC5
:1060300045479A3F0E4FB9C040A48BC0BE9F6A3FF0
:1060400058CA92C098DD5B407E8CDF4033337F407E
:106050003FC660C0AEB691C16C899641C206B441DC
:10606000C1B98541ACAD2541BDE37C40151DD93F8B
:10607000257522BF72F9BFC01136DCC06B9AE9C02A
:106080000F0BFDC0A9A48AC0E2E99D4065AA944017
:106090005396713F9B5563C0F2D215C106121CC0C6
:1060A000BC9636C15DEDC5C1D3DE70BF7424173F09
:1060B000B1E11140E78C9E4044FABB40B98D0C41E0
:1060C0000B243041D8F03241FF213B41022B624189
:1060D000EA950E416EA32140075FF0BFD509B4C019
:1060E000DC68B2C070CE12C1D19111C1547447C1E5
:1060F000B68437C11DB8CDC1EA04D43E759334408F
:10610000FB5C054006124C4059178740A301DC3F59
:10611000D6C59340091B3E40A8C6D33FDD2436C0F8
:106120004A7B73BF39D629409D80E6BF1F857B3FE0
:10613000E4839E3F0F9CC33F3A233ABF190446C0F5
:10614000A01A4FBF5DED9EC14260C140E8D99440A6
:1061500087A7894009F9F6404A7BD940DF4FC940FB
:106160002BF60B41AF250C41DE71F640A089424170
:10617000FB5C0041FFB2ABBF713DC0C055C101C166
:10618000363CDBC0B5A6D3C04ED1B9C06D560BC1ED
:10619000804815C1D95FE3C1C976E44055C1CE40FE
:1061A0009643CF400A68D240508DB740BEC1B3403D
:1061B000FB5C7540B22EAEBE787AFDBF73D70EC0C1
:1061C000113684C02F6E4FC0AD690EC0713D864040
:1061D0003F57FB3F3D0ADFBF9A080B3F6ABC60C0D8
:1061E000F54ADBC07446B2C10C138F418885AB41C0
:1061F000F085A5412A3A7F4117481B41CA32244005
:10620000D49AC6BFA392EEC066F70DC1ED9E23C11E
:106210007FD90AC13411A6C01D5A34BF7593D8C0A6
:1062200005A304C1DCD7DDC0789CB23F96214EC0E7
:10623000E09CC1C0B5157BC1C3D32A419FAB2541AA
:106240001CFC90413D9B34418885C440FED4B8BEBF
:106250005BD31CC07671A3C04ED19FC0840D9FC07C
:10626000A30114C0EF38BF40EFC9733F33C487C0E8
:1062700009F920C02F6E9D4095D404C1591710C153
:10628000C442AD3EF90FC4C158A81E41FB5C3E415B
:1062900092DC91414CB7C3412B18B2416ADE684190
:1062A000FE653141575B3A41B1D08541D93D8641C8
:1062B000ECC02E41C66D8A407FFB4DC16D56A0C11A
:1062C0008F53B4C16C09C1C14850A7C17969B5C128
:1062D00035EFC2C14F2FCAC1D26F164154E3EB4014
:1062E000CC7F3E41273148418CDBE0409B555A41F1
:1062F00058CAE840E6AE35408B6C6A412742B1414E
:106300001B1EC241F8C2D240401391BF52B841C1D6
:106310004FAF96C13F46A8C11DB895C1C9F6AAC1E5
:10632000371AB9C1986EBAC15BB1C340DC68DC40B2
:1063300011C70041DF4F0540BA49374166E6C34106
:10634000A913244124B908412B180341CFF785C074
:10635000992A3E41A69BAC3FF0A7FE3FB51569C107
:10636000257530C137895DC0DFE0AB3FD5099EC1DF
:10637000BBA7C1C14D73CBC146B625419CA24D41BF
:10638000AC9C8A41C4B1B641B97C8541BC962F41D1
:106390004D840341E561DB40BF7D1541A52C44419F
:1063A000C5FEA4407D3FC53F6822AC3F9A083BC173
:1063B000FBDC9EC1ADE9B3C12ABA9AC1272080C1D6
:1063C000ADE99FC1DBF9D2C163EE12C0674441C0A1
:1063D000865A23400F0BD140BEC1A140A835394099
:1063E00054E3CD3F80B7B83FB22E2EBE1D5A00C039
:1063F000C9E5973FD49AA6BFE71D13C0CFF7C340A6
:106400000534414007F076BF964327401D5A82402D
:10641000014D843ECC6ECAC185EB5540D7129EC05B
:10642000D191E43FD1227B3F27C2044119045E4150
:106430004DF3EA40A9A48C40B00381403B010F41D9
:10644000903112415C20E1BF6ADE11C19A7747C1E9
:106450007C6140C1363C11C105348B4067D527BFF4
:10646000A8C68D407CF2A6C19A082B40E09C1D4036
:1064700089D222C0EE7C53C09B5589C0D0B3B9BF2E
:106480006F12CB3F545287BFFC1807C00456BE3F63
:10649000A91380BF470360401C7C6D402E90B03F25
:1064A0000B24D0BF2CD41A3D6C09014094F6A63EB3
:1064B0005BB14F40643BA1C07E1D4840DA1B9C404D
:1064C000E5F209414E62594162A16141CFF7E740CF
:1064D000ADFABC3F0612D43EFED4B8BF499D00BE03
:1064E000A52CD740FF215A419FCDFC401DC9A54096
:1064F00055300CC14D157FC18D978CC1075F54C1BC
:1065000064CC79C082F3CEC125060C41B0038A4128
:106510009621BC41D34D7C41B6840241A1679F4086
:1065200065AA003F5F98ECBE11C7C2BFFD871C4043
:10653000D42B3341AE474E41075F0341C80723C107
:10654000DA2C97C107DFA7C118269DC1F85314C1E3
:10655000DA1BEAC0AF25CBC19CC43C411A51424171
:1065600039B469414625A2415E4BA441D3DE604166
:1065700012830F4162A1E440591715417AA52341C6
:10658000FA7EB2BFD9CE1DC12DB263C1F62864C157
:1065900039B434C1F931AAC026536AC1EF3880C179
:1065A000D5E76BC12653DAC13EE80541DE021B4147
:1065B000CEAA4D416D678A416F12A941CDBB94416E
:1065C0007671344187A7B14031080C3F2EFF15C0CA
:1065D0004F4017C0615452BE5986483F34808FC027
:1065E0008126B8C05A64CDC0886373C179E9A7C158
:1065F00036CDA4C1DFCFDDC189415040022B6340BD
:10660000C807B540DA1B3741257595414182644181
:1066100029CBFE408E75BB40363CF540D9CE334188
:10662000E78C274120D2AFBEB5A669BF3A23AA3E68
:10663000F2B01AC1886345C138F8E0C031088CC196
:1066400055C1B4C1DB0AF0C19D11294117D9984049
:10665000F31F9C403108BE407AA5514180C8A44137
:1066600044696841C3640A419B551B40F4FD94BFD3
:10667000A1F8993F63EE17410AD7A3BC022B49C189
:10668000ED9E6DC183C016C1BBB88DC089414FC19D
:10669000B6F365C18E06D3C122FD6640462509408A
:1066A000AF2584BED0B3094070CEC040A52C8F402A
:1066B00096438B4009F93C40840D6740992A2C4051
:1066C000EEEBC0BDDC681040EE5AAA3FA16713BFD5
:1066D000B6F38DBFB3EAF33DFCA9F1BD3BDFCFBDFF
:1066E0000F9CB1C08F42DFC1C7BA0641B0724A41A8
:1066F000D7B497414EE2BF413108AA4146941B41AD
:106700007E8CC13F0D713CBFE926413FD26FC7BFB0
:10671000789C1A4096B21E41234AD74079E96A40D4
:106720001FF447C1F5DB9EC19710BAC18FC2BDC12E
:106730008CB92EC1B89EDBC1918FB141D7B48341D2
:10674000BA4953416DE7EF408D970E40ADFA1CC03A
:10675000355E0C41F4FD2A41D6C59F4012148F3F8F
:10676000992AACC01FF403C11D38B7C0C0EC0CC1DE
:10677000FCA905C121B0CA3FF2B0C03F006F3AC1C9
:106780006A4D5FC17C61CDC138F8FCC021B0D2C078
:106790006154C0C055C19CC08FC287C0DFE097C0A4
:1067A000363CD7C040A408C1B30C0BC176710DC1F3
:1067B000E02DB4C0C66D44BFCF660A415C8FA240D5
:1067C00043AD5F41C0EC37419D802041986E8B41C5
:1067D000287E6F41D0D500C172F93E418A8E0641B4
:1067E000DC4637408BFD253E567D88406ABC2C40F8
:1067F00074249F3F287EF4BF26E423C08BFD8DC008
:1068000008AC3CBFA01AA14076E01C40705F9FBF5F
:10681000242896C074B501C08351C93E8D973EBFF0
:10682000CA54E9BF1A409AC150FCA8BFAA6074407C
:10683000B1BFEE40C1393A417A47824176F1CB414E
:1068400063EE7D4114D0B43FB00346418805AA41B0
:10685000098A0241363C79C075936CC187162BC1F9
:1068600026648FC1280F83C1DCD7E1BF1E1650C13B
:10687000C4C29AC1B537C5C141821D4138671F41A5
:10688000545248411B9E5B4120632641C520D440A1
:10689000FE653B40B8AF43BF4A0C7EC05AF5ABC063
:1068A00029ED05C1EF38F1C0E63FDCBF1A51B84011
:1068B000B072F83FA08950BF5F290B3FEF38B5C0D9
:1068C000B07243C1BC96DEC15EBACD4093A996407A
:1068D000F9A07B408FE44A408351D1BF32E666C0C5
:1068E0007B14CAC0772D13C13D2C25C16DE71CC197
:1068F00036CDB9C03A92ABBFC66D44BFCEAA0FC069
:1069000036CDA3BF77BEE540F1635040D26F7841EA
:1069100070CE6D41E6AED7C0D49ABF41143FB141AD
:10692000FDF68D41C3F566418F530541158C4640F8
:106930005F078A406EA30941C74B734074B57DC0A1
:10694000E17A2CC166F719C10E2D2EC19C332AC1E4
:10695000FF2100C1A9139840F085CFC0C58F5BC14E
:1069600029CB47C1B4C8C4C14C37194150FC36418A
:10697000516B4E41ECC0674171BD8641DF609C4167
:1069800034A29D41AA607441696F4041AEB6304166
:1069900066F7EE40B7D1903F575B11C16F9292C13D
:1069A0003A92BEC1355EB9C113F29FC1105824C1DD
:1069B00013E18AC1424FEBC1C05B5CC0BD524AC00B
:1069C0006F81F4BF378931BF3789B13FFDF6A53FED
:1069D000E86A8BBF74B51DC0D49A42C033C48FC05F
:1069E0000378ADC0A4DF88C0302A09BF7368D13EE8
:1069F00061C3A33F9CC4BC407671654119E27040FD
:106A0000516B324188F40FC141F1734144699641A1
:106A10006688CA41B89E9C413480304101DED24034
:106A2000516BB440FF213D40C1CAA34062105441A4
:106A300011C75A4135EF08414E6205C1A60A7FC110
:106A40003B01A3C18649AAC1ECD1A9C1D7929AC181
:106A5000B81E72C12720C1C1BE9F464002BCC540BE
:106A6000787AA14029ED6540075FE2407CF2CC4096
:106A700006121F41BC96F840F8C286403D2C684083
:106A80005E4BD04048E1B240DFE0DBBFD95FCEC013
:106A90002063FCC093A9DEC0AD69A4C08FE404C12B
:106AA00096B228C15A64B0C1355E3ABFBC05123FE8
:106AB00055307E40014DBE40FA7EC240C9768240CC
:106AC000840D9F3F2D43ACBF42CF4EC020D295C016
:106AD0000F9CC7C034A2A0C0BE9F9ABFF54A2941EF
:106AE00045D82840575B7140ED0D764039B4E0BF82
:106AF00041F193BF8CDB8AC1A9A4AA4087A7AD400E
:106B00001B2F1D41CE998141EA045B41986EDE4006
:106B1000A089983FED0DD6BF0F0B25C07CF230C089
:106B2000C05B2C40637FAF4039B486C02CD419C100
:106B30003F57C9C01AC067408E0678C073D7D0C00F
:106B40009A08A9C017C8DCC135EF2440B8405E40A0
:106B50005E4BAE40C05B0D4127311E414625424190
:106B60005452414120D2F740E5D090405AF5493F78
:106B7000DE7102C0325598C06822B8C0A1F893C037
:106B8000F9311EC0CB1083C04DF3C8C0ED0D94C0C9
:106B900005A318C1C06CBAC1B98D6C416E34804177
:106BA0001F8593414F2F96413D9B4641D656134139
:106BB00017489E401214A9405530FE403D2C134109
:106BC00014AEB5404D84853F9E5EE5C0121446C1AB
:106BD0007F6A5FC12FDD16C1B81E58C1DB0A92C1A2
:106BE0003A23AAC1D122DEC14260614123DB49417F
:106BF000BDE38D41B4C8B641F46C5441A167ED408A
:106C00005AF5B7404469EF3F6C091540FE65D7401F
:106C1000CBA185419A085F41228EF53D1D5A64C182
:106C2000E8EA91C1F016B3C1A089C6C1848D9DC1A7
:106C3000EEEB26C18DA8CCC1EA95A23F6F12A3BF8F
:106C4000A4706DC0A91310BF68B390C0F0A78EC028
:106C500052B8F6C0DAAC05C143ADE1C01D5A58C008
:106C6000CCEE45C01B2FFD3F2B18D740AEB686415A
:106C70002AA94341F241C3409FAB8B402B186D4082
:106C8000D712E240554181C145D8C8BF9A9929BF62
:106C90001283503F94872D40832F9240832FCC4006
:106CA0000B24AA402AA95740E86A6F40DE0291BF30
:106CB0005BD3AC3F6076B73F917EE340764F0141B6
:106CC0007D3FED4005A3B2BEBA6B61C03E79A6C060
:106CD0002EFF0EC1C353F7C1CB100E4111C738416F
:106CE000B37B8B4108ACAF41432D96417FFB5041B4
:106CF00055C14541AD697D41E6AEFF40470398C0AF
:106D0000143F32C1545288C16822A1C1499DA4C117
:106D10009BD586C1045624C1598660404A7BCB3F2F
:106D2000B003C1C04614D1C1F706BF3F607613401F
:106D30009CC46C40D34D7E40C1A83C409487B53F75
:106D40006822ECBD0B4635BF9CC4D8BF60E596C039
:106D5000E56179C0CB1087BF8A8E8C408CB96340C7
:106D6000234A994067445D40C3648E402E90704032
:106D70003C4E9FC0D7A3B8C1E6AE9D41E63FBC41A3
:106D8000FBBAD3415305A94194F656412A3A304102
:106D900079583841234A4A418D973A41D5E7EA3F2D
:106DA000386728C064CC09C06C782EC114BF83C179
:106DB000F17499C1985DABC1074EADC19E6FA5C17D
:106DC00039B468C10467BAC1713DECC088F4A3C08E
:106DD000A32305C03108CCBE2DB209C0226C54C01B
:106DE000158C22C06FF069C0865A95C048E17A3E82
:106DF000FCA991BF4625D53E83C0A0C0EC2F47C05B
:106E0000FBCBD63F71AC0B3F3411144164DD9F4185
:106E1000A8D78141EE5AF8C0F2B02040D9CE0B403D
:106E20007E1D2840C7294E405249974080489D40CA
:106E300081048D406ABC20403A23A2BF190486BF5A
:106E4000068115BF08AC4C40BF0E36415F984840E4
:106E50009D11C5BF8B6C47BF0E4F89C0D191BEC07D
:106E60001DC981C0DF60CAC1CEAAA73F52277440A6
:106E7000A8C6BD4091EDC040F931C8405F07D2407F
:106E8000AC8BD140075F1040E63F3440FF21BB4050
:106E90006B2BD8402CD47640A52C2F406E3480BD6F
:106EA000A39276C05F98A4C09565B0C0EE5AEAC0C0
:106EB000A24513C1A7F9ECC1F31FDE409A77FC404D
:106EC000ACAD3E4147839B41F786B641A01A8C4149
:106ED000E2584E4145D83B41E4145641C520203F7D
:106EE0001B2F0AC10B2452C1423E71C1C80762C1A7
:106EF0001B2F04C17AC74FC1107A81C11EA724C1BC
:106F0000516BEABFA009C5C114AE5A41FD079641B5
:106F10007E1DBE413188BC4135EF6841F7750441A3
:106F2000789CBE40D26F7340D656BA408F531641FC
:106F30007DD0734020416DC0772D45C0DBF932C054
:106F4000894176C1D3DEB1C199AAB5C1F90F9EC1FD
:106F500092DC89C127C2C3C1DC68DC4054E39340A2
:106F6000F0A78240696FE03F7E1DCA4017D91441E7
:106F70006ADE1241984CED3F984C79C0BC96C8C06F
:106F8000560EE9C002BCC3C0FF214D3FA167AB4014
:106F9000D1916CBF7AA52CC009F9E03F5BD394BFB7
:106FA00033339DC0EF3895C1EA953841D73412414B
:106FB00005A31141A1F854418AB07441B7D10641EB
:106FC000211F00404260EDBFA01AABC0CFF727C120
:106FD000D7A352C1EC2F0CC1D26F33C07DAED040CD
:106FE000D95F3EC08D2895BFAE473940E09C79C03F
:106FF000BC96D0BE4BC8DAC1A1D60141A392A6402F
:107000008104974024972E412CD4634154741B4132
:10701000228E3140499D803DA77967BF5E4B20405D
:107020005C8FC8404DF390401826DBBF24282EC04B
:10703000F2B0CEC04F4003C1A47042C16ABC1CC1B3
:1070400002BC91C07958B4C1FED42641E561224109
:107050004BEAFA402B18DD405C8FA8406FF04940A6
:107060006DE74B405BD39C3EE09CF13EDBF95EBF9D
:1070700020D22FBF964393BF6EA393C0C9E53FC0F4
:1070800095D43DC0F0A736C0CCEE41C0302A0DC02B
:10709000006FBFC06DD6A2C1F5CA8441448B964132
:1070A000AB4FA3414CA68041962174419A99594116
:1070B000355E1C41713D9A40448BE840CC5D0B3FEE
:1070C0003D2CA6C06B9A0FC11C7C43C1EEEB73C173
:1070D000075F11C14F1E1AC19A773EC1D6C5E1C0E4
:1070E00075937DC1D723E0C1E5F2DF401895F240EA
:1070F000A7791B412DB264413A23A941BA6B96414D
:10710000992A514174B5594196B279419031B940AB
:10711000FB5C8DC0A69B2AC166666FC17F6A74C185
:10712000426042C17E8C9FC08CDB5DC1174871C13B
:107130003F350FC1C50FD2C1F54A9B407424BD40F5
:10714000F775BE40C4B146400D714CBF333373C0B8
:107150005F9854C06C09D3C0DB8A19C1F628F6C009
:107160004013E1C0CA3260C0FB3A1C4093A942BE42
:10717000E9B71241E8D95041D93DD93EE9262F411E
:107180003199424057EC82C1A4701940DA1BFC3E91
:10719000643B734008ACC4403480673FA1D60840CC
:1071A0009FAB2DBC2D213B4080483CC1637F75C007
:1071B0001F855FC02D215F3F04565E406C0935C0BE
:1071C000FB3A78C01895A43F4694DC40EBE20AC035
:1071D000EEEB58407671D7C03CBD62C085EBB1BFC5
:1071E0002DB26D3F27C21E4085EB3D40BA494C3F52
:1071F0003411763FF31F923EC89803C0D93DA9BF12
:107200001F85F3BFCA54C1BBC05B0A41143F944001
:10721000A323D93F16FBCB3ED881733FB37BDA3F24
:10722000F697BD3F2ABA8DC1A1D68B41FAFE974190
:107230005BC2AF41D792A5418B6C664151DA1341D5
:10724000A5BD14416ADE9540819513BF7FFB02C046
:10725000E7FB95C0DD2402C1A4702DC1D509DEC0B5
:107260007A369DC0166A15C0827318C1651985C12A
:1072700060E5B6C1F628DAC10BA4F1411EA7E841CA
:10728000A69BB541F0857F4155C15341BADA4441CF
:10729000BB27FF400C02DB3F85EB39C0D34DBAC0A2
:1072A00030BB10C18FE437C1E9B72FC1A1672BC133
:1072B0004D841BC1E92637C199BB41C1B6F365C1F5
:1072C000189565C1EFC9A1C102BC8B40CD3BB6404A
:1072D000226CF440E926124154E3FF40C3D3BF407F
:1072E000E0BE9C407DAE9240CEAAA73F2D218FBF2D
:1072F00007CE19C0764F26C0C9E59FBE86C974C0A7
:1073000029CB58C03FC694C03B7022C0643B83C0A9
:107310008AB08DC0B90DB2C112145641D3DE7F417F
:10732000A53D924124979441E4146841DBF97041F2
:10733000772D4A41BB27EF3F26538FC00D71F2C016
:1073400064CCEBC0DF4FB7C00E4F0CC1508D21C1D4
:107350000E2D8ABF8104453F280FD3C0A9A468C160
:10736000001182C18796E4C15B42A63FFED498BE5D
:10737000006F01BEE02D10400B24C640295C114176
:10738000BA6B394102BC1941A69BCE409565964027
:10739000F90F7540D42B49C0A32301C0A301AEC08F
:1073A00074B565C0C7291AC0C3F55CC08FE4D0C0EE
:1073B0004850DCC0FAFEA8C1355ED640AED8DF40EA
:1073C00014AEDF406D562A4173689141A4F0BB4171
:1073D000BE30A64154749A41AD696841705F8540E2
:1073E0006900A1C0158C29C1431C7CC12B0796C123
:1073F0008CDB9AC160F693C1BEC111C135EF04C1E7
:10740000128360C04BD9B6C16C09B93EB1E145C029
:10741000151D0DC074B5953ED93D6140F31F454122
:10742000DB8A28415B42D04080483F408A8E7040D2
:10743000CCEE1941DE71D040962156C0AD6909C12C
:10744000E5F20BC1295C97C07FD9953F05A3B2C077
:10745000E94846C0CE9991C130BB6B403F57A5402B
:10746000DA1BE04040A4A340DCD7C7409F3CA440C7
:10747000ECC03940711B8DBE09F9303F14D0443F38
:107480007DD02F40B68440C0591789C079E9D6BF56
:1074900009F9303FF0A712C05B4296BF4BC823C02A
:1074A00045D82CC0F163B1C1C58F3741910F31412F
:1074B000C0EC2C41151D27411EA7294110584641FB
:1074C0009A08514144FAF3401058F13F59170BC044
:1074D000787A79C0780B44BFDC463F4082E21FC017
:1074E000A47023C1840D64C1AEB642C123DBADC01C
:1074F000A47005C1986E02C209F9D6C0849E93C0DB
:107500006C784AC0A167B33D3255303FF5DB873F09
:107510007FD90D3F273160C09BE665C0ED9E10C04E
:10752000174850BFA54EC040AE473E417A363B405B
:107530005C8F92BF287EECBE45D8F0BCD8F03C40B2
:107540002AA9CF403A92CBC07424AB40B4C86E4055
:10755000F90FA340EA954640B4C8D63FDE934740B2
:10756000211F043F7E1D60C0DA1B90C0C442CBC007
:1075700012A5FBC0560EB5C087A7A5C0A32319C08E
:1075800014AE073EC3D35340A245FA4042CF3F4119
:1075900073688D4022FD6CC1B1500441A245BC40CE
:1075A00021B0C0404D152741158C4041D044F240D8
:1075B000D0D56240F31F82BF9C3384C016FBD1C07C
:1075C000AC1CA2C01F855BBFC286E34063EE1ABF3E
:1075D000280F83C01FF42C3F6F81643FC72988C0E8
:1075E0005452CFC08104EBC1933A0140EF387D4043
:1075F000CD3B9E408B6C014153056A4108AC7541FF
:10760000A470444180482541DE93E94054524941E9
:1076100038F8F840D93D19C039D6EFC03FC624C16B
:10762000098A1CC18E75EBC0499DE8C0B840C6C030
:107630008FE485C104D6FDC11C7C4D4152B87E410A
:1076400063FF8141FCA93D4133337340C7BA80BF1A
:10765000AA6020C02506D1C0713D06C1FCA91EC18B
:10766000B98D1AC1925CC0C0BBB8853FE78C5D4143
:107670004469EB40651986C0174831C14D1500C1FA
:10768000431C4F4061D496C1B29D894187169541F4
:1076900036CDBA418AB0A4411A517941F4FD4B412B
:1076A0005839CE40B150D5C06ABC12C1910F79C1D2
:1076B0001B9EAEC1D3DE93C165AA85C1962164C16C
:1076C00004E73840D122674007F0F6BED6566CBDBD
:1076D0005BD32440E03EA3C117D93341D1A28141FD
:1076E0002D329C4124399841560E2D41206388400B
:1076F000B37BF23B58A899C016FBF7C0A01A18C17B
:10770000F9A02DC17E8C27C1D95FC8C0E86ACB3FE4
:107710008716184103788140295C87C048501EC1F4
:10772000249716C1515AB8C1E9C8AC41083D8541FA
:10773000DC68134180488940E09C31C0D49AC2C0C3
:107740004DF3B6C0F241DBC04BC8A9C0310868C0D8
:1077500087A7F73FE3C7FC405EBAA9BF819500C188
:107760009E5E2AC148E1D0C0C5FE42C012A561405C
:10777000D734B540C3642DC1EA9516405474F43F24
:10778000F2D2953FB5A681BFD6C56D3E9A080BC013
:10779000CD3B32C007CE99BEB22E8E3F9A993D4066
:1077A00094F6A63EED0D06C04A7B833FED0D5E408C
:1077B000A1D6FC3FCC5D933F96431F40933A0940CE
:1077C0004F1E463F43AD6BC16EA3D9BFF7061FC026
:1077D0007DD01BC08885964036BCC74105C5D841C1
:1077E0001748FE40EBE29640A69B443E6B2B66BFDB
:1077F000835159BF41821E4152B81EC0E8D917C1FA
:10780000E2E93EC12DB2EDBFABCFC7C0136131C1BC
:1078100027A034C1423E86C1C7BA6E4142608F4143
:107820005F98BB411AD1E3416C78BF41B8AFB44116
:10783000023CAE41B7621641499D68C0BD5224C1A9
:107840002EFF65C1789C82C1BA6B9AC102AB93C10D
:10785000D8818AC1045644C1EE7C29C18BFD2FC159
:107860004F40FDC0D712A8C1228E2D41DBF91F4128
:10787000849E0141C364B44024B93C3F7593983D54
:10788000FF215DBFDB8AE5BF41823AC0C3F540C03E
:1078900066880FC01D3847BF524921C0C807C7C0FE
:1078A000832FA6C0B22E8E3EFA7EA0C0C6DC953EC7
:1078B000AC8B83403F5718C13B703441EA048C4184
:1078C0007357A6411D386F41933A0E415B42AC405D
:1078D000AD698E3F516B0ABFF54AE9BF933A41BF8C
:1078E000DB8A794034116341D0B336412EFF11C099
:1078F000D3BC52C1B3EA89C1933A7EC1567D5CC103
:1079000069007FC1D801E0C1B537E8BF1EA7B0BF8D
:107910007CF290BE60E5B03F73D7E23FA52CBB3F41
:10792000F7E499BFF0854DC00681A7C0D712D8C033
:10793000A69B9EC0DC4637C0287E8240234A2BC0CF
:107940004ED1613FCCEE67417FFB0841A16791407A
:10795000F4FDFC4079586BC18A1F284196215E4195
:10796000728A9C41F2D2A64193A98D41D95F4B41C5
:107970002F6E38414B590041D0D50E40492EB7C02B
:107980005BB122C1F4FD4CC19CC46EC19F3C2BC1B4
:1079900096B200C03F5706C17A3623C104E7ACC097
:1079A00003782CC1211FCFC1F77580BE3867AC3F6B
:1079B000AA60243F14D02840DA1BC2403EE88B4026
:1079C0009643AB40A4DF7E40B37BDABF5EBA05C00E
:1079D000DE02A7C06ABCC4BFB3EA57C0B150AB3F18
:1079E000C1398140AEB623417DD0D33F76714FC0BF
:1079F00039B4A4C045C798C17FD9CF404E62154164
:107A0000F2B061414D04A54135EF8041BC74EB40BB
:107A10005917BF3F8A8E30C0E02D82C020637EC0E0
:107A20006900AF3F68910E411F856BBF8E06AAC0EB
:107A30009643AB3E2428C4C03B014CC1992A15C1D2
:107A4000136157C12E90DBC1E0BE1E3FFFB21B4049
:107A5000643B9F406F121441A4707641ECC04441D6
:107A60007593B840143FA040C898814060E58640B7
:107A7000C74B1B4144FAF740107ABA40EF38C53E75
:107A8000E5F2BFC0AA6038C18FC2E9C03D9B25C1E5
:107A90007660A6C1A5BDFDC17DAE6EC0857CB8BFB8
:107AA000522770C08FE492C0228E51C07F6A3C3F43
:107AB000E6AE51C0569F99C0840D1FBF60E59C4043
:107AC000E561274127C2304192CB8A4199BB46BF2D
:107AD0007424AF40EBE2463F72F99F3FF38E43BF01
:107AE00017D906C010E9B6C1EEEBD640A69B1341EC
:107AF00065194541098A8D418A1F8D41D34D3E410B
:107B0000D42BE340C9768840CEAA894064CC1F417B
:107B100089D2BA403C4E5DC0F775DEC054E399C0CF
:107B2000DCD709C07E1D61C1ADFA95C1F0A78AC13D
:107B30005A6434C18E75E1C119736B41FBBA9B4124
:107B40009CA26C41B459D1404F1E963FB98D16C0CE
:107B500017B79DC03A23FAC0D7A30DC15F9817C1CC
:107B60006EA32BC1D73408C1A69B8EC03199FA40B1
:107B700067D5E73C767181405C20D13FDCD7B1BF4F
:107B80007AC78D401E2781C1448B984133B3B041E1
:107B900054E3C441D645B041FDF68A41560E7E41BC
:107BA0001EA762417A363F411DC98D400C9391BF9B
:107BB0007B83CDC0BE3025C117B73DC1371A58C130
:107BC0007AA567C13D9B71C1795878C1CE9986C1AC
:107BD000AF14B0C1E550C3C1A08910410B24984136
:107BE000C3E4C3410A68C5419D919741728A3C41F3
:107BF0000091F440CDCC9840C1A8A43FCB10E73E03
:107C00004E62E83F772DA1BF6D5613C1B8AF64C176
:107C100087167CC1B8405AC129CBF8C04F4068C113
:107C2000BBB8ACC11904CFC11DC9BD3FB29D8F3EC9
:107C30006F12C3BED191BC3F77BE034130BB02413E
:107C4000C3F520416FF00441DFE08340C3642E4060
:107C500020416540FC18FF40C2866F409FAB29C0A1
:107C60004182ACC0F7758EC007F090C07424D7C0B5
:107C7000FB5C0FC1B684D8C1C520294152B82A4146
:107C800032773C417B144341AA602041E948D64009
:107C9000BBB8A340E25827403E7998409B5523400B
:107CA00066667AC042CFEEC0ECC01AC18C4A15C1DC
:107CB00046251FC1986E01C1BE30993FE17A74C05C
:107CC000B0035FC0FCA9B3C160E5F240492E064194
:107CD0006FF03841500D82410612B0416D56B841E7
:107CE0006F708E41F9A05141EE5A8941FB3A5941DA
:107CF0007DD073BE9031E7BF1A51CA3FD93D26C12E
:107D00001C7CA6C1CA54C6C1516BC8C173D7C2C1BD
:107D1000E4039BC10F0BCAC1E17AEA4023DB39417E
:107D2000C06C8541A8357841F775024106129A402A
:107D3000B150DBBF006F3DC09C33D2C05839E2C0A8
:107D4000B1BF6CBF3FC6AA40894190C027A0E5C023
:107D5000F8535BC0682260C0B5A60CC12B18A9C03F
:107D600030BBDF3FA61B9AC1BE300B4116FB5B4107
:107D7000302AA2418AB07941E17A004131993240FA
:107D8000BC741FC0D509CCC057EC10C1C3D327C1E8
:107D9000637F3CC10DE02BC116FBF7C0D734AFBEEB
:107DA000705F2141A3237940B6F37D402B1805C0B5
:107DB000249703C07969BFC1AB3EE7BF0E4FAFBF89
:107DC000764F863F3480AF3F780BFC3F5396993F08
:107DD00036ABEEBF2F6EFBBFEC2FE3BF5A64ABBFD9
:107DE000EFC957C033C44940C5FE9A3F448B4C3F4E
:107DF0005B42FE3EFE652340A2B4574013F215409D
:107E000066889D4081262FC16E348240295CED40FA
:107E1000A01A4B41E17A9041F9B18441E336154112
:107E200004E79040394537404547D23F19739740A2
:107E3000F69746416FF01141CC5DC7406C09793C23
:107E40001FF448C14EE28DC1659995C183C04CC1F4
:107E5000D0338DC18A0EF2C17446543F68912940D7
:107E6000F2B0F03FD49A84409B55B5409A77B64023
:107E7000EC519E40AA60DC40A470D940607600417D
:107E8000CB10294197FF0A41363CED3F68B30EC045
:107E9000CEAACBC0AE47D9C0736802C163EE14C18D
:107EA00043AD20C18104CEC13945E340DDB5744006
:107EB0004182F23F37898D40871699403F35944083
:107EC000014DBA404CA632407A36D33FAD69DE3E12
:107ED000AC1C0E402A3A80409487053D583928C092
:107EE00058CA22C0F69765C09FCD6AC060E586C0BB
:107EF0004547E0C0E3B69FC1925CFE3DFB3A43417B
:107F00006ADE8940FAED8740F163F43F09F9203FCA
:107F1000091B8E3F7671C33FDAAC1240C05BA440B0
:107F200012830C403199B8C0E3C7983F0534B9BFFC
:107F30007E1D983ED12295C0C7295A3F4ED1993F08
:107F4000F7067FC0E8EABAC174B5A3C01F85A3BF16
:107F5000FCA921404A0C844086385A404D15DCBFAC
:107F60000A6862BF4260BDBF98DDAFC08351DBC00D
:107F70002B18C5BF5452773F6ABC14C01B9E9CC0CF
:107F800014AE0441645D5C40B684E4BF85EBC94037
:107F9000560E57418F5312C1E2587F401E168C4037
:107FA000DB8A874032E642402AA96F40211F2040E9
:107FB000D8F08C3F6ABCF4BE849E19C0BD5226BF67
:107FC000E63F543FE3C7583E5EBAC93D516B5ABEC7
:107FD0009318C43EE17AE4BF211F84BFCC7F08C060
:107FE000E6AECDBF598663C192CB354198DD6B417A
:107FF00053168741AD697141492E1F41A54E0C4171
:10800000B4C88C407E8C01C0EA042CC0772D81BF9F
:1080100027C2463F0BB50EC021B082C02FDD01C183
:108020007B14C8C0D49AA6C05E4BE0C0C0ECD6C0DA
:10803000780B14C10011DBC1091B6A400C93394055
:10804000A7798140EEEB0541CB10884166E6BA4145
:10805000F90F82418941E6400F1C8B41FBCBCC409C
:10806000C13989C08B6C1EC1F0164CC1BA6B45C1B9
:10807000DBF9AEC0DFE025C15F292FC18C4A22C1E8
:108080005C8FC0C035DEC2C197FFF040D49ABC40BF
:10809000B0728A40780B804024283A40D3BCD33F4A
:1080A00047723D4024287A40295CAF3F46943EC049
:1080B000764F4EBF1B0D60BFB6F37DBF000050BFB3
:1080C000CF6655BFDAACFABC524929C0903133C0F3
:1080D000228E89C001DE8BC19C3376411BAFA0414B
:1080E000B36AB5418805A541166A72418A1F0D41E0
:1080F000E63F6840832F0CC0CE1909C1A7E852C1E2
:10810000121474C1FF2170C1A3924BC1F2B00BC114
:1081100035EF183FB8408C405EBA11C06C09F9BC0D
:10812000857CFCC05305CCC16D45BD41FD07BA41FE
:10813000E5D0A2414ED1724162A13641EFC9B940AA
:108140001214AF40B072A83F9E5EA93D3A921BC088
:108150002BF6E1C0E3A5C5C0363CEDBF7A36B3408F
:108160005227B8BF6A4D77C193188BC1AAF196C147
:10817000CB108BC1439CC0C102BC3A41FBCB6141D7
:108180000467A9415474CE4165AAA5410C0261411E
:10819000728A624142608F4145D869413D2C9A40C4
:1081A0000D715440C520F03EC5FE37C1C29799C13C
:1081B0006688ACC1D35EABC18885A9C16DD6B2C19A
:1081C000B840B1C13D9BBBC1BEC19540DFE043405B
:1081D000FFB2D33F226CC640524901C0091B464042
:1081E00000910E3F26535140C364AA3FE17A943D6B
:1081F000910FEA3F35EFBEC04A0C2A405E4BC8BD26
:10820000C3D39BBFED9E10C0F8C2643EF4FDBC3FDB
:108210007AA586C00A6865C166F714418CB93D41EC
:1082200030BB6F41B30C5341C0EC0841075F88403D
:10823000C807FDBE325544C0F7E44DC0FB3AA4C0A8
:10824000166ADDBFC66DD440C3F558BFA32301C174
:108250007C6119C1D0D5BAC0D34D2A4066F704C19C
:1082600079E9C0C0311999C1CE881240F1F4764045
:108270004D849D40D42B0A4111C75E41DE938E414F
:1082800019E27B416D563841D3DEF040B8AF124160
:108290005F981B41DCD7B7403D0A073FA167B33E5B
:1082A000984CC7C03CBD4EC14B5961C16DC5A4C1FE
:1082B0004625D5C1B448FAC1303B9741F8429041B8
:1082C00040135A41FC181C4120D2ED4016FBAB4034
:1082D00002BC3D4079E9DE3FFAED2B3F24972F3F6A
:1082E00087A72F4055C1083FCA328AC0A301C6C024
:1082F00092CBDDC072F91DC132773EC1B30C12C101
:1083000079580FC11D5AC9C10D71CE40FC18D94012
:10831000CE19174145474F413FD783417E8C6E416F
:10832000F5B904418E06D83F363C21C01AC08FC033
:108330007B83D7C09487DFC0A2B495C067D5373F91
:10834000B22E863F0F9CA3C05DDC8EBFDBF9F0C070
:10835000355E46C17AA5D9C11400000009000000AD
:1083600000020000E866012014000000090000007F
:1083700000020000E8C6002000000000000000002D
:108380000000000000000000000020410000484103
:108390000000704100008C410000A0410000B44189
:1083A0000000C8410000DC410000F0410000024232
:1083B00000000C42000016420000204200002A4249
:1083C0000000344200003E420100000004000000B2
:1083D000100000001807022000000000000000004C
:1083E000000000000000000001000000FFFFFFFF90
:1083F000000002000000000000000000000000007B
:108400008807022088070220900702209007022098
:108410009807022098070220A0070220A007022048
:10842000A8070220A8070220B0070220B0070220F8
:10843000B8070220B8070220C0070220C0070220A8
:10844000C8070220C8070220D0070220D007022058
:10845000D8070220D8070220E0070220E007022008
:10846000E8070220E8070220F0070220F0070220B8
:10847000F8070220F8070220000802200008022066
:108480000808022008080220100802201008022014
:1084900018080220180802202008022020080220C4
:1084A0002808022028080220300802203008022074
:1084B0003808022038080220400802204008022024
:1084C00048080220480802205008022050080220D4
:1084D0005808022058080220600802206008022084
:1084E0006808022068080220700802207008022034
:1084F00078080220780802208008022080080220E4
:108500008808022088080220900802209008022093
:108510009808022098080220A0080220A008022043
:10852000A8080220A8080220B0080220B0080220F3
:10853000B8080220B8080220C0080220C0080220A3
:10854000C8080220C8080220D0080220D008022053
:10855000D8080220D8080220E0080220E008022003
:10856000E8080220E8080220F0080220F0080220B3
:10857000F8080220F8080220000902200009022061
:10858000080902200809022010090220100902200F
:1085900018090220180902202009022020090220BF
:1085A000280902202809022030090220300902206F
:1085B000380902203809022040090220400902201F
:1085C00048090220480902205009022050090220CF
:1085D000580902205809022060090220600902207F
:1085E000680902206809022070090220700902202F
:1085F00078090220780902208009022080090220DF
:10860000880902208809022090090220900902208E
:108610009809022098090220A0090220A00902203E
:10862000A8090220A8090220B0090220B0090220EE
:10863000B8090220B8090220C0090220C00902209E
:10864000C8090220C8090220D0090220D00902204E
:10865000D8090220D8090220E0090220E0090220FE
:10866000E8090220E8090220F0090220F0090220AE
:10867000F8090220F8090220000A0220000A02205C
:10868000080A0220080A0220100A0220100A02200A
:10869000180A0220180A0220200A0220200A0220BA
:1086A000280A0220280A0220300A0220300A02206A
:1086B000380A0220380A0220400A0220400A02201A
:1086C000480A0220480A0220500A0220500A0220CA
:1086D000580A0220580A0220600A0220600A02207A
:1086E000680A0220680A0220700A0220700A02202A
:1086F000780A0220780A0220800A0220800A0220DA
:10870000880A0220880A0220900A0220900A022089
:10871000980A0220980A0220A00A0220A00A022039
:10872000A80A0220A80A0220B00A0220B00A0220E9
:10873000B80A0220B80A0220C00A0220C00A022099
:10874000C80A0220C80A0220D00A0220D00A022049
:10875000D80A0220D80A0220E00A0220E00A0220F9
:10876000E80A0220E80A0220F00A0220F00A0220A9
:10877000F80A0220F80A0220000B0220000B022057
:10878000080B0220080B0220100B0220100B022005
:10879000180B0220180B0220200B0220200B0220B5
:1087A000280B0220280B0220300B0220300B022065
:1087B000380B0220380B0220400B0220400B022015
:1087C000480B0220480B0220500B0220500B0220C5
:1087D000580B0220580B0220600B0220600B022075
:1087E000680B0220680B0220700B0220700B022025
:1087F000780B0220780B0220800B0220800B0220D5
:10880000000000000300000084100220A00B0220E2
:108810000000000084100220EC10022054110220FD
:108820000000000000000000000000000000000048
:108830000000000000000000000000000000000038
:108840000000000000000000000000000000000028
:108850000000000000000000000000000000000018
:108860000000000000000000000000000000000008
:1088700000000000000000000000000000000000F8
:1088800000000000000000000000000000000000E8
:1088900000000000000000000000000000000000D8
:1088A00000000000000000000100000000000000C7
:1088B0000E33CDAB34126DE6ECDE05000B0000008C
:1088C00000000000000000000000000000000000A8
:1088D0000000000000000000000000000000000098
:1088E0000000000000000000000000000000000088
:1088F0000000000000000000000000000000000078
:108900000000000000000000000000000000000067
:108910000000000000000000000000000000000057
:108920000000000000000000000000000000000047
:108930000000000000000000000000000000000037
:108940000000000000000000000000000000000027
:1089500043000000000000000000000000000000D4
:108960000000000000000000000000000000000007
:1089700043000000000000000000000000000000B4
:1089800000000000000000000000000000000000E7
:108990004300000000000000000000000000000094
:1089A00000000000000000000000000000000000C7
:1089B0004300000000000000000000000000000074
:1089C00000000000000000000000000000000000A7
:1089D0004300000000000000000000000000000054
:1089E0000000000000000000000000000000000087
:1089F0004300000000000000000000000000000034
:108A00000000000000000000000000000000000066
:108A10004300000000000000000000000000000013
:108A20000000000000000000000000000000000046
:108A3000A9660110CD5E011000000000347B01101A
:108A4000F0720110406E0110406E0110406E011076
:108A5000406E0110406E0110406E0110406E01101A
:108A6000406E0110406E0110FFFFFFFFFFFFFFFF90
:108A7000FFFFFFFFFFFF0000010041534349490092
:108A800000000000000000000000000000000000E6
:108A9000000000000000000000004153434949006D
:108AA00000000000000000000000000000000000C6
:108AB00000000000000000000000000000000000B6
:0C8AC000000000000000000000000000AA
:108ACC00DD8A0010D81D002055770010AD870010EE
:108ADC0045890010F585001028180020E8060220B2
:108AEC00898300101C7A01102D7400105807022085
:108AFC00C8C60020A5710010D17D00109C0B02206F
:108B0C0088BE0020C1840010818C00109D80001054
:088B1C00656F0010197A0010CA
:0C8B240000000000000000000000000045
:108B3000D3DEFFFFFE010000FF0100000876FCFF0E
:048B4000793512ABC6
:040000051000014D99
:00000001FF
